timestamp,msg_id,peak_freq_hz,peak_mag,bin_0,bin_1,bin_2,bin_3,bin_4,bin_5,bin_6,bin_7,bin_8,bin_9,bin_10,bin_11,bin_12,bin_13,bin_14,bin_15,bin_16,bin_17,bin_18,bin_19,bin_20,bin_21,bin_22,bin_23,bin_24,bin_25,bin_26,bin_27,bin_28,bin_29,bin_30,bin_31,bin_32,bin_33,bin_34,bin_35,bin_36,bin_37,bin_38,bin_39,bin_40,bin_41,bin_42,bin_43,bin_44,bin_45,bin_46,bin_47,bin_48,bin_49,bin_50,bin_51,bin_52,bin_53,bin_54,bin_55,bin_56,bin_57,bin_58,bin_59,bin_60,bin_61,bin_62,bin_63,bin_64,bin_65,bin_66,bin_67,bin_68,bin_69,bin_70,bin_71,bin_72,bin_73,bin_74,bin_75,bin_76,bin_77,bin_78,bin_79,bin_80,bin_81,bin_82,bin_83,bin_84,bin_85,bin_86,bin_87,bin_88,bin_89,bin_90,bin_91,bin_92,bin_93,bin_94,bin_95,bin_96,bin_97,bin_98,bin_99,bin_100,bin_101,bin_102,bin_103,bin_104,bin_105,bin_106,bin_107,bin_108,bin_109,bin_110,bin_111,bin_112,bin_113,bin_114,bin_115,bin_116,bin_117,bin_118,bin_119,bin_120,bin_121,bin_122,bin_123,bin_124,bin_125,bin_126,bin_127,bin_128,bin_129,bin_130,bin_131,bin_132,bin_133,bin_134,bin_135,bin_136,bin_137,bin_138,bin_139,bin_140,bin_141,bin_142,bin_143,bin_144,bin_145,bin_146,bin_147,bin_148,bin_149,bin_150,bin_151,bin_152,bin_153,bin_154,bin_155,bin_156,bin_157,bin_158,bin_159,bin_160,bin_161,bin_162,bin_163,bin_164,bin_165,bin_166,bin_167,bin_168,bin_169,bin_170,bin_171,bin_172,bin_173,bin_174,bin_175,bin_176,bin_177,bin_178,bin_179,bin_180,bin_181,bin_182,bin_183,bin_184,bin_185,bin_186,bin_187,bin_188,bin_189,bin_190,bin_191,bin_192,bin_193,bin_194,bin_195,bin_196,bin_197,bin_198,bin_199,bin_200,bin_201,bin_202,bin_203,bin_204,bin_205,bin_206,bin_207,bin_208,bin_209,bin_210,bin_211,bin_212,bin_213,bin_214,bin_215,bin_216,bin_217,bin_218,bin_219,bin_220,bin_221,bin_222,bin_223,bin_224,bin_225,bin_226,bin_227,bin_228,bin_229,bin_230,bin_231,bin_232,bin_233,bin_234,bin_235,bin_236,bin_237,bin_238,bin_239,bin_240,bin_241,bin_242,bin_243,bin_244,bin_245,bin_246,bin_247,bin_248,bin_249,bin_250,bin_251,bin_252,bin_253,bin_254,bin_255,bin_256,bin_257,bin_258,bin_259,bin_260,bin_261,bin_262,bin_263,bin_264,bin_265,bin_266,bin_267,bin_268,bin_269,bin_270,bin_271,bin_272,bin_273,bin_274,bin_275,bin_276,bin_277,bin_278,bin_279,bin_280,bin_281,bin_282,bin_283,bin_284,bin_285,bin_286,bin_287,bin_288,bin_289,bin_290,bin_291,bin_292,bin_293,bin_294,bin_295,bin_296,bin_297,bin_298,bin_299,bin_300,bin_301,bin_302,bin_303,bin_304,bin_305,bin_306,bin_307,bin_308,bin_309,bin_310,bin_311,bin_312,bin_313,bin_314,bin_315,bin_316,bin_317,bin_318,bin_319,bin_320,bin_321,bin_322,bin_323,bin_324,bin_325,bin_326,bin_327,bin_328,bin_329,bin_330,bin_331,bin_332,bin_333,bin_334,bin_335,bin_336,bin_337,bin_338,bin_339,bin_340,bin_341,bin_342,bin_343,bin_344,bin_345,bin_346,bin_347,bin_348,bin_349,bin_350,bin_351,bin_352,bin_353,bin_354,bin_355,bin_356,bin_357,bin_358,bin_359,bin_360,bin_361,bin_362,bin_363,bin_364,bin_365,bin_366,bin_367,bin_368,bin_369,bin_370,bin_371,bin_372,bin_373,bin_374,bin_375,bin_376,bin_377,bin_378,bin_379,bin_380,bin_381,bin_382,bin_383,bin_384,bin_385,bin_386,bin_387,bin_388,bin_389,bin_390,bin_391,bin_392,bin_393,bin_394,bin_395,bin_396,bin_397,bin_398,bin_399,bin_400,bin_401,bin_402,bin_403,bin_404,bin_405,bin_406,bin_407,bin_408,bin_409,bin_410,bin_411,bin_412,bin_413,bin_414,bin_415,bin_416,bin_417,bin_418,bin_419,bin_420,bin_421,bin_422,bin_423,bin_424,bin_425,bin_426,bin_427,bin_428,bin_429,bin_430,bin_431,bin_432,bin_433,bin_434,bin_435,bin_436,bin_437,bin_438,bin_439,bin_440,bin_441,bin_442,bin_443,bin_444,bin_445,bin_446,bin_447,bin_448,bin_449,bin_450,bin_451,bin_452,bin_453,bin_454,bin_455,bin_456,bin_457,bin_458,bin_459,bin_460,bin_461,bin_462,bin_463,bin_464,bin_465,bin_466,bin_467,bin_468,bin_469,bin_470,bin_471,bin_472,bin_473,bin_474,bin_475,bin_476,bin_477,bin_478,bin_479,bin_480,bin_481,bin_482,bin_483,bin_484,bin_485,bin_486,bin_487,bin_488,bin_489,bin_490,bin_491,bin_492,bin_493,bin_494,bin_495,bin_496,bin_497,bin_498,bin_499,bin_500,bin_501,bin_502,bin_503,bin_504,bin_505,bin_506,bin_507,bin_508,bin_509,bin_510,bin_511
1776752593.3767023,2846,1000.0,922,11,6,0,0,1,1,0,1,1,0,1,0,0,1,2,2,2,2,2,3,2,0,2,3,1,7,50,65,33,8,1,1,1,0,2,2,24,37,14,1,1,0,1,1,1,2,2,2,1,0,1,0,1,1,2,2,0,1,2,3,8,23,170,829,922,460,88,15,5,3,1,2,1,0,2,1,2,1,1,1,3,3,0,2,2,1,1,2,2,9,24,30,17,1,0,0,0,1,2,1,8,8,5,2,0,1,1,3,1,2,3,0,1,1,0,0,2,1,0,0,0,0,0,0,1,1,86,208,257,118,1,1,1,0,1,2,3,3,0,1,0,1,1,1,2,1,1,1,2,1,2,2,2,1,10,11,3,1,0,1,2,2,1,3,5,7,3,1,1,1,2,1,1,1,0,0,1,1,0,1,0,1,1,1,2,1,2,1,2,2,17,74,70,12,3,1,2,1,4,4,0,1,0,1,1,1,1,1,0,2,3,2,1,0,0,2,4,3,7,5,1,1,1,1,1,2,2,1,8,6,0,1,0,1,1,0,0,1,2,2,2,1,1,1,1,1,1,2,1,1,2,2,2,7,17,27,14,2,2,2,1,1,2,3,2,0,0,1,2,2,0,0,0,0,2,3,1,1,1,0,5,9,6,2,2,0,1,1,1,1,1,1,1,1,0,1,1,1,2,3,1,2,2,2,1,0,2,2,0,1,2,2,1,0,1,2,5,26,31,17,3,4,3,2,0,1,1,1,1,1,0,0,1,0,1,2,2,3,1,1,1,0,1,2,1,0,1,0,0,0,1,0,0,4,4,4,2,0,1,2,1,0,1,0,2,2,1,0,0,0,1,1,1,3,2,3,2,0,1,0,2,4,3,2,1,0,1,2,0,4,10,5,1,1,0,1,0,1,3,3,1,1,0,0,1,1,2,6,7,4,1,1,2,1,0,0,1,2,2,0,0,1,2,2,2,2,0,2,3,2,1,1,1,1,1,1,1,0,0,2,1,0,1,2,13,13,3,1,1,1,2,2,1,3,4,0,1,1,0,0,1,1,1,2,1,2,1,1,1,2,3,2,1,1,1,2,1,0,1,4,5,3,1,1,0,0,1,1,2,3,4,4,2,1,0,0,1,2,1,1,1,0,2,2,2,1,0,4,8,7,2,1
1776752593.4849164,2847,1000.0,919,9,4,1,2,2,1,1,2,3,1,1,1,1,1,3,2,1,3,3,2,0,1,1,1,1,4,48,67,37,9,2,1,1,0,0,0,16,31,28,9,1,0,1,0,0,1,3,3,1,2,1,1,2,3,1,2,1,3,1,4,6,28,181,883,919,351,67,11,3,2,1,3,4,3,1,0,1,1,0,0,3,5,3,1,1,0,0,0,0,14,35,22,3,1,0,0,0,0,1,1,4,10,7,1,1,0,0,0,1,1,0,1,1,1,1,1,1,3,1,1,3,3,1,1,3,1,119,249,216,91,1,0,1,1,2,2,1,0,1,1,0,0,0,3,2,0,0,0,1,1,1,0,1,8,12,5,2,2,1,0,1,1,2,2,4,7,3,0,0,0,1,1,2,4,3,1,1,2,1,1,2,2,2,1,2,1,1,0,2,7,39,71,58,9,3,0,0,3,2,2,2,0,1,3,3,1,0,0,1,1,1,3,2,1,1,2,3,6,5,4,3,2,1,0,2,1,1,3,10,7,0,1,1,2,1,0,1,1,0,0,0,1,0,1,0,2,2,1,0,1,1,3,3,3,15,26,10,3,1,0,0,0,3,5,2,1,3,2,2,1,0,0,0,2,4,3,1,0,1,2,4,8,8,3,2,1,1,0,0,1,1,0,2,2,2,0,2,2,3,3,1,1,1,0,2,3,1,1,2,2,1,2,1,0,1,1,3,9,34,31,7,0,1,1,1,2,3,1,0,1,0,0,1,2,1,0,0,2,3,2,1,1,1,0,1,1,1,0,1,1,1,1,1,1,6,4,1,2,1,1,1,0,1,1,1,2,1,0,1,1,1,0,1,1,1,3,2,1,2,3,3,3,3,0,0,0,1,1,2,5,3,1,1,0,0,2,1,1,0,1,0,1,0,0,0,0,0,3,5,5,2,0,1,2,0,1,0,2,2,2,1,0,0,2,2,3,4,2,1,0,0,1,0,1,0,1,0,0,1,1,1,1,0,1,11,14,9,1,0,0,0,1,3,5,2,1,2,0,2,3,3,1,0,1,1,1,1,1,0,1,2,1,3,2,1,1,1,1,1,2,0,5,3,0,0,0,0,1,1,1,2,3,1,1,1,2,2,1,1,1,1,1,2,3,1,1,2,5,7,3,0,1
1776752593.5919168,2848,1000.0,920,12,6,0,0,1,0,0,1,0,1,0,0,1,1,0,2,2,2,3,2,1,1,1,0,1,1,13,55,67,20,1,0,1,1,0,2,1,22,35,12,0,1,1,1,1,1,1,0,2,2,0,3,1,1,0,0,2,2,3,4,8,27,189,919,920,249,44,9,5,0,2,2,2,1,0,0,0,1,2,5,5,2,2,1,1,2,0,1,1,5,19,34,22,3,1,1,1,1,1,0,3,11,10,1,1,1,1,2,1,0,2,3,2,0,1,1,1,1,1,2,0,2,1,0,1,2,143,282,173,54,0,0,2,2,0,1,1,1,1,1,1,2,1,2,1,1,2,1,0,0,0,0,2,6,10,10,4,2,2,0,0,2,3,3,6,7,2,1,0,1,1,1,1,2,1,0,0,1,0,1,2,1,1,0,1,1,1,0,2,13,61,70,39,6,1,0,1,1,1,0,2,1,1,0,0,2,2,0,2,2,0,0,2,1,1,0,2,5,7,5,3,2,1,1,1,2,1,3,8,6,2,3,2,2,2,1,0,2,2,1,1,0,0,0,1,2,0,0,1,0,0,1,1,12,24,21,8,0,1,1,0,1,4,3,1,1,1,0,0,0,0,0,0,1,2,1,1,0,2,1,8,9,4,2,2,2,1,1,1,2,0,1,0,0,2,2,1,0,1,2,3,0,1,2,1,0,2,2,1,0,0,0,0,2,2,2,4,17,31,25,3,0,1,0,0,1,1,1,2,2,1,0,1,1,0,2,4,4,3,2,0,1,2,1,1,1,0,2,2,1,1,1,4,3,2,3,1,0,0,0,1,2,2,0,0,1,2,2,1,2,4,3,1,0,0,0,1,0,1,1,2,2,3,3,0,3,1,1,2,5,10,7,3,2,1,1,2,1,1,2,2,3,3,1,1,1,3,7,7,2,1,1,1,1,1,2,3,2,2,3,2,0,0,1,1,1,4,2,1,0,1,2,1,3,1,1,1,0,3,3,3,2,1,1,4,13,12,2,2,2,2,1,0,3,2,2,4,2,0,1,1,1,1,1,1,1,1,2,3,3,1,2,0,0,1,0,0,1,1,3,3,0,1,1,1,1,1,1,1,2,3,0,1,1,2,2,2,0,0,0,0,2,3,3,3,1,1,1,4,9,5,1
1776752593.8110216,2849,984.375,934,13,6,1,1,1,1,1,0,0,1,1,1,1,2,1,2,2,1,1,3,2,1,3,3,3,5,31,58,55,13,2,3,3,2,4,2,15,30,31,10,2,1,0,0,2,1,0,0,1,0,1,0,0,1,1,0,1,0,3,2,9,27,193,934,920,183,28,7,5,1,1,3,1,1,0,1,1,0,0,0,1,2,2,1,3,1,1,3,1,7,21,29,15,1,2,3,0,1,3,1,6,10,7,2,1,1,2,0,1,1,0,2,2,2,2,2,1,3,5,4,3,2,1,1,1,3,155,296,145,12,1,1,1,2,2,2,3,2,2,2,2,3,2,1,2,1,1,2,3,3,2,1,0,4,10,10,2,1,3,3,1,2,4,1,8,8,4,1,0,2,1,0,2,4,3,2,0,1,2,2,2,3,3,1,0,1,1,2,4,14,73,70,16,4,1,1,1,1,1,2,2,2,2,2,2,1,2,1,0,1,2,1,0,2,2,0,2,4,5,1,1,0,0,0,0,1,1,6,7,4,2,1,1,1,0,0,1,2,2,3,3,2,1,3,1,2,3,3,4,2,1,1,1,16,29,13,2,1,1,2,0,2,4,4,2,1,2,2,2,1,1,1,1,3,3,2,2,2,2,2,3,7,8,2,0,2,2,2,1,1,0,2,2,2,2,0,0,0,0,0,2,2,2,2,0,0,1,0,2,1,1,2,1,0,2,1,6,32,32,11,3,0,1,1,0,1,1,1,2,3,3,2,2,2,1,1,1,1,0,1,3,2,0,2,0,3,3,0,3,1,1,2,3,1,5,5,2,1,0,1,1,0,1,3,3,1,1,0,2,0,1,2,3,3,0,0,1,1,1,1,3,3,0,1,0,1,1,1,2,8,8,2,2,0,2,2,0,3,3,1,0,1,2,1,0,1,2,3,5,6,1,1,1,1,1,0,0,0,1,1,0,0,0,1,1,0,3,5,3,0,0,1,1,0,0,0,1,0,0,1,1,1,2,1,13,12,5,3,1,1,0,2,4,3,1,0,1,2,3,3,1,0,1,1,1,0,0,2,2,1,2,3,6,5,2,0,1,1,2,4,2,1,1,0,2,0,2,2,0,3,6,4,0,0,0,1,1,2,3,3,2,2,2,1,0,1,2,6,9,5,1,1
1776752593.921034,2850,984.375,930,8,4,1,1,1,1,0,1,1,0,1,1,1,1,2,2,1,1,1,1,1,1,1,1,2,5,51,67,25,5,3,2,1,0,0,3,22,33,14,5,2,3,1,0,3,0,2,0,2,0,1,1,1,0,1,3,3,2,3,2,10,27,191,930,921,202,31,8,5,2,2,1,0,1,0,1,2,3,1,1,1,1,0,1,2,1,1,2,0,14,36,23,2,1,3,2,1,0,1,4,11,11,5,1,0,1,1,2,3,0,2,0,0,1,1,1,1,1,0,0,0,0,1,0,0,0,148,291,154,28,1,0,2,2,2,3,4,4,1,0,2,1,1,2,0,0,1,2,1,2,3,1,1,9,11,2,1,0,0,0,0,0,1,4,7,4,2,2,1,1,0,0,1,0,0,1,1,0,0,2,2,0,2,2,1,2,3,2,0,18,73,72,25,4,1,1,2,2,2,2,2,1,1,0,0,0,2,0,1,1,0,1,0,1,2,2,5,9,5,0,1,2,2,1,0,1,5,11,9,5,1,2,1,2,1,1,1,1,0,3,4,2,1,2,1,1,1,0,1,1,1,1,0,14,28,18,6,1,1,2,2,3,3,6,5,1,0,2,2,2,2,1,0,1,1,2,2,2,2,1,5,8,2,3,2,0,0,1,1,2,2,2,0,1,0,1,1,0,3,2,2,1,1,2,2,1,0,1,2,2,1,1,3,2,0,1,9,32,31,15,1,1,1,1,3,2,0,3,2,0,1,3,2,2,1,1,1,1,0,2,2,1,0,1,2,2,1,1,1,1,1,0,1,3,6,7,4,0,0,1,2,2,1,2,1,2,2,1,1,2,1,0,0,1,2,2,3,1,2,1,1,2,5,2,1,1,0,1,1,5,7,5,1,0,1,1,1,0,0,0,1,1,0,2,2,0,0,5,5,2,2,0,1,2,1,1,2,1,1,1,0,0,0,1,0,3,3,2,1,2,2,2,2,2,0,2,2,2,1,0,1,2,1,3,12,16,12,2,1,1,0,0,0,4,4,0,1,1,0,0,0,1,0,0,1,1,1,1,1,1,1,2,1,0,0,1,0,0,0,2,4,4,4,2,1,1,2,2,1,2,3,2,1,0,0,0,1,0,2,2,0,0,0,0,0,1,1,2,6,6,1,1
1776752594.0310264,2851,1000.0,920,10,4,3,3,2,1,1,2,3,1,0,1,1,1,1,0,0,2,1,2,1,1,2,1,1,4,40,62,46,12,0,2,0,1,1,2,19,30,18,5,1,1,1,2,1,2,2,0,1,0,0,1,2,4,2,0,0,3,1,4,7,26,186,904,920,288,52,9,4,3,1,3,3,1,2,2,1,1,0,1,1,2,2,1,0,1,0,0,0,8,23,33,20,3,1,0,1,0,1,4,13,9,0,1,2,1,2,2,0,3,1,0,0,0,0,1,1,0,1,3,2,1,1,1,0,2,134,270,192,68,1,1,1,1,2,1,0,0,0,1,1,1,1,1,3,4,3,1,0,0,1,0,1,5,10,10,1,1,0,1,0,1,1,6,7,1,0,1,1,0,1,2,5,3,1,0,1,1,2,3,3,2,1,2,1,0,0,2,2,11,52,68,47,9,1,2,2,3,3,2,0,0,0,2,2,2,0,1,1,2,2,0,1,1,2,1,2,5,9,5,2,2,0,0,1,1,4,9,7,2,0,0,1,2,3,3,2,1,1,1,2,2,2,2,1,0,2,2,0,0,1,2,2,8,18,22,10,2,1,1,2,1,3,3,1,0,1,1,1,1,0,1,2,3,2,1,1,1,2,0,1,8,9,1,4,2,1,2,1,1,0,1,0,1,1,1,2,2,2,4,1,3,2,2,2,1,1,0,0,0,1,0,0,0,1,1,1,12,34,31,6,0,2,1,1,1,0,0,0,0,2,1,1,1,1,1,1,1,1,1,1,0,0,1,1,1,1,1,1,1,1,1,2,3,5,5,4,1,2,2,2,1,1,1,2,3,2,2,0,1,1,2,1,0,0,1,1,0,1,1,0,0,1,1,2,1,1,1,2,7,7,5,1,1,0,0,1,2,1,2,2,0,1,1,0,0,0,3,7,4,1,2,0,2,2,2,1,2,2,2,1,1,2,3,2,1,4,2,0,0,0,0,1,0,1,2,1,1,0,1,1,0,0,2,5,12,9,0,0,1,0,1,1,1,0,0,2,2,1,1,1,1,1,1,2,2,1,0,0,0,0,1,2,2,0,1,0,0,0,1,3,4,3,2,0,1,2,2,2,3,2,1,1,0,0,0,0,1,1,0,0,0,1,1,0,0,0,0,4,8,2,1
1776752594.1389496,2852,1000.0,923,10,4,1,1,1,1,1,1,0,1,0,1,0,0,0,1,1,1,1,2,3,0,1,0,1,3,7,53,66,17,3,2,1,1,0,0,7,22,32,12,1,0,0,0,0,0,1,0,1,1,0,0,0,1,0,2,1,3,0,4,7,25,177,862,923,396,74,14,2,3,1,3,3,2,0,1,1,0,2,1,0,2,1,2,0,2,1,0,0,6,21,33,17,1,1,2,1,0,1,3,10,11,8,2,1,1,1,1,1,0,1,1,1,2,0,0,1,1,1,2,3,1,0,1,1,2,106,233,237,105,3,2,0,1,1,1,0,1,2,3,1,0,1,0,1,0,1,2,1,1,1,2,0,7,10,8,2,1,2,3,2,0,1,5,7,5,4,2,1,1,1,1,1,3,2,0,0,1,0,1,1,0,2,5,4,2,0,0,2,6,29,71,63,11,0,1,0,0,1,2,2,0,2,1,1,1,0,1,0,1,1,1,1,1,0,0,3,9,5,2,1,3,3,3,0,2,6,10,6,0,1,0,0,0,0,0,1,2,2,1,0,0,1,0,1,2,1,0,0,0,0,1,2,1,14,25,12,1,2,2,0,1,2,4,3,0,0,0,1,0,1,0,1,0,0,2,1,0,0,0,6,8,2,0,1,2,3,2,0,3,2,1,0,1,0,1,1,1,4,5,2,0,0,1,0,2,1,0,3,3,0,2,2,1,0,1,1,13,33,29,4,2,1,1,1,0,1,1,1,1,1,2,2,0,2,0,1,0,1,3,2,1,0,1,0,0,0,0,1,3,4,3,0,3,4,6,4,0,1,0,1,1,1,0,2,1,1,1,1,1,1,0,1,2,0,1,1,0,1,2,4,6,3,1,0,2,2,2,2,4,7,4,1,2,1,0,0,0,0,2,3,2,2,4,3,2,1,3,6,6,2,1,0,1,1,2,2,2,2,4,2,1,2,2,2,1,2,2,0,2,3,2,1,2,3,2,0,0,1,2,0,1,1,5,15,15,5,2,0,0,0,0,4,6,4,1,1,0,1,0,1,1,0,1,2,2,1,1,0,2,2,0,1,1,2,1,0,0,2,0,2,3,5,5,1,1,0,1,1,0,2,4,3,0,2,2,1,1,3,2,0,1,1,1,1,1,0,6,10,4,1,2
1776752594.2469828,2853,1000.0,924,3,0,1,1,1,0,2,2,1,0,1,1,0,1,1,1,3,2,1,2,2,2,1,0,2,5,49,64,28,6,2,2,2,3,4,5,16,26,28,12,1,0,1,2,0,1,0,2,2,2,1,1,2,3,3,4,4,0,3,2,9,21,166,802,924,502,93,18,3,3,3,1,0,1,1,2,2,1,1,1,0,1,2,3,1,3,2,2,2,13,34,20,2,1,0,0,1,0,1,3,2,11,7,1,1,1,1,0,1,0,0,0,0,0,1,1,1,3,3,2,1,0,0,0,0,0,68,192,273,129,1,1,2,0,1,3,7,6,1,0,2,1,1,3,1,0,2,1,0,0,0,1,2,8,11,10,3,2,1,2,1,2,3,3,6,6,1,1,2,4,2,1,3,1,1,2,2,1,1,1,0,1,2,0,0,1,0,1,3,1,19,75,69,12,3,1,0,1,2,6,6,3,1,1,0,0,1,1,1,1,0,1,1,2,2,1,1,4,11,7,1,2,2,1,1,1,2,8,7,4,1,1,3,2,1,2,0,1,2,1,1,0,2,2,2,1,1,1,0,0,0,0,0,8,22,27,13,1,1,1,0,0,3,3,2,2,1,1,0,2,2,1,3,2,1,1,1,1,1,3,4,8,8,2,2,0,2,3,2,0,1,2,1,1,1,2,1,1,2,3,2,1,1,1,1,2,3,3,3,2,2,0,0,0,1,0,9,32,31,11,0,3,0,2,2,0,2,2,0,2,2,1,1,1,1,2,3,3,2,1,0,1,1,2,3,2,0,2,1,1,0,0,2,4,5,3,2,1,1,1,2,2,3,2,2,1,0,0,1,1,1,1,1,4,5,3,1,3,2,1,1,2,0,0,1,1,0,1,2,5,7,7,4,3,1,1,1,1,1,1,1,2,2,0,1,1,1,4,4,1,1,1,0,1,2,1,1,2,3,4,2,0,1,1,0,1,3,3,2,2,0,0,2,2,2,4,4,2,4,4,2,2,1,3,10,12,7,1,0,1,2,2,1,3,5,3,1,2,2,1,1,2,0,0,1,2,1,1,2,2,2,3,3,2,0,0,2,2,1,2,2,2,3,3,1,1,2,2,0,3,5,4,3,2,1,1,0,0,3,2,0,1,1,0,2,2,2,4,6,8,4,0
1776752594.3550723,2854,1000.0,928,9,6,2,2,2,1,2,2,2,1,0,1,3,3,1,1,1,2,4,3,3,0,1,1,1,4,40,62,47,12,2,1,1,1,0,1,23,37,14,2,1,1,1,1,0,1,2,2,1,0,1,0,2,1,0,1,1,2,1,4,7,20,147,723,928,609,118,16,6,4,1,1,2,2,2,1,1,0,1,2,1,1,1,1,1,2,0,1,0,2,15,35,21,1,2,2,2,2,1,3,7,8,5,0,0,2,3,1,2,2,0,0,1,1,2,1,1,1,1,2,1,1,1,1,0,0,25,160,294,142,0,1,1,0,0,1,1,1,0,1,1,2,2,0,1,1,1,0,0,2,4,3,1,4,10,12,4,2,1,2,2,1,1,2,6,8,2,1,2,1,0,1,2,1,0,0,2,0,1,1,1,3,2,2,1,1,1,1,2,7,39,70,59,11,0,4,4,3,2,3,2,2,2,1,0,0,1,1,1,1,2,3,3,2,2,1,3,8,5,2,0,0,1,1,1,1,3,6,7,4,2,2,1,1,1,1,1,0,1,2,3,2,3,2,0,1,2,2,2,3,1,0,1,15,28,15,4,2,2,2,2,1,2,2,1,0,1,1,2,2,1,0,0,1,2,2,0,1,2,0,8,9,3,0,1,2,2,2,2,2,2,3,1,1,1,1,1,1,1,3,4,3,3,2,1,1,0,0,0,1,1,2,2,1,1,4,4,30,31,12,3,2,1,1,2,1,2,3,2,2,1,0,1,1,2,1,2,0,1,1,1,3,3,1,2,2,1,3,2,0,0,1,1,1,3,2,1,0,0,0,1,1,0,1,2,2,0,0,0,2,3,0,1,0,1,1,1,0,0,0,0,1,1,1,1,1,2,2,2,4,5,4,1,1,1,2,3,3,3,2,1,0,0,1,2,1,2,4,8,6,0,1,1,1,0,1,0,2,4,4,0,1,2,1,1,3,4,4,2,0,0,1,2,0,1,0,1,1,1,3,2,0,1,2,2,12,12,1,2,1,0,1,1,1,0,0,1,1,1,2,2,2,1,2,1,0,0,1,1,2,3,1,1,1,0,0,1,1,0,0,3,5,4,1,0,1,1,1,1,0,3,3,1,0,0,1,1,1,1,0,2,2,2,2,1,0,1,4,4,4,3,1
1776752594.573058,2855,1000.0,930,6,3,2,0,2,2,1,1,1,1,1,1,2,1,1,1,1,0,3,4,0,1,2,2,1,3,25,58,59,17,0,2,1,1,0,1,8,26,35,13,1,0,0,0,1,1,0,1,1,1,0,1,1,0,2,2,3,3,2,2,8,16,130,634,930,699,135,19,7,5,0,3,5,3,2,3,3,0,1,0,1,2,0,2,2,0,0,1,0,13,33,20,5,2,0,1,1,1,0,2,9,7,1,1,1,2,2,2,3,2,3,2,1,0,1,2,3,3,2,1,0,1,2,1,1,3,16,157,295,143,1,1,1,2,0,1,0,0,0,1,0,1,1,0,2,2,1,0,0,0,0,1,1,8,12,6,2,3,3,2,0,0,1,5,6,4,2,0,1,3,2,2,4,3,1,1,0,1,2,2,2,2,0,0,1,2,1,2,2,14,62,69,39,5,2,2,0,1,2,1,2,0,1,2,2,0,0,0,0,1,3,3,1,1,1,1,0,2,5,4,1,1,1,1,1,1,2,3,8,5,1,2,3,2,0,2,1,1,1,1,2,2,2,2,3,2,0,2,2,1,1,1,0,13,26,15,4,2,1,0,0,1,4,5,3,1,1,1,1,1,2,1,1,0,2,2,1,0,1,0,6,11,9,1,1,3,4,1,0,0,1,0,1,1,1,1,1,1,1,1,3,1,1,0,1,1,1,1,3,2,2,1,1,2,1,1,4,17,34,28,4,2,2,1,1,1,1,2,0,0,1,0,1,2,2,3,3,1,2,3,3,2,0,1,1,1,2,2,1,2,2,1,1,4,6,4,1,3,2,0,1,1,1,0,1,1,0,2,1,0,1,2,1,1,3,3,1,0,1,1,1,1,2,0,1,1,1,1,1,6,8,4,1,1,1,0,0,1,1,2,2,2,0,1,2,1,2,5,8,6,2,1,1,1,0,1,1,1,1,2,3,1,1,1,2,0,2,1,1,0,0,2,1,0,1,1,1,2,2,1,1,1,0,3,13,12,3,2,1,1,0,1,1,3,3,1,1,1,1,0,2,3,2,0,0,1,0,2,2,1,1,1,2,1,1,1,1,2,3,4,4,3,2,0,1,1,0,0,0,4,5,3,1,1,1,0,1,1,0,3,2,1,1,0,0,0,0,3,8,8,1,1
1776752594.6835456,2856,1000.0,930,0,0,1,0,0,1,1,1,0,1,1,0,0,0,1,1,3,2,1,2,1,1,1,0,1,6,53,67,21,4,1,2,2,1,1,4,17,29,27,10,1,1,0,1,1,1,1,1,0,0,1,0,1,2,1,1,1,0,3,1,8,15,106,530,930,778,150,21,9,3,4,0,1,2,1,3,3,1,2,2,3,2,2,2,2,1,0,1,2,4,18,34,21,0,1,2,0,2,1,2,6,12,8,0,1,1,2,2,1,2,2,2,2,2,1,1,2,1,2,2,2,2,2,1,0,1,64,186,276,130,1,2,2,2,2,1,2,3,2,2,2,1,0,0,0,3,3,2,1,2,2,1,2,5,9,9,2,0,2,1,0,1,0,5,10,6,2,1,1,3,2,2,2,2,1,2,2,2,2,0,1,2,2,0,1,2,1,1,1,16,71,69,16,4,1,1,0,1,3,3,1,3,3,1,0,1,1,1,1,1,2,2,2,2,1,0,3,7,4,2,3,1,0,1,1,2,3,6,7,3,1,0,1,1,2,2,1,1,1,0,0,0,1,1,1,1,1,1,2,1,2,2,1,9,21,23,10,1,1,0,1,1,1,3,3,2,1,0,0,1,1,1,1,1,2,0,2,3,2,1,4,7,7,1,2,1,1,2,1,2,3,3,1,0,0,0,1,2,1,1,3,4,3,3,2,0,0,0,1,1,1,0,0,1,1,0,3,11,34,29,4,0,0,0,1,1,2,0,1,0,1,1,1,1,0,2,2,1,0,1,3,2,1,3,4,2,1,0,0,2,2,2,1,3,6,5,2,2,3,3,1,1,2,0,1,2,1,1,2,1,1,1,0,1,0,1,1,2,1,1,0,4,3,1,1,1,1,0,3,6,6,4,1,2,1,0,0,1,1,1,1,1,1,0,1,1,0,4,5,2,3,1,1,1,0,1,1,2,2,2,0,1,3,2,0,4,6,4,2,1,0,0,1,0,0,2,1,0,0,0,0,1,2,4,12,14,9,2,1,1,1,1,2,3,2,1,1,2,3,1,1,1,0,0,1,0,2,2,0,1,1,3,4,1,1,0,1,1,0,3,3,1,3,4,2,0,0,0,1,1,2,2,1,2,1,1,0,0,2,2,2,1,1,3,2,0,0,1,3,7,3,1
1776752594.7921455,2857,1000.0,932,1,1,1,1,2,3,3,1,0,1,1,0,1,0,1,2,1,2,3,3,0,0,2,2,1,2,16,55,63,15,3,0,1,1,0,1,19,32,11,3,2,2,2,2,1,1,1,1,2,2,0,0,0,1,2,3,1,1,2,1,6,12,84,422,932,839,163,23,8,4,4,0,3,1,0,0,0,1,1,2,2,1,1,1,0,1,1,1,1,10,28,27,15,1,2,2,1,0,2,3,8,15,11,4,1,1,1,1,0,3,2,2,0,1,1,1,0,1,2,2,1,1,2,0,1,1,101,228,242,108,2,2,2,1,0,1,2,1,0,1,1,0,0,1,0,1,2,0,2,2,1,2,2,8,9,5,1,2,1,1,1,1,1,5,9,8,3,0,2,0,1,0,0,2,1,0,0,2,3,2,2,1,1,1,1,2,2,3,3,16,71,70,23,4,1,1,0,0,0,0,2,2,2,1,2,2,0,0,2,3,1,2,2,1,0,1,0,2,7,3,0,3,2,0,1,3,4,9,8,3,2,2,2,1,1,1,2,2,3,3,2,1,1,0,1,1,0,0,1,2,1,1,2,4,18,30,13,3,2,2,2,1,3,5,2,1,2,1,0,0,1,2,2,1,2,1,2,1,1,1,6,8,3,3,1,2,2,2,2,1,1,3,3,1,0,0,1,1,2,2,2,0,1,3,2,1,3,2,2,2,1,0,0,0,0,2,6,27,31,16,1,0,2,2,0,1,0,0,2,2,4,3,0,0,1,0,1,3,3,0,1,0,1,0,1,1,1,2,1,0,0,0,2,2,6,6,4,1,0,1,2,1,1,2,1,0,1,2,2,2,1,0,1,2,2,2,0,0,1,1,1,1,0,0,1,1,2,2,2,4,7,4,1,2,3,2,0,0,1,2,3,1,1,1,0,0,0,2,4,4,1,1,1,0,0,1,1,1,1,0,0,0,0,0,1,1,3,4,1,1,0,1,1,1,1,1,0,1,2,2,1,0,0,0,5,14,10,0,2,0,2,1,2,2,1,1,0,1,0,0,1,1,1,2,2,2,1,0,2,2,1,5,4,0,1,0,0,0,0,1,1,2,4,2,1,2,2,0,0,1,5,3,2,2,0,0,1,1,1,3,2,0,1,2,2,1,1,3,7,5,3,2
1776752594.9028447,2858,1000.0,934,2,2,2,1,1,0,3,2,0,1,0,2,2,0,0,1,2,1,1,0,1,1,2,1,1,4,36,61,53,16,1,1,1,0,1,2,10,26,29,10,1,0,1,0,1,0,0,0,2,1,1,0,2,2,3,2,2,0,1,4,3,11,57,312,934,885,171,25,9,4,2,3,2,1,2,1,0,1,1,2,2,2,2,2,2,3,2,2,3,12,33,28,12,0,2,1,0,1,1,5,13,10,2,1,0,0,2,2,1,1,2,1,1,0,1,1,2,2,2,3,2,0,0,1,1,2,133,267,198,75,0,1,2,1,1,1,0,1,1,1,0,1,1,2,3,3,2,1,1,2,2,2,1,1,8,10,2,3,2,0,0,2,1,0,5,8,3,0,1,1,0,1,1,0,0,0,0,0,1,1,1,2,1,0,1,2,1,1,3,10,53,69,48,9,1,1,2,3,2,2,1,1,1,1,0,0,0,0,1,0,2,3,2,1,1,0,1,7,4,0,0,1,2,1,1,0,2,10,7,1,0,1,1,2,0,1,2,1,1,0,0,0,1,2,1,2,4,2,1,1,1,1,1,7,20,26,10,0,0,1,1,1,4,1,2,2,1,0,1,2,1,1,1,2,3,3,2,2,4,3,6,9,8,3,1,2,1,0,0,0,1,0,1,0,0,0,2,1,1,0,1,1,0,0,1,1,1,2,2,3,2,1,1,0,0,0,7,32,29,7,3,0,0,1,2,3,2,2,2,1,1,1,1,1,1,1,0,0,0,0,2,1,1,0,3,3,1,2,1,1,2,3,3,4,4,6,3,0,0,2,1,3,3,3,0,1,2,1,0,1,1,0,1,0,0,0,1,2,0,3,3,1,3,2,1,2,1,2,4,8,6,2,1,1,1,1,2,0,1,1,1,1,0,0,0,1,2,2,6,4,1,1,1,2,2,0,0,1,1,2,1,2,1,0,1,1,2,3,1,0,3,3,2,1,1,0,1,2,1,1,1,3,4,1,13,12,5,2,2,1,0,0,2,2,2,1,1,1,1,2,1,1,1,2,1,1,1,1,0,1,2,2,4,2,1,0,0,2,2,5,4,0,2,3,2,0,1,1,1,4,4,1,0,1,3,1,2,2,0,2,3,3,1,0,1,1,0,3,5,7,4,2
1776752595.0091295,2859,1000.0,935,2,2,0,1,0,2,3,2,2,1,0,1,1,3,3,1,1,2,2,3,2,1,3,2,1,7,54,67,21,5,3,3,2,1,1,2,7,23,33,12,2,1,1,1,1,1,1,1,1,1,1,2,2,1,1,3,1,1,0,3,3,10,36,227,935,911,175,27,7,5,0,4,4,4,1,1,2,1,2,2,1,1,2,1,1,2,1,0,1,0,14,36,22,1,1,3,3,2,1,4,13,11,1,0,3,2,1,1,3,3,2,1,0,0,0,2,2,2,1,0,1,2,1,1,1,2,149,288,155,36,0,1,1,0,0,2,1,2,3,1,0,1,0,0,1,2,3,2,0,1,1,1,2,9,12,7,2,1,2,2,2,2,2,2,7,8,3,2,2,1,1,2,2,1,1,0,2,2,1,1,0,2,1,0,1,0,0,0,0,6,31,75,67,12,3,1,1,1,2,2,0,1,1,0,0,0,0,1,1,2,2,2,3,2,1,2,3,5,7,6,3,1,1,0,0,3,3,9,9,2,1,0,1,0,1,0,1,0,1,2,1,0,2,1,1,2,1,1,1,1,1,2,1,15,26,20,7,1,0,0,0,1,2,5,1,0,1,1,0,0,0,1,3,4,2,0,0,0,1,3,8,7,4,2,1,1,2,1,0,2,4,3,1,0,0,1,1,0,2,3,2,1,1,1,1,2,1,0,2,2,1,1,1,1,1,1,5,19,33,26,3,2,1,0,0,1,1,1,1,0,1,1,1,1,1,0,1,1,0,1,1,0,2,3,2,1,2,1,2,2,1,2,0,2,6,6,2,1,2,1,1,2,1,2,3,2,0,0,0,2,2,0,2,2,1,2,1,0,1,1,0,3,2,0,1,0,1,0,1,2,7,3,2,1,0,0,1,1,0,2,3,1,1,0,0,1,0,3,6,6,2,0,2,3,1,2,2,1,2,0,1,0,0,1,2,4,6,4,2,2,1,0,1,1,2,2,2,1,1,0,1,1,2,4,11,14,11,3,0,0,2,3,3,4,3,1,1,1,1,1,1,1,0,0,1,2,2,1,1,0,0,1,3,2,1,0,1,3,1,3,2,1,3,3,2,2,2,1,1,1,2,1,0,1,2,0,1,0,2,2,2,0,1,1,1,1,0,1,4,7,4,2
1776752595.1185093,2860,1000.0,932,3,4,2,1,1,1,1,0,1,2,1,1,0,1,1,1,1,0,0,1,1,1,1,2,1,4,21,54,62,18,1,3,3,2,1,0,18,30,16,6,1,2,2,2,1,1,3,2,0,2,3,3,1,2,3,2,0,0,1,2,3,8,28,192,932,919,178,26,9,3,2,1,2,2,1,1,1,1,0,3,4,0,2,0,0,0,1,1,3,12,34,25,9,0,2,4,3,1,2,1,9,14,8,1,2,2,2,1,1,1,3,3,2,1,1,2,0,0,0,1,0,1,0,1,0,1,154,298,146,6,2,2,0,1,2,2,0,1,0,1,1,3,2,0,2,2,3,1,1,2,1,0,1,4,9,11,5,2,1,3,2,0,2,7,7,3,2,1,2,2,2,0,1,2,0,0,1,1,0,2,2,2,1,1,1,0,1,2,1,2,16,72,68,11,3,1,1,2,1,2,2,1,2,1,1,1,1,1,0,1,3,3,2,1,0,0,2,8,7,3,1,1,2,1,2,3,2,5,9,5,0,0,0,1,1,1,0,2,2,2,1,0,1,1,1,1,1,0,0,0,0,1,1,15,28,12,2,0,0,1,2,3,4,3,1,0,0,0,1,0,2,2,2,2,1,1,0,1,1,1,1,8,9,3,1,1,2,1,0,0,1,0,1,1,1,1,1,0,0,1,1,1,1,0,1,0,0,0,1,2,0,2,1,2,2,2,1,9,34,32,6,1,1,2,3,1,1,0,1,1,0,0,1,1,1,1,1,0,1,1,1,1,1,0,3,2,1,1,1,1,2,2,3,2,3,5,2,1,0,2,1,2,2,2,2,0,1,1,2,2,2,2,1,1,1,1,2,2,3,4,3,2,2,0,2,0,3,2,3,6,2,2,1,1,1,2,1,0,2,2,1,1,1,1,1,0,1,2,3,4,3,2,2,1,0,1,0,1,2,3,2,1,0,1,1,3,5,4,1,0,1,2,1,1,1,1,1,2,2,0,3,3,2,2,6,16,13,3,3,4,2,2,2,3,5,3,1,2,2,1,2,2,2,0,2,1,0,0,1,1,1,3,4,4,2,1,3,2,2,3,0,5,5,2,1,1,1,0,1,3,2,1,1,1,2,2,3,3,3,3,2,1,1,2,1,0,0,2,7,3,2,3
1776752595.3384273,2861,1000.0,933,2,0,1,1,1,0,0,0,0,0,1,1,0,1,1,2,3,1,1,2,0,1,1,0,1,4,30,59,59,17,1,0,1,0,3,2,20,33,18,6,1,2,2,1,0,2,2,0,0,2,1,2,1,0,1,1,1,2,0,3,3,10,42,249,933,905,175,27,7,5,2,3,3,3,1,0,0,1,2,2,1,1,0,1,2,0,0,1,1,12,28,29,16,1,1,0,0,1,2,1,4,12,9,1,1,0,0,1,0,1,1,1,2,1,1,1,1,0,0,1,0,1,0,2,3,1,145,284,167,47,3,2,1,1,1,0,0,1,1,0,0,1,2,2,3,0,1,0,0,1,1,1,0,6,11,11,5,0,1,0,0,2,2,4,7,1,2,0,1,0,2,1,2,3,1,1,0,2,2,0,1,1,1,2,1,0,1,2,2,8,38,70,59,10,2,0,1,1,1,1,1,1,0,2,2,1,0,1,1,1,0,0,0,1,0,0,3,7,9,6,3,1,1,1,0,1,2,4,10,7,2,3,3,2,1,0,0,1,0,2,1,1,3,2,0,0,1,0,0,0,0,2,1,10,22,20,8,2,2,1,1,1,1,5,2,1,2,1,0,1,2,2,1,2,2,0,1,1,1,0,5,7,4,0,3,2,0,1,2,1,0,0,0,1,3,5,2,1,1,3,3,2,0,1,0,1,1,2,1,0,1,1,1,1,2,3,4,25,31,21,3,2,1,1,2,2,3,1,1,1,1,1,2,1,0,0,1,1,1,1,1,1,0,1,1,1,1,1,1,1,2,0,0,3,4,8,4,1,2,2,3,2,1,1,1,2,1,0,2,2,0,0,1,0,0,2,2,1,3,3,2,3,3,1,0,0,0,0,1,3,6,3,0,1,3,1,1,1,1,2,1,1,0,0,1,2,0,3,3,1,1,1,3,2,0,1,1,1,1,2,1,0,0,0,2,3,4,3,1,1,1,3,2,0,0,0,0,1,0,0,1,1,1,3,13,11,4,1,2,1,2,2,1,4,2,1,1,0,0,0,1,1,0,2,2,2,1,1,1,0,0,0,3,3,1,0,2,2,1,0,3,3,3,1,0,1,1,0,1,1,1,2,1,0,2,2,1,0,1,1,2,2,0,1,1,2,2,1,5,8,2,0
1776752595.4500704,2862,1000.0,931,6,2,1,1,0,1,3,2,0,0,2,3,2,0,0,0,1,2,2,0,2,1,0,0,2,5,53,67,22,4,3,2,2,2,2,0,4,23,36,14,0,1,1,0,0,2,1,2,3,3,2,0,0,3,2,1,3,2,3,2,3,14,64,346,931,874,171,23,9,4,0,5,3,1,0,0,0,0,2,0,3,3,0,0,1,1,0,1,1,7,20,32,19,2,0,0,2,1,1,2,9,7,3,2,2,1,0,2,1,1,0,2,3,2,2,2,2,1,1,1,1,1,2,2,1,4,123,255,211,85,0,0,1,2,1,1,1,1,2,3,1,0,1,2,2,2,0,1,1,2,1,1,2,7,11,8,3,2,1,0,1,2,0,4,4,5,1,1,1,0,0,1,2,2,2,1,1,2,3,2,1,0,1,1,2,3,1,1,1,15,61,71,42,6,1,1,1,2,3,2,0,1,2,2,2,1,1,1,1,0,1,0,0,0,1,0,3,8,6,2,1,1,1,1,1,1,0,3,9,8,1,2,2,1,1,1,0,0,0,0,0,0,0,1,1,2,1,0,1,1,0,0,1,5,17,28,13,1,1,1,0,1,2,1,2,1,0,1,0,2,3,2,1,1,0,1,2,0,1,2,3,7,7,3,0,1,1,1,1,0,2,2,1,0,1,2,1,1,0,3,4,2,2,1,1,1,1,0,1,2,2,2,2,3,3,1,9,34,30,4,0,0,0,0,2,1,0,1,3,2,1,1,0,2,1,0,1,2,2,1,0,1,1,1,0,1,2,1,1,1,1,1,1,2,2,5,3,2,3,1,0,0,0,0,0,0,1,1,0,0,1,1,1,0,0,1,2,1,0,0,1,2,1,1,1,1,1,2,1,6,4,0,0,1,0,1,1,0,0,0,2,2,1,0,0,1,1,2,5,5,2,2,2,1,0,2,0,3,1,1,2,2,2,3,3,1,1,3,2,0,1,2,1,1,1,1,1,1,1,1,2,2,0,3,12,11,8,2,2,1,1,1,2,4,4,2,1,1,0,0,2,0,1,0,2,2,0,0,0,1,2,3,2,1,2,1,1,1,1,3,3,2,2,0,1,0,2,2,0,2,4,3,1,1,1,0,0,1,2,2,0,1,0,2,1,2,0,5,7,3,3,1
1776752595.5579062,2863,1000.0,927,6,3,1,1,1,1,2,2,2,1,1,0,1,1,1,1,1,1,0,1,2,1,1,0,0,1,16,54,64,18,1,1,2,2,2,2,16,30,25,8,2,2,2,1,2,1,0,1,1,1,1,1,2,0,2,3,1,2,1,3,4,15,90,456,927,822,158,27,5,5,1,3,2,1,2,2,2,1,1,2,3,2,2,2,0,1,2,2,1,13,34,22,3,0,0,1,3,3,1,4,12,10,4,2,0,0,0,0,1,3,4,2,2,1,0,0,1,1,0,1,3,3,2,1,1,2,87,213,253,116,1,1,1,3,1,1,0,0,2,1,1,2,2,2,2,3,3,1,1,2,1,1,2,6,9,8,2,1,2,1,0,0,0,0,5,9,4,1,1,1,0,0,1,2,2,1,1,1,3,3,3,2,1,1,1,0,0,3,2,14,71,69,17,6,1,2,2,3,4,1,2,2,0,1,0,1,2,1,1,2,2,0,0,1,1,1,2,5,6,2,0,1,2,2,1,2,2,7,8,5,2,3,2,0,0,2,1,2,2,1,1,2,4,3,2,4,4,3,1,1,1,2,2,3,14,27,14,1,0,1,2,2,4,5,2,0,1,3,2,2,1,3,2,1,1,1,1,2,3,1,7,9,3,2,1,0,1,2,2,1,2,2,1,1,2,1,1,1,1,2,4,3,2,2,1,1,1,3,2,2,1,1,2,1,1,0,5,23,31,20,2,2,1,0,0,0,1,2,2,1,3,2,1,1,2,1,2,2,1,1,1,2,2,1,1,0,0,0,0,2,2,0,2,0,3,6,4,0,1,2,2,1,0,1,2,3,1,1,1,2,1,1,0,0,1,2,2,1,0,0,2,4,1,0,1,1,1,1,1,2,8,5,1,1,1,0,1,0,1,1,1,2,1,1,0,1,3,3,4,5,2,1,2,3,2,3,4,2,1,1,1,1,1,1,2,2,3,4,1,2,2,0,1,1,1,0,0,0,2,2,1,1,1,2,2,12,12,1,3,2,1,2,5,4,0,0,1,1,1,0,0,0,1,2,1,1,2,2,3,3,4,4,1,0,1,2,2,0,2,4,3,3,3,1,0,1,1,1,0,1,2,2,2,2,1,1,1,2,1,1,1,1,0,0,1,1,2,6,8,7,5,1
1776752595.6660604,2864,1000.0,927,7,4,1,1,1,2,1,1,1,0,0,1,2,2,0,0,1,3,4,3,0,2,2,1,3,4,42,61,43,13,2,1,1,1,2,2,22,33,18,6,3,3,2,1,1,1,3,4,1,0,1,2,1,1,2,1,2,2,0,1,7,18,113,563,927,758,147,22,9,1,2,3,3,3,0,0,0,1,0,2,1,2,2,1,1,2,0,1,2,1,12,33,21,0,1,2,2,2,2,2,5,10,6,1,3,4,3,2,0,3,4,1,1,0,1,1,1,0,0,1,2,1,0,0,1,1,51,175,283,134,2,0,1,0,1,0,1,0,1,1,1,1,1,1,0,2,4,3,2,2,1,3,3,8,12,6,2,1,1,1,2,3,2,2,5,5,2,0,0,1,2,3,3,1,0,0,0,0,0,1,1,1,0,1,0,1,2,1,2,15,69,70,22,3,1,1,1,1,4,4,2,0,1,2,2,1,2,2,1,2,2,1,0,2,3,3,1,6,7,3,1,1,0,0,1,2,1,9,8,2,0,0,1,1,1,0,1,1,0,1,3,2,0,1,1,2,2,2,2,0,1,2,1,10,22,20,9,1,1,1,1,0,1,1,2,2,1,2,1,2,2,1,1,1,0,1,0,1,0,1,4,8,9,2,0,1,1,1,0,1,1,1,2,2,2,2,1,4,3,3,4,1,1,2,1,1,3,3,1,1,1,1,0,1,2,1,2,7,34,31,5,1,1,1,1,1,1,3,1,3,2,0,0,0,1,1,1,0,0,2,2,1,0,0,0,1,1,1,0,3,2,1,4,4,0,5,3,1,1,1,4,4,1,1,1,0,0,1,1,2,2,2,2,0,1,1,1,2,1,0,1,4,2,1,0,2,1,1,4,7,3,0,1,3,4,2,1,2,1,1,1,2,2,2,2,0,1,6,7,2,1,0,3,2,2,1,0,1,2,1,0,1,1,1,3,2,4,3,2,1,1,2,2,2,1,0,1,0,0,0,1,1,1,4,14,11,4,0,0,1,1,1,2,3,5,4,1,1,2,1,0,2,2,1,0,2,5,4,0,1,0,2,3,2,0,0,2,2,1,2,3,4,2,0,0,0,0,1,0,3,5,2,0,1,4,3,1,1,1,1,1,0,1,1,1,3,2,3,5,9,3,1
1776752595.7751663,2865,1000.0,926,9,4,2,2,1,1,2,2,0,0,0,1,1,1,1,2,2,1,3,2,1,1,1,1,2,7,49,64,36,9,2,3,2,1,0,2,6,24,36,15,1,2,3,3,3,1,1,1,2,0,1,2,1,1,2,1,2,1,3,4,6,20,135,663,926,673,129,19,7,5,1,4,2,1,2,1,2,1,1,2,3,4,0,1,3,2,2,3,1,12,31,20,4,3,2,1,2,2,2,1,5,10,7,1,1,1,2,2,2,1,0,0,0,1,2,1,1,1,1,1,2,1,2,3,2,2,5,152,295,141,2,0,2,1,0,1,1,2,1,2,1,0,1,1,1,1,2,1,3,3,1,0,3,6,11,13,5,0,1,1,1,0,2,5,8,3,0,2,0,0,1,3,4,2,1,2,1,1,3,2,0,0,2,2,0,2,1,3,2,14,55,70,47,7,2,1,2,1,2,0,1,1,2,2,2,1,0,2,2,2,2,1,0,0,2,3,3,1,6,5,1,1,0,0,1,0,3,8,7,3,2,2,1,0,2,1,1,1,0,1,2,1,1,2,1,1,0,0,1,0,2,0,2,14,26,11,2,0,0,1,1,2,5,3,0,2,1,1,1,1,1,0,1,2,0,1,0,1,0,5,11,11,4,0,0,0,1,1,2,1,3,1,1,1,3,4,2,1,1,3,4,3,1,1,1,1,1,1,1,0,1,1,1,1,0,2,6,22,33,23,2,1,0,2,3,1,0,1,1,0,1,1,2,1,2,5,4,1,2,1,2,4,0,2,1,1,1,1,2,1,1,0,1,0,3,5,3,1,1,2,1,0,2,0,2,1,1,2,1,0,1,1,0,0,0,1,2,2,1,1,2,3,5,4,2,0,1,1,0,3,8,5,0,1,1,2,2,1,1,0,1,1,0,0,1,2,1,2,5,5,2,1,2,2,1,0,2,3,2,0,1,2,2,1,1,3,6,3,2,2,2,2,0,1,3,3,2,0,0,0,0,1,1,2,11,14,10,2,1,0,0,0,2,5,4,0,1,1,1,1,1,1,0,3,2,2,2,1,0,0,0,0,2,1,0,1,1,1,1,0,3,4,4,1,1,1,1,1,0,2,0,1,0,1,1,1,2,1,1,1,1,1,0,0,0,0,1,5,9,5,2,1
1776752595.8849823,2866,1000.0,923,10,6,1,1,1,0,0,0,0,1,0,1,1,0,1,1,2,3,2,1,2,2,1,0,1,2,8,54,68,20,2,1,1,0,2,1,16,30,27,10,0,0,1,3,2,1,1,1,0,1,1,1,1,1,2,4,3,2,2,1,8,21,154,750,923,580,111,18,4,5,2,0,4,1,1,2,3,1,0,2,5,5,3,1,1,1,2,1,1,7,20,31,18,1,0,1,2,1,1,4,13,9,1,1,1,1,1,1,0,2,3,0,1,1,1,1,0,1,3,3,0,1,1,0,1,2,40,167,290,140,1,3,4,4,4,3,0,1,1,2,2,1,2,1,2,1,1,1,1,0,1,1,2,10,13,6,2,1,0,1,2,1,2,6,8,4,0,1,0,0,0,2,4,4,2,0,0,0,1,0,0,1,2,2,3,3,3,1,1,7,33,72,64,11,3,1,3,2,3,2,3,2,0,1,0,1,1,1,2,1,2,0,1,1,1,1,4,9,6,1,0,0,0,1,1,1,2,4,11,8,0,1,0,0,1,3,3,2,3,1,1,1,1,0,0,0,1,2,2,3,2,0,1,15,28,18,6,1,0,1,0,0,1,3,3,2,2,1,0,2,2,1,1,0,2,1,1,0,2,2,3,5,6,2,1,0,0,0,1,0,1,0,1,0,0,0,0,1,1,2,2,3,1,2,2,1,1,1,1,1,0,0,1,2,2,1,8,33,30,4,3,2,0,0,0,0,1,0,0,1,1,2,2,1,1,1,2,0,2,0,0,0,1,2,1,2,1,0,1,1,0,0,1,2,8,8,2,1,2,0,0,0,0,0,1,1,2,2,2,2,1,0,0,1,1,0,1,1,0,0,1,2,2,1,2,3,2,1,3,6,6,3,2,1,1,2,2,2,1,0,0,2,2,1,0,2,1,1,5,5,2,1,1,1,0,3,3,3,2,1,1,1,1,1,0,1,1,3,3,2,1,1,2,1,1,1,1,1,1,0,1,0,1,1,5,16,13,1,2,2,1,1,3,3,1,3,2,1,0,1,0,2,0,2,2,1,2,2,1,1,1,4,2,2,2,1,1,1,1,2,5,4,3,2,1,2,2,0,2,3,2,0,0,1,0,1,1,2,2,2,0,4,3,0,0,1,2,2,6,6,1,0
1776752596.105119,2867,1000.0,921,10,4,1,0,0,1,0,1,0,1,0,1,0,1,2,1,0,2,2,1,2,1,1,1,1,6,50,65,30,5,4,2,2,1,1,1,21,34,13,3,2,1,1,0,0,1,1,3,1,1,0,0,3,2,1,1,1,3,1,5,8,23,169,822,921,475,91,14,5,2,2,2,1,1,0,0,1,1,1,1,1,1,0,2,1,1,1,1,0,8,24,30,16,1,3,1,1,0,1,3,10,13,7,0,1,0,0,1,2,4,2,1,2,1,3,3,3,2,1,2,1,2,3,1,0,1,80,203,262,120,3,2,1,1,1,0,2,2,0,0,1,0,0,0,1,0,1,0,0,2,2,1,3,0,10,12,3,1,1,1,1,1,1,2,5,8,4,1,2,1,1,2,1,1,2,3,2,1,3,3,1,1,2,3,2,2,1,0,1,2,15,73,69,12,3,2,3,1,1,2,1,0,1,0,0,0,1,2,2,1,1,1,0,1,1,1,1,3,7,5,2,2,1,2,0,1,1,3,10,7,0,0,1,0,2,3,3,2,2,0,1,0,0,1,2,3,3,2,3,4,3,1,1,6,18,26,11,1,2,2,1,2,5,3,1,1,1,2,1,2,1,1,2,1,1,1,1,2,2,1,6,8,4,2,1,0,0,2,2,0,0,1,2,2,2,1,1,1,0,2,3,2,2,0,2,1,1,1,2,0,1,2,2,2,1,1,6,27,30,16,0,3,1,1,1,0,0,1,1,2,2,3,1,0,2,2,0,0,0,0,0,4,5,3,0,1,1,0,1,1,2,4,6,5,6,3,1,1,1,2,1,1,1,1,1,1,2,3,3,0,0,1,2,2,3,2,3,3,2,1,1,4,4,1,1,1,1,1,3,6,7,4,2,2,1,3,3,1,1,1,1,0,0,1,1,3,4,7,6,1,1,1,1,2,1,2,0,2,4,2,1,0,1,0,2,1,2,3,0,4,4,2,1,1,1,1,1,0,1,1,0,1,1,3,13,13,4,0,0,1,1,2,1,3,3,1,2,1,2,0,2,1,0,1,0,0,0,1,1,2,1,1,2,1,0,2,1,1,2,2,6,5,2,1,1,0,1,0,1,1,2,3,2,1,0,1,0,1,2,1,0,2,3,1,2,1,2,2,5,8,5,0
1776752596.2127244,2868,1000.0,921,11,5,1,1,1,2,2,1,1,2,1,1,0,1,0,1,0,0,2,2,3,2,2,2,3,4,45,64,39,10,3,1,0,1,2,4,15,28,27,9,1,0,1,1,2,1,2,2,0,0,1,2,2,1,1,3,1,2,2,3,9,23,183,879,921,364,65,14,3,5,2,1,2,2,2,3,2,1,1,1,1,2,3,0,1,2,1,0,2,12,35,24,3,1,1,1,1,0,0,1,4,10,7,1,2,1,2,0,2,4,3,1,1,2,1,2,1,1,1,2,2,1,0,1,0,1,116,246,223,93,3,2,0,1,0,2,3,1,0,2,2,0,0,1,1,3,4,2,0,1,1,2,0,9,12,3,0,1,1,0,0,1,1,2,5,6,1,1,1,1,0,0,0,2,2,0,1,1,1,0,0,1,1,2,2,2,1,0,2,11,38,72,62,12,2,1,0,0,0,2,2,0,0,0,1,1,3,1,1,2,2,2,2,1,1,3,1,8,6,2,0,0,1,1,0,0,1,5,10,7,1,1,0,1,1,1,1,1,1,1,1,1,2,3,1,1,2,2,1,2,1,0,1,2,15,28,12,0,1,1,0,3,6,5,2,1,2,2,1,1,2,0,1,3,3,2,1,1,1,2,5,8,7,1,0,0,1,0,0,1,2,2,2,1,0,2,3,2,1,4,4,2,1,1,2,1,1,0,0,1,2,2,1,0,0,1,1,11,34,30,4,2,1,1,1,3,2,1,1,3,2,0,1,0,0,0,2,0,0,0,1,1,1,2,1,0,0,0,0,1,0,1,1,2,4,3,1,0,2,3,3,2,1,2,1,1,2,2,0,1,1,1,0,1,2,2,1,1,1,1,0,2,3,3,3,2,1,0,4,6,4,2,3,4,2,0,1,2,2,0,0,1,0,0,1,0,0,2,8,8,2,0,2,1,1,1,1,3,4,2,2,2,2,1,1,1,2,0,2,2,1,1,1,1,2,1,1,3,3,1,1,0,1,2,13,15,8,2,2,1,1,2,4,5,1,1,2,2,2,1,2,3,1,1,2,1,1,2,2,2,2,2,1,1,1,2,1,0,2,3,4,3,2,0,0,1,2,0,0,2,4,3,2,0,2,1,2,3,1,2,3,2,1,1,1,0,0,3,7,5,2,1
1776752596.321411,2869,1000.0,921,10,4,1,0,0,1,2,4,3,3,2,2,2,1,1,1,3,3,1,1,2,1,0,0,1,1,7,54,69,22,2,1,1,0,0,1,5,25,37,15,0,1,1,1,1,1,2,1,2,4,3,2,2,2,0,1,1,1,3,2,11,23,191,918,921,261,46,8,5,1,4,2,2,2,2,1,0,0,1,1,1,4,4,1,1,1,0,0,0,3,15,34,22,2,1,1,1,1,0,3,6,12,8,1,0,1,1,1,2,1,1,1,1,2,3,3,3,1,1,1,0,0,0,2,1,1,140,278,178,58,0,1,2,1,1,3,2,0,1,1,0,0,1,0,1,3,2,1,1,1,0,0,0,3,9,9,2,2,2,2,0,1,3,5,8,7,1,1,1,2,2,1,3,3,1,3,2,2,1,1,2,2,1,0,0,0,1,0,0,15,61,71,42,7,1,0,0,1,2,2,2,1,0,1,0,1,2,1,0,1,1,1,2,1,0,1,1,2,6,3,1,1,0,1,0,2,4,6,10,7,2,2,1,1,1,1,1,1,1,2,0,0,2,4,3,1,1,1,1,2,1,0,0,8,22,22,9,1,1,2,2,3,4,4,2,1,3,3,2,2,2,0,0,0,0,0,1,1,0,0,6,8,5,0,2,2,1,0,1,1,1,1,2,3,1,2,2,2,4,3,2,2,0,1,2,2,1,1,3,2,1,2,2,1,2,0,4,19,35,26,4,2,2,1,2,1,0,0,0,1,2,2,1,2,2,2,1,1,0,0,0,0,0,0,0,2,2,1,1,1,1,1,3,5,6,6,3,1,1,1,1,1,1,1,1,3,1,1,1,1,2,3,2,1,0,1,2,3,2,2,2,2,3,2,2,1,0,0,0,4,7,6,2,2,1,0,1,1,1,2,1,0,0,0,0,0,1,4,5,0,3,1,0,0,0,0,2,2,2,1,0,2,2,1,2,3,2,0,1,3,2,3,2,1,1,0,0,0,0,1,1,2,2,1,6,16,12,2,1,0,1,1,2,5,4,2,3,2,1,1,2,1,1,1,1,0,0,0,0,1,2,3,2,1,0,1,2,2,2,3,4,4,3,1,2,3,3,1,1,3,3,1,1,2,2,2,2,2,2,1,0,2,1,1,1,0,1,0,6,9,4,1
1776752596.4298084,2870,984.375,932,11,6,1,1,1,1,2,3,2,1,1,0,1,0,0,1,2,1,0,2,2,0,1,2,3,4,40,62,46,10,2,2,1,1,2,4,18,30,23,8,2,3,1,0,0,1,1,2,2,1,1,0,0,0,1,2,3,4,0,4,10,26,192,932,920,187,29,8,4,2,1,1,2,1,2,1,1,1,2,1,1,4,2,2,1,1,2,1,2,10,27,29,15,2,2,3,2,2,2,3,10,11,6,0,2,1,1,1,1,1,1,2,2,1,1,2,2,2,1,1,1,1,0,2,1,1,152,295,147,16,1,1,2,1,0,1,3,3,3,1,1,3,3,2,1,3,3,2,2,1,0,0,2,6,11,8,1,1,0,0,1,1,2,6,9,6,2,1,0,0,1,0,1,3,3,2,1,2,2,3,2,0,0,1,0,1,1,1,0,17,72,69,17,3,0,1,1,0,2,3,3,2,1,0,1,1,0,1,3,3,1,2,2,2,2,1,1,6,7,4,1,1,1,1,1,1,2,5,5,2,1,2,2,3,2,1,1,1,1,0,1,2,2,1,1,1,0,0,1,1,2,2,2,16,28,14,3,0,0,0,0,1,1,3,2,1,1,1,1,1,1,1,3,1,2,3,2,1,1,2,5,8,7,0,0,2,2,0,0,1,0,0,0,0,2,3,1,0,0,2,3,2,1,1,0,1,1,1,1,1,1,0,1,1,1,1,7,31,30,10,1,1,1,1,2,1,2,1,0,2,3,2,0,0,2,3,2,3,3,2,1,1,0,1,2,1,0,2,1,2,2,1,2,3,5,4,2,3,4,2,1,0,0,1,1,0,1,1,1,1,1,1,1,2,3,2,1,1,1,1,1,3,2,0,1,1,2,2,2,6,5,2,1,2,1,0,0,2,2,3,2,1,1,0,0,1,1,2,4,4,2,1,3,1,2,1,1,1,2,0,0,1,2,2,2,2,2,5,2,0,1,2,0,0,2,1,0,2,2,1,1,1,2,1,12,14,6,1,0,1,2,2,3,4,3,2,0,1,1,0,0,0,0,0,0,0,1,0,1,1,0,2,3,2,0,2,1,2,2,3,3,3,1,1,1,1,1,1,1,2,3,2,1,1,2,1,0,1,1,0,1,0,2,4,1,0,1,5,8,4,1,0
1776752596.5388002,2871,984.375,930,12,6,0,0,0,1,1,1,2,1,0,0,1,1,1,2,1,1,1,3,3,1,1,1,0,8,53,66,26,6,0,0,2,2,2,1,22,35,17,4,0,1,0,0,1,0,1,2,2,1,0,0,1,2,1,0,2,2,3,5,8,26,192,930,920,195,29,10,3,3,1,2,3,6,2,0,0,1,2,3,1,1,1,0,0,0,1,3,1,14,33,24,9,1,0,1,2,2,1,3,10,7,1,2,1,1,2,0,1,1,3,2,2,1,0,3,2,2,1,2,3,2,2,0,0,4,151,292,150,25,0,1,2,3,0,0,0,0,1,2,1,1,0,0,1,1,3,3,1,1,2,1,1,9,11,5,2,2,1,2,1,1,1,4,6,2,0,2,2,3,1,1,2,2,2,1,1,1,1,3,3,1,1,2,2,2,2,1,3,14,69,69,21,4,2,1,1,2,2,2,4,2,1,0,0,1,1,1,0,1,0,1,0,2,1,0,2,7,7,4,0,0,1,1,0,1,4,10,9,2,0,0,2,3,2,1,1,1,1,0,1,0,1,2,2,0,1,1,1,0,1,1,1,13,25,14,5,0,1,1,2,2,2,3,2,1,2,2,0,1,0,1,0,1,1,0,0,0,0,2,8,9,2,3,2,1,2,1,0,1,1,3,2,1,1,0,2,3,2,1,4,2,0,1,2,0,0,0,1,1,1,0,0,0,0,2,6,31,31,12,2,1,2,1,1,0,2,0,1,2,2,2,1,0,2,2,1,0,0,0,1,0,1,1,1,1,2,2,0,2,2,0,1,3,5,4,1,2,1,0,1,1,2,1,0,0,1,2,1,1,0,0,0,1,0,1,2,0,2,1,1,3,3,2,1,1,0,2,4,8,8,4,1,1,1,2,2,1,0,1,2,0,0,0,0,1,2,5,6,5,2,2,0,0,1,2,2,3,2,1,1,1,1,1,1,1,2,4,1,1,0,1,2,2,2,1,0,1,2,1,0,0,1,3,9,10,5,1,1,1,0,2,2,5,5,2,2,2,2,1,1,2,3,3,2,1,0,0,1,1,0,1,2,2,1,0,0,2,2,3,3,4,4,1,2,2,2,2,1,3,5,2,0,0,2,2,1,0,1,1,1,0,1,1,0,1,0,6,10,11,7,1
1776752596.6476953,2872,1000.0,922,9,4,1,2,1,1,1,0,1,1,1,3,3,2,1,0,2,3,0,3,2,1,2,2,1,0,10,57,66,16,2,0,2,2,2,1,4,22,35,15,1,0,0,3,2,1,2,2,1,1,1,0,2,2,1,1,3,1,2,3,7,27,187,910,922,274,48,8,6,2,2,1,2,2,3,3,1,0,1,2,3,4,2,0,0,1,1,2,1,5,17,33,19,2,1,3,3,2,1,1,7,10,7,0,2,2,2,2,0,0,1,0,1,1,0,1,1,1,1,0,1,0,1,0,0,2,137,273,183,63,1,1,1,0,2,3,1,1,1,0,1,1,2,0,0,2,2,2,2,2,1,1,1,4,12,13,2,1,1,1,3,3,3,5,7,6,2,1,2,2,1,0,1,2,1,1,0,0,0,1,1,0,0,1,1,0,2,1,2,11,56,71,45,8,0,3,0,1,3,3,3,2,2,2,1,0,0,0,2,2,1,1,0,1,2,2,5,7,7,3,1,3,3,1,1,1,2,8,8,3,1,0,0,0,0,1,2,2,0,0,0,1,0,1,1,1,1,2,1,0,0,0,1,9,21,23,8,1,1,1,1,1,3,1,1,2,2,2,2,1,0,1,1,1,1,2,1,0,0,0,4,9,7,0,2,0,0,0,0,1,0,1,1,1,1,1,1,1,2,2,2,3,3,1,1,2,1,2,1,1,0,0,0,1,1,0,2,13,32,29,6,0,0,0,1,1,1,0,1,2,1,0,1,1,0,4,3,2,1,0,2,2,1,1,1,0,0,1,1,1,1,0,2,4,6,4,1,1,1,1,1,1,1,1,0,2,1,0,1,1,1,0,0,0,1,1,2,1,0,0,1,2,4,4,1,1,0,0,4,7,7,3,0,1,1,1,2,1,0,0,0,0,1,0,1,2,1,4,7,3,0,0,2,0,0,2,2,3,3,2,1,1,2,2,1,0,2,3,2,1,2,0,0,0,1,1,2,1,0,1,2,2,2,1,3,13,13,5,2,1,1,1,1,3,3,0,1,1,0,2,2,0,1,2,2,0,2,0,1,2,2,1,1,0,2,0,0,0,1,4,4,3,2,2,1,2,3,2,2,2,0,2,1,1,2,0,0,1,2,1,2,3,1,1,0,1,2,2,5,10,4,2
1776752596.8660216,2873,1000.0,925,7,3,0,2,1,1,0,0,0,1,2,1,1,3,2,0,1,1,1,2,1,1,1,0,0,7,53,67,25,4,0,0,1,2,2,3,20,32,23,8,3,2,1,1,0,1,0,0,1,0,2,2,1,0,0,0,0,2,2,2,7,27,179,871,925,382,71,11,5,3,2,2,2,3,4,2,1,1,0,1,2,2,1,0,2,1,2,2,2,12,34,21,3,2,1,2,2,2,1,3,6,12,9,2,3,0,0,0,1,1,1,1,1,0,2,1,1,1,1,1,1,0,2,2,0,2,111,240,232,100,1,2,1,1,2,1,0,0,1,3,3,1,0,1,1,0,2,2,1,0,2,1,0,9,12,7,2,2,2,1,0,1,3,2,5,9,5,0,0,0,0,2,3,3,1,1,1,1,1,1,2,2,1,0,2,2,2,1,2,6,33,72,64,13,2,3,0,1,0,2,2,1,2,2,0,1,0,0,2,1,1,1,1,0,1,0,1,5,6,2,2,1,2,2,0,1,2,5,10,5,1,1,1,0,2,0,1,1,0,1,0,0,1,0,1,0,1,2,2,1,0,0,1,2,17,31,15,1,2,1,1,0,1,2,2,1,1,0,2,2,1,1,0,1,1,1,1,2,0,0,1,7,10,5,0,1,2,3,2,2,2,2,1,0,1,1,1,2,0,3,4,2,1,0,0,1,3,2,1,1,0,0,0,0,0,0,2,13,30,27,4,1,2,1,2,1,1,2,1,0,0,0,1,1,0,1,1,3,1,1,2,2,1,0,1,0,0,1,0,1,0,3,3,3,6,5,2,1,0,1,2,1,0,1,1,1,0,1,0,2,3,2,1,0,2,0,0,0,1,2,2,1,3,0,1,0,0,0,0,3,6,5,2,0,1,1,2,2,0,1,0,1,1,1,2,2,0,3,6,6,1,2,1,1,0,0,2,2,2,1,0,1,0,0,1,1,2,3,2,1,0,0,0,0,1,1,0,1,1,0,1,0,4,1,11,14,8,1,3,2,2,2,3,3,0,2,1,0,0,1,2,1,0,1,2,1,1,1,0,0,0,2,3,1,0,0,1,2,1,4,4,2,3,1,0,1,2,2,2,3,4,4,3,0,0,1,1,1,0,0,0,0,0,1,1,1,2,6,7,1,3,2
1776752596.9747531,2874,1000.0,925,7,4,2,3,2,1,1,0,1,1,1,0,2,3,2,1,3,3,1,0,1,1,1,0,1,3,30,60,57,15,2,0,0,0,1,1,21,35,21,6,1,2,2,1,0,1,0,0,0,0,1,1,1,0,2,3,4,1,4,3,7,23,167,810,925,492,92,15,6,2,2,2,1,2,1,0,1,0,1,2,4,1,1,1,1,1,1,0,0,2,13,34,21,3,2,0,0,1,0,2,10,9,2,2,3,2,2,3,2,1,0,1,1,0,2,3,3,1,1,1,2,1,0,1,2,3,76,198,270,126,0,1,1,1,0,2,2,1,1,0,0,2,1,0,0,0,1,1,0,0,0,1,1,5,11,9,3,3,1,1,2,1,2,4,8,7,2,1,2,3,2,0,2,2,0,0,1,0,1,2,3,1,0,1,1,1,1,0,2,1,17,72,69,14,0,1,3,2,1,0,1,0,2,1,1,0,0,0,0,1,2,0,1,2,1,0,2,6,5,2,0,0,0,1,1,2,3,4,8,5,0,1,2,2,2,1,0,1,0,1,1,1,1,1,1,0,1,1,1,2,2,1,0,8,21,26,12,1,1,1,1,4,7,4,1,2,2,1,1,1,2,2,1,1,1,1,1,0,0,1,7,8,1,2,3,1,0,1,1,1,1,2,2,1,2,2,2,1,0,1,1,1,1,1,1,2,1,1,1,2,3,2,0,1,3,2,8,30,29,13,2,0,1,2,2,2,2,2,3,2,3,3,2,1,1,0,1,1,1,3,2,0,0,0,0,1,1,2,2,2,1,0,2,4,4,5,5,1,1,3,3,3,5,4,2,2,0,1,2,3,2,1,2,1,1,0,0,1,1,1,4,6,2,0,2,2,2,2,2,6,9,5,0,0,1,0,1,2,3,3,1,0,0,0,1,1,0,3,6,5,1,0,1,2,1,2,4,3,1,1,1,1,1,0,2,4,4,1,2,0,2,1,0,0,0,0,1,3,2,1,1,1,3,6,14,14,8,3,2,1,1,1,1,2,6,5,2,0,1,3,3,2,2,2,0,0,0,2,2,1,1,1,5,2,1,0,2,1,1,2,1,2,3,1,1,1,2,0,0,2,5,4,1,1,1,1,1,0,0,1,1,0,0,1,0,0,2,5,6,8,3,1
1776752597.084231,2875,1000.0,927,6,3,1,0,1,2,1,0,2,2,2,2,2,1,1,1,1,1,0,0,0,0,0,0,0,5,29,59,58,14,3,1,0,0,1,3,3,24,36,13,2,1,0,0,1,2,2,1,1,3,1,0,2,2,2,0,1,3,2,5,5,22,150,736,927,595,114,17,6,3,2,0,3,2,1,1,1,2,1,1,3,2,2,2,1,0,1,2,3,13,32,22,7,1,0,0,1,2,3,0,7,10,7,3,1,1,0,0,1,2,1,0,1,1,1,0,0,0,1,1,1,3,2,1,0,1,33,164,293,139,2,0,0,0,1,2,1,1,2,2,2,2,0,1,1,1,2,2,1,0,0,0,2,11,12,4,1,0,1,1,1,1,1,5,9,5,2,1,1,1,1,1,2,3,1,0,0,0,1,2,3,2,0,1,1,2,1,1,3,5,34,70,62,13,1,0,2,3,4,2,1,1,1,2,2,0,1,1,2,2,2,2,3,2,1,0,1,6,8,2,2,2,0,0,2,4,5,7,7,2,3,1,0,0,2,3,3,3,3,2,1,0,2,2,0,2,0,0,2,0,2,2,1,12,25,16,5,2,0,2,2,1,3,6,4,3,3,2,0,1,0,1,2,0,1,1,1,2,2,0,0,7,9,3,0,0,2,4,4,4,2,1,1,1,1,0,0,1,3,3,1,0,2,4,1,2,2,1,1,0,1,1,1,3,2,1,6,31,32,11,3,2,2,1,2,2,2,2,2,2,2,2,1,0,2,2,2,1,1,0,1,2,1,0,0,1,0,1,0,1,0,1,1,2,4,8,8,3,1,0,1,1,1,1,0,1,2,1,1,2,3,3,1,3,2,1,2,3,2,1,2,3,2,0,1,2,1,0,3,6,4,1,3,2,2,1,0,0,0,0,1,0,1,2,1,2,0,5,6,2,2,3,1,2,3,1,0,2,1,2,1,0,0,1,0,1,3,4,1,2,1,2,1,0,2,2,1,0,2,2,1,1,0,1,5,15,12,3,1,1,0,1,3,4,2,2,1,0,0,1,1,1,3,3,3,2,2,1,0,1,2,3,2,1,1,1,2,0,1,1,2,5,4,0,1,1,1,0,1,1,3,3,2,1,1,1,2,1,0,1,2,2,1,1,1,0,0,2,5,7,4,0
1776752597.1919296,2876,1000.0,929,3,3,2,2,1,1,0,1,1,2,1,0,2,2,1,0,1,1,1,2,1,1,2,1,3,9,55,66,18,1,3,5,2,1,2,3,16,31,28,10,1,0,2,1,0,0,1,1,0,0,2,2,1,3,3,1,2,1,4,2,5,20,130,644,929,688,133,19,8,2,2,3,3,3,2,1,0,2,3,3,3,3,2,1,1,0,0,1,1,11,24,29,16,0,1,1,0,0,2,1,2,10,8,2,0,1,1,1,3,3,1,1,1,1,0,0,0,0,1,0,2,2,0,1,2,1,13,156,296,142,1,2,2,1,3,4,1,0,2,2,1,1,1,1,3,1,0,1,1,0,1,1,2,3,9,11,3,2,1,1,1,1,0,3,7,6,3,1,2,2,0,0,2,1,2,0,0,1,1,1,2,2,1,3,2,0,1,0,2,12,58,70,42,8,1,1,0,2,2,4,3,1,0,2,1,2,2,0,2,4,3,1,1,0,1,1,3,7,5,1,2,2,1,2,2,2,3,10,8,0,1,2,1,1,1,1,2,1,1,1,1,2,1,0,0,1,0,0,0,1,0,2,3,16,27,13,1,1,1,1,1,1,5,4,0,2,2,1,2,1,0,1,2,4,3,0,0,2,1,3,7,9,2,1,1,0,0,1,1,1,3,4,3,0,2,3,0,3,4,3,1,1,2,2,1,2,2,1,1,2,1,1,2,0,1,1,3,17,32,27,5,2,1,0,0,1,2,3,1,2,2,2,2,0,1,1,1,4,2,1,1,2,1,0,1,1,1,1,1,1,2,3,4,1,2,4,2,0,1,0,2,3,0,2,2,0,1,1,0,1,0,1,3,3,2,2,0,2,2,1,2,2,5,4,2,1,1,1,2,4,7,5,2,2,1,1,1,0,0,0,1,2,0,1,2,1,0,1,4,5,1,0,0,1,2,1,0,2,1,0,2,3,2,0,2,4,5,4,2,1,3,3,2,1,0,1,2,2,3,2,0,2,1,5,15,14,5,2,2,0,0,1,1,3,4,2,1,2,1,0,1,1,1,1,1,1,0,2,1,0,2,3,2,1,1,1,1,1,1,1,3,2,2,3,4,1,2,2,2,2,3,1,2,1,1,2,1,1,0,0,1,2,1,0,0,1,1,2,8,6,2,0
1776752597.302048,2877,1000.0,931,2,2,1,2,0,1,1,2,2,1,0,0,1,2,2,1,1,1,2,3,2,1,0,1,2,1,22,56,61,14,6,3,2,1,2,0,23,34,13,2,0,0,0,1,1,1,1,2,0,3,2,1,2,2,0,0,1,0,3,2,5,15,112,546,931,770,151,19,10,1,3,3,3,3,0,1,1,2,2,0,1,1,2,1,1,2,2,2,0,7,21,30,18,3,2,1,1,0,1,1,7,10,7,2,1,2,1,0,0,0,2,1,2,1,1,2,3,2,1,2,3,2,2,2,2,2,56,180,279,133,2,4,3,1,1,1,1,0,1,1,0,1,2,1,0,2,3,3,2,1,0,1,3,10,11,3,0,1,0,0,0,2,2,1,5,8,4,2,1,0,1,1,2,3,3,1,1,0,1,2,1,1,1,3,3,2,2,0,3,14,70,68,19,3,1,2,1,2,3,3,0,2,0,1,1,2,2,2,3,2,3,2,0,1,2,0,2,3,6,2,1,1,1,0,1,3,1,7,7,2,0,0,1,1,2,2,1,1,2,2,1,0,0,0,0,0,0,0,2,2,1,2,2,10,20,18,7,1,0,2,3,0,2,3,1,0,1,1,0,0,0,1,1,1,3,3,1,1,1,1,3,8,10,3,0,0,2,3,3,2,1,1,1,1,1,0,0,0,2,3,1,1,2,1,2,1,0,2,2,0,0,1,2,2,1,2,2,10,33,33,8,2,2,1,2,3,1,1,2,1,0,1,0,1,2,1,2,1,1,2,4,1,1,1,1,1,0,1,0,1,2,2,5,5,2,4,5,1,1,1,1,1,2,0,2,2,1,1,2,0,1,3,3,3,2,1,3,3,3,3,3,5,3,0,1,1,0,1,0,5,5,2,2,2,2,0,1,2,1,3,2,2,1,0,0,1,3,6,6,3,0,1,1,1,1,2,1,2,2,1,1,0,2,1,1,1,3,3,0,2,1,1,1,1,1,2,1,0,0,1,1,2,1,4,15,16,8,2,1,0,2,1,4,5,3,1,1,2,1,2,1,1,0,2,2,0,2,1,2,2,0,0,3,3,0,2,1,4,3,3,5,3,1,0,1,2,2,0,0,2,4,2,1,1,2,1,3,3,3,2,2,1,2,4,2,1,2,0,4,8,2,3
1776752597.411889,2878,1000.0,933,4,3,0,2,0,1,0,1,0,0,2,1,1,1,0,1,3,1,1,3,2,1,1,1,0,7,41,61,44,11,1,0,1,1,3,4,2,22,33,13,0,0,0,0,1,0,1,1,1,1,1,0,2,1,0,0,1,0,3,1,6,11,87,435,933,835,160,24,8,3,2,2,0,1,1,1,0,1,2,4,3,2,1,1,2,2,1,0,1,12,33,25,6,2,2,1,0,0,1,5,11,9,1,1,0,0,0,1,1,2,1,1,2,1,1,3,3,1,0,1,1,2,1,2,2,1,98,224,246,109,1,1,2,1,2,4,2,2,2,1,0,1,2,2,2,2,2,2,2,1,1,2,2,4,11,11,3,1,1,0,0,0,1,4,5,6,4,1,0,0,1,0,1,2,0,2,1,2,3,2,0,1,1,1,1,1,1,2,1,16,72,72,19,4,1,1,0,1,3,1,1,2,2,2,1,1,2,1,1,0,1,2,2,1,1,2,5,8,5,3,2,2,0,2,2,2,0,5,7,6,2,1,1,0,1,1,1,1,2,1,1,1,1,0,0,1,0,1,1,1,1,0,0,4,17,29,13,1,2,2,2,2,3,3,2,1,2,2,1,1,0,2,3,3,2,1,2,2,1,4,7,7,6,2,0,1,1,2,3,1,0,1,1,2,2,2,3,1,2,3,1,1,0,0,0,0,1,0,1,2,1,0,1,1,1,2,3,27,32,18,2,1,0,2,4,4,3,2,1,1,2,3,1,4,3,1,1,1,1,3,2,0,0,1,1,1,0,0,2,0,3,3,2,2,1,3,2,0,3,3,1,1,1,0,2,2,1,1,0,2,2,2,4,3,1,2,1,1,2,1,2,4,2,1,1,2,2,2,2,5,10,7,3,1,0,1,0,1,1,2,2,1,2,4,2,1,3,6,6,3,0,2,1,3,2,3,1,2,4,3,0,1,2,1,0,2,4,3,1,1,2,2,1,0,1,1,1,2,1,0,0,1,2,1,4,17,16,3,1,0,1,0,3,5,2,1,0,1,1,0,1,1,0,2,2,2,1,1,1,1,2,1,0,1,2,0,0,1,2,4,5,3,1,1,0,0,1,2,1,1,2,3,2,0,1,1,1,3,3,0,1,0,2,2,2,1,0,3,7,4,1,2
1776752597.6272638,2879,1000.0,934,1,3,1,2,3,2,2,1,2,1,0,1,0,1,2,2,2,1,1,0,2,1,1,0,3,7,50,64,33,8,1,4,2,2,1,4,15,30,27,8,1,0,0,0,0,1,2,1,1,3,2,1,1,0,0,1,0,2,0,2,4,10,62,327,934,880,171,24,10,2,2,4,3,4,1,0,1,1,2,1,3,3,2,3,3,2,1,3,0,1,18,36,21,3,3,2,0,1,0,3,9,11,6,1,0,2,1,1,1,3,2,2,1,1,1,1,0,0,1,3,2,0,0,1,2,1,126,259,202,78,2,1,1,1,2,1,2,2,1,1,1,1,1,2,1,2,3,4,2,1,1,1,1,6,9,4,4,3,2,1,1,0,2,7,9,2,1,2,2,3,3,1,1,1,0,1,1,1,0,0,0,1,1,0,2,1,2,2,2,12,56,72,46,9,0,0,1,3,0,3,2,1,2,1,1,3,3,2,1,2,0,0,1,0,1,1,1,3,7,5,2,1,1,2,1,1,0,2,9,7,1,0,0,1,2,1,0,1,1,2,1,1,1,1,1,2,1,0,0,2,2,2,3,6,17,26,11,1,2,2,0,3,5,3,1,0,0,1,1,1,1,1,0,0,1,1,1,0,1,0,3,7,9,6,2,1,1,0,0,1,1,1,1,0,1,3,1,0,1,1,2,0,0,0,1,1,1,0,0,1,1,1,1,0,1,1,8,34,30,6,0,1,0,1,2,1,3,2,0,1,1,1,1,1,0,1,1,1,2,0,0,0,1,2,2,1,0,3,3,0,0,1,2,5,3,5,5,2,2,3,2,2,1,1,1,2,2,1,1,1,1,0,0,0,0,1,1,2,1,1,1,1,2,1,0,0,1,1,4,8,4,2,0,0,2,2,3,2,1,0,0,0,1,1,1,1,3,2,3,5,3,2,2,1,1,1,1,2,2,2,1,0,0,1,0,2,4,3,1,0,1,0,0,0,1,1,2,2,1,1,2,1,1,3,13,11,5,2,2,2,1,0,0,2,2,0,0,0,1,2,3,3,0,1,1,1,1,3,3,1,1,2,0,1,0,0,0,1,3,1,3,3,3,2,0,0,0,1,0,0,2,2,0,1,2,2,1,2,2,1,1,0,1,1,1,2,0,3,7,5,3,1
1776752597.7360141,2880,1000.0,933,0,1,1,0,1,1,1,1,1,2,2,1,1,1,1,0,2,0,1,0,0,2,2,2,2,1,9,56,67,17,2,1,0,1,1,2,20,36,15,3,2,1,1,2,2,1,1,2,2,2,1,1,1,1,1,3,1,1,1,1,3,9,39,229,933,910,178,24,9,3,2,2,3,1,1,0,2,3,1,2,4,3,2,1,0,2,3,1,0,15,35,23,4,0,0,0,1,1,1,1,2,11,10,2,1,1,1,1,3,2,1,1,1,1,2,1,2,2,1,1,1,0,1,2,1,1,148,289,161,41,0,1,1,0,1,4,3,0,1,1,1,1,1,2,3,1,0,2,1,0,2,0,2,5,10,10,3,1,1,0,0,2,3,3,9,5,2,2,1,1,1,0,0,0,1,1,1,0,2,1,1,0,0,0,1,3,1,0,1,7,33,72,64,12,2,1,0,0,0,1,1,1,0,0,0,1,2,0,2,2,0,1,3,2,1,1,4,8,6,3,0,0,0,1,2,2,3,4,7,5,0,1,3,1,0,1,1,1,2,2,1,1,2,1,0,1,3,3,1,1,2,1,1,14,27,20,8,2,1,0,0,0,2,5,2,1,2,1,1,2,0,0,1,2,2,1,1,2,0,1,5,8,7,3,1,1,0,0,1,2,2,0,0,2,2,1,3,2,1,2,3,2,0,2,2,1,1,0,1,2,1,1,0,0,0,1,3,21,31,25,6,1,1,1,0,0,0,1,1,1,0,0,1,1,1,0,0,0,1,2,1,1,1,1,2,2,0,1,1,0,1,1,2,4,3,5,4,0,2,2,0,1,2,1,2,2,1,0,1,2,1,2,2,1,2,0,1,1,2,1,3,2,0,0,0,0,0,0,1,4,8,5,1,1,1,1,1,1,1,1,1,2,1,1,1,1,2,4,5,5,4,2,1,0,1,2,1,2,3,2,1,2,1,0,0,1,1,1,1,0,0,2,4,4,2,0,1,0,1,1,1,1,2,0,10,13,7,1,0,0,0,1,3,3,2,0,1,1,1,1,0,0,2,3,3,0,2,0,0,1,2,0,2,1,1,1,2,1,0,2,5,3,2,3,1,5,4,2,3,4,3,0,1,0,2,3,2,1,2,3,1,0,0,1,1,2,1,3,7,7,1,1
1776752597.8447907,2881,1000.0,934,0,1,0,1,3,4,3,2,1,0,2,2,1,2,1,0,2,1,1,1,1,1,2,2,0,6,47,63,34,9,2,2,2,2,3,2,8,24,31,11,2,2,1,3,2,2,2,2,3,2,2,1,1,2,1,0,2,1,3,2,3,9,27,192,934,920,178,28,6,5,1,1,3,3,1,2,1,2,0,0,0,0,3,4,2,0,0,1,2,7,22,34,18,3,2,3,2,2,3,1,8,8,4,2,2,1,3,2,1,0,1,0,2,2,2,3,2,1,2,2,1,2,1,1,1,0,153,297,143,2,1,1,2,2,2,3,2,2,2,0,0,1,1,1,0,4,2,1,0,0,1,2,2,8,10,6,1,2,2,1,2,1,3,2,3,5,1,1,2,1,2,3,4,3,1,2,1,1,2,2,3,2,1,2,2,0,2,2,0,3,15,72,69,12,2,1,0,2,2,3,4,1,1,2,1,0,1,2,1,2,3,3,1,0,1,0,0,6,8,4,1,2,1,1,1,2,1,6,7,3,2,2,2,2,1,1,1,2,3,3,2,2,1,2,1,0,1,0,0,0,0,0,0,15,29,13,1,0,0,1,1,2,5,4,1,0,2,1,1,2,1,0,1,1,0,1,3,4,1,1,7,8,4,0,1,2,1,1,2,1,1,1,2,3,1,0,1,3,4,4,3,1,2,2,2,2,1,0,0,0,1,1,1,0,2,1,3,6,31,29,4,1,1,2,2,1,1,3,2,1,1,1,1,1,1,2,2,3,2,0,0,1,2,1,2,2,0,1,1,2,1,3,2,1,6,5,3,2,2,1,1,2,1,1,0,0,2,1,1,1,1,1,0,3,2,1,1,1,1,2,3,5,2,1,0,0,0,2,4,8,4,2,1,0,0,1,0,1,1,1,0,0,0,0,0,1,2,4,4,2,0,2,0,2,2,1,1,4,3,3,1,0,1,3,2,2,3,3,1,1,1,0,1,1,0,3,3,0,1,1,1,2,1,1,1,14,14,1,2,0,1,2,2,2,2,0,1,3,3,1,0,1,1,1,1,3,2,1,1,0,1,1,3,2,1,2,3,1,1,1,1,3,4,2,2,2,1,1,1,3,3,1,2,2,2,2,2,1,1,0,0,1,1,1,2,2,1,5,7,3,1,0
1776752597.9550111,2882,1000.0,932,4,1,1,0,2,1,1,2,1,1,1,2,3,1,0,0,0,1,3,2,2,1,1,1,0,5,40,62,47,12,2,0,1,1,1,2,13,26,28,11,1,1,0,1,2,1,2,2,1,0,2,1,2,2,2,0,0,2,1,3,5,9,40,237,932,909,175,27,10,1,3,4,3,3,1,0,1,3,1,1,2,2,2,1,1,1,1,1,1,13,30,28,14,1,1,2,1,0,0,4,13,9,3,2,1,1,2,0,2,3,3,2,1,1,0,0,0,1,0,0,0,1,0,3,3,0,146,286,162,41,1,2,2,1,1,1,3,2,1,1,2,1,1,1,2,0,3,4,2,1,3,4,3,6,8,8,2,1,1,2,1,0,3,2,5,7,2,0,0,1,2,1,0,1,0,1,2,1,2,2,1,1,1,1,2,1,0,1,2,7,34,70,61,11,2,2,1,1,4,4,2,2,3,3,1,0,0,0,1,3,1,0,1,2,3,2,2,7,6,0,1,0,0,1,1,0,1,9,8,0,1,1,2,1,1,1,2,1,1,0,1,1,2,2,1,0,1,2,1,1,1,0,2,8,21,18,8,0,1,2,1,2,1,2,2,3,3,1,0,0,0,1,1,0,1,1,1,3,3,2,3,7,7,2,1,1,1,0,1,2,2,1,0,0,1,1,0,1,1,2,2,1,0,0,0,1,1,1,0,1,1,0,1,2,1,1,4,24,34,24,5,1,1,0,0,1,2,1,1,2,2,1,1,1,0,0,0,2,2,1,2,3,1,0,1,1,0,1,1,2,1,2,1,1,8,7,2,1,1,1,0,2,1,0,1,1,0,0,1,2,2,1,1,2,1,0,0,1,2,1,1,5,3,0,1,1,2,1,0,2,6,2,2,2,2,1,0,1,0,1,2,2,1,2,1,1,1,0,4,5,2,1,1,0,1,2,3,2,1,3,1,0,1,1,2,2,3,2,1,1,1,0,1,1,1,2,1,1,1,0,1,1,0,3,14,15,9,3,2,1,1,1,5,6,2,0,0,2,2,0,1,1,2,2,2,2,1,0,1,2,2,2,1,0,1,0,1,2,1,1,2,3,5,3,1,1,2,1,1,1,2,1,0,0,0,2,3,2,3,2,1,1,1,1,0,1,1,1,5,8,4,1
1776752598.0617602,2883,1000.0,932,7,4,1,0,0,0,1,1,0,1,1,1,1,1,0,0,2,4,4,2,1,1,2,2,0,2,22,58,65,19,1,2,2,2,0,0,23,36,15,3,1,1,1,1,2,2,1,0,1,0,1,0,0,0,1,1,2,1,0,2,7,10,63,334,932,880,172,24,9,3,4,2,2,1,0,0,1,1,1,2,5,4,2,1,1,3,2,1,0,12,29,29,14,0,1,0,0,0,1,0,4,12,8,0,1,1,0,0,1,1,0,0,2,1,0,0,0,1,0,0,1,2,2,0,0,1,125,258,205,80,2,0,0,3,3,1,3,2,1,1,0,2,2,1,1,1,0,1,1,0,0,0,2,8,10,8,3,1,2,0,0,1,1,3,7,4,2,2,2,2,1,0,1,2,0,0,1,1,1,1,1,0,0,1,0,1,1,2,2,13,58,69,44,8,2,1,1,0,0,1,2,1,0,1,1,1,1,1,0,1,1,2,2,0,0,1,1,5,9,4,1,1,0,0,1,2,0,8,9,3,2,2,1,1,0,2,0,1,0,1,0,0,1,2,0,0,1,1,1,0,1,1,0,3,17,26,10,1,0,0,1,2,4,1,1,0,0,0,0,0,1,0,1,1,1,3,3,0,1,2,7,8,3,1,0,1,0,0,1,1,1,1,1,1,0,1,2,3,3,3,1,1,2,2,1,0,0,1,1,1,1,0,2,3,3,3,7,34,31,6,2,0,1,2,1,1,1,0,1,2,2,1,1,2,2,1,2,4,2,0,1,1,2,2,1,2,1,1,1,2,3,1,3,0,5,2,2,1,1,2,1,0,1,1,1,2,2,2,1,0,0,0,0,0,0,1,2,2,0,0,1,2,3,1,0,0,1,0,3,6,1,1,1,2,2,2,2,2,2,1,0,1,1,1,1,1,1,4,4,2,1,2,2,1,1,2,2,1,2,4,2,3,1,1,1,2,3,2,0,0,0,0,1,2,1,0,0,1,2,1,1,1,1,3,13,13,5,1,0,1,2,3,3,4,5,1,2,2,1,1,2,1,1,1,1,1,0,1,2,1,2,4,3,2,2,3,2,0,2,4,3,4,2,0,0,0,0,1,0,1,2,3,1,2,1,0,1,1,3,3,1,0,1,1,1,1,0,3,7,6,4,1
1776752598.1713948,2884,1000.0,931,6,4,1,1,1,1,1,1,0,1,0,2,2,0,1,2,0,0,0,0,0,0,0,0,1,9,56,67,18,1,3,0,0,1,2,2,8,25,33,13,1,0,2,1,0,1,1,1,1,2,1,1,1,1,1,3,1,1,1,4,3,15,88,443,931,833,162,23,8,4,2,1,2,1,3,3,0,1,2,3,2,1,0,1,1,0,0,1,1,6,20,32,19,2,1,1,1,1,2,1,7,11,8,2,0,1,1,1,1,1,2,2,1,1,2,0,0,1,2,1,1,1,1,1,1,2,93,221,249,111,2,2,1,1,1,2,3,2,1,0,2,2,0,1,1,0,0,0,1,0,1,1,2,7,11,10,3,0,1,1,1,2,2,5,9,1,1,0,0,0,1,2,2,3,1,0,1,1,1,1,1,1,1,1,2,1,0,1,2,14,70,69,20,3,3,1,2,1,0,2,3,1,0,2,2,1,0,2,2,0,1,0,1,1,1,1,3,7,5,3,1,0,1,2,1,2,1,1,8,7,1,1,1,0,1,0,1,3,2,1,1,1,1,1,1,1,1,1,2,2,1,0,1,2,14,28,13,0,0,0,1,1,3,3,0,0,1,1,0,1,1,2,2,1,0,0,0,0,1,2,3,8,9,3,1,1,0,0,1,1,0,0,2,1,1,1,0,0,1,1,0,2,3,3,1,0,1,2,3,1,1,1,0,0,1,1,5,25,32,19,2,1,1,1,2,2,1,0,0,1,0,1,0,3,4,3,1,1,2,0,0,2,1,1,1,1,0,1,1,1,1,1,4,3,5,7,5,3,1,1,0,1,0,2,2,1,2,0,1,1,2,2,1,1,0,0,0,0,2,1,1,4,3,1,0,0,2,2,3,3,7,5,1,0,1,2,2,2,1,0,1,1,1,1,1,2,4,7,7,2,2,0,1,1,1,1,1,0,2,4,1,1,0,0,1,2,4,2,0,1,1,0,2,1,2,2,0,1,1,1,1,2,2,1,3,13,12,1,0,0,0,2,5,5,2,3,0,1,2,4,5,4,2,1,0,0,1,1,3,2,0,2,4,2,1,2,1,1,0,3,4,3,2,2,1,0,1,2,2,3,4,2,1,1,2,3,2,1,0,2,2,1,1,1,0,2,0,6,10,8,1,1
1776752598.3886716,2885,1000.0,928,7,3,1,1,0,2,2,1,1,1,1,0,1,1,1,0,1,2,1,3,3,1,1,1,1,2,21,57,62,17,0,0,0,1,2,2,12,28,31,12,1,1,1,2,2,2,2,2,3,1,0,0,0,1,3,0,0,1,1,4,5,18,109,550,928,767,148,23,8,1,3,1,1,2,3,2,0,1,1,2,2,1,2,1,1,2,0,1,1,13,34,21,4,0,1,2,1,1,2,3,11,8,1,0,0,0,0,1,4,5,3,3,2,0,0,1,2,2,2,2,2,2,2,1,1,2,55,178,280,133,0,2,1,0,2,1,1,2,3,1,1,1,1,2,0,4,5,1,2,2,2,0,1,6,10,9,4,0,2,2,1,1,1,3,6,7,3,1,1,1,2,2,2,0,1,2,3,2,2,0,1,1,1,0,2,2,2,0,3,16,74,72,18,4,0,0,0,1,1,0,3,3,1,0,0,2,2,2,1,1,1,1,1,2,2,1,0,4,8,3,1,1,1,0,2,3,3,4,9,5,1,0,2,2,2,1,1,1,0,2,3,3,1,1,2,2,0,2,2,2,1,1,0,12,25,24,11,1,0,1,1,2,3,4,2,0,1,1,0,0,0,0,1,2,1,0,0,1,1,0,6,9,5,2,1,0,0,1,1,0,1,1,0,0,1,0,0,2,3,5,3,1,1,1,0,2,1,1,2,1,2,0,2,1,1,1,3,8,32,30,3,3,1,1,1,2,1,1,1,0,0,1,2,1,0,1,1,1,0,2,1,0,0,1,2,0,1,1,1,2,2,2,0,1,4,6,3,1,1,0,0,1,3,3,1,2,0,1,0,1,1,2,2,0,0,1,1,1,1,1,1,2,2,0,0,1,2,0,4,9,6,1,0,1,1,1,1,1,0,1,2,3,2,0,1,2,1,1,3,5,2,0,1,1,2,2,2,3,0,4,2,1,2,1,2,2,2,3,1,2,4,3,2,1,2,0,0,1,1,3,3,2,1,2,12,12,4,1,1,1,3,2,3,4,2,0,0,0,2,1,1,2,2,1,1,0,1,1,0,1,2,2,1,1,1,1,0,3,2,2,1,5,6,4,3,1,1,1,0,1,0,1,2,3,5,4,3,1,1,1,1,0,0,2,3,2,1,0,5,10,5,1
1776752598.497526,2886,1000.0,928,12,8,2,1,1,3,2,0,1,2,1,2,2,1,2,1,1,2,2,3,4,3,2,1,2,4,37,59,48,12,0,2,1,1,0,0,22,36,14,1,1,2,1,3,2,0,0,0,1,2,0,1,1,1,1,1,1,1,1,3,7,19,133,654,928,686,131,22,6,4,1,3,1,1,0,3,2,1,2,1,1,1,0,2,1,1,2,1,1,3,10,32,21,1,0,0,0,1,1,2,8,9,6,0,0,1,2,1,2,3,2,2,1,1,2,3,2,0,0,3,2,0,1,3,2,2,12,155,296,141,2,0,1,1,1,1,1,1,2,2,2,3,3,2,2,1,2,2,1,1,1,0,1,7,11,8,1,2,0,0,2,3,2,1,6,8,4,1,2,1,1,3,3,0,0,1,3,2,0,2,3,1,0,0,1,0,2,2,1,11,59,74,44,6,1,2,3,1,1,3,3,2,1,0,1,2,2,2,1,3,1,1,1,1,2,3,3,5,2,2,2,2,1,1,2,4,1,6,7,4,2,0,0,1,1,0,2,2,1,2,2,1,2,3,0,3,2,1,1,1,2,1,0,15,30,15,3,1,1,1,0,2,1,2,3,0,1,0,0,1,3,2,2,2,1,0,1,1,0,1,6,11,9,3,3,2,0,1,2,0,3,3,3,2,1,1,0,1,1,3,2,0,0,1,1,0,2,1,1,1,1,2,2,1,1,1,3,19,32,24,1,4,2,2,2,2,2,1,1,1,0,1,0,1,2,2,2,0,1,0,1,1,0,0,1,0,1,0,1,1,0,1,2,3,1,4,2,2,2,1,1,1,1,2,3,2,1,0,0,1,1,1,3,4,4,3,1,1,2,2,1,2,3,3,2,0,1,1,1,4,8,4,1,0,1,3,2,0,2,2,2,2,1,1,1,1,1,5,6,3,2,1,0,2,3,2,0,0,2,3,1,0,0,0,1,2,2,5,4,3,1,1,1,1,2,1,2,2,1,2,2,1,3,1,12,13,6,1,1,2,3,1,1,4,4,1,0,1,0,2,2,0,1,2,4,3,2,1,3,2,2,3,2,1,1,0,0,1,2,4,2,2,1,4,2,0,1,1,1,2,2,2,1,0,1,1,0,1,2,1,0,1,3,3,0,0,0,5,8,5,2,1
1776752598.605214,2887,1000.0,925,8,4,3,4,3,1,0,1,0,1,3,3,2,0,1,3,3,2,2,1,0,1,0,1,2,8,50,64,30,9,0,2,2,1,2,3,11,25,32,14,1,2,3,2,2,2,0,2,3,1,1,1,1,2,1,1,2,1,1,3,7,22,150,740,925,593,113,18,5,3,1,2,3,1,1,0,1,0,2,2,2,1,1,0,2,1,2,2,1,13,33,22,4,1,2,1,1,2,1,1,4,10,8,1,1,3,2,0,0,0,0,0,0,1,2,1,2,2,2,1,1,2,1,1,2,2,35,163,293,140,2,0,1,2,2,1,1,3,2,0,1,1,1,2,1,1,1,2,1,1,1,1,1,6,9,10,2,1,0,2,3,5,4,3,6,5,4,1,0,1,0,1,2,3,0,1,1,1,2,1,1,2,1,0,0,1,2,2,2,10,35,71,62,12,0,1,1,3,2,0,0,2,2,0,1,1,1,1,1,2,1,0,3,4,2,1,1,3,7,4,0,1,3,1,2,3,4,8,8,3,2,2,1,1,1,0,0,0,0,1,3,4,3,0,1,1,1,1,1,1,2,3,2,13,28,19,5,0,0,1,2,2,4,5,3,2,1,2,0,1,2,0,1,0,1,0,1,0,3,2,5,8,6,2,0,1,2,1,2,1,0,2,2,1,1,0,0,0,3,5,3,1,2,2,2,2,2,1,2,3,3,1,0,1,1,0,7,31,30,7,0,0,1,2,1,0,0,0,1,1,1,0,2,2,0,1,3,2,0,0,1,0,1,1,2,2,0,2,1,1,2,1,0,1,1,5,5,1,1,1,1,2,2,2,0,0,2,3,2,1,0,1,3,2,0,2,2,2,2,1,1,1,3,2,0,2,2,1,4,8,5,3,1,1,1,1,1,1,0,2,2,0,1,1,0,1,2,6,6,2,1,1,1,2,1,2,1,1,2,1,2,1,1,2,2,2,4,2,1,1,0,1,1,0,1,0,1,2,2,3,2,3,3,0,3,13,13,1,1,1,0,0,3,3,2,2,3,2,1,0,1,0,1,1,1,2,1,1,2,2,3,1,6,5,2,0,0,1,2,2,1,2,1,1,1,1,1,0,2,3,6,4,0,0,0,2,1,2,3,2,1,0,2,1,0,1,0,2,7,8,2,0
1776752598.714392,2888,1000.0,920,9,5,0,1,1,0,1,1,1,2,1,0,0,1,3,2,1,2,4,2,2,2,1,1,2,0,12,55,65,18,2,1,1,1,1,1,15,29,28,10,0,0,1,2,1,2,3,2,1,0,1,1,0,0,0,0,1,2,0,4,7,25,166,813,920,487,93,15,5,4,1,3,2,4,2,1,0,1,2,2,2,1,0,1,2,2,1,1,0,4,16,32,20,3,1,1,0,1,2,1,12,12,6,1,2,0,0,0,1,2,2,2,1,1,1,2,1,0,0,0,0,0,0,0,0,1,75,196,264,123,1,2,2,2,2,0,2,1,2,2,1,1,1,2,2,0,1,0,1,0,0,1,1,9,12,6,0,1,1,1,1,1,0,7,10,4,1,2,2,1,0,0,2,1,0,1,1,0,1,1,0,1,2,0,1,2,3,2,1,3,15,72,70,14,1,0,2,0,1,2,2,1,0,1,2,1,1,1,1,2,4,3,2,1,0,1,4,7,4,0,0,2,3,1,1,3,2,8,7,4,2,1,1,0,1,2,2,2,1,3,2,1,0,1,1,3,2,0,2,3,1,0,1,8,20,23,10,1,1,1,1,1,5,3,3,3,2,1,1,0,0,1,2,2,2,2,2,2,3,1,6,7,3,1,0,0,1,1,0,1,0,1,2,1,0,1,1,2,2,1,2,0,1,0,1,0,0,0,1,2,2,2,1,1,1,1,4,27,32,17,2,2,1,0,0,1,1,2,2,2,3,4,2,0,1,2,0,1,1,4,4,3,0,1,1,1,2,1,2,2,2,3,4,4,1,6,6,1,1,1,2,3,2,2,3,2,1,1,0,1,1,0,1,1,3,2,1,1,0,0,2,4,1,0,1,0,1,1,3,4,6,3,3,2,2,0,1,0,1,1,0,2,2,2,2,1,1,2,6,5,2,2,2,1,1,0,0,2,0,3,0,1,0,1,2,3,3,3,2,1,0,0,0,1,1,0,1,0,0,2,2,0,1,2,11,13,7,1,0,2,3,1,3,7,5,0,1,2,2,0,1,2,1,1,0,0,2,2,0,1,1,0,2,3,3,1,1,2,2,4,3,1,2,2,2,1,0,0,2,3,2,0,1,2,1,1,2,1,1,1,2,1,1,2,2,1,3,6,7,8,4,2
1776752598.824167,2889,1000.0,921,13,8,1,1,1,1,1,1,2,1,0,0,0,1,0,2,2,1,1,2,3,2,2,2,1,6,53,67,19,3,3,1,2,1,1,1,21,33,18,7,1,0,1,2,2,0,0,2,2,1,1,1,0,0,0,2,0,2,1,2,10,25,179,872,921,379,71,13,2,3,1,3,2,1,1,1,1,0,1,1,1,1,1,1,1,0,0,0,1,12,33,24,6,2,1,1,1,2,3,1,10,11,3,2,0,0,0,0,1,1,1,2,2,3,2,0,1,0,1,0,0,1,0,1,2,1,111,239,227,97,1,1,1,1,0,1,1,0,2,2,1,1,0,1,1,1,2,1,2,2,0,1,2,6,10,10,4,1,3,2,1,1,3,3,5,7,0,1,0,1,1,1,2,4,2,2,2,1,1,1,0,1,1,0,1,2,1,2,0,8,35,71,65,13,1,1,1,0,1,2,2,1,1,0,1,1,0,0,1,2,0,1,1,1,2,0,2,4,6,3,0,2,3,2,1,0,0,3,9,7,2,1,0,0,1,1,2,2,1,1,1,1,0,0,0,1,0,1,0,0,1,2,1,3,14,28,14,1,0,1,0,0,1,3,2,2,1,0,1,0,0,1,2,1,1,2,1,0,0,0,0,9,11,4,1,1,0,0,2,1,1,1,1,2,1,0,2,2,0,1,2,1,1,1,1,0,1,1,0,0,1,2,3,3,3,1,2,13,34,29,4,1,0,1,0,0,1,0,0,0,0,0,0,1,2,3,1,1,1,1,1,1,2,0,1,2,1,1,1,1,2,2,2,3,4,6,3,0,0,2,2,1,1,2,2,2,4,3,1,0,0,1,0,1,0,2,2,2,1,1,1,2,2,0,1,0,0,1,1,6,5,2,1,1,2,2,1,1,1,0,0,2,1,2,2,0,0,2,4,4,2,2,3,2,2,2,0,1,2,3,3,2,2,0,1,1,3,4,2,2,2,2,1,0,1,2,1,1,1,0,1,1,0,3,13,14,5,1,3,1,1,2,4,4,1,0,0,2,3,1,0,1,1,0,0,1,0,1,1,1,1,3,1,0,0,3,3,1,3,3,3,4,3,2,2,1,2,2,0,4,2,1,0,0,1,1,0,0,0,0,0,0,0,2,2,0,1,5,8,4,2,3
1776752598.9324012,2890,1000.0,917,9,3,1,1,2,1,1,2,0,2,2,2,1,1,2,1,2,3,1,1,0,0,1,1,1,0,15,57,64,16,2,2,1,1,0,1,2,21,37,14,0,2,0,2,2,1,0,1,1,1,2,3,3,3,2,0,3,2,1,6,7,26,187,909,917,270,46,9,5,3,0,1,1,1,1,1,0,1,0,0,3,2,0,0,1,1,0,0,0,6,18,31,19,2,1,1,1,0,0,1,2,11,10,2,2,1,0,2,2,1,1,0,2,2,1,1,1,1,0,0,0,1,1,1,0,2,139,275,182,61,1,0,0,0,2,2,3,3,2,1,1,1,1,3,3,1,0,0,0,1,0,2,1,9,13,8,2,2,1,1,2,2,0,2,5,8,4,2,1,0,0,0,3,4,2,0,0,0,1,1,1,1,0,0,1,0,2,1,3,10,55,69,46,8,1,0,3,0,4,5,2,0,0,2,3,2,4,4,2,0,1,2,2,1,1,0,4,8,6,1,2,2,2,2,1,2,2,5,9,6,1,0,0,0,1,2,2,2,0,2,3,3,3,2,0,0,0,1,0,1,1,2,1,8,21,24,11,1,0,2,3,2,1,1,1,2,2,3,3,2,2,0,0,2,3,2,1,2,2,1,6,8,3,2,1,1,1,1,1,2,1,1,2,3,2,2,0,1,1,1,2,1,1,2,2,3,2,1,1,0,0,0,0,0,1,0,2,14,31,26,2,2,1,1,1,0,2,2,2,2,1,1,1,0,0,0,2,2,1,1,0,1,0,0,0,2,2,0,0,0,1,0,1,2,6,3,1,1,2,1,1,2,1,0,1,0,0,1,1,3,3,2,1,1,1,1,0,2,2,2,2,2,4,3,1,4,3,1,2,5,6,3,1,0,1,1,0,0,1,2,1,1,2,1,0,1,1,5,7,3,0,1,1,1,1,2,1,0,2,1,2,1,0,0,1,1,0,1,1,0,2,1,1,3,3,2,2,3,3,1,1,2,2,1,4,15,14,3,0,1,1,0,0,1,2,1,0,1,0,1,2,1,0,0,2,2,2,1,0,1,2,3,2,1,1,0,1,1,1,4,2,2,1,0,1,1,1,1,3,4,4,3,1,3,2,1,1,1,2,3,3,2,2,2,1,1,0,1,3,5,1,1
1776752599.149245,2891,984.375,932,9,5,1,1,1,1,1,1,1,1,0,1,1,1,2,1,0,1,0,0,2,2,1,1,1,7,50,63,29,7,2,1,0,1,3,1,19,33,15,2,1,0,1,1,2,2,1,1,0,0,2,2,1,0,2,2,0,2,1,5,7,27,194,932,918,192,28,10,2,2,2,1,2,1,0,2,0,1,1,2,1,1,2,1,1,0,2,2,2,14,33,26,11,3,2,1,1,1,1,4,11,10,4,1,1,0,0,1,3,2,1,0,0,1,0,1,1,0,1,2,2,1,1,2,2,1,153,293,146,21,0,0,0,1,2,2,3,1,1,1,1,0,1,2,2,2,1,0,1,1,1,1,0,5,7,5,0,0,0,1,1,1,0,5,8,3,0,2,2,2,2,2,0,1,1,0,2,1,2,3,1,1,4,2,2,2,0,0,1,15,70,69,20,3,1,0,1,1,2,3,1,0,0,1,1,1,1,1,2,1,1,0,1,2,3,2,1,4,4,1,2,1,1,1,0,1,0,8,8,1,2,0,0,1,1,3,0,2,1,2,2,1,1,2,1,2,3,0,2,0,2,1,2,15,27,14,4,3,2,0,0,3,4,4,4,2,1,1,2,0,1,1,0,1,0,0,1,2,2,2,7,8,5,2,1,1,2,1,0,1,1,2,1,4,3,2,0,1,1,1,4,1,1,1,1,1,2,2,0,0,1,1,3,1,2,4,4,29,31,12,1,3,0,0,2,2,1,2,2,2,0,1,0,2,2,0,0,1,0,1,1,2,0,3,2,2,4,3,0,2,2,3,4,1,6,4,1,1,0,0,0,0,0,0,1,1,1,3,2,2,3,1,2,3,0,2,2,1,2,1,2,3,2,0,2,2,0,1,1,6,7,4,2,0,1,1,2,2,0,0,0,1,2,1,1,1,0,2,4,7,6,2,1,0,1,1,1,1,1,0,1,2,1,0,0,0,1,1,1,1,1,1,1,0,0,2,2,0,0,0,0,0,2,1,11,11,5,2,3,0,1,1,2,2,1,1,0,1,1,2,0,0,1,0,1,1,2,0,1,0,2,2,2,2,2,1,1,1,2,4,3,2,0,1,1,1,0,1,0,2,3,3,1,1,1,0,0,2,3,1,0,1,2,1,1,1,1,4,8,7,3,1
1776752599.2580998,2892,984.375,932,12,6,1,3,4,4,1,1,0,1,1,0,1,1,1,1,1,0,1,1,1,2,2,2,2,2,26,58,59,16,1,1,0,2,5,4,9,26,31,10,2,1,2,1,1,1,1,2,1,2,3,1,1,1,2,1,2,3,6,1,9,27,192,932,921,190,25,11,3,0,3,3,2,1,2,0,3,2,1,2,2,1,0,1,2,2,2,1,2,6,21,34,19,2,2,0,2,3,1,4,8,9,7,2,2,2,0,2,2,1,2,1,1,2,0,2,1,0,0,1,1,1,0,0,1,1,151,293,147,19,1,1,1,0,0,1,3,2,0,1,0,1,2,3,1,0,0,0,0,0,1,1,2,2,8,11,4,3,2,0,1,1,1,4,6,5,2,0,1,0,1,1,1,2,1,0,1,1,3,2,1,1,1,0,1,2,0,0,3,14,70,69,19,4,0,1,2,2,3,3,4,2,0,3,4,3,2,2,1,1,2,3,1,1,1,0,1,3,8,6,2,2,2,1,1,3,2,4,7,4,0,1,1,0,0,0,1,1,0,0,1,2,2,1,1,1,1,1,1,1,1,0,1,12,25,15,4,1,3,2,2,1,3,4,1,1,1,1,1,0,0,2,1,1,1,0,0,0,1,1,2,9,10,3,1,1,2,2,1,1,1,0,0,0,0,1,0,1,0,1,4,3,1,0,0,0,1,1,1,2,0,1,2,0,0,1,7,31,29,10,4,1,1,1,1,0,0,2,2,0,1,2,1,1,1,1,0,1,2,1,1,2,2,1,3,3,1,0,0,1,1,3,5,2,4,4,1,1,0,0,1,0,0,2,2,2,2,0,0,0,0,1,1,1,2,1,0,0,1,0,4,6,3,1,2,2,1,1,2,7,7,2,2,2,1,1,0,0,1,1,0,0,1,1,1,1,2,0,4,6,2,1,2,1,1,1,0,4,5,2,1,1,1,0,1,0,0,1,2,1,1,0,1,1,0,1,2,2,2,2,1,1,0,5,14,13,5,1,1,0,0,1,3,4,3,0,3,3,1,1,2,0,0,0,2,2,1,1,1,1,2,2,2,0,1,2,1,0,2,5,3,4,2,0,1,2,1,1,0,2,4,2,1,0,0,0,2,1,1,1,2,1,1,1,0,0,0,4,8,6,4,1
1776752599.3671107,2893,1000.0,920,10,4,1,1,1,0,1,1,0,0,1,2,1,1,1,1,1,0,1,3,2,0,1,0,2,4,43,61,43,13,1,2,0,1,2,0,13,26,27,11,0,0,1,2,1,1,2,0,1,0,0,0,2,2,2,1,1,3,1,3,9,27,186,910,920,265,45,10,4,1,2,1,2,1,1,0,1,1,1,2,0,2,2,1,1,1,1,0,1,13,32,23,10,2,0,0,1,1,0,0,7,12,7,2,1,1,2,1,1,2,1,0,0,2,1,1,2,1,1,1,2,0,0,2,4,2,139,276,181,59,2,1,1,0,1,1,1,2,1,1,1,1,2,4,2,2,2,1,0,0,0,1,1,10,12,6,3,3,3,2,2,1,1,2,7,8,3,1,0,1,1,1,0,0,1,1,2,2,0,1,2,1,2,1,1,1,3,3,3,10,58,71,44,9,1,0,0,2,2,2,1,0,1,1,1,0,0,2,2,0,0,1,2,2,1,1,2,7,5,1,2,3,2,2,2,2,2,2,6,6,1,1,1,2,2,2,2,1,2,2,1,0,0,0,0,1,0,0,0,2,2,1,2,9,23,23,9,0,1,1,2,2,2,0,1,0,1,1,1,1,1,0,1,1,1,1,2,2,2,3,10,9,2,1,2,1,1,1,2,2,2,2,0,1,0,1,0,0,1,2,5,4,2,1,1,0,0,1,0,2,2,2,2,2,0,0,3,16,33,28,5,1,1,1,1,0,1,2,1,0,1,1,0,1,1,0,2,2,2,2,0,0,1,2,3,2,1,1,1,2,3,3,2,1,2,4,1,1,2,2,1,0,1,2,1,0,1,0,0,0,0,1,2,2,2,2,2,1,0,2,1,1,2,1,0,1,1,2,4,2,6,4,1,1,1,0,0,1,1,2,2,2,1,1,2,1,0,3,7,6,5,2,0,0,2,2,1,0,2,3,3,1,0,0,0,1,3,4,2,1,0,1,0,1,1,1,1,1,1,0,2,1,0,0,5,15,13,2,0,0,0,1,3,5,6,2,1,2,1,1,1,0,3,3,1,0,0,1,1,1,2,2,1,0,2,1,2,2,2,2,2,2,2,1,1,2,2,0,0,1,3,3,1,0,1,1,1,1,1,1,1,0,1,0,1,0,2,2,4,10,5,1
1776752599.474582,2894,1000.0,922,7,3,1,1,0,1,1,0,1,0,0,0,0,0,1,0,1,3,3,1,0,0,1,1,1,6,43,63,43,10,1,2,2,1,3,1,22,34,16,5,0,0,0,1,1,0,0,1,2,1,0,0,0,2,2,0,1,1,1,3,10,24,180,875,922,368,70,11,4,3,2,2,2,1,0,0,0,0,1,1,2,3,2,2,1,1,3,4,2,7,21,31,17,0,1,1,2,2,1,4,12,9,2,2,2,2,1,1,1,2,2,1,0,0,1,1,1,0,1,1,0,1,2,3,1,2,115,244,225,95,1,1,1,2,2,2,1,3,3,3,1,1,1,1,2,2,1,1,1,3,5,3,2,3,10,12,2,1,2,3,2,1,0,5,7,4,2,2,2,1,0,0,2,2,0,1,1,0,0,0,1,3,2,0,1,1,2,2,3,7,33,71,61,10,3,1,1,2,1,2,1,1,3,2,0,1,1,1,1,0,2,3,1,0,0,0,1,2,7,5,0,0,1,1,1,0,2,7,9,5,2,1,1,0,0,1,2,2,0,1,2,2,1,0,0,1,2,1,1,2,1,2,2,2,15,28,14,1,1,2,1,0,1,5,3,0,2,2,1,0,0,1,0,1,1,0,1,0,1,2,3,8,8,2,1,1,1,2,2,1,1,3,1,0,1,1,0,1,1,1,2,2,0,1,0,0,2,2,1,1,2,3,2,0,0,2,1,10,31,27,2,2,0,0,2,0,0,1,1,0,0,0,0,0,0,0,1,0,1,1,0,1,2,2,1,1,1,1,0,1,1,1,3,2,1,6,5,2,2,2,1,1,1,0,1,1,1,2,1,2,2,1,1,1,0,1,1,1,1,1,2,4,4,1,1,2,1,0,2,6,6,3,1,1,2,2,0,1,1,1,2,1,0,1,0,0,1,5,5,3,1,1,1,1,2,2,3,3,2,2,1,1,1,0,1,1,0,2,3,1,0,0,0,0,2,2,2,2,1,1,2,2,1,2,12,12,6,2,3,3,2,0,5,5,0,3,3,1,1,1,0,0,1,3,2,1,1,1,2,1,2,5,4,2,1,0,0,1,2,4,4,4,3,1,1,2,1,1,1,5,4,1,1,2,0,0,0,1,2,1,1,2,2,3,3,3,1,5,11,6,1,1
1776752599.5851717,2895,1000.0,924,6,3,0,0,0,1,0,1,2,1,1,1,2,3,1,1,1,1,2,2,1,2,2,0,2,4,27,58,60,16,1,2,1,1,0,2,1,23,36,13,0,1,2,1,1,2,2,1,1,1,1,0,1,1,1,2,3,1,2,4,6,23,169,818,924,478,91,14,6,0,3,0,2,2,1,1,2,1,1,2,2,0,0,0,1,1,1,0,2,13,31,24,10,1,0,1,1,0,1,2,9,11,7,0,1,1,2,1,3,3,3,2,1,0,0,2,2,0,1,1,0,0,1,1,0,3,80,203,266,123,0,0,1,1,0,0,1,1,1,0,1,2,2,1,0,0,1,0,1,1,2,2,1,10,12,4,3,1,2,1,1,0,2,6,9,3,0,0,1,1,1,0,0,1,1,0,2,1,1,1,2,1,0,1,1,1,1,0,0,4,14,73,71,13,2,1,0,1,1,1,1,2,0,0,1,1,0,1,2,2,1,3,1,2,2,2,2,8,5,0,0,0,1,1,1,0,4,10,8,3,2,1,1,1,0,0,0,0,0,1,1,0,1,1,1,2,1,0,1,0,1,1,3,9,20,27,12,2,1,1,1,3,7,6,2,0,1,0,0,1,1,1,1,3,0,1,1,1,0,0,5,9,6,1,1,1,1,0,1,1,2,0,3,3,0,2,1,1,0,1,2,0,1,1,1,2,2,1,0,0,1,0,0,1,2,3,5,27,33,17,2,0,0,0,1,1,1,2,0,1,1,0,0,0,1,2,1,0,0,0,0,0,1,0,0,1,3,2,1,2,1,0,4,6,3,4,5,3,2,2,0,0,2,3,3,1,3,3,2,2,1,1,0,1,1,0,1,2,0,1,1,3,2,1,1,1,0,2,4,7,7,4,1,1,0,0,1,1,1,1,0,1,2,2,0,1,2,4,5,6,4,2,0,1,0,1,3,1,2,3,2,1,1,1,1,3,4,3,1,1,2,0,1,2,0,1,1,1,2,1,0,1,2,4,13,14,6,1,0,0,1,2,1,3,5,2,0,0,0,1,0,0,0,0,0,1,1,0,1,2,1,4,5,3,1,1,0,0,0,2,2,1,1,1,0,2,0,2,1,4,5,2,2,2,0,1,1,0,0,2,2,1,2,2,0,2,1,2,6,8,2,1
1776752599.6942248,2896,1000.0,926,7,3,1,3,3,0,0,2,3,1,2,2,1,1,2,2,2,3,2,0,2,1,0,1,2,5,52,67,27,5,1,1,1,2,1,4,22,33,17,4,1,1,1,1,0,3,2,0,1,2,2,2,2,1,2,1,1,2,2,4,6,22,152,744,926,584,112,17,5,4,0,3,4,0,2,0,2,2,3,1,1,3,3,1,0,0,1,1,3,5,23,33,18,2,2,1,1,0,2,1,6,11,9,2,2,0,1,1,3,3,0,1,0,1,1,1,1,1,2,1,1,3,1,1,2,3,39,166,292,141,0,0,1,1,0,0,0,1,1,0,0,0,2,1,1,2,1,2,2,1,2,1,1,2,10,11,2,1,1,1,1,1,1,1,6,8,2,0,2,2,1,1,1,1,1,3,3,2,3,2,3,4,3,1,1,3,1,3,2,8,33,71,64,13,1,1,2,1,2,1,2,1,2,2,0,1,1,3,1,1,2,1,2,1,1,1,4,6,6,2,1,2,4,2,1,1,1,8,8,4,1,2,2,2,2,3,1,1,2,3,2,2,1,0,0,0,0,0,2,1,1,1,0,14,28,20,7,0,2,0,1,2,3,5,4,1,1,1,0,2,3,2,1,1,2,3,3,1,3,2,8,9,2,2,1,1,1,1,0,1,1,0,1,1,1,0,0,1,3,3,2,0,2,1,1,2,3,3,4,3,1,1,1,1,1,0,8,31,28,5,1,1,0,1,2,2,1,1,3,0,1,2,2,1,0,1,1,2,2,1,1,1,2,0,2,2,1,2,2,1,0,1,0,3,5,5,3,2,1,1,1,1,1,0,1,1,1,0,1,0,0,1,3,3,1,0,1,1,2,2,0,3,4,2,0,0,0,1,1,8,6,3,3,2,2,2,1,3,1,1,1,0,1,1,1,0,0,2,5,5,1,2,0,0,0,1,1,0,2,2,0,1,0,1,1,3,5,2,0,0,1,1,1,2,1,1,1,0,0,1,0,0,1,0,5,15,14,2,0,0,0,1,3,3,1,1,2,2,1,0,0,0,1,0,0,1,2,1,1,0,3,2,3,2,1,0,1,0,1,3,1,2,4,3,0,0,1,0,0,1,2,2,0,1,2,0,1,1,0,1,1,1,1,0,0,1,1,2,5,6,1,2
1776752599.911385,2897,1000.0,928,7,5,3,2,1,1,0,0,2,1,1,0,0,0,0,2,2,1,2,1,1,0,2,2,0,1,9,56,67,17,2,0,0,0,2,2,15,30,29,12,1,0,1,1,2,3,0,2,0,2,2,2,2,0,1,0,0,1,4,0,9,18,132,654,928,679,132,19,7,4,2,4,4,2,1,1,1,1,0,0,1,3,3,1,1,1,0,1,1,12,29,25,12,0,0,1,0,2,3,1,12,11,4,3,2,2,1,1,3,2,2,0,2,2,1,2,1,0,1,1,2,0,3,4,2,0,10,152,294,142,1,1,1,1,1,1,1,2,1,1,2,3,1,1,0,1,1,1,1,1,1,0,3,12,13,4,2,1,2,3,2,0,4,6,7,8,4,1,2,2,3,1,1,1,0,1,1,0,0,1,2,2,0,1,1,1,0,2,3,11,56,72,46,7,3,1,1,0,0,2,2,2,2,2,1,1,2,1,0,1,0,2,2,2,1,2,3,8,9,4,1,1,2,3,2,1,1,3,9,5,0,0,1,1,1,2,1,0,1,2,0,1,0,0,1,2,2,1,1,2,1,1,1,15,27,12,2,0,1,1,1,2,4,2,1,2,2,2,0,2,2,1,0,0,0,2,2,1,3,3,1,8,10,2,2,2,1,1,1,1,0,1,2,1,0,1,0,0,1,0,3,2,1,0,2,2,1,1,1,3,2,1,0,0,1,0,4,21,31,23,4,0,1,1,2,0,0,1,3,2,1,1,3,3,2,1,2,1,2,0,1,0,0,1,1,1,2,2,2,1,0,0,1,3,5,6,3,0,1,1,1,1,2,0,0,0,0,1,0,0,0,0,1,1,0,0,0,1,1,1,1,2,3,2,0,1,1,1,1,7,10,5,0,2,1,0,0,1,1,0,1,2,2,0,0,0,1,5,5,0,0,1,1,1,0,1,2,3,2,2,1,0,1,0,0,1,2,2,0,1,0,1,0,0,1,1,0,2,1,1,0,1,2,2,11,13,6,2,0,1,2,1,2,2,1,2,1,1,0,1,1,1,1,0,1,2,0,1,1,1,1,2,4,1,0,0,0,1,0,3,4,2,4,3,0,1,0,0,0,2,4,3,2,1,1,0,1,1,1,1,2,1,0,1,1,2,2,3,8,4,1,0
1776752600.0194585,2898,1000.0,931,3,2,2,1,1,1,0,0,1,3,2,1,0,1,1,1,0,0,1,1,1,2,1,1,1,8,53,66,24,5,0,1,1,0,0,2,8,24,32,12,1,1,2,1,0,0,1,0,1,1,0,0,0,0,0,1,2,3,2,3,6,16,113,557,931,760,147,21,7,4,1,2,2,4,1,1,2,2,1,2,3,2,1,1,0,0,1,1,2,11,29,30,14,1,1,0,1,2,2,0,8,12,9,2,0,0,1,1,1,3,2,0,0,1,1,2,1,1,1,1,0,1,2,2,1,0,52,177,282,136,1,2,2,1,1,0,0,1,1,1,2,3,2,1,2,3,3,3,3,1,0,0,0,1,9,11,2,1,0,0,1,1,0,5,8,3,0,2,0,1,2,1,3,3,0,3,2,0,0,0,1,2,1,0,0,1,3,1,0,18,72,70,20,2,3,0,0,1,1,1,3,2,1,2,2,2,1,1,0,0,0,0,1,0,1,1,4,9,6,0,1,1,0,2,3,3,3,4,10,7,1,0,2,3,1,1,2,2,2,1,1,1,2,2,2,2,1,1,1,0,1,0,0,10,25,23,9,0,2,1,1,2,3,6,5,2,0,1,1,0,2,2,1,3,2,1,1,1,2,1,5,9,4,1,3,1,0,0,1,2,0,0,1,2,2,2,2,1,1,3,1,0,1,2,1,1,2,3,2,0,1,2,1,1,2,0,1,9,33,30,3,3,1,2,1,1,2,1,1,1,0,1,1,3,2,0,1,1,2,1,2,1,0,0,2,3,1,1,1,1,1,1,2,4,7,5,1,2,1,1,1,1,0,1,2,1,2,3,1,0,1,1,1,1,1,1,1,0,0,1,2,3,1,0,0,0,1,2,3,5,4,2,0,1,0,1,0,1,2,0,1,1,1,0,0,0,1,0,3,5,3,2,1,1,0,1,1,2,3,1,2,2,2,0,2,0,1,1,0,1,1,0,1,1,0,0,0,2,1,2,2,1,1,4,13,12,6,2,0,0,1,1,2,6,4,1,1,0,0,1,1,1,1,0,1,0,1,1,1,1,0,2,2,1,0,1,1,0,2,3,2,3,5,3,1,0,2,1,0,1,3,2,1,2,1,1,0,1,1,0,2,2,0,1,1,0,0,2,6,9,3,0
1776752600.128174,2899,1000.0,932,3,1,1,1,2,1,0,0,3,3,2,3,1,0,0,0,0,1,2,2,1,1,2,1,2,3,27,57,58,14,3,1,2,1,2,3,24,37,15,0,0,0,0,2,2,3,3,1,0,0,0,1,0,2,2,2,3,2,0,4,3,15,89,450,932,826,160,23,8,3,1,1,2,2,3,1,0,1,0,0,1,1,0,0,2,3,2,1,1,7,22,28,15,3,3,3,3,2,0,1,3,11,9,0,2,1,1,1,2,1,2,3,2,2,1,0,2,2,1,2,2,1,2,1,1,1,92,216,250,113,1,3,3,1,1,2,1,2,1,1,1,2,0,1,2,1,1,0,2,2,2,2,2,10,11,2,0,0,1,2,3,2,0,4,8,6,3,2,2,0,1,1,2,3,1,3,3,1,0,0,1,0,0,0,1,2,2,2,0,18,74,70,19,3,1,3,3,2,1,2,3,1,0,0,2,3,1,1,2,1,1,1,1,1,1,0,1,3,6,3,2,2,2,2,0,1,3,9,8,2,2,2,3,3,2,1,1,1,0,2,2,1,0,1,2,2,4,3,1,2,2,1,2,5,18,27,12,1,2,0,0,2,5,4,0,1,0,0,1,0,1,0,0,1,0,1,1,2,2,0,5,9,7,2,2,3,3,2,1,3,2,1,1,1,1,0,1,3,4,4,1,0,1,1,0,0,0,0,1,2,1,1,1,1,3,3,6,27,32,21,4,1,0,1,0,2,0,3,2,0,1,1,1,1,1,1,1,0,0,1,2,2,0,3,3,1,1,2,3,3,2,0,1,4,7,7,3,1,1,0,1,1,1,0,0,1,1,1,2,2,1,1,1,0,0,0,1,2,0,2,1,4,2,0,0,2,2,0,0,2,5,3,0,0,0,2,4,3,1,1,1,0,1,2,2,1,2,2,2,3,1,1,3,4,4,2,1,1,1,2,2,2,2,2,2,1,2,4,2,0,1,1,2,1,1,1,1,2,2,0,0,1,0,0,5,16,14,3,1,1,2,2,3,4,3,1,0,0,1,1,2,3,1,2,2,3,3,2,2,2,1,1,3,2,1,1,1,1,1,2,0,2,5,3,3,3,2,1,1,0,1,1,1,2,0,1,1,2,3,3,2,0,1,1,0,0,1,1,6,6,3,0
1776752600.234756,2900,1000.0,933,1,1,1,1,1,1,0,1,1,2,2,1,2,3,2,0,1,1,1,0,0,0,0,0,1,4,40,62,48,14,0,1,1,1,1,3,9,27,33,11,1,1,1,0,0,2,2,1,0,0,1,2,1,0,1,3,3,1,3,2,3,13,62,339,933,876,170,25,8,4,3,2,1,1,1,2,2,0,0,2,2,2,2,1,0,1,1,1,2,11,31,26,9,1,2,1,0,1,1,3,11,10,2,1,2,1,1,0,1,2,3,2,0,1,1,2,1,0,1,1,0,0,1,3,1,1,124,256,209,84,1,2,3,2,0,2,3,2,2,3,1,1,2,1,1,2,2,0,1,0,0,1,1,1,10,12,3,1,2,3,0,3,5,6,6,8,3,0,0,0,2,3,4,2,1,0,0,1,0,0,0,1,0,2,3,3,2,1,1,13,60,71,42,6,3,1,1,1,4,4,3,1,2,2,1,0,0,1,1,2,2,2,1,0,1,0,4,8,4,0,0,1,1,1,1,1,3,9,8,2,0,0,1,0,1,1,2,2,1,0,0,0,0,1,2,1,0,0,1,0,1,0,1,4,18,28,12,2,1,3,0,0,2,0,1,1,0,0,1,1,0,1,2,3,3,2,2,1,1,1,5,8,8,1,1,0,1,1,1,1,3,3,0,1,1,2,3,3,2,3,3,2,2,1,2,1,1,2,3,2,1,2,0,2,1,3,6,33,31,5,2,2,3,2,1,2,2,3,1,0,1,1,1,1,1,0,1,1,0,0,0,2,1,1,1,0,0,1,3,2,2,3,1,3,6,5,2,0,1,2,4,3,0,1,0,0,2,2,1,1,1,1,2,1,0,2,2,1,2,2,1,2,3,1,1,1,1,1,4,9,5,1,0,1,1,0,0,0,0,1,1,1,1,2,1,2,0,6,7,2,1,2,1,2,2,1,0,2,3,1,2,3,1,1,2,2,1,4,3,1,0,0,1,1,1,0,0,1,1,1,0,1,1,3,13,12,5,1,0,1,1,2,1,4,4,1,0,1,2,3,2,0,1,2,2,1,1,0,0,2,1,0,1,1,1,0,1,0,1,2,3,2,3,2,0,1,1,0,1,3,2,1,1,2,1,0,1,2,2,1,0,0,2,3,1,0,0,5,8,6,2,1
1776752600.3422751,2901,1000.0,934,1,2,1,3,4,3,2,1,2,4,3,2,2,0,2,2,2,2,0,1,2,0,0,2,3,6,43,62,43,10,1,1,2,2,0,2,15,31,26,8,2,1,1,1,3,3,3,3,3,2,1,1,1,0,0,3,5,6,2,4,1,13,37,243,934,906,175,27,8,4,4,2,1,1,1,1,1,0,1,0,0,2,2,1,0,2,4,3,1,4,20,31,17,2,1,1,1,2,2,2,7,13,8,1,2,2,0,2,3,1,1,4,4,2,2,4,4,1,0,0,0,1,2,0,3,3,146,284,164,47,2,3,2,0,1,2,1,1,2,1,1,1,1,2,1,1,1,0,2,3,3,3,2,9,13,5,0,3,1,1,1,0,3,7,7,3,1,1,2,2,1,0,1,2,2,0,1,1,1,2,1,1,1,3,2,0,2,3,4,6,37,71,59,11,1,1,0,1,1,0,2,0,1,2,2,1,0,0,0,2,2,0,2,2,0,1,0,3,8,5,3,1,1,1,2,4,4,5,10,8,2,0,2,3,2,0,1,1,1,1,1,4,3,0,1,2,2,1,1,0,0,0,0,12,23,18,8,0,2,1,1,2,4,4,4,1,0,1,0,0,2,1,1,1,3,1,1,2,3,3,8,9,2,1,1,2,3,1,1,2,2,1,1,2,2,0,3,1,1,2,2,2,2,0,1,2,0,1,1,0,2,2,0,0,1,1,4,24,31,19,3,1,1,1,2,1,1,0,1,1,3,3,1,0,1,1,2,3,1,1,0,2,2,1,1,0,1,1,1,0,2,1,2,3,4,6,5,1,0,1,1,0,1,0,1,2,2,2,4,5,3,0,0,0,1,2,0,1,2,1,1,5,5,2,1,0,0,0,0,3,7,4,1,1,2,2,1,0,1,1,1,1,1,2,2,1,1,6,6,1,1,0,1,1,1,1,0,1,2,1,3,4,1,2,1,1,2,2,1,0,0,0,0,2,3,1,1,1,2,2,2,2,0,4,13,11,4,1,1,1,1,1,4,4,2,0,0,0,1,1,1,1,1,1,0,0,0,0,0,2,3,3,1,1,0,0,2,4,1,4,4,2,2,1,0,1,0,0,1,2,3,3,3,1,1,3,2,1,1,0,1,1,2,2,1,1,0,2,6,10,5,2
1776752600.4520917,2902,1000.0,936,1,0,1,0,2,0,1,0,1,1,1,1,2,3,2,0,0,1,1,2,3,0,1,2,2,7,31,57,55,13,3,0,2,2,1,1,17,32,24,9,1,1,0,2,1,0,0,1,2,1,1,0,1,1,1,1,1,0,1,3,5,5,27,195,936,921,182,23,9,5,1,4,3,3,2,0,2,3,2,3,2,1,0,1,2,1,0,1,2,9,28,24,9,1,1,1,2,2,2,0,7,11,8,2,0,1,1,0,1,3,4,2,0,2,0,2,1,0,1,1,0,0,2,4,1,5,157,297,143,4,2,2,1,3,2,0,1,0,1,0,0,0,1,1,1,1,2,2,1,2,2,2,2,6,12,11,2,1,0,0,1,1,2,3,6,7,2,1,1,2,2,1,0,1,2,0,1,1,1,1,2,1,0,1,1,1,1,1,1,3,15,72,70,14,1,0,2,2,1,3,1,1,1,1,1,2,2,2,1,0,1,1,1,0,0,1,1,6,6,2,1,0,0,2,2,2,3,6,10,6,1,2,2,1,1,0,1,2,3,2,1,1,1,1,2,2,2,0,2,2,1,1,2,16,30,14,1,1,0,1,1,1,4,3,0,0,0,1,1,0,0,1,1,1,2,2,3,3,4,4,4,8,9,2,0,0,1,3,3,1,2,2,2,3,3,0,0,0,0,2,1,2,2,3,2,1,2,2,0,1,0,1,1,0,0,0,1,9,33,30,6,2,1,2,2,1,0,1,1,1,1,1,1,3,2,1,0,0,2,2,0,2,3,3,0,0,1,0,0,0,0,0,2,3,3,3,4,2,1,0,0,0,1,2,1,0,1,1,2,3,1,1,1,1,1,2,3,2,1,1,1,2,2,0,1,2,2,1,3,7,4,1,1,1,0,0,1,2,1,2,3,2,1,1,1,1,2,5,7,6,2,0,0,0,0,0,1,3,2,1,0,2,1,1,1,3,6,2,1,2,1,1,0,2,2,1,0,0,1,1,1,2,2,0,2,13,13,4,1,0,1,2,3,3,1,0,0,1,1,4,4,2,3,3,2,0,0,1,2,0,1,3,1,1,1,1,1,0,0,2,3,3,3,3,0,0,1,1,2,1,2,0,0,0,0,1,1,0,2,2,2,1,3,1,0,2,2,3,6,3,1,2
1776752600.6703818,2903,1000.0,934,0,0,1,2,0,1,1,1,2,2,1,0,0,1,1,0,3,2,1,4,3,1,1,2,3,6,49,64,35,8,1,2,2,2,2,1,9,24,32,13,2,2,3,2,0,0,1,1,1,0,0,1,3,2,2,3,2,2,1,1,4,10,37,229,934,913,178,25,9,3,2,5,4,2,0,0,0,0,0,0,3,3,0,2,2,1,1,1,2,12,25,30,14,1,2,4,2,1,1,3,12,10,2,1,2,2,1,0,2,2,2,2,0,1,1,1,0,2,3,1,1,3,2,1,0,2,149,289,159,38,0,0,1,2,1,1,3,4,2,0,0,0,2,2,0,1,2,2,2,0,0,1,3,8,11,8,3,3,2,1,1,1,0,2,8,10,4,0,1,2,2,0,1,3,2,1,0,1,1,1,0,1,0,1,1,1,0,0,3,6,33,69,61,11,1,2,3,3,3,2,2,3,3,1,1,2,2,1,1,1,0,0,2,1,1,1,2,7,7,3,0,1,0,1,1,2,3,6,6,2,1,0,0,0,2,3,1,0,1,1,2,2,0,1,1,1,1,1,2,2,2,1,0,10,21,15,6,0,0,1,0,1,2,3,3,2,0,1,1,1,0,1,1,1,1,1,1,1,3,4,5,9,7,1,1,0,1,0,1,1,0,0,1,1,1,2,1,1,2,4,1,0,1,2,2,2,1,1,1,1,1,0,1,0,1,0,5,25,33,24,6,2,1,0,1,1,1,0,0,1,2,2,1,2,2,1,1,0,0,2,3,1,0,0,1,1,1,1,1,1,0,1,2,3,4,3,2,0,1,0,1,0,1,2,3,2,2,2,1,1,1,3,3,2,0,0,1,1,0,2,2,4,3,1,0,1,2,0,0,3,7,4,1,1,0,1,1,0,0,1,2,1,2,2,1,2,2,2,7,6,0,1,1,1,0,1,2,1,2,4,3,1,2,2,2,3,6,4,0,0,1,3,2,0,2,3,0,1,1,3,2,1,0,3,12,13,8,3,0,0,1,1,2,4,2,1,1,0,1,0,0,1,1,1,2,1,1,1,1,0,1,1,0,0,1,1,2,1,0,2,3,3,2,0,1,2,2,2,1,0,1,2,0,0,1,1,1,1,2,1,0,0,1,2,2,1,3,4,6,7,3,0
1776752600.7797322,2904,1000.0,933,3,4,1,2,1,1,0,3,2,1,1,2,2,2,3,1,1,1,1,2,2,2,1,0,2,2,19,56,61,16,1,1,0,0,2,3,22,35,13,0,2,2,1,2,4,3,1,2,1,1,1,2,2,1,2,2,4,1,1,3,4,11,60,320,933,885,172,24,11,4,1,3,3,1,2,0,1,2,0,0,0,0,1,2,2,1,1,1,3,9,28,26,11,1,1,1,1,0,1,2,4,11,10,3,2,2,1,2,1,2,1,1,0,1,2,1,0,1,1,1,1,1,1,1,3,3,131,263,199,76,2,3,1,1,1,2,2,2,1,1,1,1,1,0,0,1,1,0,0,1,1,1,1,7,11,7,0,2,0,0,1,1,3,6,8,5,2,2,3,2,1,1,1,2,1,1,0,2,3,1,1,2,0,1,1,1,3,1,3,10,53,71,48,10,1,0,0,1,3,4,1,1,1,0,1,1,0,1,0,1,2,2,1,0,1,1,1,3,6,3,1,1,1,1,1,1,2,6,8,5,2,1,0,0,0,2,2,2,1,2,3,2,1,1,2,0,1,2,3,3,1,0,3,9,19,26,11,1,1,0,0,1,2,4,3,2,1,1,2,2,2,2,1,1,1,1,1,0,0,2,9,9,2,1,1,1,1,0,0,1,1,2,1,0,1,1,1,2,0,3,4,3,4,1,1,1,2,1,1,3,3,2,0,1,2,3,6,31,30,7,1,1,2,3,2,1,1,1,2,1,1,1,1,2,1,1,1,0,2,2,2,2,2,2,0,1,0,0,1,1,2,2,2,3,6,6,2,1,2,2,0,1,4,4,1,2,3,2,0,0,1,2,2,3,3,4,2,2,1,2,2,2,3,1,2,2,3,2,2,4,3,0,0,2,2,1,2,1,1,1,0,1,0,0,2,2,2,5,5,1,0,1,0,1,1,0,0,1,1,1,2,2,1,1,1,4,6,4,4,1,0,1,0,2,2,1,2,2,2,2,3,3,1,3,12,11,5,2,0,1,2,1,3,6,4,2,1,1,1,3,3,1,0,1,0,1,0,1,2,2,0,2,2,0,1,1,1,1,1,2,2,4,4,3,3,2,2,1,0,1,1,1,0,1,1,1,1,0,0,1,1,0,1,0,1,2,1,4,7,9,3,2
1776752600.8862367,2905,1000.0,930,7,3,0,1,1,1,1,1,1,1,1,0,1,1,0,1,0,1,1,3,2,0,0,3,1,8,54,66,20,5,1,1,1,3,3,3,6,21,32,14,2,2,0,1,1,3,2,0,1,0,1,2,1,0,0,1,1,2,2,3,5,11,86,427,930,840,164,23,9,4,1,1,2,1,1,2,2,0,0,3,4,2,0,0,0,0,1,1,1,7,24,34,18,2,2,1,1,3,4,5,10,11,6,0,1,1,0,2,5,4,1,1,1,0,2,1,1,1,2,2,1,0,1,2,1,1,97,224,242,107,1,1,1,1,2,3,2,1,4,4,2,1,1,1,4,4,3,1,0,0,1,1,1,5,10,9,2,2,2,0,1,0,2,5,8,5,2,1,2,0,0,1,3,2,1,2,2,1,1,2,0,2,2,1,0,0,1,1,2,15,71,72,25,5,1,0,1,2,3,2,1,1,1,1,1,1,0,0,1,2,1,0,0,1,2,2,5,9,5,0,1,2,2,1,1,1,0,5,9,6,1,1,1,1,3,4,4,4,1,1,1,1,1,0,1,1,1,0,0,0,0,1,1,2,15,29,13,1,1,1,1,1,2,5,3,1,2,2,0,1,2,2,1,1,2,1,1,0,0,2,1,6,9,3,1,1,1,0,0,0,0,0,2,0,2,2,0,1,1,0,1,1,1,0,0,1,1,1,1,0,1,2,2,1,1,0,6,28,32,17,1,2,2,2,1,0,0,1,1,1,1,1,0,0,1,0,2,2,1,2,2,0,0,1,3,3,0,1,2,0,2,1,2,4,5,4,2,0,1,2,2,0,1,0,1,1,0,0,1,2,0,0,0,1,1,0,2,2,0,0,1,3,2,0,2,1,2,2,1,5,7,3,0,0,0,0,0,0,0,0,0,1,1,0,1,0,0,5,5,1,0,1,1,2,2,0,1,1,1,1,0,1,1,1,1,2,2,4,2,1,2,0,0,1,1,1,1,0,1,0,1,1,1,0,3,14,11,1,3,0,1,1,3,5,4,0,2,0,0,0,1,2,2,4,2,0,1,0,1,1,1,1,3,2,2,3,0,0,1,3,4,2,0,0,1,1,2,2,2,3,2,1,1,3,2,0,1,1,2,0,1,1,1,0,1,1,0,5,11,7,2,1
1776752600.9951093,2906,1000.0,928,7,5,1,1,1,1,1,1,0,0,2,1,1,1,0,1,1,0,2,3,3,2,3,1,0,0,8,55,65,16,2,1,1,2,4,2,15,29,19,4,3,3,3,2,1,0,1,0,0,1,1,1,1,0,1,0,2,2,2,1,6,17,108,537,928,775,150,22,8,2,3,2,3,4,1,1,2,2,2,1,0,1,2,1,1,1,0,2,1,13,31,27,13,3,2,1,1,2,2,3,13,14,7,3,1,1,1,0,1,1,1,0,0,1,0,0,1,1,1,0,0,1,2,1,2,2,59,184,277,130,0,1,0,0,2,3,1,1,2,1,2,3,2,1,0,2,3,1,1,1,2,2,3,9,10,5,2,1,1,1,0,2,4,3,5,7,4,1,0,0,1,1,3,4,1,1,0,2,3,2,1,1,2,1,0,1,1,2,3,14,71,67,15,4,0,1,1,0,2,4,0,1,1,1,0,0,0,0,0,0,2,1,1,2,3,1,1,4,9,4,1,2,1,0,0,1,0,4,8,6,3,3,2,1,3,2,2,1,0,0,2,3,2,1,1,0,1,2,3,2,1,1,2,11,20,20,8,1,0,0,1,2,2,2,2,1,1,1,1,1,1,1,0,1,2,1,2,1,2,3,7,8,3,0,1,1,2,2,1,2,2,1,1,3,3,2,0,0,2,4,1,1,0,1,0,1,1,1,1,1,1,2,1,0,1,0,3,11,32,29,5,1,0,1,0,1,2,2,1,2,2,0,0,1,2,2,3,0,2,1,1,0,1,2,1,2,2,1,0,1,1,4,4,3,5,6,3,1,1,2,1,1,1,1,1,1,2,1,1,1,1,0,1,0,1,0,0,1,2,1,1,4,2,2,2,2,1,0,2,6,3,2,1,2,2,1,1,2,0,2,3,1,0,1,2,3,1,2,5,4,0,0,1,1,3,2,1,1,4,2,0,1,0,1,1,2,3,3,0,1,1,1,0,1,1,2,2,1,2,2,0,1,1,1,9,13,9,3,2,2,1,1,2,2,1,1,0,1,1,2,1,0,1,2,0,0,0,2,3,2,3,3,4,3,0,0,1,0,1,1,5,4,2,2,1,1,1,1,0,4,4,3,2,1,0,0,0,0,0,2,3,1,1,3,1,1,0,1,5,8,2,1
1776752601.1016762,2907,1000.0,925,8,4,1,2,2,2,2,2,2,1,1,1,2,2,1,0,0,2,1,0,0,0,0,0,1,7,56,67,19,1,2,0,1,2,1,3,17,30,28,10,1,2,3,1,0,1,1,0,0,0,1,2,5,5,1,1,3,2,3,4,6,21,129,639,925,694,134,20,5,6,1,3,1,2,1,0,1,2,1,1,1,2,3,3,2,2,1,0,0,9,25,29,15,1,1,0,1,2,1,0,2,11,8,1,1,3,2,1,0,1,2,1,1,1,1,2,1,2,1,0,1,1,2,2,1,3,17,155,294,141,3,3,3,3,0,2,3,3,2,1,0,0,1,2,1,1,1,0,2,4,3,2,0,2,10,12,4,0,1,2,2,2,2,5,8,4,2,1,1,1,1,0,1,3,1,1,0,0,0,0,1,2,0,1,3,4,2,0,4,11,60,71,41,5,1,1,1,1,0,1,1,2,2,2,2,1,0,1,2,2,2,2,2,2,2,2,3,6,6,2,0,0,0,1,2,1,2,8,6,2,2,2,1,1,1,1,3,1,1,1,1,0,1,0,1,0,1,1,1,2,2,0,1,13,28,14,5,2,1,1,1,2,6,7,3,0,0,0,1,1,1,0,0,0,0,1,1,1,1,2,8,9,3,2,3,1,0,2,1,0,0,0,2,1,2,2,2,2,3,3,1,1,2,2,0,0,0,1,0,2,2,0,0,1,1,3,7,18,31,25,3,0,1,1,1,3,3,1,1,0,1,0,1,1,0,1,1,1,0,1,1,1,1,1,2,1,0,2,2,2,2,1,3,2,3,6,4,1,0,1,1,1,2,2,1,0,1,3,2,2,1,2,1,0,1,1,1,0,2,3,1,2,5,4,0,1,1,0,2,5,6,3,0,0,1,2,0,1,1,1,1,1,1,0,2,0,2,2,4,4,0,2,2,1,3,2,1,1,1,3,2,1,1,1,1,1,3,6,4,2,3,1,1,0,1,0,2,1,0,1,0,0,1,4,14,14,5,1,2,2,0,1,3,3,3,1,3,2,1,0,1,2,2,3,3,2,1,3,2,1,1,3,4,4,4,2,1,0,2,3,3,4,3,0,0,0,1,2,3,3,1,1,1,2,3,1,1,2,3,2,1,1,1,0,1,1,0,3,8,6,3,1
1776752601.2125783,2908,1000.0,924,9,4,1,2,2,2,2,2,0,1,0,0,0,0,1,1,3,1,1,3,1,1,1,1,1,3,8,55,66,18,1,2,1,2,3,3,12,28,27,11,0,1,0,2,0,0,1,3,3,2,1,2,1,0,1,2,2,3,0,3,10,21,148,730,924,604,116,16,6,4,1,0,4,4,1,0,1,0,2,3,1,0,0,0,1,2,3,3,1,10,23,30,16,2,2,2,3,1,1,3,12,9,2,0,1,1,1,0,0,2,3,2,2,1,0,1,1,1,1,0,1,0,1,2,1,2,26,159,292,138,2,1,1,2,2,2,2,2,2,2,2,1,2,3,2,2,2,2,2,3,2,0,2,11,13,5,2,1,1,2,1,1,0,2,5,5,2,2,3,2,2,0,1,0,0,0,0,1,0,0,1,1,0,3,1,1,2,1,2,5,37,74,62,11,2,0,1,1,3,3,1,0,1,2,1,1,1,1,2,1,1,1,2,2,0,0,4,9,6,2,1,1,1,2,1,1,3,5,9,6,1,2,1,1,2,1,0,0,1,0,0,1,1,2,1,1,2,0,1,0,0,1,1,13,27,15,3,2,2,1,2,2,2,3,4,3,2,2,0,1,1,1,0,1,2,1,2,1,0,1,2,9,9,3,2,2,0,2,2,1,0,0,1,2,0,1,0,1,1,2,3,1,0,1,0,1,3,2,2,0,0,2,1,1,1,2,8,32,31,9,0,1,1,2,3,1,0,2,2,1,2,1,1,1,1,2,2,1,2,2,0,1,1,1,1,2,3,2,1,3,1,2,5,0,5,6,4,0,1,0,1,0,2,2,0,1,0,1,2,1,0,1,2,0,0,1,0,1,1,1,1,2,5,3,1,1,3,1,3,7,5,1,1,1,0,0,1,1,2,3,3,2,2,1,0,1,1,4,5,3,2,2,1,0,0,2,3,3,3,0,1,0,0,0,1,2,3,3,0,1,1,0,2,1,1,2,1,0,1,0,0,1,1,0,6,16,13,1,1,0,1,2,3,5,1,0,0,1,2,1,1,2,2,1,0,0,1,2,1,1,1,2,2,2,1,1,2,0,2,1,2,4,3,2,0,1,1,1,2,2,2,3,3,0,2,2,2,1,0,0,1,1,0,0,1,0,1,3,7,6,2,3
1776752601.4304342,2909,1000.0,922,11,5,0,0,2,2,1,2,0,2,3,3,1,1,1,0,1,1,2,3,2,2,2,2,0,7,55,65,18,3,2,2,0,0,4,3,18,33,20,5,2,1,1,0,0,1,1,1,1,1,0,1,1,3,2,2,1,1,3,2,9,23,166,807,922,498,95,16,3,3,2,1,1,3,1,0,0,0,0,2,3,1,2,2,1,0,0,2,3,12,28,26,12,1,1,0,0,1,2,3,7,11,9,2,1,0,0,0,0,1,2,1,0,2,3,3,1,1,1,2,2,1,0,2,1,0,73,195,272,127,2,0,2,2,0,1,0,0,1,2,2,1,1,2,2,1,3,3,0,0,0,1,1,5,11,11,3,0,1,2,1,1,1,1,4,8,2,3,1,0,0,0,1,2,2,1,1,3,2,1,0,0,0,1,1,1,1,1,1,2,15,70,67,11,2,1,2,1,1,0,0,0,1,2,2,0,1,2,1,1,0,1,1,2,2,0,1,2,7,5,2,2,1,2,3,3,0,4,9,8,3,2,2,1,1,2,2,1,1,1,1,1,1,0,0,2,1,1,2,1,0,0,1,8,16,22,9,2,1,0,1,0,2,1,2,2,2,3,1,2,1,1,2,3,2,0,1,2,2,1,6,10,6,2,2,2,1,2,1,1,1,1,1,1,1,2,1,1,2,3,2,0,2,1,1,1,2,3,1,1,1,0,2,2,2,0,9,33,34,15,4,2,1,1,1,2,2,0,2,1,0,1,2,1,0,1,3,3,2,1,1,1,0,1,1,0,3,4,2,0,0,1,4,2,6,4,0,2,1,0,0,1,1,1,1,2,1,1,1,1,2,3,2,1,2,2,3,1,1,2,2,2,0,1,0,0,2,3,1,3,4,2,1,2,2,0,1,1,1,1,3,3,1,1,1,1,1,5,5,2,3,3,2,1,1,2,2,1,3,1,2,2,1,0,0,0,3,5,3,1,0,0,0,0,0,0,0,0,2,3,2,2,0,4,13,15,8,0,1,2,2,2,1,7,9,3,2,3,2,0,1,1,1,3,3,2,0,1,0,1,0,3,3,0,1,1,1,1,2,1,3,3,3,2,1,1,1,0,0,0,2,2,1,0,1,2,1,0,1,2,1,0,2,3,2,1,1,2,6,8,3,0
1776752601.5412314,2910,1000.0,922,11,5,1,1,1,2,1,0,2,3,2,1,0,0,1,1,0,1,2,1,1,1,1,1,0,2,13,55,64,17,1,0,0,0,0,2,4,21,35,14,1,1,0,0,2,2,1,1,0,0,0,0,0,1,0,1,2,2,3,3,9,24,178,867,922,392,74,14,3,2,2,2,3,3,2,0,1,2,2,1,3,2,0,1,1,2,1,1,1,8,24,31,15,1,1,1,1,0,1,0,6,12,6,2,2,1,1,2,1,0,0,1,2,0,0,1,0,2,1,1,1,1,1,0,1,0,108,234,233,101,3,0,1,1,1,1,0,1,0,1,1,0,2,3,2,0,1,0,0,0,0,1,0,7,11,6,3,2,1,1,1,1,1,5,9,5,1,1,1,0,2,2,2,2,3,2,2,2,1,1,1,0,1,0,1,0,1,2,1,7,33,72,65,14,2,2,1,1,2,1,2,1,0,1,2,2,2,1,1,1,0,0,1,0,1,2,3,8,5,1,1,1,1,0,1,1,0,6,5,2,0,0,0,0,1,2,1,1,1,1,1,2,1,0,0,2,1,1,0,2,2,1,1,1,15,27,12,1,2,0,0,0,1,3,1,1,1,0,1,1,0,1,1,1,1,1,2,1,0,1,7,8,4,2,0,0,0,0,0,0,0,2,0,1,0,1,1,0,2,2,0,1,1,2,3,2,0,2,2,1,0,1,1,2,1,2,3,14,34,31,6,0,0,1,2,2,2,0,2,2,2,2,2,1,2,3,2,0,1,0,0,1,2,1,0,0,1,1,1,2,1,1,3,3,2,1,2,1,1,0,1,2,0,1,0,3,3,1,1,0,1,0,1,1,1,2,2,0,2,2,1,2,1,0,2,1,0,1,4,7,5,3,2,2,3,3,2,2,2,1,0,0,1,1,0,1,1,3,6,6,2,2,0,0,0,1,3,3,4,4,1,0,0,0,1,0,2,1,1,1,1,1,2,0,1,0,2,1,0,1,1,1,2,1,13,15,4,0,1,0,1,2,3,3,2,2,1,1,1,1,1,1,2,0,1,1,1,0,1,2,0,0,0,0,0,0,2,3,2,4,7,4,2,1,1,1,1,0,0,0,2,2,1,2,2,1,1,1,1,0,2,1,1,0,1,1,1,4,7,3,1,1
1776752601.650456,2911,1000.0,919,11,6,0,0,1,2,2,2,1,1,3,2,0,1,0,2,1,1,1,0,0,0,2,2,4,6,54,64,23,2,0,2,2,3,2,2,22,36,15,2,1,2,3,1,1,2,2,0,1,1,1,1,2,3,1,1,2,2,2,4,9,26,185,906,919,287,53,10,4,5,1,1,2,3,3,1,0,1,1,1,3,3,1,1,1,1,1,2,1,11,29,23,8,1,1,0,1,1,1,4,11,8,3,1,1,2,2,0,2,2,0,2,2,0,1,1,2,1,0,1,1,1,0,1,1,1,136,271,188,69,0,0,1,2,1,1,1,1,0,0,1,0,0,2,2,1,0,0,0,0,0,0,1,8,12,10,5,3,2,3,3,2,1,3,6,5,3,1,1,2,1,0,2,3,2,2,0,2,3,4,4,3,2,1,0,1,3,2,3,8,52,71,49,9,1,2,2,2,1,1,1,0,1,0,1,1,1,0,1,1,2,2,1,0,1,0,1,6,8,5,2,2,3,1,1,3,1,8,10,4,1,2,2,3,2,0,1,1,1,1,2,2,4,4,3,3,2,1,0,2,3,1,1,7,20,24,11,0,1,0,1,1,5,3,0,2,0,2,2,2,2,1,0,0,0,0,1,1,0,1,1,6,7,3,3,1,1,0,3,3,1,1,1,1,1,1,2,4,4,5,2,0,1,1,2,1,0,1,1,2,2,1,1,0,1,0,2,11,32,28,3,3,1,2,0,0,1,0,0,1,1,1,0,1,3,3,2,1,2,1,1,2,2,0,0,0,1,2,1,1,3,2,1,1,3,7,4,1,1,0,2,3,2,3,2,0,1,2,0,1,0,2,2,2,2,3,3,2,0,1,0,2,4,4,2,1,0,1,2,5,6,3,2,1,1,1,0,1,2,2,2,1,1,1,3,2,0,0,3,4,2,1,1,2,4,3,1,1,1,2,1,1,1,0,2,1,3,4,4,3,2,0,1,1,3,3,2,1,1,2,0,2,3,1,3,14,14,3,0,1,2,0,4,5,3,0,1,2,3,3,0,0,1,2,2,1,1,2,1,2,1,1,3,2,0,1,1,1,2,4,4,2,3,0,2,2,1,2,2,1,2,2,2,1,2,1,1,1,1,1,0,1,2,1,2,2,3,3,6,9,3,1
1776752601.759034,2912,984.375,930,12,8,2,2,3,2,1,1,2,4,4,3,2,0,1,1,1,2,3,2,1,1,2,1,2,2,9,57,65,16,3,0,1,1,0,1,3,22,35,14,2,0,1,2,2,0,1,1,1,0,1,1,1,1,4,2,2,0,2,6,6,29,190,930,919,198,30,8,4,2,2,3,1,0,1,1,0,1,0,1,3,3,1,1,0,1,1,0,2,1,15,35,19,1,0,1,0,0,1,3,0,10,11,2,0,1,1,1,1,1,0,1,1,2,2,0,1,0,1,2,1,0,1,0,1,1,151,292,151,28,1,0,2,3,4,4,1,1,2,2,1,1,2,3,2,2,2,1,0,0,1,2,2,5,12,11,3,1,1,2,0,2,2,2,4,8,4,1,0,1,1,2,4,3,0,1,0,0,0,1,0,0,1,2,2,3,0,1,4,13,69,69,21,3,1,1,2,1,2,1,0,1,1,1,2,1,0,0,0,0,0,1,1,2,1,1,1,6,9,3,0,0,2,2,1,0,2,2,9,8,2,0,1,2,0,1,3,1,1,2,2,1,1,3,2,1,2,1,0,1,0,1,0,14,26,14,4,1,0,1,1,1,1,3,3,2,1,0,1,1,2,1,1,1,0,2,2,1,1,1,4,9,8,2,2,1,0,2,2,0,1,1,4,2,2,1,0,0,2,2,1,0,3,3,1,0,1,1,1,1,1,1,3,3,1,1,5,28,32,15,1,0,1,0,0,0,1,0,1,1,1,1,0,0,1,2,0,0,0,0,1,3,2,2,2,0,1,1,1,1,1,0,3,5,5,1,1,1,2,0,0,1,2,1,1,1,1,1,0,1,1,0,1,1,1,1,1,1,1,0,2,3,1,0,1,1,1,1,1,4,6,3,1,1,2,2,0,1,1,2,2,1,3,2,1,3,3,3,7,7,1,2,1,0,0,1,0,1,3,4,2,2,0,2,2,3,4,2,0,3,3,1,1,4,3,1,0,0,2,2,1,1,1,2,10,13,7,0,1,0,0,1,3,5,3,0,1,1,2,3,2,1,0,3,2,0,2,2,1,2,4,3,1,2,2,2,1,3,1,3,4,2,0,1,2,4,1,1,3,4,1,1,0,1,2,0,1,1,1,1,1,2,2,2,1,2,1,4,8,7,2,2
1776752601.867661,2913,984.375,931,12,6,1,1,1,3,2,1,0,1,2,0,1,0,2,2,1,0,2,2,1,1,3,3,2,6,54,65,18,2,1,2,0,1,1,2,21,33,11,2,0,2,2,0,0,0,1,2,1,0,2,2,1,1,1,2,2,1,5,1,8,28,191,931,920,186,27,7,5,2,1,2,2,1,0,1,1,1,3,1,2,1,1,0,0,1,1,0,2,13,34,22,5,0,1,1,2,2,2,2,10,9,1,0,1,0,0,1,0,2,2,3,1,1,2,1,1,0,0,1,2,2,0,1,1,3,154,296,147,12,2,1,0,0,0,1,1,1,0,1,1,1,0,1,1,3,2,0,0,0,2,2,3,13,13,3,1,1,0,0,1,2,1,5,6,2,0,0,1,1,1,1,2,2,1,0,2,1,2,1,0,1,2,2,1,1,0,1,3,13,70,68,16,5,1,1,1,1,2,2,1,2,2,1,1,1,1,2,1,1,1,0,1,1,2,2,4,10,8,3,0,0,1,2,2,2,1,7,7,0,2,1,1,0,0,0,2,2,1,1,1,1,1,0,0,1,3,2,1,1,0,2,2,14,26,13,4,1,1,1,0,1,3,2,1,3,3,2,1,2,1,2,3,2,1,1,3,3,1,4,10,8,2,1,1,0,0,1,1,2,2,2,2,3,3,2,0,1,2,3,3,1,1,1,1,2,1,0,0,1,2,1,0,0,0,3,5,33,33,9,1,0,2,3,2,3,1,0,1,2,1,2,2,0,1,0,0,0,0,1,0,0,0,2,3,2,1,0,1,1,1,0,2,2,5,5,2,1,2,1,1,1,1,0,2,1,1,1,1,2,1,2,2,2,1,0,3,2,2,2,1,3,2,0,1,1,1,1,3,6,4,2,1,1,2,3,3,1,2,2,0,1,1,1,1,0,1,5,5,3,1,1,1,1,1,1,1,3,3,2,1,0,1,0,0,2,3,1,1,2,0,1,1,1,2,3,3,0,0,1,1,0,1,2,12,14,4,0,2,2,1,1,4,4,2,0,0,1,1,1,0,0,1,2,2,2,1,0,0,0,0,1,0,2,2,0,0,0,0,1,4,6,3,0,0,0,1,0,1,2,2,1,2,1,1,1,0,1,2,0,1,1,1,0,0,0,1,5,8,4,0,0
1776752601.9755526,2914,1000.0,920,11,7,1,1,3,2,2,2,1,1,1,1,1,0,1,2,1,1,1,4,3,0,1,1,1,2,13,57,66,16,3,1,1,1,2,2,2,21,35,14,2,0,0,0,0,0,0,1,2,0,2,1,1,1,2,1,2,3,1,5,6,28,189,917,920,251,43,10,4,0,2,1,3,1,1,1,1,1,2,1,2,4,1,1,1,1,1,0,0,6,21,35,19,1,3,2,1,1,2,2,5,11,8,2,1,0,0,0,1,3,1,0,1,2,1,0,1,0,1,0,0,0,1,0,1,1,141,280,174,54,0,1,2,1,2,2,1,1,1,1,0,1,0,1,3,3,3,1,1,2,2,2,1,5,11,10,3,1,0,0,0,1,2,3,5,4,0,0,0,0,1,2,0,1,1,1,0,0,1,1,1,0,1,0,0,1,1,1,1,13,61,72,41,5,3,1,1,2,4,3,0,1,1,2,1,0,1,0,1,2,1,0,1,2,3,2,3,9,9,5,1,0,0,1,2,1,3,7,11,8,2,0,1,1,2,2,1,0,0,0,0,1,1,0,1,1,0,0,0,0,1,2,2,10,22,22,7,2,0,0,0,1,3,4,3,2,3,3,3,1,1,2,2,1,0,0,1,1,1,2,6,7,3,1,1,0,0,0,1,0,0,1,1,1,1,1,1,0,1,3,3,0,0,2,3,2,1,0,0,1,2,0,0,1,2,3,3,20,35,29,6,2,1,1,1,2,2,1,1,1,1,2,3,1,1,1,2,0,0,0,1,0,0,1,1,1,0,1,1,0,1,2,3,3,6,4,1,2,2,1,1,0,2,2,2,1,2,2,1,1,0,0,0,1,0,0,0,0,1,2,2,1,1,1,0,1,2,3,3,5,5,4,2,1,0,0,1,0,1,3,1,0,2,3,1,0,1,6,6,0,0,0,1,0,0,1,2,3,4,3,3,2,1,0,2,1,4,3,1,0,1,1,2,2,0,1,1,1,1,0,1,1,2,2,5,15,14,2,1,1,1,1,1,4,4,0,0,1,1,3,1,2,3,1,0,1,3,4,1,1,1,1,2,1,1,1,0,1,2,3,3,5,3,0,0,1,1,0,0,1,1,0,0,0,0,0,0,0,1,2,2,1,1,0,2,2,3,2,4,6,2,1
1776752602.1924984,2915,1000.0,922,8,4,0,1,1,0,0,2,3,1,1,2,1,1,0,1,1,1,2,3,4,2,1,2,2,1,19,53,65,22,0,3,3,1,1,2,3,24,33,11,2,2,1,0,0,1,1,1,2,1,0,1,1,1,3,1,1,0,2,4,7,25,182,880,922,355,64,11,4,3,3,1,3,2,2,0,2,2,1,1,1,3,2,2,2,1,2,2,1,9,24,29,18,2,1,2,0,0,0,1,6,13,7,1,2,1,1,0,1,0,1,1,1,2,3,1,0,0,0,0,0,1,2,0,1,3,119,249,221,91,1,0,1,1,1,2,3,3,1,1,1,3,2,1,0,1,3,3,1,1,2,1,2,8,13,8,4,1,0,0,0,1,1,3,8,7,1,2,0,1,1,1,2,2,2,3,4,2,1,2,2,1,1,0,0,0,0,0,2,11,39,69,58,10,1,1,0,0,0,3,4,3,1,2,1,1,1,1,1,2,1,1,2,2,1,0,1,6,6,2,1,0,0,1,0,2,2,8,8,3,1,0,0,1,2,0,2,1,0,2,2,2,4,4,1,1,2,1,1,0,1,3,3,7,15,26,10,1,1,2,1,0,4,4,2,3,2,2,1,2,1,0,0,1,1,1,1,0,2,1,9,10,3,0,1,1,1,2,1,1,2,2,1,1,1,1,0,0,1,4,4,1,2,3,3,2,3,1,0,0,0,0,0,1,1,1,3,10,33,30,4,1,0,1,1,0,1,1,2,1,1,1,4,2,0,2,3,1,0,1,1,1,1,1,0,0,1,1,0,1,1,0,2,2,5,3,2,3,3,2,1,0,1,1,2,2,1,1,1,1,2,2,0,0,1,2,1,1,0,0,1,2,3,2,1,0,1,0,4,8,4,1,2,1,3,3,1,0,0,1,2,2,1,1,1,0,2,4,8,8,3,1,0,2,1,1,2,0,3,3,1,3,1,0,0,1,2,6,4,2,1,1,1,2,2,1,0,0,0,0,0,0,2,1,10,12,8,1,0,2,2,0,3,5,3,1,0,2,2,1,0,1,3,4,2,1,2,2,0,1,1,3,1,0,0,1,1,2,1,2,4,3,2,1,0,0,0,0,0,2,3,3,1,1,1,1,2,1,1,2,0,1,0,1,1,0,2,6,9,6,1,1
1776752602.3011632,2916,1000.0,928,7,4,0,1,1,2,3,2,1,2,2,1,1,1,1,1,0,1,3,3,0,2,1,1,0,2,18,53,65,20,1,1,0,0,1,0,3,24,34,11,1,0,0,1,1,1,0,0,0,1,1,1,0,1,3,3,2,1,2,2,8,25,169,827,928,468,88,14,6,2,2,0,3,4,2,1,1,2,1,1,2,1,1,1,1,3,3,1,1,8,27,29,15,1,1,3,4,4,2,3,8,9,7,2,2,1,0,0,1,2,2,1,0,1,0,0,1,2,2,1,2,2,2,1,1,0,83,209,261,119,1,2,1,1,2,1,0,1,3,2,0,0,1,0,0,1,1,2,4,5,3,1,1,8,11,5,2,3,3,3,3,2,2,5,6,4,2,1,2,2,3,3,3,2,0,1,1,1,2,2,0,1,1,0,1,2,2,2,1,4,14,70,69,13,1,0,1,2,0,1,2,2,2,1,1,3,2,1,1,2,1,1,3,2,1,0,3,7,4,2,1,1,1,1,0,0,3,9,7,1,2,1,1,1,0,2,1,0,0,2,2,3,3,0,2,1,0,0,0,0,1,1,1,5,17,25,10,3,2,1,2,2,5,4,2,2,1,1,2,1,2,3,3,1,3,3,1,1,1,1,4,8,6,2,4,4,3,1,1,3,2,0,1,2,1,1,1,4,2,2,3,1,1,2,2,2,0,1,0,1,1,2,2,0,0,1,5,25,31,19,5,2,2,1,1,2,0,2,3,2,0,3,4,4,3,3,2,2,4,3,0,1,1,1,1,1,0,0,3,1,1,2,2,3,5,6,4,0,1,1,1,2,1,2,2,0,1,1,0,0,1,1,1,1,0,1,2,2,0,0,3,5,2,1,2,3,2,2,1,2,7,4,1,1,1,1,0,1,0,0,0,1,1,0,0,1,2,3,2,4,1,0,1,1,1,0,1,0,2,3,1,0,1,1,1,5,7,3,1,1,1,1,1,2,2,1,1,0,1,4,2,0,1,3,14,13,3,0,2,3,2,0,1,5,4,1,1,1,4,3,1,1,1,0,1,1,0,0,0,1,1,3,4,3,1,1,2,1,1,4,4,2,3,2,1,2,3,1,2,4,2,1,0,2,2,1,1,2,2,2,1,2,3,4,2,1,0,4,7,8,4,2
1776752602.4110847,2917,1000.0,927,4,1,2,1,1,1,0,1,1,1,0,1,1,1,1,1,1,1,1,1,2,1,0,1,3,1,17,52,64,20,1,1,1,1,1,2,6,25,32,10,1,1,1,0,0,1,2,0,0,0,1,3,3,1,2,2,1,3,1,4,7,23,152,752,927,575,113,15,6,1,3,0,3,2,1,0,0,1,1,2,2,1,0,1,1,0,1,2,3,10,30,25,12,2,2,2,0,1,1,6,14,10,4,2,2,0,1,0,1,1,1,0,2,2,1,0,1,1,0,0,1,1,2,1,2,2,40,165,286,137,1,2,1,0,1,3,3,1,0,0,2,3,3,1,1,1,1,0,2,0,1,2,1,8,12,4,0,0,1,0,0,0,2,8,9,2,1,0,2,1,2,3,3,5,2,3,3,2,2,2,0,1,0,1,1,1,0,0,1,5,31,73,66,13,2,2,1,0,2,2,1,2,1,2,3,2,1,0,1,2,2,1,1,1,2,1,1,6,5,3,1,1,1,1,0,1,4,9,10,6,3,3,1,0,3,3,2,3,1,1,1,0,2,2,1,0,1,0,1,1,0,1,2,12,23,19,7,1,1,1,3,2,1,5,5,1,0,2,5,4,2,2,2,2,2,2,1,2,2,1,0,7,10,2,1,0,0,1,2,0,4,4,3,2,1,1,1,0,1,3,3,1,0,1,1,1,0,0,2,1,0,0,1,2,2,1,6,33,31,5,3,1,2,3,2,0,1,0,1,2,1,0,2,2,2,2,1,1,2,1,1,1,0,1,1,2,2,2,1,1,1,2,4,2,5,6,4,1,2,3,3,3,2,0,1,1,2,0,1,0,2,1,1,2,2,2,3,4,3,3,1,4,6,3,1,0,0,0,4,8,6,2,1,3,2,1,0,2,3,3,1,1,2,1,1,0,1,3,3,3,3,2,2,2,2,1,1,0,0,2,3,3,1,0,1,2,0,4,3,0,1,1,1,1,2,1,2,4,3,2,0,2,4,5,2,14,13,1,2,2,2,0,6,7,3,1,0,0,1,3,1,2,2,1,0,1,2,1,1,1,2,3,1,1,1,1,1,1,2,2,3,2,0,1,2,1,1,1,1,2,2,1,1,1,1,2,2,3,3,1,1,2,2,1,3,1,2,6,10,11,6,2
1776752602.5191188,2918,1000.0,929,5,2,3,3,0,0,1,2,1,1,0,0,1,1,1,3,4,2,2,3,2,1,0,0,0,4,22,53,63,19,1,1,1,2,1,0,9,26,33,12,1,2,1,0,2,2,2,2,0,0,0,1,1,1,1,2,4,3,1,6,5,18,136,667,929,668,128,18,9,1,3,2,3,0,1,1,1,0,0,3,5,3,0,1,1,1,1,0,0,12,32,23,7,1,1,1,1,2,2,1,10,8,2,2,2,2,1,0,1,3,2,1,1,2,1,0,0,0,0,0,0,0,0,0,0,1,5,153,294,141,1,2,2,0,1,2,1,1,0,2,2,2,2,2,0,2,2,0,1,2,1,1,1,7,12,8,4,2,1,1,0,0,2,6,7,2,2,0,0,1,1,1,2,2,1,2,0,0,0,2,1,0,1,1,1,1,1,1,1,10,54,73,50,9,2,1,2,2,1,0,0,0,1,2,1,2,3,1,0,0,0,1,1,1,1,3,1,4,7,5,3,2,2,1,3,4,1,2,9,6,0,1,2,1,0,0,1,2,0,0,0,2,2,1,0,0,1,1,1,0,0,0,0,15,27,12,0,1,1,1,2,1,6,3,1,2,0,0,0,1,0,1,0,1,1,2,1,1,1,1,2,7,9,3,0,1,2,3,3,1,0,1,2,0,2,1,1,0,1,2,3,2,3,1,1,0,1,1,1,0,0,1,1,1,1,1,4,22,34,24,3,1,1,1,2,2,1,0,1,2,2,1,0,1,1,2,2,0,0,0,1,1,1,1,0,0,1,1,0,1,1,2,4,3,4,0,1,0,1,2,2,1,0,1,1,1,0,0,1,2,2,0,1,1,1,0,1,1,1,1,1,2,4,1,1,1,2,1,1,3,9,5,1,1,2,1,0,1,1,1,1,1,0,1,3,3,2,5,7,4,0,1,2,2,2,2,1,3,5,4,2,1,2,2,1,3,5,3,1,1,1,1,1,2,2,1,1,1,1,0,1,1,1,2,11,14,8,0,2,2,1,0,2,4,3,0,0,2,2,1,1,1,1,1,0,1,0,2,2,1,2,1,2,2,0,1,2,3,1,1,2,2,4,3,1,0,0,1,0,1,1,0,1,0,0,1,1,1,0,1,1,1,2,2,1,0,0,5,10,5,0,1
1776752602.6302965,2919,1000.0,932,2,3,1,2,2,1,0,1,0,2,0,0,0,1,1,0,0,1,0,3,3,0,0,0,1,4,23,54,63,20,3,0,0,1,0,3,13,27,32,12,2,1,1,0,1,0,0,2,2,1,1,1,1,0,1,1,2,0,1,3,5,19,112,569,932,751,145,24,3,5,1,3,1,4,1,1,2,0,1,1,2,2,0,0,1,0,1,2,2,11,33,23,2,1,1,1,0,3,1,5,12,8,0,0,1,1,0,1,0,1,0,1,1,2,2,0,0,1,0,1,0,1,2,1,1,4,51,171,284,136,2,0,0,1,2,2,0,0,0,1,2,2,1,0,0,2,1,0,0,0,1,2,1,7,12,6,1,0,0,1,0,1,2,5,8,6,2,1,2,1,1,0,3,4,1,0,1,1,1,0,1,1,2,3,1,1,1,1,1,14,70,70,23,2,2,2,2,3,3,2,1,0,0,1,2,3,1,0,1,1,1,1,0,1,1,0,1,2,8,4,1,1,1,1,1,3,2,4,9,5,2,1,1,1,1,3,3,2,1,3,2,0,0,1,1,0,1,1,0,1,2,2,1,11,24,19,7,1,0,1,2,2,3,5,3,1,1,1,1,1,1,0,1,0,0,1,0,0,0,1,5,8,6,4,2,0,1,0,0,0,0,1,1,3,2,1,1,1,0,2,0,0,1,1,0,0,0,1,0,0,1,1,1,1,2,0,1,8,32,28,4,0,1,1,1,1,0,1,2,3,2,0,1,1,0,0,1,1,0,1,0,0,0,1,3,3,2,2,1,3,0,3,3,5,7,5,0,1,1,1,1,1,1,1,0,1,0,3,2,1,0,0,0,1,1,1,0,1,2,1,2,5,7,3,1,2,2,1,2,7,4,1,1,1,0,1,2,1,1,1,2,1,0,1,0,1,2,1,2,4,2,1,1,2,0,1,0,1,2,3,2,1,1,1,1,1,3,4,0,2,2,3,2,0,1,1,2,3,1,0,0,2,3,4,14,14,6,3,3,3,0,1,2,7,7,2,1,0,1,3,1,0,0,2,4,1,1,1,0,0,1,2,2,1,2,1,1,2,4,4,4,3,3,3,1,1,1,2,1,1,1,0,1,1,1,1,0,0,1,1,2,1,0,0,0,2,1,3,9,11,5,2
1776752602.7370844,2920,1000.0,933,3,2,1,0,1,1,1,1,2,0,2,2,1,0,0,0,0,0,0,1,2,1,0,0,0,2,16,51,65,22,0,0,1,0,2,2,14,29,25,7,2,1,0,0,0,0,1,2,2,1,0,2,1,1,2,2,1,1,3,2,5,14,90,460,933,821,161,23,6,5,1,1,3,1,1,1,0,1,0,2,2,2,1,0,0,0,1,2,3,12,34,25,5,2,1,0,0,1,1,6,13,9,2,1,0,0,2,2,0,1,1,2,2,2,1,1,0,2,2,2,1,1,2,1,0,1,88,212,256,116,1,0,0,2,2,1,1,0,0,1,2,2,0,1,2,1,0,1,1,0,2,2,1,4,8,9,3,1,1,0,1,2,2,3,4,7,4,1,0,1,2,2,4,3,1,0,1,3,2,1,1,0,1,2,2,0,1,2,0,17,72,69,15,4,1,3,1,0,0,2,2,1,1,2,2,1,1,2,0,1,1,1,2,2,2,1,1,3,6,6,3,3,3,1,1,1,4,11,9,3,0,1,1,0,1,2,2,3,2,1,3,3,2,0,1,1,1,1,2,1,1,1,2,6,16,27,12,1,2,1,0,2,3,3,2,2,2,2,2,1,1,1,1,2,1,2,0,3,2,0,5,8,2,1,2,2,0,1,1,3,2,2,3,3,1,1,0,0,0,2,3,2,1,2,1,0,1,0,1,2,1,0,1,1,1,1,6,23,31,23,4,0,0,1,0,1,0,2,2,1,2,3,2,1,0,3,3,1,1,0,2,1,2,3,2,1,0,0,0,1,2,1,4,5,4,7,4,1,1,1,1,0,2,2,1,0,1,2,3,2,2,1,0,0,0,1,1,2,2,0,2,4,1,1,2,1,1,2,0,2,6,5,0,1,1,1,1,2,2,2,1,1,1,2,1,1,1,2,2,3,1,1,0,1,1,2,1,2,2,1,2,3,1,1,0,1,5,5,2,1,2,2,3,3,2,1,1,2,1,0,0,2,1,2,5,14,13,1,1,1,0,1,4,5,4,0,1,0,1,1,1,1,2,1,2,2,1,0,0,1,1,3,3,2,3,3,1,1,1,1,3,5,5,3,4,4,3,2,0,0,2,1,0,1,1,1,3,3,3,3,0,1,2,2,0,2,0,6,8,6,2,0
1776752602.9562862,2921,1000.0,931,0,0,1,1,1,0,2,2,2,2,1,2,2,0,0,1,0,1,1,0,1,1,2,1,1,2,15,51,67,23,1,0,1,1,1,4,20,30,24,7,0,0,0,0,1,2,2,2,0,1,2,1,0,0,1,1,1,0,0,3,5,11,67,349,931,872,171,24,10,2,2,1,0,1,2,2,1,1,0,1,2,2,2,1,1,1,1,2,3,9,34,25,4,3,2,0,0,0,0,4,10,11,6,0,1,0,0,1,1,1,0,0,0,0,2,3,1,2,2,0,0,0,1,2,1,0,120,252,213,86,3,3,4,3,1,0,0,0,1,2,2,1,1,0,2,2,1,0,1,2,1,2,2,4,9,10,3,0,2,3,2,2,3,3,6,9,2,1,0,1,1,2,3,3,1,0,1,2,1,1,3,1,1,2,2,2,3,3,1,12,60,71,39,3,4,0,1,2,1,0,0,1,2,1,0,1,0,0,0,1,1,1,2,3,4,2,3,4,6,4,1,2,3,2,2,2,5,9,6,1,2,3,1,0,1,0,1,2,1,0,1,0,2,3,2,0,3,1,1,1,2,2,1,3,16,27,14,1,2,2,1,1,3,4,3,1,1,2,2,2,2,1,1,1,1,0,2,1,1,2,6,8,4,1,1,0,0,2,2,0,1,0,1,2,1,0,2,2,3,3,1,0,2,2,1,1,0,2,2,1,2,1,2,2,2,0,7,32,29,3,2,2,1,3,3,2,1,2,2,2,2,2,1,1,1,0,1,2,1,0,1,2,0,1,1,1,2,2,2,2,2,2,2,5,6,7,5,1,0,0,2,3,1,1,0,1,0,1,1,2,1,0,1,0,1,2,2,3,2,1,3,3,1,1,0,0,1,1,2,6,2,1,1,1,1,0,0,1,1,0,1,2,1,1,1,1,2,4,3,1,4,2,0,1,1,1,0,0,1,1,0,1,0,2,1,3,4,1,0,1,2,1,1,2,1,1,1,0,0,0,0,1,0,2,9,12,7,0,0,0,0,1,0,3,4,1,0,1,0,1,1,1,1,2,1,1,2,1,0,0,0,2,3,2,2,1,2,1,0,3,4,2,2,2,0,1,1,1,0,0,2,1,0,1,0,0,1,0,1,1,0,1,0,1,1,1,1,3,8,5,1,1
1776752603.0641732,2922,1000.0,934,0,1,0,2,3,1,2,3,2,0,1,1,1,1,1,0,2,0,1,1,2,0,1,2,2,3,17,50,65,23,1,2,2,2,2,2,19,30,18,5,1,1,0,1,2,2,1,2,1,1,2,1,0,0,1,2,2,4,3,2,5,9,43,255,934,904,175,26,6,6,2,2,3,3,2,2,0,3,2,0,1,1,1,1,1,2,2,1,1,12,35,26,5,3,2,1,2,1,1,3,9,12,6,1,2,0,1,1,1,2,2,1,1,0,2,1,1,1,2,3,2,2,0,0,0,2,143,281,169,51,0,0,0,0,0,0,1,0,0,1,0,2,3,2,1,2,2,1,1,1,2,1,1,1,6,10,2,1,2,1,0,1,3,5,7,6,2,2,1,0,1,3,2,2,0,3,2,1,1,3,2,1,1,0,0,3,2,0,1,7,38,69,58,11,1,0,0,0,0,1,0,2,0,1,0,1,1,2,2,3,4,3,2,3,4,2,2,8,5,1,1,1,1,2,2,2,3,10,10,4,0,2,2,0,0,2,1,2,3,1,0,0,1,2,2,1,3,1,1,1,0,0,0,9,20,18,8,0,1,0,0,1,3,5,4,0,1,2,3,3,1,0,1,1,2,2,1,1,1,1,1,5,7,2,0,1,0,0,1,2,1,3,5,2,0,1,1,2,1,2,2,1,0,0,0,1,1,1,2,1,2,3,0,1,1,2,6,26,30,18,2,1,2,1,0,1,1,1,1,0,2,4,3,4,3,2,3,2,0,0,1,2,3,2,0,2,3,1,2,2,3,3,4,6,6,2,2,0,2,1,0,0,1,3,1,0,0,0,1,1,0,0,0,1,1,2,0,0,2,0,2,5,6,3,1,1,2,1,1,5,10,8,2,2,1,1,1,0,2,2,2,0,0,1,1,2,2,2,6,5,0,0,0,3,2,1,0,1,1,2,2,1,2,2,2,2,1,4,3,1,2,1,0,2,1,1,1,2,2,1,0,0,0,5,15,12,1,2,1,0,1,1,1,2,1,1,0,1,2,2,2,2,1,1,0,0,1,0,0,2,0,2,3,1,2,2,0,0,1,3,5,4,1,1,1,1,1,1,1,3,2,2,2,1,1,0,0,1,2,1,1,1,0,0,0,1,0,1,6,9,4,0
1776752603.1728058,2923,1000.0,934,1,1,1,0,1,0,2,0,1,0,0,0,0,1,0,1,2,2,1,2,0,1,0,1,1,1,27,58,61,20,0,1,2,1,0,2,19,32,23,7,0,0,1,1,1,1,0,0,1,0,1,1,1,2,2,3,1,0,0,2,5,7,26,195,934,919,179,26,9,2,3,1,0,1,1,3,1,1,1,1,2,2,1,2,2,1,1,1,1,12,30,27,13,1,2,2,0,0,0,2,8,12,8,1,1,2,2,2,1,2,3,1,0,0,1,3,1,1,1,1,1,1,1,2,1,2,154,297,145,10,1,1,3,2,2,1,1,0,1,1,1,2,3,1,1,2,2,1,2,2,0,1,1,4,8,11,4,2,2,2,1,1,2,5,7,6,1,1,1,2,4,2,1,1,1,1,1,1,1,1,1,1,1,0,1,2,2,1,0,1,18,73,68,12,0,0,1,1,1,2,1,2,0,1,2,0,3,3,2,2,2,1,1,0,1,1,1,7,6,2,0,1,2,1,0,0,3,7,9,5,0,1,1,1,2,2,2,2,0,1,1,0,0,1,0,1,1,1,0,0,0,1,2,16,28,13,2,0,1,2,2,5,7,2,1,1,0,0,1,1,2,2,1,1,0,1,1,2,1,0,2,4,7,4,2,1,1,2,2,1,3,4,1,0,1,1,0,1,1,1,1,0,1,0,0,0,0,0,1,1,1,2,0,1,1,2,3,9,34,31,5,1,0,1,1,2,2,0,1,2,2,3,0,0,1,1,0,0,1,1,0,1,3,4,2,2,3,1,0,0,0,1,4,5,4,4,0,1,1,1,1,0,1,2,2,1,0,1,1,0,0,0,2,1,1,1,0,1,1,0,1,2,1,3,2,0,0,0,3,7,3,0,1,0,1,2,0,1,2,0,1,1,0,1,3,3,1,3,6,6,3,2,1,1,0,0,0,0,3,2,0,1,2,0,1,2,3,2,1,1,1,2,0,0,1,1,2,1,1,2,1,0,1,0,5,15,12,1,0,0,0,1,1,3,5,2,0,1,1,1,1,0,0,0,1,0,0,1,2,1,2,4,2,0,1,2,1,1,1,3,4,2,2,3,2,0,1,0,0,1,5,4,2,1,1,2,1,1,2,2,1,1,1,0,0,1,0,4,8,3,0,0
1776752603.2824311,2924,1000.0,934,1,2,1,2,1,1,3,1,0,1,1,1,2,3,2,1,0,3,3,1,2,1,0,2,1,2,34,61,54,18,2,4,3,1,1,5,22,34,25,7,1,1,2,3,2,0,1,0,1,0,2,2,1,1,1,1,0,1,4,3,5,10,33,221,934,914,176,27,9,3,3,2,0,1,1,1,2,1,1,2,4,3,2,1,1,2,3,1,0,6,21,30,19,2,0,3,3,1,1,2,6,11,7,1,0,1,2,0,2,2,1,0,2,1,0,1,1,2,1,0,0,1,2,3,1,1,148,290,153,31,1,0,0,1,1,0,2,3,2,1,2,1,0,1,1,1,1,0,0,1,1,1,1,5,11,9,1,2,3,2,1,2,2,8,9,6,2,1,0,2,3,0,2,2,1,3,2,0,1,3,3,1,1,1,1,1,2,1,2,6,29,72,65,12,1,1,0,1,1,1,1,1,0,1,0,0,1,1,1,2,1,1,1,2,1,0,1,2,7,6,1,1,3,2,1,1,1,4,9,5,1,0,2,1,0,1,1,1,0,1,1,1,2,2,3,1,0,1,1,1,1,1,1,14,25,13,4,1,0,0,0,0,1,5,4,2,2,0,0,1,1,0,2,1,0,0,1,2,2,2,5,8,4,0,1,1,0,1,1,1,2,2,1,1,2,2,2,3,0,3,3,1,1,1,1,1,1,3,3,1,0,1,2,0,1,1,6,21,33,26,4,2,0,1,2,1,0,1,0,0,1,1,1,1,0,1,1,0,1,0,1,1,1,1,1,0,1,1,2,2,2,2,2,1,3,7,5,2,2,2,2,1,1,1,0,0,2,2,1,1,2,1,1,1,1,1,0,2,1,2,2,3,4,3,1,3,1,0,1,3,7,4,2,2,0,1,2,1,0,1,3,1,2,3,2,0,1,3,4,2,2,1,1,1,0,1,2,2,1,1,0,0,0,0,2,2,3,5,2,1,1,1,1,0,2,3,2,0,1,1,1,1,2,4,12,15,10,2,1,2,2,1,4,4,4,3,1,0,0,0,0,0,0,3,1,2,1,0,1,2,0,1,3,1,0,1,2,4,2,4,3,3,4,3,2,2,0,1,0,1,1,0,1,0,1,1,0,1,1,3,3,2,1,2,2,1,1,3,5,8,3,1
1776752603.3919516,2925,1000.0,931,5,1,1,1,0,0,2,2,2,3,2,0,1,2,1,0,1,1,2,3,1,0,0,2,3,5,46,65,37,11,2,3,2,1,1,1,15,29,27,9,1,1,1,1,0,1,3,1,1,1,1,2,2,1,3,3,3,2,1,3,5,9,59,307,931,888,171,25,9,3,3,2,0,1,1,2,2,1,1,2,2,3,3,2,2,0,2,2,1,2,16,36,22,2,3,2,1,1,2,2,6,12,7,1,2,2,2,0,2,2,0,1,0,1,1,0,0,1,1,1,3,2,1,0,2,0,131,265,191,72,1,0,2,1,1,1,1,2,3,3,2,2,2,1,3,3,2,2,3,1,2,0,0,8,12,5,1,2,2,0,1,0,1,5,7,3,2,0,0,2,2,0,1,2,1,1,0,0,2,1,0,1,2,3,2,1,1,1,3,10,54,72,51,12,2,1,0,2,3,2,2,0,1,2,0,1,0,2,2,2,0,2,1,2,2,3,3,5,10,7,1,1,0,1,3,2,2,5,10,6,1,1,1,1,1,1,1,0,0,0,0,2,1,0,0,0,1,1,1,2,2,1,1,6,18,26,11,0,0,2,1,2,4,3,1,1,0,1,1,1,0,1,2,1,1,2,1,1,3,2,4,8,4,1,1,0,1,1,2,0,0,1,1,0,0,2,2,0,1,1,2,1,1,0,1,2,0,0,0,0,1,1,0,1,1,1,7,31,30,8,0,1,0,0,2,2,0,1,1,1,0,0,0,0,1,1,1,1,1,0,0,1,0,0,2,4,2,0,2,2,1,2,3,3,6,6,0,1,1,1,1,0,0,0,2,2,1,1,1,1,0,0,1,2,0,1,0,1,1,2,2,3,4,3,1,1,1,1,3,8,6,2,0,0,1,1,0,1,1,1,3,4,1,2,1,1,1,1,5,4,2,3,1,1,2,1,0,3,5,2,0,0,0,1,1,2,3,1,2,1,1,0,2,2,2,0,2,1,1,0,2,1,1,4,13,13,4,0,1,1,1,0,3,3,3,3,0,0,0,2,2,0,2,3,0,3,3,1,0,1,1,1,1,0,1,2,0,1,1,1,4,5,3,2,0,1,3,3,1,0,2,1,0,0,1,1,0,2,1,0,1,2,1,0,1,1,2,4,7,9,4,0
1776752603.5005517,2926,1000.0,931,5,2,2,3,2,1,0,0,0,1,1,0,0,2,1,1,1,1,2,2,2,2,1,0,3,2,50,68,23,3,0,1,0,1,2,1,11,24,30,11,1,0,0,0,1,2,1,0,2,3,1,1,2,3,1,3,5,2,3,2,3,14,82,416,931,847,166,23,8,3,3,0,4,5,4,0,0,0,1,0,2,1,1,1,1,0,3,3,2,2,17,36,23,2,0,0,0,0,0,3,8,12,6,1,1,1,0,2,4,4,2,0,2,3,2,1,1,2,2,2,1,0,0,0,1,2,102,230,238,105,0,1,1,1,0,1,2,1,1,4,3,1,2,1,2,3,2,1,0,1,2,1,1,5,10,8,2,0,1,1,1,1,2,7,8,4,3,3,1,1,1,0,1,1,1,1,2,0,1,1,0,1,1,1,0,0,1,1,1,15,69,70,26,3,2,2,2,2,4,5,3,2,1,2,4,2,1,1,1,0,2,2,1,0,0,2,2,7,8,2,1,1,1,2,1,3,3,2,7,4,0,0,0,0,1,1,1,1,1,0,0,0,0,0,1,2,1,0,1,0,1,1,2,1,13,27,13,2,2,2,1,1,1,1,0,2,2,1,0,0,0,1,1,1,2,1,1,0,1,2,1,9,10,2,1,1,0,1,0,1,3,2,0,0,0,1,2,1,0,3,1,0,0,0,1,0,1,2,1,1,0,0,2,2,1,1,9,30,32,19,5,1,0,0,1,2,1,1,0,2,2,2,2,1,1,1,1,2,1,0,1,1,0,2,4,3,1,0,0,0,2,1,2,1,6,5,3,1,0,1,1,0,1,1,1,0,0,1,1,2,0,0,1,0,1,1,1,1,0,2,1,0,2,2,1,1,0,1,2,5,5,2,0,2,1,0,0,2,2,1,0,0,0,0,1,1,2,2,4,4,0,1,0,1,2,2,0,1,1,2,0,1,1,2,1,3,4,2,0,1,2,0,2,2,1,0,0,1,1,0,1,0,1,2,2,12,12,2,1,1,1,1,3,3,3,1,0,1,1,1,0,0,1,1,2,1,2,3,3,1,2,1,2,2,0,1,2,2,1,2,2,3,4,1,1,0,1,3,1,1,3,3,1,0,0,2,3,2,2,0,0,1,1,2,2,0,1,6,9,2,1,1
1776752603.7165759,2927,1000.0,929,9,5,1,1,2,2,3,2,0,1,1,0,1,1,0,2,2,1,1,1,2,0,2,1,1,5,45,63,34,9,1,0,0,0,0,3,4,24,37,14,3,1,0,0,2,2,1,1,2,1,2,2,1,1,1,3,3,2,2,2,6,16,106,526,929,784,151,23,6,4,1,3,4,2,1,3,0,3,2,0,1,0,2,3,1,1,1,1,0,10,27,23,8,1,2,1,1,1,2,1,7,8,4,1,1,4,4,2,1,3,2,0,1,2,1,1,1,1,1,0,1,1,2,3,2,1,64,187,274,129,0,1,2,2,2,1,1,1,0,1,1,0,0,0,1,1,1,1,2,1,1,2,2,1,10,13,4,1,2,1,0,1,2,6,7,4,2,1,1,1,3,5,4,1,1,1,2,3,2,0,0,0,0,0,1,1,3,2,1,16,72,68,14,3,2,1,2,1,1,3,2,0,1,2,2,1,2,1,1,1,1,0,0,0,2,2,1,6,6,3,0,0,1,0,1,1,1,2,8,6,1,3,2,0,0,1,2,1,1,1,1,1,0,1,1,0,1,1,1,1,2,0,0,11,22,21,7,0,0,1,2,2,1,1,0,2,1,2,1,1,3,1,1,1,0,1,2,2,0,2,6,8,6,2,1,2,1,1,1,2,1,2,1,0,1,0,2,1,2,3,1,1,1,1,1,2,2,0,2,1,1,1,0,1,2,1,4,15,33,30,6,1,1,1,3,2,0,1,1,2,1,1,1,1,1,1,0,2,1,0,0,3,4,2,1,1,0,1,2,0,0,1,3,4,5,4,1,1,1,0,2,2,3,3,1,1,1,3,3,1,0,2,4,2,1,1,0,0,0,0,0,2,2,0,0,0,0,2,1,5,5,2,1,2,2,2,1,0,1,1,1,2,0,1,2,2,2,5,4,0,1,2,2,1,1,2,2,2,3,3,2,3,2,1,2,4,6,6,3,2,3,2,2,2,2,1,0,0,1,2,2,3,2,1,10,14,9,1,1,0,1,0,3,4,1,1,1,1,1,0,1,0,0,3,3,1,2,2,1,1,3,5,4,1,2,0,1,2,3,0,2,1,3,4,2,2,2,1,1,0,2,3,2,1,2,2,2,1,2,1,0,0,2,1,1,2,2,2,4,6,1,2
1776752603.8260612,2928,1000.0,926,7,3,3,2,1,2,1,1,0,1,2,2,2,1,2,2,1,1,1,1,0,0,1,0,1,4,34,58,53,15,4,1,1,1,1,1,5,26,33,11,2,0,2,2,2,1,1,2,2,1,1,1,3,2,2,1,1,1,3,3,4,19,130,631,926,706,136,21,6,3,1,2,1,0,1,3,2,3,1,1,4,3,4,2,1,2,0,2,2,13,35,23,0,2,3,1,1,1,2,3,8,8,5,2,2,2,1,0,2,4,2,1,1,2,4,4,0,2,2,0,2,2,0,0,0,2,21,159,295,141,1,1,3,2,2,4,3,1,1,1,1,1,3,1,1,2,3,1,0,1,2,2,1,5,10,8,1,3,2,0,1,1,1,5,6,4,1,5,3,2,1,0,0,0,2,3,1,3,2,1,2,1,1,1,1,1,1,2,1,16,64,72,38,5,2,1,2,2,2,3,3,1,1,2,1,1,3,1,0,0,2,0,2,1,1,2,1,4,8,3,2,3,0,2,2,3,4,7,9,5,2,0,1,3,2,1,0,1,0,1,2,2,2,0,2,4,2,0,1,1,1,1,2,17,29,14,3,1,1,1,2,2,4,5,2,0,1,2,1,0,0,1,2,1,1,2,2,1,1,1,6,10,4,2,0,1,1,1,2,3,4,2,0,2,2,2,3,2,3,3,2,0,1,3,3,1,0,1,2,0,0,1,1,1,1,1,1,15,35,29,5,1,2,1,0,0,0,1,2,1,2,3,3,2,1,2,2,1,2,1,1,1,0,1,2,3,4,2,2,2,0,1,1,3,6,5,2,1,3,3,1,1,0,1,2,1,2,1,0,0,2,3,1,0,1,1,1,0,0,1,2,1,2,2,2,0,2,2,3,6,8,4,1,2,2,1,1,2,3,1,1,1,0,1,1,2,1,1,4,7,4,3,2,3,2,1,1,1,2,1,1,0,1,2,2,1,4,4,2,0,2,1,0,1,1,1,1,0,0,1,1,1,0,3,13,13,6,1,0,1,1,0,0,4,4,0,1,1,1,1,0,1,3,1,0,0,0,0,0,1,2,3,4,1,1,2,2,0,0,2,4,3,2,1,0,0,1,1,1,4,3,1,1,0,0,0,1,1,2,0,0,1,0,1,2,1,1,4,7,6,4,1
1776752603.9359472,2929,1000.0,923,9,5,2,0,0,0,2,2,0,1,1,2,2,3,3,1,0,1,0,1,0,0,0,0,3,2,12,51,67,21,2,1,1,0,2,3,12,26,31,12,2,2,1,1,1,1,1,1,1,1,1,1,0,0,2,1,1,0,1,2,8,20,149,720,923,617,119,18,6,4,1,1,0,0,1,1,3,4,3,1,1,1,1,0,1,3,0,1,1,9,27,27,13,1,4,3,1,0,0,4,11,7,1,1,0,1,0,1,2,1,1,1,0,1,0,1,1,0,0,0,0,1,2,1,0,2,24,158,293,141,2,1,0,0,1,3,3,2,2,1,1,0,0,0,1,1,1,0,3,4,1,1,1,8,12,5,2,2,0,0,1,2,2,5,6,2,1,1,1,0,1,1,1,1,0,0,1,1,1,0,1,1,1,1,0,1,1,1,2,9,42,72,59,10,2,1,0,0,1,2,2,1,1,2,1,1,0,2,2,1,1,1,1,1,1,1,2,6,7,5,2,2,1,0,1,1,1,7,10,6,0,1,1,1,0,1,2,2,2,1,2,1,1,0,1,0,1,1,0,0,0,1,1,14,27,14,3,1,1,2,2,2,5,6,2,0,2,0,1,0,3,1,1,2,2,2,3,3,0,1,2,6,7,1,1,0,1,1,0,0,1,2,2,1,2,0,1,1,0,2,1,0,1,1,3,2,1,2,1,0,1,0,1,1,1,1,7,31,31,13,1,2,2,2,2,1,1,1,1,0,2,2,0,3,3,2,1,0,0,2,2,0,1,1,2,3,3,2,0,1,0,2,5,5,4,5,4,1,3,2,1,2,3,0,2,2,1,2,3,2,1,1,2,1,1,1,0,1,0,1,1,2,4,3,2,2,0,1,3,7,7,4,1,2,2,2,1,3,3,3,2,2,2,0,2,1,2,6,6,2,2,1,2,2,1,2,0,3,5,3,2,3,3,0,2,3,4,4,1,2,0,1,1,0,1,1,2,2,0,1,2,1,2,3,6,15,13,4,3,2,1,2,5,4,0,1,2,0,2,3,3,2,3,1,1,2,1,1,1,1,2,2,1,1,1,2,3,1,1,1,3,5,4,1,1,2,1,0,2,1,1,2,2,1,2,2,1,0,0,1,2,3,2,2,1,2,1,3,8,7,1,3
1776752604.0451136,2930,1000.0,922,10,5,2,2,1,1,2,1,0,1,1,1,2,1,2,1,0,2,3,2,1,1,1,1,1,2,8,52,70,23,2,2,1,0,2,3,15,27,27,9,1,1,1,1,1,1,0,1,0,0,3,2,1,3,3,0,4,2,1,3,7,23,163,797,922,515,102,13,7,1,2,3,3,3,0,0,0,1,2,2,3,4,3,2,1,2,1,0,3,6,21,35,23,4,0,0,0,0,0,3,11,9,3,1,2,2,1,0,2,2,0,0,0,1,2,1,1,2,1,0,2,3,1,1,0,2,66,187,274,131,1,1,3,3,3,1,3,1,1,0,1,0,3,3,1,3,3,2,3,1,1,2,2,8,12,7,3,0,0,1,0,1,2,3,7,2,0,0,0,1,2,1,1,1,0,1,0,1,1,1,1,1,1,1,0,1,1,1,2,2,18,73,70,11,5,3,3,2,1,3,3,1,1,1,1,1,1,1,3,1,0,1,2,1,1,2,5,10,5,0,0,1,0,0,1,2,2,7,7,2,1,2,1,1,1,1,2,1,1,1,0,0,1,0,0,1,1,3,3,1,1,1,1,8,22,24,10,2,2,1,1,0,4,3,0,0,0,1,1,1,3,2,2,1,1,0,1,2,3,2,5,9,6,2,2,1,0,2,1,0,1,2,1,1,1,2,3,0,1,2,3,1,1,1,0,2,2,1,3,3,0,2,1,1,2,1,6,31,31,11,2,3,2,2,0,0,1,1,1,1,1,2,2,1,0,0,1,1,0,0,0,0,1,1,0,1,1,1,0,2,2,1,1,5,4,5,2,1,1,1,1,3,3,2,1,1,1,0,0,0,1,0,0,1,1,2,2,1,1,0,2,3,2,1,2,1,0,0,2,6,7,3,1,3,2,2,1,0,1,1,3,2,0,1,1,1,0,3,6,6,3,1,0,1,1,1,1,0,1,2,0,0,1,0,1,3,4,1,1,0,0,1,0,2,2,2,1,2,1,1,1,1,0,0,7,13,11,4,3,3,2,1,2,3,2,0,1,0,0,1,1,0,1,1,0,0,1,1,1,1,0,3,4,2,1,0,1,0,1,5,3,2,0,0,1,1,0,3,4,5,3,2,2,1,0,1,2,2,1,1,1,2,2,1,0,0,1,2,6,7,2,1
1776752604.1534023,2931,1000.0,920,8,4,1,1,1,2,2,2,0,1,0,1,2,2,1,2,1,0,0,1,1,1,2,1,2,3,21,54,64,20,3,1,1,2,3,1,19,31,26,10,2,2,3,1,0,1,0,0,1,1,1,0,1,2,1,2,2,2,4,3,8,24,177,858,920,405,77,12,3,5,1,1,1,1,1,1,1,3,5,4,4,1,0,1,1,1,1,1,1,2,12,34,21,0,1,2,0,2,0,4,11,8,2,1,2,2,2,0,1,2,1,0,2,1,0,0,2,2,1,1,1,1,2,3,1,1,105,231,239,105,1,1,3,3,2,2,0,1,0,0,1,1,2,2,1,1,1,1,0,2,1,0,1,6,9,12,7,1,2,2,1,1,1,6,7,3,0,0,0,2,2,2,3,1,1,2,3,1,0,0,1,2,2,1,1,0,2,2,1,6,26,71,66,13,1,1,1,1,0,2,3,1,0,1,2,2,2,1,1,1,2,0,0,2,2,0,1,6,6,3,1,0,1,3,2,1,4,8,6,2,1,1,0,2,2,2,2,2,2,2,2,2,0,2,2,2,1,1,1,1,1,1,1,0,15,28,13,0,2,2,0,1,2,2,0,1,0,1,2,1,1,1,1,1,0,1,1,1,1,0,6,9,4,1,0,2,3,2,2,3,1,0,0,0,1,0,1,4,5,6,3,1,1,0,0,0,0,3,3,1,1,3,2,0,2,1,4,17,32,26,4,1,0,1,0,0,2,3,3,1,1,0,1,0,0,1,0,1,1,2,1,0,1,1,0,1,0,1,0,2,3,2,1,2,2,5,3,0,0,0,1,2,3,2,2,3,3,1,1,2,1,1,1,0,1,2,0,1,1,0,1,3,2,1,1,1,0,0,1,5,8,4,1,1,0,1,1,0,0,1,1,2,2,1,2,1,2,4,4,3,0,1,1,0,2,1,1,1,3,3,2,2,1,2,2,1,3,4,1,1,1,0,1,2,3,1,0,1,0,0,2,1,2,2,13,13,3,1,1,0,1,1,3,5,3,1,1,1,2,1,0,1,1,1,1,2,3,2,0,1,1,1,3,2,3,3,0,1,2,2,2,4,4,2,0,2,2,2,1,0,2,1,2,3,2,1,2,2,1,0,1,2,1,1,2,3,2,6,9,4,1,0
1776752604.26139,2932,1000.0,919,11,5,0,1,1,0,0,0,2,2,1,1,1,2,2,2,0,0,1,1,2,0,3,2,1,4,34,60,53,16,3,2,2,1,0,2,20,31,21,6,1,3,1,0,1,1,2,1,2,1,2,2,1,1,0,1,1,1,2,4,7,26,186,903,919,297,54,10,4,1,3,1,3,2,2,3,2,2,0,0,1,2,2,0,1,0,1,0,0,5,19,33,21,3,2,1,1,2,2,4,13,9,4,1,1,2,1,1,0,2,1,1,1,0,1,2,1,0,0,0,1,1,0,0,1,0,133,267,193,71,0,1,0,2,1,1,2,2,1,1,2,3,2,0,1,2,2,1,1,0,1,0,1,2,9,11,3,3,1,0,1,1,1,7,9,2,1,0,0,1,1,1,1,1,0,0,0,0,1,1,0,0,2,2,0,0,0,1,0,10,50,71,51,9,1,1,1,2,3,4,2,0,1,0,0,1,0,1,0,2,3,3,1,1,1,0,0,3,8,6,1,1,2,0,1,1,4,8,6,2,0,2,1,0,1,1,1,1,0,1,1,2,1,0,0,1,2,0,1,1,1,1,1,5,18,24,11,2,1,1,1,1,1,2,2,1,1,2,3,2,1,2,2,3,3,2,2,1,0,2,2,6,8,0,3,1,2,0,0,1,1,0,1,1,0,1,0,0,2,4,4,3,0,1,2,2,1,1,2,2,2,1,2,1,1,2,4,11,33,31,6,0,1,1,1,1,1,2,3,2,3,4,4,2,2,2,0,0,1,0,1,1,1,1,1,0,1,1,0,2,1,0,0,2,6,5,1,0,0,1,2,1,1,0,1,1,0,1,1,0,0,4,3,1,0,0,0,1,1,2,1,4,3,1,1,1,1,2,1,5,4,2,2,2,1,1,1,1,0,3,3,0,0,2,1,0,0,2,6,4,1,2,1,1,1,2,0,2,2,2,1,0,1,2,2,4,4,1,1,1,1,1,0,2,1,2,1,0,1,1,1,1,0,0,7,15,11,1,3,2,1,1,3,5,4,1,0,2,1,1,2,2,2,1,0,1,0,0,0,1,3,3,1,2,2,1,0,1,2,1,2,5,4,2,0,1,0,1,1,1,3,1,0,2,1,1,0,2,1,1,2,1,0,0,0,1,0,3,6,7,3,2
1776752604.4792714,2933,984.375,929,9,4,1,1,2,3,3,1,1,1,0,1,2,3,3,2,1,0,2,4,1,2,3,2,0,3,42,64,41,14,1,0,1,0,2,1,20,32,16,5,0,0,0,0,1,1,0,2,2,4,4,2,1,0,1,1,1,1,3,4,7,27,191,929,919,207,32,12,3,4,1,2,1,2,1,2,1,0,0,1,1,2,1,1,3,1,0,0,0,9,27,29,18,4,1,1,1,2,2,5,12,10,5,3,0,0,0,1,2,2,0,1,3,1,1,1,0,1,0,1,1,0,1,3,2,2,151,292,154,32,2,2,1,0,0,1,4,2,0,1,1,2,2,0,1,1,2,1,1,3,3,1,1,7,10,8,5,1,0,0,0,0,1,5,8,3,2,1,2,1,1,0,0,2,2,1,1,2,1,1,0,1,0,1,1,2,1,0,3,13,67,70,27,3,3,2,1,0,1,2,3,1,0,0,0,0,0,1,2,2,1,2,2,2,1,1,2,4,5,7,3,1,1,1,2,3,5,9,6,1,0,1,2,1,0,1,1,0,1,1,1,1,1,0,0,1,1,2,2,1,1,1,1,14,27,18,7,2,1,1,1,1,1,6,2,1,1,0,1,1,0,1,1,0,0,0,0,1,2,1,5,10,9,2,1,1,2,1,0,1,1,0,1,2,1,0,1,2,2,0,2,2,3,4,3,0,0,0,1,2,1,2,3,2,0,2,5,26,31,16,2,1,0,0,0,1,2,2,0,1,1,0,2,2,0,3,3,1,1,1,0,0,1,2,0,1,0,1,2,0,2,3,5,3,7,5,1,2,0,0,2,3,2,2,2,1,2,2,0,0,2,0,1,1,1,2,1,0,0,0,2,2,2,2,2,1,0,0,2,2,6,4,1,1,2,0,1,0,1,1,0,0,0,0,0,0,1,3,5,6,2,1,2,1,1,3,2,1,1,1,1,1,0,2,2,0,3,5,2,0,0,0,0,0,0,0,1,2,1,0,1,1,1,2,9,13,8,3,1,2,1,0,1,5,5,3,0,2,2,1,1,0,1,2,1,1,1,0,2,2,0,0,2,1,0,1,3,2,2,5,3,1,1,1,0,1,1,2,2,1,3,2,1,1,1,2,1,0,0,0,1,3,2,0,0,1,2,3,7,9,4,2
1776752604.586148,2934,984.375,934,11,6,0,1,1,0,0,1,1,0,1,1,1,0,0,1,1,0,1,2,2,1,1,0,1,6,48,67,29,5,0,2,2,1,2,0,21,32,14,4,0,0,1,1,0,0,2,2,2,1,0,0,1,1,2,0,0,1,2,4,8,27,192,934,921,181,25,9,5,2,0,3,1,2,2,1,1,1,1,0,0,2,2,1,0,1,1,0,1,13,32,24,8,2,0,1,1,1,0,4,13,11,4,1,0,0,1,1,1,1,0,2,3,1,1,1,0,0,0,2,3,2,0,0,1,1,154,297,144,8,1,3,2,0,1,2,2,1,0,0,0,2,1,1,1,2,4,4,0,0,1,0,0,8,12,3,3,3,2,2,2,0,1,4,8,4,3,1,1,0,0,0,1,1,1,2,1,1,0,0,1,2,1,1,1,0,1,0,3,15,73,70,13,2,3,1,0,0,2,3,2,0,1,1,1,2,0,1,0,1,4,3,1,0,1,1,3,8,5,1,2,1,1,1,1,1,3,10,8,2,1,1,2,3,3,0,1,0,0,2,2,1,0,1,2,1,1,0,1,0,2,2,1,18,30,14,0,2,2,1,1,2,4,0,2,2,1,1,2,2,1,1,1,1,0,0,0,0,1,1,6,7,2,1,2,1,1,2,1,1,0,1,2,1,0,1,2,4,3,3,0,1,3,1,1,2,2,3,1,0,0,1,0,1,1,2,5,31,30,6,2,2,2,0,1,1,1,2,2,0,0,1,1,1,1,2,2,2,3,2,0,1,1,1,1,2,1,0,1,2,3,3,3,1,7,8,3,0,1,2,2,2,1,1,0,3,4,1,1,2,1,1,0,2,2,0,1,1,2,1,2,3,1,1,2,2,1,0,2,4,1,2,2,0,1,1,1,2,3,2,1,1,2,0,0,1,3,4,5,1,2,1,1,0,1,2,2,2,0,1,0,1,2,0,1,2,3,1,0,2,2,1,0,0,2,1,0,1,1,0,0,2,3,5,14,12,2,3,1,0,1,1,6,6,1,0,1,0,0,2,3,3,2,1,2,0,0,0,0,1,2,4,4,2,0,1,2,2,2,4,2,2,1,0,1,0,1,1,1,4,3,0,1,0,1,1,0,1,0,0,0,2,2,2,0,2,3,4,9,6,1,2
1776752604.69343,2935,1000.0,921,8,4,2,1,0,1,1,1,1,1,2,3,2,0,1,0,1,1,2,3,1,2,2,1,1,7,52,70,22,3,1,1,1,0,2,1,22,32,10,1,0,0,1,0,2,3,3,2,0,1,0,0,1,0,0,2,3,0,1,4,8,26,189,920,921,241,41,10,3,1,3,0,2,2,2,3,1,1,1,1,3,2,2,0,0,0,2,4,3,15,36,26,6,0,2,1,0,2,2,6,13,10,3,1,0,0,2,2,1,3,2,1,1,1,0,0,1,1,1,1,1,0,1,1,0,2,144,282,171,51,1,1,0,1,2,3,1,1,0,1,2,3,2,3,3,4,3,1,1,1,3,3,1,8,12,5,2,0,1,0,1,2,3,6,7,2,2,2,0,0,1,1,3,2,0,0,0,0,0,1,1,1,1,1,0,0,0,1,2,14,62,69,36,7,1,0,1,3,4,3,2,3,1,2,3,2,1,1,0,2,1,0,1,2,0,1,4,9,8,5,3,2,0,1,1,1,1,6,8,6,2,1,0,0,1,1,2,2,1,0,0,1,2,1,1,1,0,0,1,1,1,3,3,10,21,20,8,1,1,0,1,0,2,4,2,1,0,0,0,2,2,2,2,2,1,0,1,0,0,1,5,8,5,1,3,2,1,1,1,0,1,1,0,0,0,0,1,1,3,3,3,0,0,1,1,2,1,1,1,1,0,1,1,2,1,2,4,22,32,24,4,1,1,0,0,1,0,1,2,1,1,1,0,1,0,1,1,1,1,1,1,2,2,2,2,2,1,1,0,0,1,1,1,1,6,9,5,0,0,1,1,1,0,0,0,1,1,1,1,0,0,0,1,1,1,1,1,0,2,1,2,5,5,3,2,1,0,1,0,3,8,6,2,1,1,1,1,1,0,1,0,1,1,0,1,1,1,2,3,4,1,1,2,1,0,0,2,3,1,0,0,0,1,0,0,1,1,3,2,1,0,0,0,1,1,2,2,1,2,2,0,1,2,1,8,16,13,4,2,1,1,2,2,5,4,1,2,2,1,0,1,1,0,1,1,1,1,1,1,1,1,2,5,2,1,3,2,0,0,3,5,4,1,0,1,0,1,1,0,2,5,3,1,1,2,1,1,1,0,1,2,2,2,0,2,2,1,1,5,9,5,1
1776752604.802553,2936,1000.0,921,10,6,1,0,2,2,1,1,2,1,2,1,1,2,1,1,1,1,2,1,1,1,1,2,3,6,45,65,38,10,1,0,1,1,1,3,23,33,13,1,2,4,5,2,0,1,0,2,2,1,1,0,1,2,3,0,0,1,4,5,9,23,184,887,921,340,64,7,7,2,2,3,3,1,3,1,1,1,1,1,0,2,2,2,1,1,2,2,3,8,26,30,16,1,3,2,1,1,1,3,13,9,2,1,0,2,3,2,2,3,1,1,4,2,0,1,2,1,1,2,2,3,4,1,1,2,121,253,215,87,0,2,0,0,1,0,2,1,1,1,1,1,1,0,2,1,0,1,1,2,2,2,2,3,8,11,5,1,2,1,0,0,2,6,7,3,2,2,2,1,1,1,1,0,3,4,2,0,1,1,3,3,1,1,2,1,0,1,4,10,44,70,57,11,2,1,1,2,3,3,2,0,1,0,0,1,0,1,2,3,3,1,1,1,1,1,1,4,7,5,1,2,3,1,1,1,3,8,9,6,2,2,3,0,1,1,1,1,3,1,1,2,1,0,0,1,3,2,2,1,1,2,3,5,17,28,13,2,2,1,1,1,1,2,0,1,1,1,1,0,1,1,1,2,2,0,1,2,1,1,0,7,9,4,0,2,2,1,1,0,2,2,1,2,1,0,0,1,2,1,0,0,1,1,1,3,3,2,2,2,3,3,2,1,3,2,1,7,32,28,3,2,0,1,1,1,1,0,0,0,0,1,1,0,1,1,2,0,1,1,1,0,2,2,2,1,1,2,2,1,1,1,5,5,4,8,4,0,1,2,1,0,1,2,2,1,0,0,1,2,2,0,0,1,1,0,1,0,1,0,1,1,2,1,1,1,1,1,3,8,4,1,2,1,1,1,0,1,0,1,1,0,0,0,1,2,1,1,2,4,1,1,1,2,1,1,2,2,0,0,1,1,1,2,0,3,4,1,0,2,2,1,0,2,3,1,0,1,0,1,1,0,0,2,9,11,6,1,0,0,1,0,3,5,2,2,2,1,2,2,2,1,1,0,1,1,0,1,1,0,3,4,4,0,1,0,1,2,1,1,1,1,2,1,1,2,1,1,1,3,2,2,2,1,1,1,2,3,2,1,0,1,2,1,1,1,1,5,10,7,4,2
1776752604.9114728,2937,1000.0,924,8,5,0,2,3,1,0,0,1,2,1,0,1,1,2,2,0,1,2,1,1,1,0,1,1,2,24,54,60,19,3,3,1,0,1,1,18,29,20,6,2,0,0,0,0,2,2,2,1,1,3,2,0,2,1,0,2,2,1,3,8,23,171,833,924,452,84,15,6,2,1,1,1,2,0,0,0,2,3,0,2,0,2,1,0,1,2,2,1,1,12,35,24,3,2,2,0,0,0,4,11,8,0,1,0,1,1,1,1,4,4,2,1,2,3,1,1,1,1,1,0,0,1,1,1,2,87,209,256,118,2,3,0,1,0,2,0,1,1,1,1,2,1,1,2,1,2,2,2,2,2,2,1,3,9,11,4,0,1,1,0,1,1,4,6,2,0,1,0,0,0,1,0,1,2,3,2,1,2,2,1,1,1,0,0,0,0,0,1,3,20,74,70,12,2,1,1,0,0,1,0,2,1,1,2,2,1,1,1,1,2,2,2,1,2,2,2,8,7,4,0,1,1,2,1,1,2,6,11,7,2,2,2,3,2,2,3,3,2,1,0,0,1,2,3,3,0,0,0,0,0,1,1,3,14,27,14,1,1,0,3,1,3,5,4,2,2,2,2,3,1,0,1,1,0,0,0,2,2,1,6,10,5,0,0,2,2,1,0,1,1,3,3,0,1,1,1,2,2,1,1,0,0,0,0,0,2,3,3,1,1,1,2,2,1,2,5,27,34,21,3,0,1,1,1,2,1,1,0,0,1,3,2,1,1,1,0,1,0,0,0,1,1,0,1,3,1,0,0,0,1,0,2,2,1,4,3,0,0,1,1,2,3,2,0,1,2,0,0,0,0,1,3,2,1,2,1,2,2,0,2,2,1,1,1,0,1,1,1,2,7,4,0,0,1,2,1,0,2,3,1,1,1,1,1,3,2,3,5,4,1,0,2,1,1,1,2,3,2,1,1,1,1,0,1,1,2,4,2,2,1,0,1,1,0,0,1,1,1,2,3,1,1,3,15,14,3,0,1,1,1,1,1,4,4,1,1,1,0,1,2,2,1,2,2,4,2,0,0,2,2,1,1,0,0,1,1,1,1,3,2,3,2,1,2,2,3,2,1,1,3,2,0,0,1,2,1,0,1,2,3,3,3,2,0,1,1,4,7,5,2,1
1776752605.0228171,2938,1000.0,926,6,3,1,0,0,1,1,0,0,0,1,0,1,1,0,1,1,2,2,2,2,1,1,0,1,0,6,52,69,22,2,1,4,2,1,4,12,25,29,9,0,1,0,1,2,0,1,2,2,0,0,1,1,1,2,1,1,1,3,3,7,22,153,761,926,559,107,16,5,4,1,1,2,2,0,1,2,0,0,0,2,4,2,2,2,0,2,0,2,7,24,32,19,1,1,2,1,2,2,4,13,10,3,1,0,0,0,1,2,0,1,1,2,0,0,1,2,2,2,1,1,1,1,2,1,1,46,172,285,136,0,1,2,1,1,2,3,0,1,0,0,1,0,1,3,2,2,0,0,1,0,0,2,9,11,6,1,1,2,2,0,1,2,4,8,3,1,0,0,0,1,2,2,1,1,3,3,2,2,2,1,1,1,0,1,1,0,0,0,7,27,73,68,13,0,1,1,3,3,1,4,2,1,3,2,0,1,0,0,0,1,2,3,2,1,0,4,9,6,2,2,0,0,1,2,4,0,6,10,7,2,1,2,3,1,1,0,0,1,1,2,2,1,0,1,2,0,0,1,0,0,1,0,13,26,21,8,2,1,1,1,2,1,3,1,2,3,3,2,1,1,1,1,0,0,1,2,2,1,1,4,7,6,2,0,1,2,1,2,4,2,0,2,2,3,3,3,3,2,2,2,0,1,0,1,1,0,0,1,1,1,2,0,0,0,1,7,32,29,4,2,1,1,0,0,1,0,0,1,2,3,1,1,2,1,0,1,3,2,1,1,1,1,1,1,1,0,2,2,1,1,2,2,3,4,5,2,2,4,3,1,1,1,1,1,0,2,3,2,1,1,1,1,0,2,2,0,2,0,0,1,3,3,1,1,0,0,2,1,5,3,1,0,1,2,1,0,0,1,1,3,2,1,1,0,0,0,1,4,5,3,3,2,0,1,0,1,1,2,1,2,3,1,2,3,2,3,3,0,1,2,3,1,1,2,1,1,1,0,1,2,2,1,2,3,13,14,4,1,1,2,1,5,7,3,1,2,0,1,1,0,1,1,1,1,1,1,0,1,1,2,4,2,1,3,2,2,1,2,3,2,2,1,1,0,1,1,0,1,5,4,1,0,0,2,1,0,0,0,2,2,1,0,2,1,2,3,3,5,9,4,1
1776752605.23878,2939,1000.0,930,8,4,0,2,3,2,0,1,0,1,0,3,3,2,1,1,0,0,2,4,3,2,1,1,1,4,30,56,56,13,5,1,1,0,0,0,3,22,32,11,1,1,0,1,1,1,1,1,0,1,3,3,3,2,1,1,1,3,2,3,7,19,140,681,930,657,126,19,6,3,3,2,3,2,2,1,2,2,2,2,2,1,2,2,2,0,0,1,1,13,35,23,3,2,1,2,1,0,2,2,10,9,4,3,2,1,1,1,3,4,3,1,1,1,0,0,0,1,1,2,3,1,0,0,1,1,2,154,295,142,2,2,0,0,1,1,1,0,1,2,3,1,0,1,2,1,1,0,0,0,1,3,2,6,10,6,4,4,2,1,1,1,1,4,6,0,2,3,1,2,1,0,1,1,0,1,1,1,0,1,1,1,0,0,1,2,0,1,1,11,54,73,51,10,3,1,1,2,2,1,1,2,1,1,1,2,4,3,1,2,3,1,1,1,2,3,3,2,8,5,2,1,1,0,0,0,2,5,9,7,2,1,1,0,0,0,1,2,2,1,0,0,0,1,2,1,0,2,3,2,0,1,2,15,28,13,1,0,1,2,1,2,5,4,1,1,1,0,3,3,3,3,2,1,1,0,0,1,3,0,1,7,8,1,5,3,2,0,0,1,1,2,2,0,0,1,2,1,1,3,4,2,1,0,1,0,0,1,2,1,1,3,3,0,1,1,6,25,33,20,3,1,1,1,1,1,1,2,3,1,1,1,1,0,1,1,0,2,3,0,1,1,0,2,1,1,2,1,2,1,0,1,2,4,4,4,1,1,1,2,3,3,2,0,0,2,4,2,1,2,0,1,1,2,2,2,1,1,1,1,2,0,3,1,0,1,0,0,0,3,7,2,1,1,2,3,2,0,1,3,4,3,0,0,2,1,3,7,6,3,1,1,1,1,3,2,1,2,3,2,2,2,1,0,0,5,6,3,0,0,1,2,2,0,1,0,1,1,1,3,5,2,0,1,9,14,9,1,1,1,1,0,2,4,4,2,2,2,4,4,2,2,2,2,3,2,1,1,1,1,1,1,2,2,1,1,0,2,3,2,2,4,3,2,0,1,3,3,1,0,2,1,3,4,1,0,0,1,1,0,1,2,3,2,0,0,0,5,9,5,1,1
1776752605.3474007,2940,1000.0,928,1,1,1,0,0,2,3,2,2,1,2,2,1,1,1,1,0,1,1,2,1,0,1,1,1,6,47,65,30,10,1,4,2,0,1,1,6,24,32,12,1,1,2,1,2,2,0,1,1,1,2,1,0,1,0,1,1,2,0,4,5,18,113,577,928,742,145,20,7,4,0,2,0,1,1,2,2,0,0,0,1,3,3,1,1,2,3,2,1,10,31,27,9,3,4,2,1,0,1,1,6,11,7,1,0,1,0,2,2,1,2,1,0,2,2,1,1,2,3,0,1,1,0,3,2,0,43,168,287,136,3,2,2,2,3,4,1,2,2,1,1,1,0,2,4,3,2,1,2,2,3,2,3,3,9,11,2,2,2,3,2,1,1,5,7,3,2,2,0,0,1,1,3,2,0,0,1,1,0,0,1,1,0,1,0,1,1,4,1,15,67,69,26,3,2,1,0,0,2,5,3,0,1,2,0,2,3,1,0,1,2,2,0,0,2,3,4,6,6,4,0,1,1,1,2,1,3,7,8,4,1,2,2,1,0,1,1,1,0,0,0,0,2,1,1,2,1,1,1,2,3,3,2,13,24,16,6,1,0,2,2,1,3,6,3,1,2,1,1,1,2,2,2,2,1,0,1,2,2,1,8,9,2,2,2,1,0,0,0,0,0,0,0,1,3,2,0,1,3,2,0,1,1,0,1,2,0,0,0,0,1,0,2,3,3,1,2,7,32,31,7,0,1,1,1,2,1,1,1,0,0,1,2,1,0,1,1,1,0,0,1,1,0,0,1,2,2,2,1,1,1,2,2,5,7,6,4,2,2,2,0,1,2,1,1,0,0,3,3,2,1,1,1,1,1,0,2,1,1,1,0,1,4,3,2,0,1,1,4,8,3,0,0,0,2,3,4,3,2,0,1,0,0,0,0,0,0,2,4,4,3,2,0,2,1,1,1,0,2,4,2,1,2,1,2,0,3,5,2,2,3,3,0,1,1,0,2,3,2,0,0,0,0,1,11,12,5,1,2,3,2,3,3,3,4,1,0,1,2,2,2,1,1,1,0,1,0,0,1,0,0,2,3,2,0,0,1,2,1,5,6,2,1,0,2,1,1,1,0,3,2,0,1,1,1,0,0,0,0,0,1,0,2,0,1,0,0,3,8,9,4,0
1776752605.4565537,2941,1000.0,932,4,4,2,1,1,1,0,2,1,1,2,2,1,1,3,2,0,2,2,1,1,0,2,2,2,6,51,68,21,1,2,2,3,1,1,2,14,27,33,15,1,1,2,1,0,3,2,2,2,0,1,0,2,0,1,4,3,2,2,2,5,15,94,475,932,814,161,21,7,5,0,2,3,0,3,2,1,1,2,2,2,0,1,1,0,1,2,0,1,1,15,31,18,1,2,2,2,1,1,2,7,10,6,0,1,0,0,2,2,3,2,1,1,1,3,2,0,1,0,1,2,1,1,2,0,1,84,208,262,122,1,2,0,3,2,1,1,0,1,2,1,0,1,0,1,3,2,0,3,2,0,0,2,4,12,13,6,2,2,0,1,3,1,6,8,4,1,1,1,1,1,1,3,4,2,1,2,1,2,3,1,1,0,0,1,2,1,2,1,14,70,67,12,2,0,0,0,0,1,3,2,1,1,0,1,3,1,1,2,2,1,2,1,2,2,5,1,8,6,0,1,1,1,2,1,1,3,1,10,8,1,1,2,2,2,3,3,2,0,0,1,2,1,0,1,2,1,0,2,2,0,1,0,3,16,26,12,0,0,1,2,0,5,4,0,0,2,2,3,3,1,0,0,0,1,1,1,2,2,4,7,9,8,4,2,3,2,1,1,1,1,2,1,0,1,1,0,2,4,4,2,1,0,1,1,1,1,1,2,2,2,0,1,1,0,0,1,18,31,24,4,1,2,2,1,0,1,2,0,1,1,0,1,3,3,2,2,1,0,0,0,1,1,2,1,2,2,2,4,3,1,2,4,3,3,3,2,2,1,3,2,2,2,3,2,2,3,1,3,2,1,1,0,1,1,1,1,1,0,0,4,5,2,0,0,1,1,2,4,3,6,4,1,1,1,1,2,2,2,2,1,1,1,1,1,3,1,4,4,0,3,1,3,2,1,1,2,2,4,4,1,3,3,0,2,2,3,3,2,1,2,1,1,2,2,1,2,3,2,0,1,1,1,1,6,15,15,4,2,2,1,0,3,4,1,1,2,0,0,0,1,0,0,0,1,1,1,1,0,1,1,1,0,2,1,1,2,1,1,4,1,4,5,2,1,1,4,4,1,0,1,2,3,2,1,1,1,1,1,2,2,3,2,1,1,1,1,3,6,5,1,3
1776752605.5650344,2942,1000.0,934,0,4,1,0,1,1,1,1,1,3,2,1,1,1,2,2,1,1,2,1,1,1,1,1,2,4,45,66,38,9,2,1,1,0,1,0,18,31,22,6,1,1,2,2,1,1,1,1,1,1,1,1,0,0,1,1,3,1,1,2,6,10,72,367,934,867,168,26,7,4,3,2,3,1,0,1,1,0,1,0,1,2,1,0,1,1,0,1,2,1,12,35,25,3,1,1,0,1,2,4,6,13,9,0,2,1,0,0,0,2,3,2,1,0,0,0,1,2,1,1,0,1,1,2,2,1,117,248,220,92,0,2,2,1,1,1,2,2,1,0,1,1,3,2,2,1,1,2,1,1,1,2,3,8,9,4,2,0,1,1,1,2,1,8,10,3,1,0,0,0,0,1,1,0,1,1,0,0,1,1,0,0,0,0,1,2,2,0,4,13,63,69,36,5,3,1,0,0,0,2,0,0,1,1,3,3,2,1,1,4,3,2,2,1,1,2,1,3,5,3,0,1,2,1,1,4,5,1,9,8,1,2,1,1,0,0,1,0,1,1,1,1,0,2,2,2,3,0,1,0,1,0,1,1,14,26,11,2,2,3,2,1,3,6,4,1,0,1,1,1,1,2,3,1,1,0,0,0,0,0,5,10,7,2,2,3,1,0,1,3,4,1,4,2,1,2,3,2,2,2,2,1,2,2,1,1,1,2,2,1,1,2,1,1,2,0,9,34,31,7,1,1,2,2,1,1,2,0,2,2,2,0,2,0,1,1,2,0,1,0,1,0,1,1,0,2,2,3,2,0,1,1,3,1,3,3,1,0,1,0,0,1,3,1,3,4,0,1,2,3,3,3,3,1,0,2,1,0,1,2,0,4,5,2,0,0,1,0,5,10,6,2,0,2,3,2,2,1,0,0,1,2,0,1,1,1,1,1,5,6,2,2,1,2,3,0,2,3,4,2,0,1,2,2,1,1,1,3,0,2,1,0,1,2,2,2,1,2,1,1,2,2,0,3,9,14,11,3,2,2,1,0,1,5,6,2,2,0,2,3,3,2,0,1,1,2,2,0,1,1,0,3,4,3,1,1,2,0,0,0,3,4,2,0,0,1,0,1,2,4,5,2,1,2,2,1,0,0,0,2,2,1,1,1,1,2,0,6,11,6,2,2
1776752605.6740184,2943,1000.0,934,0,3,2,1,1,1,0,1,0,2,2,2,2,0,0,0,1,1,1,2,1,2,2,1,2,3,25,56,60,17,1,3,2,1,3,4,22,32,11,3,0,2,2,0,1,0,0,2,1,1,1,1,2,4,2,0,0,2,0,3,4,10,45,263,934,901,175,25,8,5,2,0,1,2,1,1,0,1,1,3,4,1,1,1,1,2,1,1,3,10,30,29,14,1,1,3,1,1,1,1,6,14,12,3,1,3,3,2,0,1,1,2,1,0,1,1,0,1,2,1,0,1,0,0,1,2,141,279,176,56,2,1,1,0,2,3,2,1,0,1,1,1,0,2,3,3,1,1,3,2,2,2,2,8,10,5,4,1,1,1,1,2,4,7,7,3,1,1,2,1,0,2,4,0,2,1,0,1,0,1,1,2,1,1,1,0,0,1,3,9,44,72,57,9,3,2,3,3,2,2,3,3,3,1,1,0,1,1,3,1,1,1,0,0,0,1,1,5,8,3,2,2,0,1,1,1,1,4,11,7,0,2,2,2,3,1,1,2,0,0,1,2,1,2,2,1,1,0,1,0,1,2,3,12,22,20,10,2,1,1,0,3,4,0,3,1,0,1,2,0,0,1,2,2,2,2,1,0,0,1,7,8,2,2,0,1,2,2,2,2,2,2,1,1,1,1,1,2,5,6,1,1,1,0,1,2,3,2,2,2,1,0,0,0,3,4,6,31,33,17,2,1,0,0,1,2,2,1,0,0,2,2,2,1,1,1,1,2,1,1,1,1,0,0,0,1,1,1,2,1,2,3,2,2,4,5,3,0,1,1,1,1,1,2,0,0,1,2,1,0,0,1,1,0,0,1,0,0,0,1,1,0,2,0,1,2,1,1,1,1,4,2,0,1,2,2,2,1,1,0,0,2,2,1,1,1,1,6,5,2,2,2,2,2,2,0,1,2,3,2,0,1,1,2,2,3,4,3,1,0,1,1,1,1,1,1,1,0,1,1,1,0,1,2,15,14,3,1,2,1,2,2,5,6,3,0,1,0,2,3,0,1,1,1,2,2,0,1,1,0,1,3,3,1,0,1,2,3,3,2,4,4,2,0,0,2,2,1,1,1,3,0,1,1,1,1,0,2,3,2,1,0,0,1,1,0,0,2,6,7,3,0
1776752605.7812839,2944,1000.0,934,0,1,2,3,0,0,2,1,1,1,0,0,0,1,1,1,1,0,1,2,0,1,1,2,2,1,16,55,64,16,3,2,2,1,1,1,20,33,18,5,2,2,1,2,1,1,1,0,2,4,4,2,1,0,1,1,0,2,1,3,5,7,31,195,934,918,179,26,8,4,2,1,2,1,1,0,1,0,2,2,3,2,0,0,0,0,0,1,1,15,34,21,5,4,3,2,1,3,1,1,5,12,10,3,0,2,3,2,2,3,4,4,2,2,3,1,0,1,2,2,1,1,0,0,0,2,152,295,145,14,1,0,1,1,0,0,0,2,2,1,1,0,2,3,1,0,1,1,0,1,1,1,1,0,7,10,1,1,2,3,2,0,0,4,8,5,1,1,1,0,1,2,2,1,1,1,0,1,0,0,1,1,1,2,1,1,1,1,1,5,16,72,68,13,1,0,0,0,0,0,0,1,1,0,1,1,1,1,1,1,0,1,1,1,0,0,3,7,3,1,1,2,1,0,1,2,4,7,8,5,3,1,0,1,1,0,0,1,3,1,0,1,0,0,1,1,0,2,2,1,1,1,1,13,26,12,2,1,0,0,2,2,4,3,2,2,3,2,0,1,1,2,2,1,1,0,1,1,3,0,2,7,8,1,1,1,0,0,0,1,1,0,1,3,2,0,1,2,2,2,2,2,1,2,4,4,1,2,1,1,1,1,2,2,2,1,3,11,33,32,7,2,1,0,1,1,0,0,1,2,0,1,1,1,1,0,0,1,1,0,0,1,2,2,1,1,0,1,1,1,0,0,3,5,4,4,3,3,4,1,2,3,2,0,2,2,1,3,5,3,1,0,1,0,0,1,1,1,1,1,1,3,1,0,2,2,2,4,3,7,4,1,0,0,0,1,2,0,1,1,1,1,2,0,1,2,0,0,4,6,1,2,0,1,0,0,3,5,5,3,1,0,3,3,0,1,1,2,1,2,4,3,1,0,1,0,1,1,1,2,2,0,2,4,4,13,12,2,1,3,4,2,1,5,5,3,1,0,0,0,1,1,0,0,2,2,1,0,0,2,2,2,2,0,1,1,0,1,0,4,7,6,3,2,3,3,0,0,0,0,3,2,3,1,3,3,4,2,1,0,0,3,3,1,1,2,4,7,9,5,0,1
1776752605.9984252,2945,1000.0,934,3,3,1,1,1,0,0,1,1,1,1,3,3,2,0,1,2,2,1,1,2,1,0,2,1,8,49,64,29,7,2,2,0,3,3,1,10,24,31,11,0,1,3,2,0,1,1,2,1,0,1,1,1,1,0,3,3,1,0,3,3,9,34,211,934,918,180,26,6,5,2,2,2,0,2,2,1,2,3,2,2,2,1,2,0,3,3,1,0,3,16,34,21,2,1,0,1,0,1,3,8,9,6,4,1,1,3,3,0,3,5,3,1,1,1,0,1,0,1,2,2,1,1,1,1,1,150,293,153,29,2,3,3,2,0,1,1,2,2,1,1,2,3,3,1,0,1,2,1,0,1,1,2,10,13,4,4,0,2,2,3,2,2,4,5,4,3,2,2,1,0,0,1,4,2,1,2,0,2,2,0,0,0,1,2,3,4,1,1,5,24,74,69,14,1,2,2,1,1,0,0,1,0,0,0,2,2,1,1,2,3,1,1,0,2,1,0,3,10,7,0,0,1,1,2,1,3,6,6,5,4,4,2,1,1,1,1,1,2,3,1,1,1,2,1,0,0,1,3,1,1,2,1,14,27,17,5,0,1,2,0,1,3,4,3,1,1,0,0,0,1,0,1,1,0,0,1,2,2,3,8,8,2,5,3,1,0,0,1,1,0,0,0,0,0,0,0,1,1,3,5,2,4,3,0,2,2,1,2,1,1,1,2,0,2,2,4,17,35,29,5,1,0,1,2,2,1,0,1,0,1,2,1,1,2,1,0,1,1,0,0,0,0,0,2,2,1,1,1,1,0,0,1,2,3,5,6,3,2,1,0,0,2,1,1,1,2,1,1,4,3,2,0,1,1,1,1,2,1,1,0,1,3,2,0,0,2,3,4,7,8,3,2,2,0,2,2,0,0,0,1,2,2,1,2,1,1,5,5,1,1,1,1,1,1,2,3,3,2,2,2,1,0,1,1,0,1,2,2,2,0,1,0,0,1,1,0,1,2,1,2,4,4,4,12,14,8,1,1,2,2,2,3,4,4,3,1,0,1,1,1,0,0,1,2,1,1,0,0,0,1,1,3,2,1,0,0,1,2,4,3,2,2,1,3,3,2,2,2,5,4,1,0,0,1,3,3,2,1,1,1,2,1,1,1,1,1,5,8,5,3,3
1776752606.1081462,2946,1000.0,932,3,1,3,2,1,2,1,1,0,1,2,2,2,1,1,2,2,0,1,3,2,1,0,1,3,3,44,64,39,9,1,2,1,0,1,1,8,25,32,10,1,0,0,1,1,0,0,1,2,2,0,0,1,0,1,1,2,0,3,0,6,9,55,298,932,892,175,24,10,1,4,2,2,2,4,2,0,1,3,3,0,2,0,1,1,0,0,1,1,9,26,27,14,0,2,2,1,2,3,4,13,10,3,1,1,0,0,0,2,2,2,1,1,3,1,1,0,1,0,1,1,0,2,3,2,1,136,272,189,69,1,0,2,1,2,4,2,0,0,0,1,0,2,1,0,0,1,2,2,2,2,1,0,6,13,11,2,0,0,0,1,2,2,1,6,6,1,2,2,1,1,0,0,1,2,2,2,2,1,1,1,1,0,1,0,1,1,1,4,10,51,72,51,8,3,2,1,0,0,1,1,0,1,1,0,2,1,0,0,0,1,2,2,2,2,1,3,8,5,1,1,1,2,2,0,3,6,9,10,5,1,0,0,0,1,1,0,0,0,0,0,1,2,2,1,1,2,2,2,1,1,0,2,10,21,26,12,0,0,1,2,3,6,5,1,1,1,1,1,0,2,2,2,0,0,0,0,0,0,1,2,10,9,2,2,2,1,2,3,2,2,2,1,0,1,2,1,1,1,0,2,0,0,0,3,3,0,2,2,1,1,2,1,1,1,2,7,31,31,11,1,0,2,2,1,2,1,1,1,1,1,1,1,3,3,2,1,0,0,0,1,0,1,1,2,0,0,1,1,1,1,2,2,2,2,4,3,2,2,1,1,1,1,1,0,1,0,1,2,1,0,0,1,0,1,0,2,3,2,2,3,1,1,1,1,1,1,3,3,4,4,2,2,1,1,0,0,1,2,1,1,0,1,1,0,0,0,2,5,4,1,0,0,0,2,1,1,3,5,2,1,1,0,0,0,1,2,3,0,1,0,0,1,1,3,3,2,2,2,2,2,3,4,2,12,11,1,1,0,2,2,3,5,6,4,1,1,2,2,1,1,1,1,0,1,1,1,1,2,1,0,3,3,1,0,0,1,1,3,5,3,2,4,2,1,0,0,1,1,2,5,3,0,2,2,0,1,2,0,1,2,3,2,3,5,5,2,3,7,10,6,2
1776752606.2175071,2947,1000.0,930,6,3,0,1,2,1,1,1,1,2,1,0,2,1,2,3,0,4,4,3,1,0,0,0,0,1,11,54,67,20,0,2,0,1,1,3,22,33,23,6,1,0,1,1,0,1,1,2,1,2,1,0,0,0,1,0,1,0,2,0,6,12,79,404,930,849,163,25,8,3,1,2,1,1,1,1,3,1,1,2,3,3,4,3,1,0,1,0,0,13,32,22,6,0,1,1,0,0,0,2,9,8,5,0,1,1,1,1,2,4,3,3,2,1,3,2,0,2,3,3,3,1,0,0,0,0,106,233,232,100,3,3,2,1,0,1,2,1,1,1,1,2,2,1,0,1,2,2,1,1,0,1,2,7,11,11,4,2,1,2,1,0,0,1,4,6,2,2,3,0,1,2,2,1,0,1,1,1,2,0,1,1,2,3,2,0,0,0,3,14,68,69,26,4,3,2,0,0,2,3,1,1,0,0,1,1,0,1,2,1,1,1,1,0,0,0,2,5,7,4,0,0,0,1,1,3,1,11,7,1,2,2,1,1,2,1,1,1,2,2,0,1,1,0,0,1,2,1,1,0,1,1,0,0,14,27,12,1,0,1,0,2,2,3,1,3,1,1,1,1,1,0,0,0,1,1,1,1,2,4,8,9,4,3,2,1,2,3,3,1,0,1,3,1,0,1,1,2,2,3,3,2,1,1,2,0,0,1,0,2,2,1,1,2,1,2,6,29,28,13,2,1,0,1,0,1,1,0,2,3,3,3,2,1,2,1,0,1,2,3,2,1,1,2,3,3,0,2,1,2,2,1,2,5,4,6,5,3,3,0,2,0,0,2,1,2,3,1,0,0,1,2,1,2,1,1,0,1,1,1,1,4,5,5,3,2,1,1,3,7,7,2,1,2,2,2,3,1,0,0,0,1,2,1,0,0,0,3,7,3,0,3,3,2,0,2,1,1,3,3,2,1,2,0,2,2,8,5,0,1,1,1,1,2,1,1,2,2,1,1,1,2,2,3,5,14,13,2,1,1,0,0,1,2,2,0,1,1,0,0,0,1,1,1,2,1,1,2,1,0,0,2,2,3,4,3,3,2,1,2,4,0,5,4,1,1,2,2,0,1,2,0,0,1,2,2,1,1,1,1,1,0,0,0,2,3,2,5,7,3,1,0
1776752606.3251123,2948,1000.0,928,7,4,1,1,0,0,2,2,1,1,0,2,2,1,0,0,0,2,3,2,1,1,0,1,0,3,31,60,58,16,2,1,1,0,2,2,24,37,13,2,2,2,1,0,1,1,1,1,1,1,1,1,1,1,2,0,1,3,2,1,5,17,102,510,928,793,154,23,7,3,3,0,0,2,0,1,1,1,0,1,2,0,2,1,0,0,1,2,1,5,18,32,20,3,3,2,1,1,1,3,4,9,7,2,1,1,0,1,2,1,1,0,1,0,1,0,3,2,2,2,2,1,2,2,0,1,71,194,270,125,2,0,1,1,0,1,3,2,0,1,1,0,0,0,0,1,0,0,1,1,0,1,4,13,13,3,3,2,0,0,2,4,3,4,6,5,1,2,1,2,3,2,2,2,2,3,1,0,1,2,1,2,3,3,2,0,2,3,3,13,72,72,16,2,2,1,0,1,1,1,2,2,2,1,0,0,1,2,1,2,4,1,0,0,2,3,4,7,8,5,4,2,2,1,3,2,2,10,8,2,1,0,0,1,2,2,2,1,0,0,1,0,2,3,1,1,2,2,2,1,1,1,1,6,20,25,10,1,0,0,1,2,5,2,2,1,1,1,1,2,2,0,1,2,2,0,2,1,2,3,3,8,9,2,2,1,0,0,0,0,0,1,2,1,2,1,2,3,2,3,1,1,1,2,2,1,1,1,1,2,2,1,0,1,1,0,3,15,33,30,5,0,0,1,3,2,1,0,2,2,1,2,2,0,0,2,3,1,0,0,1,2,1,0,0,1,1,2,1,1,2,0,3,2,2,5,4,2,0,3,3,3,2,1,1,1,2,1,1,2,1,1,2,1,1,0,2,2,1,1,3,4,2,2,1,2,3,0,1,6,7,3,2,1,0,1,1,1,1,0,1,1,2,2,1,0,1,3,5,5,2,1,0,0,1,2,1,1,3,2,1,0,2,2,2,1,3,4,1,0,0,0,0,1,2,2,1,1,2,2,0,0,1,2,9,16,12,2,3,2,1,3,4,4,0,2,2,1,1,2,1,1,2,2,1,1,2,0,1,1,1,2,2,1,2,1,0,0,1,1,4,2,3,2,2,1,1,0,2,3,3,2,2,1,0,1,1,2,2,0,0,0,2,4,2,3,3,1,4,8,3,2
1776752606.4340441,2949,1000.0,926,7,4,3,2,0,0,0,0,1,2,2,1,1,1,1,1,1,1,2,4,4,2,0,0,1,6,51,67,27,4,1,0,1,1,1,3,19,31,22,6,0,0,0,1,1,1,2,0,1,1,1,3,2,2,2,2,1,1,1,4,5,18,125,614,926,719,142,19,7,2,1,2,3,2,1,3,2,2,1,1,2,2,3,2,0,0,1,2,0,6,19,34,20,1,1,0,1,1,3,3,3,13,9,1,0,0,0,3,3,1,1,1,0,0,1,1,0,3,3,2,1,1,0,0,1,2,29,161,293,142,2,1,1,1,0,3,3,1,0,1,3,1,0,2,1,1,0,0,1,2,2,2,1,3,8,9,4,2,1,1,2,2,0,4,7,5,2,2,2,1,1,1,0,0,1,0,1,1,1,0,2,1,1,1,0,1,2,3,2,13,64,69,33,3,3,1,0,1,3,1,2,1,2,2,1,0,1,1,2,3,1,1,1,2,3,1,3,8,4,2,1,2,1,1,3,2,2,10,8,0,2,2,3,2,2,3,3,2,1,2,2,1,1,0,0,0,1,2,1,1,2,2,2,15,27,15,3,2,2,2,1,1,3,2,3,1,2,1,1,0,0,1,2,1,1,2,1,0,2,3,5,6,5,3,1,1,2,2,4,2,0,1,1,1,2,3,1,0,2,3,0,0,1,2,1,0,1,1,1,1,0,1,3,3,2,1,0,10,31,29,5,1,0,1,0,1,0,0,0,1,1,0,0,1,1,0,2,2,0,0,1,1,3,3,3,2,1,1,2,2,1,4,7,3,3,6,3,1,1,1,2,2,1,1,0,0,2,2,0,0,2,3,2,1,0,2,2,0,0,1,3,5,3,0,1,1,2,3,2,5,5,2,0,1,2,2,1,2,0,0,2,2,0,0,2,1,1,1,3,3,1,1,2,2,0,1,2,3,4,2,1,2,0,2,2,1,0,2,1,0,1,1,1,0,0,1,1,1,1,2,3,1,0,5,16,13,2,2,1,2,3,1,0,3,5,2,0,0,0,1,2,1,1,1,1,2,0,2,2,2,0,2,1,2,1,0,2,2,0,4,6,4,2,0,1,0,0,1,0,2,2,0,2,2,1,1,1,1,1,1,0,1,2,3,2,1,1,3,8,4,2,2
1776752606.5408185,2950,1000.0,928,6,3,3,1,0,2,0,1,1,1,0,1,1,1,1,1,1,2,1,1,0,1,1,0,2,5,49,68,32,6,1,0,1,0,1,1,10,26,32,11,1,1,2,2,2,0,0,0,1,0,0,0,2,2,1,2,1,0,1,3,7,20,145,710,928,631,124,16,8,1,4,1,2,1,0,1,0,1,1,0,3,6,4,1,1,0,1,0,2,15,34,24,8,2,2,0,1,2,2,2,6,12,8,1,0,2,4,2,0,2,1,1,1,0,0,0,1,3,2,1,1,1,1,2,1,0,17,155,294,142,1,1,2,3,0,2,2,2,2,1,1,1,1,3,4,2,1,2,1,1,1,2,2,3,10,11,2,2,2,0,1,1,2,6,8,5,1,1,0,0,0,1,2,2,2,0,1,2,1,1,2,0,1,1,0,1,2,2,1,11,44,72,60,13,1,1,1,1,2,2,1,1,1,1,0,0,0,0,1,2,1,2,2,0,0,0,1,2,8,5,0,2,2,1,2,2,4,9,5,2,3,1,1,0,2,1,1,2,1,2,0,0,1,1,1,0,1,1,1,1,1,0,2,15,26,14,4,1,0,1,1,2,3,3,1,1,2,0,0,1,1,1,1,0,0,1,1,1,1,1,7,12,7,2,1,1,0,2,2,1,0,1,0,1,1,1,1,0,1,1,2,0,0,1,1,2,1,0,1,1,1,0,0,1,1,1,6,28,33,17,5,1,0,1,1,1,1,0,0,1,2,1,1,1,0,0,2,3,1,1,2,1,0,1,3,4,3,1,1,2,1,0,2,3,4,6,2,0,1,2,1,1,1,1,1,0,0,0,0,1,0,1,1,1,1,1,0,0,1,0,1,3,5,2,2,1,0,1,2,5,8,3,0,1,0,0,1,2,1,1,2,1,1,2,2,0,2,4,6,6,1,1,1,2,1,3,2,2,4,3,2,2,3,2,1,1,3,2,1,1,1,0,0,0,2,2,1,1,1,1,1,0,1,2,8,16,13,3,1,1,0,0,4,5,2,1,2,2,1,0,0,1,2,2,0,2,2,2,2,1,2,2,1,2,1,1,1,0,1,4,5,4,2,0,1,2,2,2,3,2,3,2,2,1,2,1,0,1,2,2,1,1,1,1,0,0,0,4,9,5,1,2
1776752606.7598882,2951,1000.0,923,10,6,2,1,1,1,1,0,1,0,0,1,1,1,0,1,4,3,2,2,2,1,1,2,0,4,29,57,58,16,2,0,0,1,1,1,2,24,36,13,0,0,1,0,1,1,2,3,2,1,1,2,2,1,0,2,2,1,2,3,8,23,162,790,923,525,97,17,6,4,0,3,3,1,0,1,1,2,1,1,2,0,1,3,1,1,0,1,1,12,31,24,7,2,1,0,2,1,1,4,8,10,5,1,1,2,0,1,1,1,1,1,1,1,2,2,1,1,2,0,1,2,2,2,2,0,62,184,277,132,2,2,2,3,2,1,1,0,0,1,1,2,2,0,1,2,3,1,0,1,1,2,0,9,12,4,0,0,1,0,1,1,3,7,7,4,2,0,1,1,1,1,2,1,3,2,0,1,2,1,0,1,1,2,3,2,2,2,3,2,19,74,69,11,3,1,1,0,1,2,0,1,1,0,0,1,1,0,0,1,0,0,1,1,0,1,1,4,5,2,0,0,1,0,0,0,3,8,7,2,0,0,0,0,0,1,0,1,1,1,0,1,1,1,1,2,1,1,1,0,2,3,3,11,22,23,10,1,1,1,0,2,5,3,2,1,0,0,0,1,0,1,2,1,1,1,1,1,0,3,5,8,10,2,1,0,0,1,0,1,2,1,2,2,1,0,0,1,0,3,1,1,0,0,0,0,0,0,2,0,1,1,1,0,1,2,7,33,30,6,2,1,1,1,2,2,0,1,1,3,3,1,1,2,3,2,2,2,1,0,0,0,2,3,1,1,1,2,2,0,1,0,2,2,4,7,4,0,1,0,1,1,1,1,1,2,2,1,0,0,2,2,1,1,1,2,2,0,0,0,2,5,4,0,1,1,2,3,3,6,5,2,2,3,3,3,0,3,3,1,0,2,1,2,1,1,2,5,7,5,2,2,0,1,0,1,1,1,2,0,3,2,0,1,1,4,1,3,1,0,2,2,1,0,2,3,1,0,0,1,2,1,0,2,11,16,11,3,1,2,3,1,1,5,4,0,2,1,1,1,1,2,1,1,1,2,1,1,1,1,1,1,2,3,2,0,1,1,1,1,3,4,0,3,2,1,1,2,3,4,3,0,1,1,0,0,0,1,2,3,2,2,0,0,1,2,1,0,4,7,3,0
1776752606.8704076,2952,1000.0,920,11,7,2,2,0,2,2,1,1,2,1,1,0,1,1,0,0,1,3,3,2,2,3,2,1,2,4,51,69,22,2,4,1,1,1,3,11,24,31,10,3,3,4,2,0,0,0,1,0,0,1,1,3,2,2,0,1,0,3,2,7,26,174,852,920,417,77,15,4,2,1,3,2,2,0,1,0,2,1,0,1,2,0,0,1,0,1,1,2,3,20,36,22,3,2,2,1,1,0,2,10,11,4,1,0,0,0,1,0,1,2,2,0,0,0,2,3,2,0,1,1,1,1,1,1,0,100,224,242,109,2,3,1,0,0,0,0,0,1,2,2,1,0,0,0,0,0,1,0,1,0,2,3,7,9,7,1,1,1,2,1,0,1,6,7,1,0,0,1,1,1,0,1,2,1,1,1,1,0,1,2,1,2,2,2,2,2,1,1,5,25,73,67,12,1,0,1,1,1,0,1,2,2,0,2,3,1,0,2,3,1,1,2,1,1,2,4,8,5,1,0,0,1,0,1,1,3,9,7,2,1,1,2,2,1,1,2,1,2,3,1,1,0,0,0,0,1,1,0,0,0,0,0,1,15,27,12,1,2,3,2,0,4,4,1,1,2,1,0,2,2,0,2,1,1,1,1,1,0,0,6,8,2,0,2,1,1,2,1,2,3,2,2,1,0,0,1,2,4,4,3,1,1,2,2,2,1,0,0,1,2,1,1,2,2,1,4,20,33,28,7,1,0,2,2,2,3,1,0,2,1,0,1,0,2,1,2,1,0,0,1,1,2,1,1,0,0,1,1,1,0,1,0,2,2,6,5,3,4,3,1,1,1,1,0,0,1,1,0,0,0,1,2,1,0,0,1,1,1,1,2,2,2,1,3,3,2,1,2,6,8,4,2,1,1,1,3,3,1,1,2,1,0,2,1,0,1,1,4,5,1,1,2,0,0,1,2,1,1,2,2,2,3,2,2,1,2,2,0,2,1,0,1,1,0,1,1,2,3,2,2,1,1,3,15,14,4,0,0,0,0,0,3,4,3,1,1,0,0,1,2,2,1,2,2,1,1,2,2,1,0,1,3,2,1,1,1,3,1,1,3,2,3,4,2,1,1,1,2,3,2,2,0,1,1,0,1,1,1,1,1,1,1,1,2,1,1,4,8,4,2,2
1776752606.9790816,2953,1000.0,921,10,4,2,1,0,2,2,3,1,0,1,2,1,0,1,1,1,0,0,2,1,3,2,2,2,4,33,58,55,17,1,2,2,3,3,2,18,30,23,7,3,1,0,2,2,1,0,1,1,1,2,0,0,0,2,0,1,4,2,3,9,26,184,899,921,310,55,12,4,3,2,1,3,1,1,0,2,0,0,0,1,0,0,2,2,1,1,2,3,6,19,33,20,1,0,1,2,2,1,3,11,9,1,2,2,2,0,1,0,2,3,1,3,1,1,1,1,2,2,1,1,2,2,1,0,2,129,262,199,76,1,1,2,2,0,1,1,1,3,3,2,2,1,1,0,1,1,1,1,1,1,0,3,2,9,13,7,3,2,3,2,1,0,4,6,0,2,1,0,1,2,0,1,1,0,1,2,2,1,0,1,0,0,0,1,2,2,2,2,9,50,72,54,10,1,1,0,0,1,0,2,1,2,3,3,3,0,1,1,1,1,1,3,2,1,0,1,2,9,7,3,2,3,1,1,2,2,9,8,2,1,3,3,0,0,0,0,1,1,1,1,0,0,0,1,2,1,1,1,1,0,1,1,6,17,26,13,1,1,2,1,1,3,0,3,1,2,1,2,1,1,2,1,0,1,1,2,1,0,1,5,8,6,1,1,0,2,2,2,1,1,1,0,0,0,2,0,1,0,1,1,1,1,0,1,1,1,3,3,1,1,0,1,0,1,1,1,10,36,32,4,1,1,2,1,1,1,3,2,1,1,1,1,1,0,1,1,1,1,0,2,1,0,2,1,1,1,1,1,0,0,2,3,5,3,4,3,1,1,0,2,1,2,1,0,1,0,0,0,1,1,2,1,0,0,0,0,0,0,1,1,1,1,0,0,1,0,2,1,5,3,0,0,1,1,1,1,1,1,3,3,1,0,1,2,2,1,3,6,4,1,1,1,1,0,1,2,2,3,1,1,1,1,2,2,3,4,1,1,2,1,0,1,1,1,0,1,0,1,2,0,1,0,2,6,13,11,2,0,1,0,3,6,7,4,1,1,1,0,0,0,0,1,2,2,1,1,0,2,3,1,2,2,1,0,1,0,0,0,1,4,3,0,1,0,0,0,0,1,3,2,0,0,1,1,0,0,0,1,2,2,1,1,0,1,1,1,2,7,8,3,0
1776752607.0890286,2954,984.375,927,11,5,1,0,0,2,1,1,3,2,2,3,2,3,2,0,2,2,1,2,0,2,2,1,1,5,50,66,22,4,1,2,4,4,4,2,20,31,9,2,2,1,1,0,2,4,4,3,2,1,2,2,1,2,0,1,3,0,3,2,8,27,192,927,917,215,35,9,4,3,1,1,1,3,3,2,1,1,0,1,2,1,2,1,2,2,2,1,0,14,35,25,8,2,1,1,2,2,2,5,13,10,1,0,0,1,3,1,3,4,3,1,0,0,2,0,1,1,1,0,2,3,1,0,1,0,149,291,157,36,0,2,1,0,0,0,1,2,2,0,0,1,1,1,1,4,3,2,3,3,1,1,1,7,11,7,0,3,1,0,1,2,2,6,7,2,1,0,0,2,2,1,2,2,2,2,2,1,1,1,3,4,1,0,2,1,0,0,1,15,66,69,31,5,3,2,0,1,1,1,2,0,1,1,1,1,1,1,1,0,2,2,3,3,2,1,3,7,6,3,0,1,2,2,0,0,2,7,5,1,1,2,2,2,2,0,0,0,2,2,1,0,0,2,3,1,0,1,1,1,1,1,1,14,26,19,6,2,1,0,1,0,1,3,2,1,1,2,1,1,2,2,2,1,1,2,2,0,2,2,6,9,8,1,0,1,1,2,1,0,0,1,1,1,1,0,0,0,1,3,4,3,1,0,0,0,0,1,1,3,2,2,2,1,0,2,6,27,32,20,3,1,1,1,0,1,0,1,2,2,2,1,1,0,0,0,1,1,2,3,3,0,3,3,3,2,2,2,1,0,1,0,1,4,6,6,3,1,1,1,0,1,0,1,1,0,0,1,2,2,0,0,1,1,0,0,0,0,0,0,1,1,1,1,2,2,1,0,1,5,8,5,1,2,2,0,2,2,1,0,0,1,0,0,1,1,0,2,5,4,1,1,0,1,0,0,0,1,1,0,0,0,0,1,1,1,2,4,2,1,0,1,2,0,2,3,2,1,1,0,1,0,0,3,8,10,7,2,0,2,2,1,0,2,3,0,0,1,1,0,2,2,1,2,2,0,1,2,1,1,1,1,4,3,0,1,1,1,1,2,3,1,2,1,0,0,3,3,1,1,5,4,1,1,0,0,1,3,3,2,2,0,0,1,1,1,2,1,5,8,4,1
1776752607.1966696,2955,984.375,933,12,6,0,1,0,0,1,2,2,2,2,2,1,0,0,0,1,3,2,1,2,2,1,0,0,6,46,64,37,10,2,1,1,1,2,4,23,35,21,5,1,0,0,2,1,1,1,0,0,1,1,1,1,2,0,1,1,2,3,4,9,26,192,933,919,180,26,7,4,1,3,1,1,1,0,1,0,0,1,2,4,3,1,4,1,0,0,2,0,10,28,24,12,2,2,2,2,0,1,2,10,8,2,1,1,1,1,3,1,1,1,1,1,1,1,1,2,2,1,1,1,1,1,2,2,2,154,295,143,4,2,1,2,3,1,0,0,2,3,1,1,2,2,1,2,1,1,1,2,1,1,2,0,9,11,5,2,2,1,1,0,2,3,6,8,4,1,1,2,2,0,2,3,3,1,1,1,3,1,0,1,1,0,1,0,0,0,1,2,15,72,69,13,1,1,2,2,1,1,0,2,2,0,1,3,2,1,0,0,0,1,3,2,0,1,0,1,5,6,4,2,2,4,3,1,0,2,9,8,3,1,0,1,2,2,0,3,2,1,1,2,1,0,0,0,1,0,0,0,1,3,2,0,15,27,13,0,0,1,1,1,1,4,5,3,2,1,1,1,1,1,2,2,2,2,1,1,0,1,0,6,7,1,2,1,1,2,2,1,2,4,4,2,1,1,2,1,0,2,3,2,1,1,2,3,1,2,3,2,0,1,0,0,2,2,0,6,33,32,6,2,0,0,1,1,2,3,1,0,1,3,2,1,0,1,2,3,2,1,1,1,0,1,2,3,3,2,1,1,1,2,2,1,0,2,2,0,1,1,2,2,1,1,1,1,1,1,0,1,2,4,2,2,1,1,1,1,0,1,1,1,3,1,1,2,0,0,0,1,5,4,2,2,1,1,0,1,1,1,2,2,0,2,1,0,1,2,7,7,4,1,0,1,1,1,0,2,2,2,1,0,0,1,1,1,3,2,3,3,0,2,1,0,1,0,1,1,0,1,1,2,1,1,3,14,14,3,1,1,0,1,0,4,4,1,1,0,1,0,0,1,1,1,0,0,0,2,2,1,1,2,4,3,0,0,1,1,2,1,3,3,4,2,0,0,0,0,0,0,4,5,1,0,1,2,2,1,2,2,1,0,0,0,0,0,2,1,4,6,2,1,0
1776752607.306378,2956,984.375,922,11,5,1,2,2,1,1,1,1,1,1,0,2,3,2,1,1,2,2,2,1,0,1,1,1,2,21,56,64,19,1,1,1,2,1,2,14,29,32,11,2,1,1,3,3,1,1,2,1,1,1,2,1,1,1,1,1,1,2,3,8,26,190,922,921,232,34,12,3,2,2,1,1,1,0,1,1,0,0,1,4,4,1,1,1,1,1,0,1,1,14,33,19,0,1,2,2,1,1,2,9,10,5,1,0,0,1,3,4,2,0,1,2,2,1,0,1,0,0,1,1,1,0,1,2,1,145,285,165,44,3,2,2,3,1,1,0,0,1,1,0,0,0,1,2,2,1,2,1,1,1,0,0,2,9,13,5,2,1,1,3,3,1,5,7,4,1,2,2,1,2,0,1,0,0,1,2,3,2,1,3,3,1,1,2,1,1,0,1,15,65,71,37,7,0,0,1,1,0,2,2,1,2,1,0,1,1,1,1,2,2,1,1,2,2,1,0,2,6,4,1,0,1,1,4,2,3,9,7,4,2,0,1,2,3,4,3,2,1,1,1,1,1,2,4,4,1,0,1,1,2,1,1,14,25,22,9,1,0,1,0,0,0,1,1,0,0,1,2,0,0,0,0,1,1,0,1,1,1,2,2,8,9,2,1,1,2,0,0,1,0,0,0,0,0,2,1,2,1,1,1,1,1,1,0,0,1,2,2,1,0,0,1,0,0,0,5,21,31,22,4,1,0,1,1,1,0,1,1,2,0,2,1,1,2,4,2,1,1,1,1,1,0,0,0,1,0,0,0,0,1,3,5,6,7,5,3,1,1,3,3,2,0,2,2,0,2,2,2,1,0,1,1,0,0,0,1,1,0,1,1,3,2,0,0,1,1,0,3,1,5,3,1,2,1,0,1,0,3,3,1,1,2,1,0,0,0,2,5,5,1,0,1,2,1,1,3,4,3,1,1,1,1,1,3,2,1,4,2,0,1,1,1,0,0,1,0,1,1,2,1,0,1,1,5,14,12,3,0,1,1,0,1,4,6,2,2,2,0,1,2,2,1,1,0,0,0,0,1,2,2,1,1,2,1,1,2,2,4,5,6,5,2,0,1,1,1,0,1,4,3,1,3,3,1,0,0,0,1,2,2,1,1,0,0,0,0,2,7,8,2,1
1776752607.523899,2957,1000.0,923,8,4,0,0,1,0,1,2,2,2,1,2,1,2,1,3,3,1,2,3,1,2,1,1,1,1,11,53,69,21,2,0,1,2,1,1,2,24,34,12,0,0,1,2,2,1,1,2,1,2,1,0,0,0,1,1,0,1,3,3,8,25,183,890,923,331,59,13,2,4,4,2,1,3,2,0,0,0,1,0,1,3,1,1,1,1,0,0,1,5,20,33,21,2,1,1,2,1,1,1,8,11,7,1,0,1,2,1,0,1,0,0,1,1,1,1,2,1,1,2,2,2,3,4,4,1,124,258,210,84,2,2,1,1,1,2,2,1,0,0,0,1,1,1,2,1,2,3,1,1,2,1,0,6,11,11,3,2,1,0,1,2,2,3,6,5,3,2,1,1,2,1,2,1,0,0,1,1,1,0,2,2,1,3,4,4,2,3,2,12,43,69,56,11,1,1,1,1,1,3,3,1,0,1,1,0,0,0,1,0,2,2,1,2,3,1,2,7,7,4,0,1,2,2,0,1,2,10,7,2,1,2,2,3,2,1,0,1,1,1,2,3,2,1,1,2,3,2,0,1,2,1,2,6,16,26,13,1,2,1,1,3,3,2,1,0,1,2,1,0,0,1,1,0,1,1,1,1,2,1,8,8,2,0,1,1,2,2,1,1,1,1,1,0,1,0,1,1,1,3,4,3,0,1,1,0,1,1,1,3,4,2,2,2,3,3,0,6,32,29,5,1,1,1,1,1,1,0,1,1,1,1,1,2,1,1,2,2,0,0,1,0,0,1,1,1,0,1,1,2,0,0,0,2,6,3,1,2,1,0,2,2,0,0,0,0,2,3,2,2,0,1,1,1,1,1,0,2,1,0,1,2,4,3,2,2,2,3,1,7,5,1,1,1,1,1,0,0,0,1,1,1,1,1,1,0,1,5,7,4,2,2,1,1,1,0,0,2,3,2,2,2,1,0,0,1,2,4,2,1,2,2,1,0,2,2,1,2,1,1,2,1,1,0,8,14,11,2,0,1,1,2,4,3,2,2,0,2,2,3,3,3,0,1,2,1,0,0,1,1,0,1,0,0,0,0,0,0,0,0,2,3,5,3,1,0,0,1,2,1,2,1,0,1,1,2,3,1,2,2,0,0,0,2,2,2,1,4,7,4,3,2
1776752607.6317623,2958,1000.0,922,8,5,2,3,1,1,1,0,0,2,2,2,2,1,0,0,1,2,1,2,3,1,0,1,2,3,37,61,51,15,0,1,0,1,2,2,7,25,32,11,1,0,0,1,2,2,1,0,1,1,0,1,1,1,0,0,2,2,1,5,6,24,173,840,922,438,82,14,7,0,2,2,3,3,2,2,2,1,0,1,2,4,1,0,1,1,0,1,3,11,34,25,7,0,1,1,1,1,1,0,4,13,11,2,2,3,3,2,3,4,2,1,1,1,0,2,2,2,2,1,0,2,1,3,4,2,91,215,250,112,3,2,2,1,0,0,0,0,1,1,0,1,0,0,3,3,3,3,1,1,0,0,2,10,12,3,2,3,3,2,2,2,2,2,6,7,3,2,3,3,2,2,1,0,1,1,0,2,3,1,1,2,2,1,1,0,1,2,2,3,21,73,68,12,2,1,0,1,3,2,0,1,1,0,1,1,1,2,1,2,2,1,2,0,1,1,3,8,5,1,2,3,3,2,1,3,2,11,9,2,1,2,1,2,1,2,1,0,0,1,3,2,1,1,0,0,0,1,2,2,1,1,2,5,17,28,12,2,3,2,0,1,4,3,1,0,1,1,1,1,1,1,1,1,0,0,1,0,0,2,5,7,6,2,2,2,2,1,1,2,3,1,1,1,1,1,1,0,1,0,2,2,2,1,2,1,0,1,1,0,2,1,2,3,2,0,3,21,29,21,4,1,2,3,2,3,3,2,0,1,0,2,2,2,1,1,1,1,0,1,3,3,3,3,2,2,1,0,0,1,1,0,3,3,5,6,3,0,1,1,0,0,1,2,0,1,0,1,1,1,1,2,1,1,1,0,0,2,2,1,2,4,4,2,0,1,0,1,1,2,6,4,0,1,2,2,3,4,3,1,1,0,1,2,3,4,3,3,7,7,1,0,0,0,0,1,2,2,3,2,1,0,0,0,0,1,3,2,1,0,0,0,1,0,2,3,2,1,1,1,1,1,2,2,13,12,1,0,1,2,2,2,4,3,1,1,2,2,2,4,4,3,1,1,0,1,1,1,1,1,0,2,3,2,1,0,1,0,2,3,4,2,4,2,0,0,0,0,2,4,2,1,1,1,0,0,1,0,1,1,0,0,1,3,4,3,3,5,8,4,1,2
1776752607.7403705,2959,1000.0,925,5,3,1,1,0,1,2,2,1,2,2,2,2,2,1,0,1,2,1,1,0,0,1,2,2,5,50,67,25,2,2,1,2,1,1,1,13,28,26,8,2,2,3,3,2,1,0,1,1,1,1,0,0,2,1,0,0,3,1,2,7,23,157,773,925,546,105,15,6,2,3,1,3,1,2,2,1,1,0,0,1,2,1,0,1,2,2,0,2,12,31,24,10,3,1,1,2,1,1,2,6,13,9,1,0,0,0,1,1,1,2,3,1,2,0,2,2,2,1,1,1,1,1,1,1,1,52,176,282,134,1,0,2,2,2,2,3,2,1,0,0,1,3,2,1,1,1,2,2,1,2,1,1,5,10,11,5,1,0,1,0,0,2,4,7,9,3,1,1,2,3,2,0,2,1,1,2,1,2,1,2,2,1,1,1,1,2,1,1,7,24,74,69,12,1,3,4,1,1,3,4,0,2,2,2,1,1,1,1,1,1,0,1,2,3,0,1,2,8,6,1,0,1,0,1,2,2,6,6,3,1,1,1,3,3,0,0,1,1,0,2,0,0,0,1,3,1,0,0,2,2,1,2,13,25,22,9,2,2,2,1,2,2,4,2,1,3,2,2,1,1,1,1,1,0,1,2,2,2,1,5,9,8,1,1,1,0,1,0,1,2,1,0,1,1,2,2,1,2,4,3,2,1,0,0,1,1,1,1,1,1,0,0,0,3,2,7,33,31,5,0,3,2,0,1,2,3,3,1,0,0,1,2,2,1,1,0,1,2,3,2,1,0,0,2,2,0,0,1,2,0,1,1,1,5,3,1,1,0,2,3,1,1,1,1,1,1,2,3,2,0,1,0,0,1,1,1,1,2,1,4,3,1,1,3,2,1,1,2,5,1,1,2,2,1,2,0,1,1,0,1,0,1,1,0,2,0,4,5,2,2,1,3,3,1,2,2,2,4,4,3,4,3,2,2,3,2,3,3,1,2,2,0,1,1,0,1,1,2,1,0,1,1,3,8,15,13,2,1,1,1,1,3,4,4,2,0,1,1,2,1,1,0,0,0,2,2,1,1,2,2,2,2,1,2,3,1,0,2,3,3,2,3,3,4,2,3,5,3,1,3,2,1,1,1,2,1,1,2,1,0,1,0,1,0,1,0,1,3,6,2,1
1776752607.8495095,2960,1000.0,929,5,2,1,1,2,1,0,1,2,1,1,1,2,1,1,0,1,2,1,0,0,0,1,0,2,5,49,67,27,5,0,1,1,1,2,3,20,30,18,7,1,1,1,2,3,3,2,1,1,1,1,0,0,2,1,1,2,2,1,3,8,18,141,691,929,643,122,18,8,2,0,2,4,3,2,0,0,0,1,1,2,3,0,1,2,0,1,2,1,5,22,34,20,0,1,1,1,0,0,1,8,14,7,2,2,2,1,1,1,1,1,1,1,2,2,2,2,3,2,1,0,0,1,2,2,1,8,155,296,141,1,0,1,1,0,0,2,2,1,1,2,2,0,0,0,1,1,0,0,1,0,0,2,0,7,11,3,1,1,1,0,1,2,2,7,9,3,1,1,0,2,3,2,0,1,1,1,1,0,0,0,0,0,0,0,1,2,2,1,10,47,70,54,10,1,0,2,2,3,4,2,1,1,1,2,1,0,0,1,1,0,0,1,2,2,1,2,7,6,2,0,0,2,1,1,2,5,11,9,2,2,1,0,0,1,2,0,1,0,0,2,2,1,2,4,3,3,2,1,2,1,0,0,15,27,12,0,1,0,0,1,0,3,2,1,0,1,1,2,2,0,2,0,2,1,0,0,2,1,1,6,9,4,2,1,0,1,1,1,0,1,2,0,0,0,1,2,1,2,5,6,2,1,1,0,1,2,3,2,1,2,1,1,1,1,1,6,26,32,18,2,1,1,1,0,1,1,2,1,1,1,1,1,2,3,1,1,1,1,1,0,1,3,2,2,2,0,1,1,0,1,0,3,5,6,5,3,1,2,4,2,1,2,2,3,1,1,2,2,3,2,2,3,1,1,2,2,1,0,1,0,3,6,3,0,1,0,1,1,2,6,5,1,0,0,1,2,2,1,0,1,1,1,1,2,3,3,0,5,6,2,2,1,0,0,1,2,2,2,2,2,0,0,1,2,1,3,3,3,2,0,1,2,2,2,2,2,2,2,1,0,0,0,3,10,14,13,4,0,0,1,1,3,4,2,2,1,1,1,2,2,2,2,1,1,1,1,2,1,1,0,2,2,2,3,2,1,0,2,3,3,3,2,1,0,1,1,1,2,3,1,1,1,1,1,1,1,1,2,1,2,1,1,1,0,0,1,6,8,3,1,0
1776752607.9591079,2961,1000.0,930,5,3,1,1,0,1,1,0,0,1,0,1,0,1,1,2,2,0,1,0,0,1,0,1,1,4,36,61,51,14,2,1,0,2,1,3,23,34,12,0,0,0,0,0,1,2,1,0,0,1,0,0,0,0,0,1,2,2,1,4,7,16,120,595,930,731,141,23,6,2,3,1,1,2,0,0,0,2,2,0,2,2,1,1,2,2,2,1,0,2,14,34,23,3,1,0,1,0,0,1,6,12,8,2,0,1,1,1,0,1,0,1,2,1,1,1,0,0,0,1,2,1,2,1,0,0,36,164,289,138,2,1,2,1,1,1,1,0,1,2,1,0,0,1,2,1,0,0,2,1,1,1,0,7,11,8,2,1,2,1,0,3,3,2,5,6,2,0,1,2,0,3,3,2,2,2,2,2,1,0,0,1,0,2,2,1,0,0,1,15,68,70,29,2,3,1,1,1,1,1,1,1,1,1,0,1,2,1,1,1,1,2,1,2,3,2,2,7,4,3,0,2,1,1,2,0,4,10,7,2,2,1,2,1,1,1,1,1,2,2,2,2,0,2,3,1,0,0,2,2,0,1,1,14,24,16,8,1,0,1,3,3,1,6,4,1,0,1,2,2,0,1,1,1,0,0,0,1,1,2,4,10,9,1,2,0,1,0,0,1,0,0,0,1,1,0,0,0,0,2,4,3,1,1,2,1,2,1,2,2,0,1,0,1,2,1,4,9,33,30,5,0,2,2,3,1,2,1,1,1,2,2,1,2,1,1,0,0,0,1,1,0,1,1,2,2,1,1,1,2,1,1,3,3,5,8,6,1,2,2,1,1,1,1,0,1,2,1,0,1,0,2,1,1,0,0,0,2,1,1,3,2,2,1,0,1,1,0,3,7,4,1,0,1,1,2,2,1,1,0,0,1,1,2,1,1,1,4,4,1,1,1,1,0,0,0,1,1,2,2,1,1,2,1,0,0,2,1,0,0,0,1,1,0,0,0,1,1,0,1,1,1,0,3,12,10,0,1,1,2,4,2,1,4,4,2,1,1,2,1,0,1,0,2,2,0,1,1,0,1,0,1,4,3,1,1,1,1,1,4,5,3,0,1,1,1,1,1,0,2,5,3,1,1,0,1,1,2,2,2,1,0,1,2,1,1,2,3,7,9,4,1
1776752608.0673738,2962,1000.0,929,3,3,1,2,1,1,0,2,3,1,0,1,2,2,1,1,0,2,3,2,2,0,1,0,1,1,6,51,67,20,1,2,0,3,1,1,21,32,16,5,0,0,0,1,3,2,0,1,1,1,1,2,2,2,2,0,1,0,2,4,5,13,98,488,929,803,157,21,7,4,3,1,2,1,1,1,0,2,2,1,1,1,2,2,2,1,1,0,1,8,27,27,15,2,1,1,1,2,1,3,11,11,6,1,1,1,1,1,2,1,0,1,1,0,0,2,2,2,2,0,2,1,0,1,1,0,79,203,266,123,0,2,0,1,2,2,1,1,0,1,3,2,0,0,1,1,2,1,0,0,1,1,1,8,13,8,2,0,0,0,1,1,2,3,3,9,5,2,1,1,1,2,3,4,2,1,1,0,1,0,0,1,1,0,1,1,1,1,4,13,70,69,13,3,1,1,0,1,1,2,1,0,0,0,1,0,1,2,2,1,0,0,1,1,1,1,2,4,9,5,0,1,2,1,1,0,5,11,7,1,3,2,1,0,2,3,1,2,1,1,1,1,1,1,0,0,0,1,0,1,1,1,2,6,18,27,13,2,1,1,1,1,4,3,0,1,0,1,2,2,1,1,0,0,0,0,1,3,2,1,5,7,7,4,1,1,2,1,0,2,3,2,0,1,0,0,0,0,0,1,1,1,2,2,1,1,2,1,1,1,1,1,1,0,1,0,2,16,31,25,5,3,2,1,0,1,1,0,0,1,0,1,2,3,2,1,1,1,0,1,3,2,3,1,1,0,0,0,0,0,1,1,2,1,1,6,5,1,0,1,1,1,2,2,0,0,1,0,0,0,0,1,1,1,2,1,0,1,1,1,2,3,1,1,1,2,2,2,2,6,8,4,1,1,2,3,2,1,1,0,0,0,0,0,1,3,3,0,4,5,3,0,0,2,2,0,0,1,1,0,1,0,1,1,0,0,2,4,3,3,3,2,1,0,0,0,1,2,1,1,1,0,1,2,5,12,11,1,2,0,1,1,1,3,1,1,1,0,2,3,1,1,2,1,2,1,1,0,2,3,3,3,3,0,1,1,0,2,3,1,3,2,3,3,3,2,0,2,2,3,2,2,4,4,2,0,0,2,1,1,2,2,3,1,0,1,2,4,7,7,1,2
1776752608.284155,2963,1000.0,932,2,1,0,0,1,3,2,0,1,0,1,1,1,1,2,2,2,2,3,3,2,1,0,0,1,2,30,58,57,18,0,1,0,1,1,3,13,27,30,11,1,0,0,0,0,0,2,3,1,2,1,1,0,1,3,2,3,1,3,1,5,14,71,378,932,859,166,25,9,3,2,3,3,0,1,1,1,1,0,2,3,1,0,1,1,1,0,2,2,12,33,24,8,2,1,1,0,0,1,6,13,9,2,0,0,0,1,1,4,6,3,1,1,1,1,2,0,1,1,1,2,1,1,1,1,2,115,242,224,95,3,2,2,0,1,3,2,0,0,2,1,0,1,1,1,0,2,2,1,1,1,1,2,0,7,11,4,1,1,0,0,0,1,2,8,10,3,2,0,2,1,2,3,2,2,2,1,1,1,1,1,0,2,3,4,2,1,1,1,15,65,69,32,4,3,1,0,0,3,3,1,0,2,2,1,0,0,1,0,2,2,2,1,0,0,1,2,5,3,2,1,2,2,1,0,2,1,8,8,3,1,0,1,2,3,2,4,5,4,3,3,2,1,0,0,0,1,1,2,2,1,1,1,2,14,27,12,0,0,1,0,1,3,5,3,1,2,2,3,4,3,1,0,1,2,2,2,1,3,3,7,10,7,2,1,2,0,2,2,1,3,3,3,2,2,0,1,1,3,3,2,2,0,0,1,1,1,0,1,2,2,2,2,2,1,1,7,32,31,10,2,0,2,3,3,2,1,1,1,0,1,3,3,2,2,2,2,2,0,1,1,1,1,0,1,0,0,1,0,1,1,1,2,4,2,4,3,1,0,1,0,1,3,1,0,1,2,2,2,2,1,1,2,2,2,2,2,2,1,1,2,3,4,1,1,1,4,3,2,8,6,1,1,0,0,1,1,1,1,0,1,1,2,1,0,0,1,6,6,1,1,0,0,1,2,2,1,3,2,0,1,0,0,1,2,4,4,2,0,0,1,3,2,2,2,2,0,0,0,1,0,0,1,1,7,14,12,3,2,1,1,1,1,3,2,1,1,1,0,1,1,1,2,1,2,2,2,2,0,1,1,1,2,3,1,0,1,1,1,2,1,2,4,1,0,0,0,1,1,2,1,1,1,1,0,2,1,1,2,1,1,1,1,0,1,1,1,5,8,3,1,0
1776752608.39297,2964,1000.0,933,0,1,1,1,2,2,1,2,2,1,1,1,1,1,0,2,2,1,1,1,2,2,2,2,2,6,53,68,23,3,2,2,2,1,0,0,3,24,35,13,0,0,1,1,1,0,0,0,1,2,0,1,0,1,0,1,2,2,2,1,4,12,46,274,933,897,174,25,8,3,3,1,2,3,1,2,1,0,1,2,2,2,2,2,1,1,2,2,1,4,16,32,20,1,1,3,1,1,1,5,11,8,0,0,1,2,1,2,1,0,0,0,0,0,1,0,0,2,1,0,1,1,0,0,1,2,139,276,181,62,1,1,3,2,2,4,3,1,2,1,2,1,0,1,0,0,1,1,1,0,0,1,0,9,13,9,2,2,2,2,2,1,2,2,5,5,1,2,1,1,1,2,0,2,0,1,0,1,1,1,0,0,1,1,0,1,3,1,3,9,46,71,55,10,0,1,1,1,1,4,5,0,1,0,0,0,2,2,2,2,2,0,2,2,0,0,2,6,7,5,1,1,1,1,1,3,6,9,7,4,0,1,0,0,1,3,1,1,1,1,1,0,0,0,1,1,1,2,3,1,3,2,1,9,21,25,11,0,0,1,3,3,4,4,2,0,0,1,0,1,0,2,1,1,2,3,0,2,2,0,3,8,9,3,1,1,1,0,1,0,2,2,1,0,1,1,1,1,1,3,5,4,2,1,1,0,0,0,0,1,1,1,2,2,1,1,5,27,29,14,3,0,0,1,2,2,2,1,2,1,0,1,1,1,2,2,0,0,1,0,0,0,0,0,1,2,1,0,1,2,1,2,5,6,3,5,4,1,1,1,2,1,2,3,2,3,2,1,1,1,0,1,1,0,1,1,1,1,0,0,2,4,4,1,1,3,1,3,3,4,5,4,2,0,1,0,2,1,1,0,1,1,0,0,1,1,2,1,5,6,2,1,2,1,1,0,1,4,5,2,0,2,1,0,0,1,2,3,2,0,0,1,1,2,1,1,1,1,1,2,0,1,1,3,14,13,0,1,2,0,2,0,3,4,2,1,2,2,1,0,2,2,1,1,1,0,1,2,1,0,2,2,0,1,0,1,0,1,1,5,3,1,3,2,1,1,1,1,0,1,3,2,0,0,0,1,1,1,2,1,0,3,2,1,1,1,0,1,6,8,3,1
1776752608.503166,2965,1000.0,931,1,3,1,3,1,0,0,1,1,2,3,1,2,0,1,1,2,1,0,2,2,0,0,2,1,5,44,62,42,12,1,2,1,1,0,1,16,30,29,11,0,2,3,3,1,0,1,1,1,1,0,2,3,4,4,2,0,0,2,2,3,9,29,201,931,915,179,26,7,3,2,1,3,2,2,3,0,0,0,0,2,2,1,2,1,2,2,0,1,7,22,31,16,1,3,1,2,1,0,3,7,7,3,0,1,2,2,1,1,2,1,1,2,1,1,2,2,3,5,3,1,1,1,3,3,3,152,293,146,17,2,2,2,0,0,0,1,2,3,2,1,1,0,1,0,2,1,2,3,0,0,1,1,9,12,6,2,0,0,1,2,2,2,2,5,4,2,2,1,3,2,0,1,1,2,2,2,2,2,1,0,0,1,1,2,2,2,2,1,4,20,72,68,13,2,0,0,1,0,2,3,2,1,1,1,1,0,1,1,1,1,1,1,1,2,1,2,5,9,4,2,2,1,1,0,2,4,7,9,5,2,1,1,0,0,0,0,0,1,1,1,1,1,1,0,2,2,1,1,1,0,2,4,16,27,14,3,0,0,1,0,1,2,4,2,1,1,2,2,1,0,1,1,2,1,1,0,0,1,1,5,9,5,0,1,0,1,2,2,1,1,0,1,0,2,2,3,2,1,3,3,0,2,0,1,1,2,0,1,0,2,2,0,1,1,1,3,13,31,28,5,1,1,1,1,1,0,0,0,0,0,0,2,2,1,1,3,2,0,2,3,3,2,1,3,2,0,0,2,2,1,2,3,3,6,6,3,0,1,1,3,3,0,2,3,2,0,0,0,1,0,2,2,1,1,1,1,1,2,1,2,4,2,1,0,1,2,0,3,7,7,4,1,0,1,1,2,2,2,3,2,2,0,0,0,1,1,5,6,1,1,3,3,2,1,2,1,1,2,1,1,0,0,0,1,1,1,1,0,2,0,0,1,2,0,1,1,1,1,0,1,2,1,1,5,13,11,1,0,2,1,0,1,3,2,1,0,1,0,1,2,1,0,1,2,2,1,2,2,2,2,2,3,1,0,0,0,1,4,4,2,3,3,0,2,2,1,1,1,4,4,0,2,3,2,1,1,2,1,2,3,2,2,1,1,2,0,4,9,6,1,2
