pc_time,index,stm32_time_ms,ax,ay,az,gx,gy,gz,temp_BMP180,temp_SBE39,SBE_pressure,SBE_raw
pc_time,index,stm32_time_ms,ax,ay,az,gx,gy,gz,temp_BMP180,temp_SBE39,SBE_pressure,SBE_raw
pc_time,index,stm32_time_ms,ax,ay,az,gx,gy,gz,temp_BMP180,temp_SBE39,SBE_pressure,SBE_raw
pc_time,index,stm32_time_ms,ax,ay,az,gx,gy,gz,temp_BMP180,temp_SBE39,SBE_pressure,SBE_raw
2026-05-26T16:59:44.035777,0,260000,-0.021,0.017,-1.0,-3.435,0.374,-1.099,30.32,27.7967,-0.157,"27.7967,   -0.157, 26 May 2026, 16:59:37"
2026-05-26T16:59:54.044956,1,270000,-0.015,0.015,-0.997,-3.58,0.244,-0.977,30.51,27.8546,-0.156,"27.8546,   -0.156, 26 May 2026, 16:59:47"
2026-05-26T17:00:04.116893,2,280000,-0.016,0.018,-0.993,-3.473,0.13,-1.115,30.22,27.9061,-0.158,"27.9061,   -0.158, 26 May 2026, 16:59:57"
2026-05-26T17:00:13.967888,3,290000,-0.008,0.01,-0.997,-3.565,0.267,-0.977,30.18,27.9275,-0.153,"27.9275,   -0.153, 26 May 2026, 17:00:07"
2026-05-26T17:00:24.064844,4,300000,-0.01,0.011,-0.999,-3.481,0.389,-0.931,30.27,27.9697,-0.155,"27.9697,   -0.155, 26 May 2026, 17:00:17"
2026-05-26T17:00:34.058498,5,310000,-0.016,0.011,-0.995,-3.702,0.214,-1.099,30.27,28.008,-0.154,"28.0080,   -0.154, 26 May 2026, 17:00:27"
2026-05-26T17:00:44.056109,6,320000,-0.012,0.018,-0.996,-3.473,0.198,-1.168,30.37,28.0228,-0.153,"28.0228,   -0.153, 26 May 2026, 17:00:37"
2026-05-26T17:00:54.057942,7,330000,-0.013,0.017,-1.001,-3.649,0.267,-1.191,30.22,27.9934,-0.155,"27.9934,   -0.155, 26 May 2026, 17:00:47"
2026-05-26T17:01:03.993937,8,340000,-0.017,0.018,-0.995,-3.603,0.351,-1.122,30.18,27.9619,-0.155,"27.9619,   -0.155, 26 May 2026, 17:00:57"
2026-05-26T17:01:14.059110,9,350000,-0.017,0.021,-1.005,-3.641,0.344,-1.031,29.99,27.9178,-0.155,"27.9178,   -0.155, 26 May 2026, 17:01:07"
2026-05-26T17:01:24.058732,10,360000,-0.018,0.015,-0.995,-3.557,0.275,-1.038,30.13,27.8514,-0.156,"27.8514,   -0.156, 26 May 2026, 17:01:17"
2026-05-26T17:01:34.005104,11,370000,-0.015,0.015,-1.0,-3.458,0.45,-0.954,30.13,27.7972,-0.156,"27.7972,   -0.156, 26 May 2026, 17:01:27"
2026-05-26T17:01:44.008469,12,380000,-0.013,0.011,-0.997,-3.466,0.176,-0.924,30.13,27.7458,-0.152,"27.7458,   -0.152, 26 May 2026, 17:01:37"
2026-05-26T17:01:54.040418,13,390000,-0.017,0.014,-0.998,-3.321,0.252,-1.069,30.08,27.7032,-0.156,"27.7032,   -0.156, 26 May 2026, 17:01:47"
2026-05-26T17:02:04.059299,14,400000,-0.016,0.021,-0.993,-3.443,0.359,-0.924,30.13,27.664,-0.157,"27.6640,   -0.157, 26 May 2026, 17:01:57"
2026-05-26T17:02:13.992185,15,410000,-0.016,0.02,-0.995,-3.649,0.214,-0.893,30.27,27.6341,-0.152,"27.6341,   -0.152, 26 May 2026, 17:02:07"
2026-05-26T17:02:24.063477,16,420000,-0.015,0.008,-0.996,-3.382,0.458,-1.229,30.22,27.6079,-0.156,"27.6079,   -0.156, 26 May 2026, 17:02:17"
2026-05-26T17:02:34.016854,17,430000,-0.019,0.017,-0.999,-3.557,0.221,-0.847,30.04,27.5597,-0.155,"27.5597,   -0.155, 26 May 2026, 17:02:27"
2026-05-26T17:02:44.083243,18,440000,-0.016,0.01,-1.003,-3.542,0.29,-0.863,29.99,27.5377,-0.152,"27.5377,   -0.152, 26 May 2026, 17:02:37"
2026-05-26T17:02:54.050226,19,450000,-0.019,0.014,-0.99,-3.618,0.115,-1.031,30.04,27.5491,-0.155,"27.5491,   -0.155, 26 May 2026, 17:02:47"
2026-05-26T17:03:04.039823,20,460000,-0.013,0.021,-0.994,-3.588,0.298,-1.069,29.99,27.5381,-0.152,"27.5381,   -0.152, 26 May 2026, 17:02:57"
2026-05-26T17:03:13.987038,21,470000,-0.017,0.02,-0.989,-3.412,0.206,-0.954,29.99,27.5188,-0.151,"27.5188,   -0.151, 26 May 2026, 17:03:07"
2026-05-26T17:03:24.111480,22,480000,-0.02,0.018,-1.0,-3.557,0.176,-1.008,30.13,27.5102,-0.156,"27.5102,   -0.156, 26 May 2026, 17:03:17"
2026-05-26T17:03:34.035969,23,490000,-0.014,0.015,-0.995,-3.466,0.122,-0.847,30.08,27.4989,-0.156,"27.4989,   -0.156, 26 May 2026, 17:03:27"
2026-05-26T17:03:44.047095,24,500000,-0.017,0.014,-0.999,-3.595,0.145,-1.015,29.99,27.4765,-0.155,"27.4765,   -0.155, 26 May 2026, 17:03:37"
2026-05-26T17:03:54.047304,25,510000,-0.019,0.023,-0.994,-3.45,0.252,-0.908,29.71,27.4584,-0.156,"27.4584,   -0.156, 26 May 2026, 17:03:47"
2026-05-26T17:04:04.057084,26,520000,-0.017,0.014,-1.002,-3.458,0.229,-1.061,29.66,27.3857,-0.154,"27.3857,   -0.154, 26 May 2026, 17:03:57"
2026-05-26T17:04:14.056239,27,530000,-0.02,0.015,-0.999,-3.557,0.008,-1.099,29.57,27.3163,-0.155,"27.3163,   -0.155, 26 May 2026, 17:04:07"
2026-05-26T17:04:24.065565,28,540000,-0.011,0.014,-0.999,-3.626,0.115,-1.168,29.38,27.2183,-0.157,"27.2183,   -0.157, 26 May 2026, 17:04:17"
2026-05-26T17:04:34.051757,29,550000,-0.018,0.022,-0.989,-3.489,0.16,-1.023,29.28,27.1634,-0.153,"27.1634,   -0.153, 26 May 2026, 17:04:27"
2026-05-26T17:04:44.057162,30,560000,-0.011,0.015,-0.995,-3.511,0.107,-0.885,29.09,27.0999,-0.152,"27.0999,   -0.152, 26 May 2026, 17:04:37"
2026-05-26T17:04:54.067784,31,570000,-0.015,0.02,-1.001,-3.466,0.084,-1.046,29.05,27.0111,-0.156,"27.0111,   -0.156, 26 May 2026, 17:04:47"
2026-05-26T17:05:04.005385,32,580000,-0.017,0.014,-0.992,-3.313,0.328,-1.092,28.95,26.8661,-0.155,"26.8661,   -0.155, 26 May 2026, 17:04:57"
2026-05-26T17:05:14.009397,33,590000,-0.02,0.011,-0.991,-3.481,0.153,-1.031,28.91,26.808,-0.159,"26.8080,   -0.159, 26 May 2026, 17:05:07"
2026-05-26T17:05:24.016915,34,600000,-0.02,0.016,-1.003,-3.672,0.267,-1.038,29.09,26.7942,-0.156,"26.7942,   -0.156, 26 May 2026, 17:05:17"
2026-05-26T17:05:34.071416,35,610000,-0.017,0.017,-0.993,-3.557,0.031,-0.969,29.14,26.8344,-0.153,"26.8344,   -0.153, 26 May 2026, 17:05:27"
2026-05-26T17:05:44.018068,36,620000,-0.019,0.016,-0.989,-3.481,0.153,-1.168,29.05,26.8718,-0.157,"26.8718,   -0.157, 26 May 2026, 17:05:37"
2026-05-26T17:05:54.007285,37,630000,-0.018,0.015,-0.993,-3.649,0.153,-1.137,29.14,26.9055,-0.153,"26.9055,   -0.153, 26 May 2026, 17:05:47"
2026-05-26T17:06:04.075990,38,640000,-0.016,0.01,-0.986,-3.397,0.137,-0.939,29.14,26.9425,-0.158,"26.9425,   -0.158, 26 May 2026, 17:05:57"
2026-05-26T17:06:14.020862,39,650000,-0.016,0.014,-0.991,-3.466,0.046,-1.137,29.14,26.957,-0.153,"26.9570,   -0.153, 26 May 2026, 17:06:07"
2026-05-26T17:06:24.032717,40,660000,-0.016,0.012,-0.993,-3.397,0.176,-0.947,29.19,26.9865,-0.153,"26.9865,   -0.153, 26 May 2026, 17:06:17"
2026-05-26T17:06:34.033210,41,670000,-0.017,0.016,-0.992,-3.489,0.183,-1.046,29.05,27.012,-0.155,"27.0120,   -0.155, 26 May 2026, 17:06:27"
2026-05-26T17:06:44.031143,42,680000,-0.012,0.018,-0.99,-3.573,0.244,-1.176,29.05,27.0066,-0.151,"27.0066,   -0.151, 26 May 2026, 17:06:37"
2026-05-26T17:06:54.041701,43,690000,-0.015,0.02,-0.988,-3.481,0.191,-0.954,29.0,26.9819,-0.155,"26.9819,   -0.155, 26 May 2026, 17:06:47"
2026-05-26T17:07:04.045177,44,700000,-0.011,0.013,-0.997,-3.618,0.282,-1.076,28.86,26.9432,-0.151,"26.9432,   -0.151, 26 May 2026, 17:06:57"
2026-05-26T17:07:14.048945,45,710000,-0.016,0.015,-0.985,-3.542,0.168,-1.092,28.81,26.9317,-0.153,"26.9317,   -0.153, 26 May 2026, 17:07:07"
2026-05-26T17:07:24.039220,46,720000,-0.015,0.017,-0.984,-3.412,0.191,-0.924,28.86,26.9827,-0.153,"26.9827,   -0.153, 26 May 2026, 17:07:17"
2026-05-26T17:07:34.036162,47,730000,-0.019,0.018,-0.985,-3.618,0.206,-1.053,29.05,27.028,-0.154,"27.0280,   -0.154, 26 May 2026, 17:07:27"
2026-05-26T17:07:44.114773,48,740000,-0.014,0.016,-1.008,-3.557,0.206,-1.145,29.19,27.0696,-0.154,"27.0696,   -0.154, 26 May 2026, 17:07:37"
2026-05-26T17:07:54.080230,49,750000,-0.019,0.017,-0.989,-3.481,0.183,-0.931,29.19,27.1309,-0.153,"27.1309,   -0.153, 26 May 2026, 17:07:47"
2026-05-26T17:08:04.020044,50,760000,-0.016,0.016,-0.997,-3.603,0.198,-1.092,29.24,27.1462,-0.152,"27.1462,   -0.152, 26 May 2026, 17:07:57"
2026-05-26T17:08:14.071985,51,770000,-0.012,0.015,-0.999,-3.641,0.16,-1.145,29.33,27.1321,-0.156,"27.1321,   -0.156, 26 May 2026, 17:08:07"
2026-05-26T17:08:24.082282,52,780000,-0.014,0.014,-0.99,-3.542,0.13,-1.069,29.47,27.1637,-0.156,"27.1637,   -0.156, 26 May 2026, 17:08:17"
2026-05-26T17:08:34.042261,53,790000,-0.011,0.012,-1.0,-3.649,0.099,-1.008,29.47,27.1761,-0.153,"27.1761,   -0.153, 26 May 2026, 17:08:27"
2026-05-26T17:08:44.040016,54,800000,-0.01,0.019,-0.994,-3.519,0.229,-1.107,29.61,27.199,-0.15,"27.1990,   -0.150, 26 May 2026, 17:08:37"
2026-05-26T17:08:54.040362,55,810000,-0.015,0.013,-0.986,-3.641,0.176,-1.115,29.66,27.2411,-0.155,"27.2411,   -0.155, 26 May 2026, 17:08:47"
2026-05-26T17:09:04.109084,56,820000,-0.016,0.011,-0.989,-3.389,0.275,-1.031,29.75,27.2903,-0.155,"27.2903,   -0.155, 26 May 2026, 17:08:57"
2026-05-26T17:09:14.044648,57,830000,-0.014,0.015,-1.004,-3.573,0.092,-1.046,29.8,27.334,-0.154,"27.3340,   -0.154, 26 May 2026, 17:09:07"
2026-05-26T17:09:24.045921,58,840000,-0.016,0.022,-0.996,-3.504,0.168,-1.183,29.8,27.3589,-0.154,"27.3589,   -0.154, 26 May 2026, 17:09:17"
2026-05-26T17:09:34.047070,59,850000,-0.015,0.018,-0.996,-3.443,0.176,-1.031,29.75,27.3681,-0.155,"27.3681,   -0.155, 26 May 2026, 17:09:27"
2026-05-26T17:09:44.098966,60,860000,-0.012,0.016,-0.998,-3.504,0.405,-1.183,29.66,27.3693,-0.155,"27.3693,   -0.155, 26 May 2026, 17:09:37"
2026-05-26T17:09:54.046980,61,870000,-0.014,0.017,-0.996,-3.595,0.275,-1.038,29.66,27.3757,-0.151,"27.3757,   -0.151, 26 May 2026, 17:09:47"
2026-05-26T17:10:04.098704,62,880000,-0.014,0.017,-0.995,-3.496,0.115,-1.153,29.75,27.4131,-0.154,"27.4131,   -0.154, 26 May 2026, 17:09:57"
2026-05-26T17:10:14.110384,63,890000,-0.019,0.017,-0.995,-3.443,0.359,-1.122,29.8,27.4703,-0.157,"27.4703,   -0.157, 26 May 2026, 17:10:07"
2026-05-26T17:10:24.116885,64,900000,-0.013,0.014,-1.006,-3.473,0.176,-1.137,29.71,27.5084,-0.151,"27.5084,   -0.151, 26 May 2026, 17:10:17"
2026-05-26T17:10:34.113976,65,910000,-0.016,0.018,-0.991,-3.611,0.26,-0.985,29.71,27.5555,-0.156,"27.5555,   -0.156, 26 May 2026, 17:10:27"
2026-05-26T17:10:44.067451,66,920000,-0.016,0.014,-0.991,-3.519,0.137,-1.092,29.71,27.5876,-0.154,"27.5876,   -0.154, 26 May 2026, 17:10:37"
2026-05-26T17:10:54.134418,67,930000,-0.016,0.012,-0.998,-3.55,0.29,-1.183,29.75,27.6328,-0.151,"27.6328,   -0.151, 26 May 2026, 17:10:47"
2026-05-26T17:11:04.134485,68,940000,-0.022,0.015,-1.024,-3.267,0.42,-1.053,29.8,27.6806,-0.152,"27.6806,   -0.152, 26 May 2026, 17:10:57"
2026-05-26T17:11:14.029694,69,950000,-0.013,0.02,-0.987,-3.504,0.168,-1.038,30.04,27.7226,-0.153,"27.7226,   -0.153, 26 May 2026, 17:11:07"
2026-05-26T17:11:24.035621,70,960000,-0.013,0.018,-0.995,-3.496,0.115,-1.031,29.94,27.7412,-0.153,"27.7412,   -0.153, 26 May 2026, 17:11:17"
2026-05-26T17:11:34.048652,71,970000,-0.023,0.015,-0.99,-3.481,0.244,-1.092,29.99,27.7661,-0.154,"27.7661,   -0.154, 26 May 2026, 17:11:27"
2026-05-26T17:11:44.124786,72,980000,-0.021,0.016,-0.994,-3.412,0.344,-1.008,29.94,27.7746,-0.156,"27.7746,   -0.156, 26 May 2026, 17:11:37"
2026-05-26T17:11:54.124607,73,990000,-0.01,0.018,-0.99,-3.641,0.176,-0.863,30.13,27.7837,-0.158,"27.7837,   -0.158, 26 May 2026, 17:11:47"
2026-05-26T17:12:04.115366,74,1000000,-0.017,0.011,-0.996,-3.443,0.16,-1.099,30.04,27.7902,-0.157,"27.7902,   -0.157, 26 May 2026, 17:11:57"
2026-05-26T17:12:14.119260,75,1010000,-0.013,0.017,-0.996,-3.55,0.214,-0.985,30.18,27.7996,-0.151,"27.7996,   -0.151, 26 May 2026, 17:12:07"
2026-05-26T17:12:24.052156,76,1020000,-0.014,0.018,-0.992,-3.542,0.26,-0.947,30.08,27.8035,-0.153,"27.8035,   -0.153, 26 May 2026, 17:12:17"
2026-05-26T17:12:34.054756,77,1030000,-0.014,0.014,-1.003,-3.42,0.153,-1.038,30.04,27.7964,-0.155,"27.7964,   -0.155, 26 May 2026, 17:12:27"
2026-05-26T17:12:44.119631,78,1040000,-0.013,0.019,-1.001,-3.603,0.229,-0.947,30.04,27.7954,-0.153,"27.7954,   -0.153, 26 May 2026, 17:12:37"
2026-05-26T17:12:54.051695,79,1050000,-0.013,0.013,-0.998,-3.519,0.053,-0.985,29.94,27.7936,-0.154,"27.7936,   -0.154, 26 May 2026, 17:12:47"
2026-05-26T17:13:04.065181,80,1060000,-0.017,0.01,-0.999,-3.595,0.115,-1.16,30.04,27.7964,-0.153,"27.7964,   -0.153, 26 May 2026, 17:12:57"
2026-05-26T17:13:14.059563,81,1070000,-0.016,0.016,-0.996,-3.466,0.198,-0.992,30.04,27.7909,-0.156,"27.7909,   -0.156, 26 May 2026, 17:13:07"
2026-05-26T17:13:24.060169,82,1080000,0.441,0.014,-0.633,-3.588,-4.809,-2.252,29.85,27.7681,-0.153,"27.7681,   -0.153, 26 May 2026, 17:13:17"
2026-05-26T17:13:34.059306,83,1090000,-0.012,0.016,-0.995,-3.435,0.305,-0.985,29.75,27.7549,-0.16,"27.7549,   -0.160, 26 May 2026, 17:13:27"
2026-05-26T17:13:44.120104,84,1100000,-0.013,0.019,-0.993,-3.618,0.344,-0.885,29.66,27.7393,-0.153,"27.7393,   -0.153, 26 May 2026, 17:13:37"
2026-05-26T17:13:54.151465,85,1110000,-0.014,0.016,-0.986,-3.534,0.252,-1.031,29.85,27.7303,-0.152,"27.7303,   -0.152, 26 May 2026, 17:13:47"
2026-05-26T17:14:04.150522,86,1120000,-0.021,0.016,-0.994,-3.481,0.252,-0.771,29.71,27.7211,-0.154,"27.7211,   -0.154, 26 May 2026, 17:13:57"
2026-05-26T17:14:14.098858,87,1130000,-0.014,0.012,-0.993,-3.55,0.198,-1.122,29.71,27.6417,-0.152,"27.6417,   -0.152, 26 May 2026, 17:14:07"
2026-05-26T17:14:24.126321,88,1140000,-0.019,0.017,-0.997,-3.511,0.267,-1.053,29.75,27.5721,-0.152,"27.5721,   -0.152, 26 May 2026, 17:14:17"
2026-05-26T17:14:34.064507,89,1150000,-0.018,0.016,-0.99,-3.473,0.298,-0.954,29.89,27.4998,-0.153,"27.4998,   -0.153, 26 May 2026, 17:14:27"
2026-05-26T17:14:44.076189,90,1160000,-0.014,0.021,-1.002,-3.641,0.069,-1.053,29.8,27.4542,-0.152,"27.4542,   -0.152, 26 May 2026, 17:14:37"
2026-05-26T17:14:54.141071,91,1170000,-0.019,0.016,-1.001,-3.519,0.221,-1.076,30.04,27.4209,-0.156,"27.4209,   -0.156, 26 May 2026, 17:14:47"
2026-05-26T17:15:04.091167,92,1180000,-0.011,0.013,-0.99,-3.435,0.198,-1.061,30.04,27.3976,-0.157,"27.3976,   -0.157, 26 May 2026, 17:14:57"
2026-05-26T17:15:14.029144,93,1190000,-0.019,0.018,-0.991,-3.435,0.198,-1.13,29.89,27.3748,-0.153,"27.3748,   -0.153, 26 May 2026, 17:15:07"
2026-05-26T17:15:24.094533,94,1200000,-0.014,0.021,-0.994,-3.557,0.115,-1.008,29.75,27.3457,-0.152,"27.3457,   -0.152, 26 May 2026, 17:15:17"
2026-05-26T17:15:34.037089,95,1210000,-0.019,0.017,-1.001,-3.557,0.26,-1.061,29.75,27.3084,-0.155,"27.3084,   -0.155, 26 May 2026, 17:15:27"
2026-05-26T17:15:44.063794,96,1220000,-0.015,0.014,-0.998,-3.542,0.29,-1.053,29.99,27.2829,-0.155,"27.2829,   -0.155, 26 May 2026, 17:15:37"
2026-05-26T17:15:54.059005,97,1230000,-0.015,0.014,-0.995,-3.626,0.153,-0.985,29.89,27.229,-0.149,"27.2290,   -0.149, 26 May 2026, 17:15:47"
2026-05-26T17:16:04.148218,98,1240000,-0.014,0.014,-1.0,-3.42,0.344,-0.931,29.94,27.1868,-0.154,"27.1868,   -0.154, 26 May 2026, 17:15:57"
2026-05-26T17:16:14.021665,99,1250000,-0.018,0.016,-0.997,-3.496,0.053,-1.053,29.99,27.1776,-0.154,"27.1776,   -0.154, 26 May 2026, 17:16:07"
2026-05-26T17:16:24.043724,100,1260000,-0.02,0.011,-1.004,-3.519,0.389,-0.977,29.89,27.1843,-0.153,"27.1843,   -0.153, 26 May 2026, 17:16:17"
2026-05-26T17:16:34.112015,101,1270000,-0.018,0.015,-1.001,-3.664,0.198,-0.992,29.75,27.1889,-0.157,"27.1889,   -0.157, 26 May 2026, 17:16:27"
2026-05-26T17:16:44.041184,102,1280000,-0.02,0.012,-1.0,-3.527,0.153,-1.282,29.47,27.2047,-0.151,"27.2047,   -0.151, 26 May 2026, 17:16:37"
2026-05-26T17:16:54.037523,103,1290000,-0.017,0.017,-0.998,-3.626,0.198,-1.099,29.33,27.2101,-0.155,"27.2101,   -0.155, 26 May 2026, 17:16:47"
2026-05-26T17:17:04.101429,104,1300000,-0.015,0.017,-1.001,-3.527,0.229,-1.076,29.19,27.2144,-0.152,"27.2144,   -0.152, 26 May 2026, 17:16:57"
2026-05-26T17:17:14.111499,105,1310000,-0.01,0.015,-1.001,-3.527,0.107,-1.015,29.33,27.2337,-0.151,"27.2337,   -0.151, 26 May 2026, 17:17:07"
2026-05-26T17:17:24.110302,106,1320000,-0.014,0.019,-0.996,-3.374,0.214,-0.939,29.52,27.2506,-0.153,"27.2506,   -0.153, 26 May 2026, 17:17:17"
pc_time,index,stm32_time_ms,ax,ay,az,gx,gy,gz,temp_BMP180,temp_SBE39,SBE_pressure,SBE_raw
2026-05-26T17:19:14.084830,0,1430000,-0.018,0.014,-0.989,-3.55,0.389,-1.038,30.13,27.3379,-0.153,"27.3379,   -0.153, 26 May 2026, 17:19:07"
2026-05-26T17:19:24.083176,1,1440000,-0.017,0.015,-0.999,-3.42,0.351,-1.069,30.08,27.3376,-0.155,"27.3376,   -0.155, 26 May 2026, 17:19:17"
2026-05-26T17:19:34.161285,2,1450000,-0.015,0.012,-0.995,-3.611,0.29,-0.962,30.08,27.3337,-0.152,"27.3337,   -0.152, 26 May 2026, 17:19:27"
2026-05-26T17:19:44.106464,3,1460000,-0.015,0.019,-0.998,-3.557,0.16,-1.023,30.13,27.3467,-0.15,"27.3467,   -0.150, 26 May 2026, 17:19:37"
2026-05-26T17:19:54.052780,4,1470000,-0.017,0.019,-0.995,-3.504,0.298,-1.053,30.08,27.3791,-0.153,"27.3791,   -0.153, 26 May 2026, 17:19:47"
2026-05-26T17:20:04.113545,5,1480000,-0.017,0.012,-0.993,-3.565,0.214,-1.023,30.08,27.4046,-0.155,"27.4046,   -0.155, 26 May 2026, 17:19:57"
2026-05-26T17:20:14.060839,6,1490000,-0.016,0.016,-0.993,-3.504,0.053,-0.962,30.18,27.4294,-0.151,"27.4294,   -0.151, 26 May 2026, 17:20:07"
2026-05-26T17:20:24.115039,7,1500000,-0.017,0.017,-0.999,-3.489,0.305,-1.076,30.13,27.4406,-0.157,"27.4406,   -0.157, 26 May 2026, 17:20:17"
2026-05-26T17:20:34.056580,8,1510000,-0.02,0.016,-0.999,-3.534,0.298,-1.176,30.18,27.4672,-0.156,"27.4672,   -0.156, 26 May 2026, 17:20:27"
2026-05-26T17:20:44.058608,9,1520000,-0.017,0.018,-1.0,-3.458,0.115,-1.092,29.99,27.4718,-0.155,"27.4718,   -0.155, 26 May 2026, 17:20:37"
2026-05-26T17:20:54.054226,10,1530000,-0.015,0.016,-1.002,-3.611,0.122,-1.076,29.94,27.4597,-0.154,"27.4597,   -0.154, 26 May 2026, 17:20:47"
2026-05-26T17:21:04.055255,11,1540000,-0.018,0.014,-0.995,-3.573,0.046,-1.061,30.04,27.501,-0.154,"27.5010,   -0.154, 26 May 2026, 17:20:57"
2026-05-26T17:21:14.055817,12,1550000,-0.01,0.017,-0.989,-3.481,0.359,-1.176,29.99,27.5456,-0.156,"27.5456,   -0.156, 26 May 2026, 17:21:07"
2026-05-26T17:21:24.056461,13,1560000,-0.015,0.012,-0.99,-3.603,0.359,-1.053,30.13,27.5701,-0.152,"27.5701,   -0.152, 26 May 2026, 17:21:17"
2026-05-26T17:21:34.056315,14,1570000,-0.021,0.011,-0.997,-3.466,0.267,-0.847,30.13,27.5861,-0.153,"27.5861,   -0.153, 26 May 2026, 17:21:27"
2026-05-26T17:21:44.056159,15,1580000,-0.011,0.016,-0.999,-3.55,-0.023,-1.053,30.22,27.5991,-0.156,"27.5991,   -0.156, 26 May 2026, 17:21:37"
2026-05-26T17:21:54.056071,16,1590000,-0.019,0.014,-0.983,-3.435,0.244,-1.015,30.18,27.6027,-0.156,"27.6027,   -0.156, 26 May 2026, 17:21:47"
2026-05-26T17:22:04.055764,17,1600000,-0.019,0.014,-0.999,-3.511,0.214,-1.099,30.27,27.5931,-0.156,"27.5931,   -0.156, 26 May 2026, 17:21:57"
2026-05-26T17:22:14.057009,18,1610000,-0.016,0.017,-1.0,-3.687,0.229,-1.053,30.22,27.6156,-0.156,"27.6156,   -0.156, 26 May 2026, 17:22:07"
2026-05-26T17:22:24.061574,19,1620000,-0.014,0.022,-1.002,-3.466,0.321,-1.214,30.41,27.6574,-0.156,"27.6574,   -0.156, 26 May 2026, 17:22:17"
2026-05-26T17:22:34.117272,20,1630000,-0.017,0.017,-1.002,-3.542,0.267,-1.015,30.37,27.6913,-0.152,"27.6913,   -0.152, 26 May 2026, 17:22:27"
2026-05-26T17:22:44.050791,21,1640000,-0.019,0.018,-0.996,-3.58,0.191,-0.985,30.27,27.7104,-0.154,"27.7104,   -0.154, 26 May 2026, 17:22:37"
2026-05-26T17:22:54.050639,22,1650000,-0.013,0.012,-0.992,-3.534,0.214,-1.137,30.32,27.7277,-0.154,"27.7277,   -0.154, 26 May 2026, 17:22:47"
2026-05-26T17:23:04.052556,23,1660000,-0.01,0.014,-0.994,-3.573,0.45,-1.008,30.27,27.7469,-0.15,"27.7469,   -0.150, 26 May 2026, 17:22:57"
2026-05-26T17:23:14.052388,24,1670000,-0.013,0.012,-0.995,-3.534,0.313,-1.038,30.37,27.7644,-0.154,"27.7644,   -0.154, 26 May 2026, 17:23:07"
2026-05-26T17:23:24.056666,25,1680000,-0.018,0.024,-1.007,-3.427,0.412,-1.069,30.41,27.7928,-0.148,"27.7928,   -0.148, 26 May 2026, 17:23:17"
2026-05-26T17:23:34.059229,26,1690000,-0.018,0.014,-0.99,-3.534,0.168,-1.107,30.51,27.8173,-0.154,"27.8173,   -0.154, 26 May 2026, 17:23:27"
2026-05-26T17:23:44.116687,27,1700000,-0.013,0.015,-0.996,-3.466,0.298,-1.053,30.51,27.8271,-0.153,"27.8271,   -0.153, 26 May 2026, 17:23:37"
2026-05-26T17:23:54.052456,28,1710000,-0.02,0.016,-1.0,-3.679,0.099,-1.046,30.51,27.8404,-0.153,"27.8404,   -0.153, 26 May 2026, 17:23:47"
2026-05-26T17:24:04.118740,29,1720000,-0.017,0.015,-1.004,-3.695,0.191,-0.985,30.55,27.8464,-0.154,"27.8464,   -0.154, 26 May 2026, 17:23:57"
2026-05-26T17:24:14.051460,30,1730000,-0.016,0.015,-1.0,-3.725,0.214,-1.084,30.46,27.8687,-0.151,"27.8687,   -0.151, 26 May 2026, 17:24:07"
2026-05-26T17:24:24.113264,31,1740000,-0.02,0.013,-1.0,-3.672,0.214,-1.092,30.65,27.8861,-0.152,"27.8861,   -0.152, 26 May 2026, 17:24:17"
2026-05-26T17:24:34.057137,32,1750000,-0.013,0.02,-0.999,-3.511,0.176,-1.061,30.46,27.9044,-0.151,"27.9044,   -0.151, 26 May 2026, 17:24:27"
2026-05-26T17:24:44.051050,33,1760000,-0.019,0.017,-0.995,-3.55,0.275,-1.221,30.55,27.9216,-0.154,"27.9216,   -0.154, 26 May 2026, 17:24:37"
2026-05-26T17:24:54.120180,34,1770000,-0.017,0.021,-0.996,-3.42,0.038,-1.122,30.6,27.9282,-0.158,"27.9282,   -0.158, 26 May 2026, 17:24:47"
2026-05-26T17:25:04.114707,35,1780000,-0.009,0.013,-0.992,-3.473,0.153,-1.176,30.65,27.9256,-0.152,"27.9256,   -0.152, 26 May 2026, 17:24:57"
2026-05-26T17:25:14.054667,36,1790000,-0.013,0.014,-0.993,-3.458,0.244,-1.183,30.6,27.9015,-0.154,"27.9015,   -0.154, 26 May 2026, 17:25:07"
2026-05-26T17:25:24.050593,37,1800000,-0.012,0.015,-0.997,-3.71,0.13,-1.252,30.65,27.8775,-0.154,"27.8775,   -0.154, 26 May 2026, 17:25:17"
2026-05-26T17:25:34.053209,38,1810000,-0.015,0.012,-0.997,-3.427,0.221,-1.13,30.79,27.8458,-0.154,"27.8458,   -0.154, 26 May 2026, 17:25:27"
2026-05-26T17:25:44.114937,39,1820000,-0.02,0.016,-1.001,-3.45,0.13,-1.153,30.69,27.8201,-0.153,"27.8201,   -0.153, 26 May 2026, 17:25:37"
2026-05-26T17:25:54.051336,40,1830000,-0.018,0.019,-1.001,-3.58,0.366,-1.069,30.69,27.7977,-0.152,"27.7977,   -0.152, 26 May 2026, 17:25:47"
2026-05-26T17:26:04.114845,41,1840000,-0.008,0.014,-1.001,-3.473,0.321,-1.214,30.6,27.7731,-0.153,"27.7731,   -0.153, 26 May 2026, 17:25:57"
2026-05-26T17:26:14.054145,42,1850000,-0.016,0.013,-0.997,-3.527,0.244,-1.069,30.74,27.7292,-0.15,"27.7292,   -0.150, 26 May 2026, 17:26:07"
2026-05-26T17:26:24.118199,43,1860000,-0.014,0.013,-1.01,-3.74,0.221,-1.137,30.69,27.6944,-0.152,"27.6944,   -0.152, 26 May 2026, 17:26:17"
2026-05-26T17:26:34.114345,44,1870000,-0.024,0.012,-1.005,-3.588,0.221,-1.061,30.69,27.6465,-0.152,"27.6465,   -0.152, 26 May 2026, 17:26:27"
2026-05-26T17:26:44.114487,45,1880000,-0.023,0.011,-0.996,-3.565,0.092,-1.122,30.74,27.6074,-0.155,"27.6074,   -0.155, 26 May 2026, 17:26:37"
2026-05-26T17:26:54.054718,46,1890000,-0.015,0.015,-0.992,-3.359,0.389,-1.092,30.65,27.5685,-0.154,"27.5685,   -0.154, 26 May 2026, 17:26:47"
2026-05-26T17:27:04.114586,47,1900000,-0.013,0.016,-0.996,-3.595,0.198,-1.137,30.6,27.5405,-0.155,"27.5405,   -0.155, 26 May 2026, 17:26:57"
2026-05-26T17:27:14.116188,48,1910000,-0.015,0.021,-1.004,-3.42,0.076,-1.252,30.65,27.5164,-0.153,"27.5164,   -0.153, 26 May 2026, 17:27:07"
2026-05-26T17:27:24.053920,49,1920000,-0.012,0.014,-0.996,-3.443,0.206,-1.015,30.65,27.5389,-0.152,"27.5389,   -0.152, 26 May 2026, 17:27:17"
2026-05-26T17:27:34.114536,50,1930000,-0.016,0.016,-0.996,-3.855,0.092,-1.099,30.6,27.5491,-0.149,"27.5491,   -0.149, 26 May 2026, 17:27:27"
2026-05-26T17:27:44.114709,51,1940000,-0.012,0.015,-0.992,-3.664,0.183,-1.0,30.69,27.5164,-0.154,"27.5164,   -0.154, 26 May 2026, 17:27:37"
2026-05-26T17:27:54.055694,52,1950000,-0.015,0.015,-0.999,-3.481,0.374,-1.198,30.6,27.4703,-0.152,"27.4703,   -0.152, 26 May 2026, 17:27:47"
2026-05-26T17:28:04.116309,53,1960000,-0.013,0.019,-1.0,-3.603,0.267,-1.145,30.55,27.4423,-0.152,"27.4423,   -0.152, 26 May 2026, 17:27:57"
2026-05-26T17:28:14.114551,54,1970000,-0.016,0.015,-0.991,-3.557,0.237,-1.176,30.37,27.4142,-0.154,"27.4142,   -0.154, 26 May 2026, 17:28:07"
2026-05-26T17:28:24.115476,55,1980000,-0.015,0.017,-1.003,-3.595,0.023,-1.084,30.13,27.4043,-0.151,"27.4043,   -0.151, 26 May 2026, 17:28:17"
2026-05-26T17:28:34.114307,56,1990000,-0.014,0.016,-1.003,-3.58,0.29,-1.13,29.99,27.3647,-0.151,"27.3647,   -0.151, 26 May 2026, 17:28:27"
2026-05-26T17:28:44.115085,57,2000000,-0.012,0.013,-0.995,-3.588,0.229,-0.939,29.8,27.3037,-0.152,"27.3037,   -0.152, 26 May 2026, 17:28:37"
2026-05-26T17:28:54.114849,58,2010000,-0.02,0.015,-0.988,-3.511,0.198,-0.939,29.8,27.2452,-0.156,"27.2452,   -0.156, 26 May 2026, 17:28:47"
2026-05-26T17:29:04.114922,59,2020000,-0.02,0.016,-0.996,-3.519,0.13,-1.13,29.57,27.1733,-0.154,"27.1733,   -0.154, 26 May 2026, 17:28:57"
2026-05-26T17:29:14.051759,60,2030000,-0.018,0.021,-0.993,-3.542,0.298,-1.099,29.57,27.1533,-0.151,"27.1533,   -0.151, 26 May 2026, 17:29:07"
2026-05-26T17:29:24.053179,61,2040000,-0.019,0.017,-0.995,-3.595,0.046,-1.015,29.66,27.1753,-0.151,"27.1753,   -0.151, 26 May 2026, 17:29:17"
2026-05-26T17:29:47.742760,63,10000,-0.014,0.012,-0.992,-3.45,0.198,-1.053,29.99,27.2031,-0.154,"27.2031,   -0.154, 26 May 2026, 17:29:41"
2026-05-26T17:29:57.744867,64,20000,-0.017,0.019,-0.996,-3.565,0.13,-1.031,29.99,27.2547,-0.153,"27.2547,   -0.153, 26 May 2026, 17:29:51"
2026-05-26T17:30:07.678076,65,30000,-0.017,0.017,-0.999,-3.45,0.092,-0.992,29.85,27.3119,-0.15,"27.3119,   -0.150, 26 May 2026, 17:30:01"
2026-05-26T17:30:17.741285,66,40000,-0.017,0.017,-0.992,-3.45,0.122,-0.977,29.94,27.3466,-0.154,"27.3466,   -0.154, 26 May 2026, 17:30:11"
2026-05-26T17:30:27.745087,67,50000,-0.013,0.023,-1.0,-3.634,0.13,-1.069,29.89,27.3775,-0.152,"27.3775,   -0.152, 26 May 2026, 17:30:21"
2026-05-26T17:30:37.753197,68,60000,-0.016,0.018,-0.994,-3.641,0.16,-1.076,29.85,27.3413,-0.152,"27.3413,   -0.152, 26 May 2026, 17:30:31"
2026-05-26T17:30:47.750187,69,70000,-0.012,0.011,-0.998,-3.573,0.229,-1.023,29.71,27.3021,-0.151,"27.3021,   -0.151, 26 May 2026, 17:30:41"
2026-05-26T17:30:57.745349,70,80000,-0.021,0.01,-0.992,-3.542,0.092,-1.038,29.57,27.2908,-0.153,"27.2908,   -0.153, 26 May 2026, 17:30:51"
2026-05-26T17:31:07.676364,71,90000,-0.01,0.012,-0.994,-3.595,0.137,-0.832,29.66,27.3413,-0.151,"27.3413,   -0.151, 26 May 2026, 17:31:01"
2026-05-26T17:31:17.742201,72,100000,-0.014,0.016,-0.995,-3.511,0.191,-1.061,29.8,27.3802,-0.152,"27.3802,   -0.152, 26 May 2026, 17:31:11"
2026-05-26T17:31:27.739974,73,110000,-0.021,0.012,-0.998,-3.504,0.053,-1.023,29.94,27.3971,-0.153,"27.3971,   -0.153, 26 May 2026, 17:31:21"
2026-05-26T17:31:37.740321,74,120000,-0.022,0.018,-0.996,-3.504,0.237,-1.107,30.08,27.3933,-0.148,"27.3933,   -0.148, 26 May 2026, 17:31:31"
2026-05-26T17:31:47.739189,75,130000,-0.014,0.011,-1.0,-3.473,0.153,-1.061,29.99,27.4058,-0.154,"27.4058,   -0.154, 26 May 2026, 17:31:41"
2026-05-26T17:31:57.741674,76,140000,-0.013,0.021,-1.003,-3.519,0.252,-1.122,30.22,27.4511,-0.151,"27.4511,   -0.151, 26 May 2026, 17:31:51"
2026-05-26T17:32:07.685054,77,150000,-0.017,0.021,-0.994,-3.588,0.168,-1.084,30.22,27.4682,-0.153,"27.4682,   -0.153, 26 May 2026, 17:32:01"
2026-05-26T17:32:17.745624,78,160000,-0.02,0.016,-0.996,-3.382,0.221,-1.122,30.27,27.4594,-0.152,"27.4594,   -0.152, 26 May 2026, 17:32:11"
2026-05-26T17:32:27.740867,79,170000,-0.018,0.01,-0.998,-3.527,0.298,-1.046,30.22,27.4654,-0.151,"27.4654,   -0.151, 26 May 2026, 17:32:21"
2026-05-26T17:32:37.743154,80,180000,-0.016,0.011,-0.993,-3.504,0.244,-1.13,30.32,27.4792,-0.155,"27.4792,   -0.155, 26 May 2026, 17:32:31"
2026-05-26T17:32:47.744733,81,190000,-0.014,0.019,-0.987,-3.588,0.122,-1.206,30.32,27.4485,-0.15,"27.4485,   -0.150, 26 May 2026, 17:32:41"
2026-05-26T17:32:57.742844,82,200000,-0.023,0.019,-0.988,-3.412,0.321,-1.046,30.46,27.4643,-0.153,"27.4643,   -0.153, 26 May 2026, 17:32:51"
2026-05-26T17:33:07.743553,83,210000,-0.019,0.02,-1.004,-3.679,0.221,-1.076,30.41,27.4825,-0.152,"27.4825,   -0.152, 26 May 2026, 17:33:01"
2026-05-26T17:33:17.743632,84,220000,-0.011,0.019,-0.988,-3.557,0.26,-1.107,30.51,27.4816,-0.153,"27.4816,   -0.153, 26 May 2026, 17:33:11"
2026-05-26T17:33:27.739790,85,230000,-0.014,0.018,-0.997,-3.595,0.298,-0.931,30.41,27.4907,-0.153,"27.4907,   -0.153, 26 May 2026, 17:33:21"
2026-05-26T17:33:37.744591,86,240000,-0.012,0.014,-0.999,-3.496,0.137,-1.176,30.46,27.4629,-0.153,"27.4629,   -0.153, 26 May 2026, 17:33:31"
2026-05-26T17:33:47.742198,87,250000,-0.019,0.017,-0.998,-3.511,0.275,-1.206,30.46,27.498,-0.152,"27.4980,   -0.152, 26 May 2026, 17:33:41"
2026-05-26T17:33:57.745800,88,260000,-0.013,0.02,-1.003,-3.58,0.191,-1.008,30.51,27.5199,-0.153,"27.5199,   -0.153, 26 May 2026, 17:33:51"
2026-05-26T17:34:07.744671,89,270000,-0.02,0.013,-1.007,-3.573,0.168,-0.969,30.6,27.5474,-0.149,"27.5474,   -0.149, 26 May 2026, 17:34:01"
2026-05-26T17:34:17.744741,90,280000,-0.017,0.016,-0.996,-3.466,0.176,-0.969,30.55,27.5698,-0.153,"27.5698,   -0.153, 26 May 2026, 17:34:11"
2026-05-26T17:34:27.744900,91,290000,-0.02,0.019,-1.001,-3.489,0.252,-1.16,30.69,27.5937,-0.154,"27.5937,   -0.154, 26 May 2026, 17:34:21"
2026-05-26T17:34:37.738053,92,300000,-0.018,0.014,-0.998,-3.511,0.511,-1.122,30.51,27.6248,-0.151,"27.6248,   -0.151, 26 May 2026, 17:34:31"
2026-05-26T17:34:47.739687,93,310000,-0.017,0.015,-1.001,-3.618,0.198,-1.092,30.46,27.6576,-0.153,"27.6576,   -0.153, 26 May 2026, 17:34:41"
2026-05-26T17:34:57.805146,94,320000,-0.024,0.014,-1.006,-3.603,0.336,-1.061,30.51,27.7041,-0.152,"27.7041,   -0.152, 26 May 2026, 17:34:51"
2026-05-26T17:35:07.746125,95,330000,-0.019,0.011,-1.007,-3.389,0.313,-1.122,30.27,27.7499,-0.152,"27.7499,   -0.152, 26 May 2026, 17:35:01"
2026-05-26T17:35:17.744591,96,340000,-0.013,0.021,-0.998,-3.443,0.168,-1.198,30.22,27.7824,-0.152,"27.7824,   -0.152, 26 May 2026, 17:35:11"
2026-05-26T17:35:27.742031,97,350000,-0.019,0.018,-0.999,-3.595,0.198,-0.977,30.22,27.8079,-0.152,"27.8079,   -0.152, 26 May 2026, 17:35:21"
2026-05-26T17:35:37.741402,98,360000,-0.014,0.018,-0.999,-3.504,0.183,-1.099,30.22,27.8255,-0.156,"27.8255,   -0.156, 26 May 2026, 17:35:31"
2026-05-26T17:35:47.741500,99,370000,-0.007,0.018,-1.0,-3.443,0.214,-1.13,30.32,27.81,-0.154,"27.8100,   -0.154, 26 May 2026, 17:35:41"
2026-05-26T17:35:57.803265,100,380000,-0.016,0.016,-1.002,-3.557,0.267,-1.008,30.46,27.7873,-0.151,"27.7873,   -0.151, 26 May 2026, 17:35:51"
2026-05-26T17:36:07.738341,101,390000,-0.017,0.013,-0.996,-3.565,0.237,-1.069,30.51,27.7698,-0.153,"27.7698,   -0.153, 26 May 2026, 17:36:01"
2026-05-26T17:36:17.745362,102,400000,-0.019,0.015,-0.996,-3.496,0.298,-1.115,30.55,27.7675,-0.151,"27.7675,   -0.151, 26 May 2026, 17:36:11"
2026-05-26T17:36:27.744729,103,410000,-0.012,0.014,-0.997,-3.687,0.313,-0.885,30.41,27.7836,-0.154,"27.7836,   -0.154, 26 May 2026, 17:36:21"
2026-05-26T17:36:37.744642,104,420000,-0.019,0.02,-0.996,-3.534,0.176,-1.084,30.55,27.7986,-0.154,"27.7986,   -0.154, 26 May 2026, 17:36:31"
2026-05-26T17:36:47.744677,105,430000,-0.014,0.018,-0.998,-3.489,0.099,-0.885,30.55,27.8152,-0.152,"27.8152,   -0.152, 26 May 2026, 17:36:41"
2026-05-26T17:36:57.744670,106,440000,-0.013,0.015,-1.0,-3.603,0.015,-1.145,30.65,27.8122,-0.151,"27.8122,   -0.151, 26 May 2026, 17:36:51"
2026-05-26T17:37:07.742705,107,450000,-0.015,0.012,-0.997,-3.641,0.336,-0.924,30.65,27.8202,-0.152,"27.8202,   -0.152, 26 May 2026, 17:37:01"
2026-05-26T17:37:17.745990,108,460000,-0.017,0.015,-1.001,-3.481,0.237,-1.107,30.69,27.8015,-0.152,"27.8015,   -0.152, 26 May 2026, 17:37:11"
2026-05-26T17:37:27.801625,109,470000,-0.018,0.021,-1.0,-3.542,0.206,-1.015,30.74,27.7709,-0.154,"27.7709,   -0.154, 26 May 2026, 17:37:21"
2026-05-26T17:37:37.752023,110,480000,-0.008,0.017,-1.0,-3.519,0.176,-1.13,30.69,27.7309,-0.151,"27.7309,   -0.151, 26 May 2026, 17:37:31"
2026-05-26T17:37:47.746734,111,490000,-0.019,0.01,-1.002,-3.58,0.244,-1.221,30.6,27.7142,-0.153,"27.7142,   -0.153, 26 May 2026, 17:37:41"
2026-05-26T17:37:57.802336,112,500000,-0.018,0.014,-0.989,-3.489,0.221,-0.832,30.65,27.6944,-0.152,"27.6944,   -0.152, 26 May 2026, 17:37:51"
2026-05-26T17:38:07.741762,113,510000,-0.015,0.014,-0.992,-3.733,0.13,-1.176,30.41,27.6783,-0.155,"27.6783,   -0.155, 26 May 2026, 17:38:01"
2026-05-26T17:38:17.812520,114,520000,-0.012,0.012,-0.997,-3.527,0.344,-1.008,30.18,27.6544,-0.149,"27.6544,   -0.149, 26 May 2026, 17:38:11"
2026-05-26T17:38:27.741177,115,530000,-0.014,0.013,-0.999,-3.611,0.206,-1.13,30.22,27.6022,-0.154,"27.6022,   -0.154, 26 May 2026, 17:38:21"
2026-05-26T17:38:37.801653,116,540000,-0.019,0.021,-1.001,-3.45,0.366,-0.863,30.27,27.5572,-0.153,"27.5572,   -0.153, 26 May 2026, 17:38:31"
2026-05-26T17:38:47.742309,117,550000,-0.021,0.014,-1.003,-3.702,0.405,-1.038,30.27,27.5538,-0.151,"27.5538,   -0.151, 26 May 2026, 17:38:41"
2026-05-26T17:38:57.741643,118,560000,-0.016,0.021,-1.001,-3.542,0.092,-1.122,30.27,27.55,-0.151,"27.5500,   -0.151, 26 May 2026, 17:38:51"
2026-05-26T17:39:07.742053,119,570000,-0.012,0.011,-0.995,-3.397,0.145,-1.076,30.22,27.5211,-0.156,"27.5211,   -0.156, 26 May 2026, 17:39:01"
2026-05-26T17:39:17.742421,120,580000,-0.02,0.016,-0.994,-3.588,0.298,-1.053,30.22,27.5045,-0.151,"27.5045,   -0.151, 26 May 2026, 17:39:11"
2026-05-26T17:39:27.742626,121,590000,-0.018,0.021,-0.985,-3.504,0.107,-1.099,30.08,27.4784,-0.151,"27.4784,   -0.151, 26 May 2026, 17:39:21"
2026-05-26T17:39:37.742652,122,600000,-0.017,0.017,-0.997,-3.557,0.351,-1.0,29.99,27.448,-0.149,"27.4480,   -0.149, 26 May 2026, 17:39:31"
2026-05-26T17:39:47.741468,123,610000,-0.019,0.014,-1.001,-3.573,0.198,-0.931,30.13,27.4325,-0.151,"27.4325,   -0.151, 26 May 2026, 17:39:41"
2026-05-26T17:39:57.747397,124,620000,-0.012,0.013,-0.988,-3.565,0.16,-1.076,30.18,27.4379,-0.155,"27.4379,   -0.155, 26 May 2026, 17:39:51"
2026-05-26T17:40:07.738802,125,630000,-0.013,0.012,-0.997,-3.504,0.221,-1.145,30.32,27.4576,-0.153,"27.4576,   -0.153, 26 May 2026, 17:40:01"
2026-05-26T17:40:17.738681,126,640000,-0.02,0.015,-1.0,-3.618,0.16,-1.038,30.22,27.4528,-0.151,"27.4528,   -0.151, 26 May 2026, 17:40:11"
2026-05-26T17:40:27.738460,127,650000,-0.021,0.015,-0.993,-3.557,0.122,-1.168,30.08,27.3886,-0.153,"27.3886,   -0.153, 26 May 2026, 17:40:21"
2026-05-26T17:40:37.739340,128,660000,-0.016,0.013,-0.998,-3.366,0.183,-1.13,29.8,27.3345,-0.154,"27.3345,   -0.154, 26 May 2026, 17:40:31"
2026-05-26T17:40:47.746375,129,670000,-0.014,0.014,-0.988,-3.519,0.046,-1.053,29.61,27.3115,-0.152,"27.3115,   -0.152, 26 May 2026, 17:40:41"
2026-05-26T17:40:57.739030,130,680000,-0.019,0.016,-0.996,-3.641,0.267,-1.076,29.75,27.3306,-0.154,"27.3306,   -0.154, 26 May 2026, 17:40:51"
2026-05-26T17:41:07.741267,131,690000,-0.015,0.016,-0.99,-3.489,0.244,-1.008,29.89,27.3475,-0.15,"27.3475,   -0.150, 26 May 2026, 17:41:01"
2026-05-26T17:41:17.804737,132,700000,-0.013,0.014,-1.0,-3.573,0.237,-1.008,29.94,27.3535,-0.149,"27.3535,   -0.149, 26 May 2026, 17:41:11"
2026-05-26T17:41:27.739447,133,710000,-0.012,0.017,-1.0,-3.672,0.137,-0.931,29.99,27.3506,-0.15,"27.3506,   -0.150, 26 May 2026, 17:41:21"
2026-05-26T17:41:37.803334,134,720000,-0.016,0.015,-0.999,-3.534,0.191,-0.985,30.04,27.351,-0.155,"27.3510,   -0.155, 26 May 2026, 17:41:31"
2026-05-26T17:41:47.738712,135,730000,-0.017,0.016,-0.994,-3.588,0.244,-1.153,29.66,27.3638,-0.152,"27.3638,   -0.152, 26 May 2026, 17:41:41"
2026-05-26T17:41:57.738481,136,740000,-0.017,0.015,-0.997,-3.595,0.313,-1.031,29.47,27.3844,-0.152,"27.3844,   -0.152, 26 May 2026, 17:41:51"
2026-05-26T17:42:07.738565,137,750000,-0.018,0.01,-0.998,-3.496,0.328,-0.985,29.38,27.4111,-0.147,"27.4111,   -0.147, 26 May 2026, 17:42:01"
2026-05-26T17:42:17.739829,138,760000,-0.014,0.017,-0.993,-3.588,0.183,-0.893,29.42,27.4435,-0.15,"27.4435,   -0.150, 26 May 2026, 17:42:11"
2026-05-26T17:42:27.738464,139,770000,-0.021,0.018,-0.983,-3.504,0.115,-1.107,29.38,27.4783,-0.152,"27.4783,   -0.152, 26 May 2026, 17:42:21"
2026-05-26T17:42:37.738701,140,780000,-0.015,0.017,-0.991,-3.458,0.237,-1.237,29.47,27.5133,-0.149,"27.5133,   -0.149, 26 May 2026, 17:42:31"
2026-05-26T17:42:47.739642,141,790000,-0.02,0.016,-0.996,-3.389,0.229,-1.168,29.61,27.5449,-0.149,"27.5449,   -0.149, 26 May 2026, 17:42:41"
2026-05-26T17:42:57.738765,142,800000,-0.019,0.011,-0.998,-3.42,0.168,-1.008,29.66,27.5825,-0.155,"27.5825,   -0.155, 26 May 2026, 17:42:51"
2026-05-26T17:43:07.738984,143,810000,-0.014,0.019,-0.997,-3.496,0.122,-1.053,29.71,27.6201,-0.151,"27.6201,   -0.151, 26 May 2026, 17:43:01"
2026-05-26T17:43:17.742434,144,820000,-0.018,0.02,-0.995,-3.634,0.29,-1.061,29.75,27.6487,-0.149,"27.6487,   -0.149, 26 May 2026, 17:43:11"
2026-05-26T17:43:27.739181,145,830000,-0.012,0.008,-1.002,-3.489,0.221,-1.0,29.85,27.6723,-0.153,"27.6723,   -0.153, 26 May 2026, 17:43:21"
2026-05-26T17:43:37.738610,146,840000,-0.018,0.014,-0.993,-3.542,0.305,-0.969,29.75,27.6894,-0.15,"27.6894,   -0.150, 26 May 2026, 17:43:31"
2026-05-26T17:43:47.739407,147,850000,-0.024,0.014,-0.987,-3.557,0.267,-1.069,29.85,27.7089,-0.151,"27.7089,   -0.151, 26 May 2026, 17:43:41"
2026-05-26T17:43:57.738724,148,860000,-0.014,0.016,-0.984,-3.519,0.145,-1.099,29.94,27.7298,-0.151,"27.7298,   -0.151, 26 May 2026, 17:43:51"
2026-05-26T17:44:07.739560,149,870000,-0.018,0.014,-1.009,-3.702,0.252,-1.16,29.85,27.7469,-0.147,"27.7469,   -0.147, 26 May 2026, 17:44:01"
2026-05-26T17:44:17.738808,150,880000,-0.011,0.016,-1.003,-3.595,0.237,-1.031,29.89,27.7603,-0.151,"27.7603,   -0.151, 26 May 2026, 17:44:11"
2026-05-26T17:44:27.739346,151,890000,-0.014,0.019,-0.996,-3.618,0.092,-1.229,29.99,27.7679,-0.149,"27.7679,   -0.149, 26 May 2026, 17:44:21"
2026-05-26T17:44:37.738750,152,900000,-0.018,0.014,-0.994,-3.45,0.282,-1.16,29.99,27.7841,-0.15,"27.7841,   -0.150, 26 May 2026, 17:44:31"
2026-05-26T17:44:47.739192,153,910000,-0.014,0.018,-0.999,-3.595,0.275,-1.084,30.04,27.7992,-0.152,"27.7992,   -0.152, 26 May 2026, 17:44:41"
2026-05-26T17:44:57.738689,154,920000,-0.019,0.017,-0.989,-3.519,0.252,-1.046,29.89,27.8103,-0.152,"27.8103,   -0.152, 26 May 2026, 17:44:51"
2026-05-26T17:45:07.739849,155,930000,-0.012,0.016,-1.002,-3.481,0.298,-1.137,29.99,27.821,-0.152,"27.8210,   -0.152, 26 May 2026, 17:45:01"
2026-05-26T17:45:17.738838,156,940000,-0.017,0.016,-0.992,-3.618,0.191,-1.076,29.94,27.8235,-0.154,"27.8235,   -0.154, 26 May 2026, 17:45:11"
2026-05-26T17:45:27.739043,157,950000,-0.017,0.012,-0.997,-3.611,0.267,-1.046,29.99,27.8257,-0.149,"27.8257,   -0.149, 26 May 2026, 17:45:21"
2026-05-26T17:45:37.739021,158,960000,-0.015,0.016,-0.999,-3.466,-0.008,-1.26,30.04,27.8396,-0.15,"27.8396,   -0.150, 26 May 2026, 17:45:31"
2026-05-26T17:45:47.738531,159,970000,-0.018,0.011,-0.996,-3.55,0.099,-1.008,30.04,27.8533,-0.151,"27.8533,   -0.151, 26 May 2026, 17:45:41"
2026-05-26T17:45:57.739144,160,980000,-0.02,0.015,-0.992,-3.542,0.176,-1.145,30.08,27.8627,-0.149,"27.8627,   -0.149, 26 May 2026, 17:45:51"
2026-05-26T17:46:07.739253,161,990000,-0.016,0.018,-1.003,-3.427,0.206,-1.16,30.13,27.8888,-0.149,"27.8888,   -0.149, 26 May 2026, 17:46:01"
2026-05-26T17:46:17.738778,162,1000000,-0.015,0.018,-1.0,-3.595,0.084,-1.122,30.13,27.9173,-0.15,"27.9173,   -0.150, 26 May 2026, 17:46:11"
2026-05-26T17:46:27.738969,163,1010000,-0.009,0.018,-0.993,-3.473,0.298,-1.046,30.22,27.9601,-0.15,"27.9601,   -0.150, 26 May 2026, 17:46:21"
2026-05-26T17:46:37.744602,164,1020000,-0.016,0.018,-0.996,-3.397,0.168,-1.008,30.22,27.9979,-0.15,"27.9979,   -0.150, 26 May 2026, 17:46:31"
2026-05-26T17:46:47.740859,165,1030000,-0.007,0.019,-1.003,-3.573,0.13,-0.84,30.27,28.0265,-0.153,"28.0265,   -0.153, 26 May 2026, 17:46:41"
2026-05-26T17:46:57.740111,166,1040000,-0.017,0.014,-0.991,-3.473,0.26,-1.061,30.41,28.0634,-0.152,"28.0634,   -0.152, 26 May 2026, 17:46:51"
2026-05-26T17:47:07.740885,167,1050000,-0.013,0.016,-0.988,-3.557,0.137,-0.962,30.32,28.1051,-0.151,"28.1051,   -0.151, 26 May 2026, 17:47:01"
2026-05-26T17:47:17.804023,168,1060000,-0.018,0.017,-0.997,-3.672,0.229,-1.092,30.32,28.1353,-0.149,"28.1353,   -0.149, 26 May 2026, 17:47:11"
2026-05-26T17:47:27.741169,169,1070000,-0.011,0.019,-0.993,-3.557,0.237,-0.977,30.41,28.1695,-0.148,"28.1695,   -0.148, 26 May 2026, 17:47:21"
2026-05-26T17:47:37.746788,170,1080000,-0.012,0.014,-0.994,-3.397,0.298,-1.176,30.41,28.194,-0.153,"28.1940,   -0.153, 26 May 2026, 17:47:31"
2026-05-26T17:47:47.740929,171,1090000,-0.014,0.016,-0.995,-3.611,0.252,-1.183,30.41,28.2195,-0.149,"28.2195,   -0.149, 26 May 2026, 17:47:41"
2026-05-26T17:47:57.801093,172,1100000,-0.014,0.013,-1.0,-3.641,0.267,-0.977,30.41,28.2349,-0.152,"28.2349,   -0.152, 26 May 2026, 17:47:51"
2026-05-26T17:48:07.740089,173,1110000,-0.018,0.018,-1.01,-3.573,0.183,-0.977,30.32,28.2403,-0.146,"28.2403,   -0.146, 26 May 2026, 17:48:01"
2026-05-26T17:48:17.741242,174,1120000,-0.015,0.015,-1.005,-3.542,0.115,-1.061,30.46,28.2383,-0.151,"28.2383,   -0.151, 26 May 2026, 17:48:11"
2026-05-26T17:48:27.740227,175,1130000,-0.011,0.02,-1.0,-3.511,0.313,-1.313,30.37,28.2348,-0.149,"28.2348,   -0.149, 26 May 2026, 17:48:21"
2026-05-26T17:48:37.740107,176,1140000,-0.011,0.018,-0.988,-3.466,0.084,-1.023,30.46,28.2299,-0.151,"28.2299,   -0.151, 26 May 2026, 17:48:31"
2026-05-26T17:48:47.740135,177,1150000,-0.018,0.019,-0.995,-3.443,0.359,-1.038,30.51,28.2289,-0.156,"28.2289,   -0.156, 26 May 2026, 17:48:41"
2026-05-26T17:48:57.740281,178,1160000,-0.019,0.017,-0.996,-3.351,0.122,-1.015,30.6,28.2229,-0.15,"28.2229,   -0.150, 26 May 2026, 17:48:51"
2026-05-26T17:49:07.740125,179,1170000,-0.015,0.019,-0.987,-3.542,0.069,-1.053,30.6,28.2167,-0.151,"28.2167,   -0.151, 26 May 2026, 17:49:01"
2026-05-26T17:49:17.740959,180,1180000,-0.013,0.01,-1.007,-3.542,0.275,-1.069,30.55,28.2197,-0.153,"28.2197,   -0.153, 26 May 2026, 17:49:11"
2026-05-26T17:49:27.747982,181,1190000,-0.016,0.016,-1.001,-3.534,0.252,-1.13,30.46,28.1595,-0.154,"28.1595,   -0.154, 26 May 2026, 17:49:21"
2026-05-26T17:49:37.739389,182,1200000,-0.016,0.015,-0.995,-3.557,0.168,-1.13,30.22,28.0762,-0.151,"28.0762,   -0.151, 26 May 2026, 17:49:31"
2026-05-26T17:49:47.742312,183,1210000,-0.014,0.013,-0.999,-3.412,0.458,-1.122,30.41,28.0479,-0.155,"28.0479,   -0.155, 26 May 2026, 17:49:41"
2026-05-26T17:49:57.740471,184,1220000,-0.023,0.014,-1.001,-3.511,0.29,-1.191,30.51,28.0178,-0.15,"28.0178,   -0.150, 26 May 2026, 17:49:51"
2026-05-26T17:50:07.741041,185,1230000,-0.016,0.009,-1.006,-3.435,0.313,-0.908,30.55,27.9941,-0.151,"27.9941,   -0.151, 26 May 2026, 17:50:01"
2026-05-26T17:50:17.740382,186,1240000,-0.017,0.018,-1.004,-3.626,0.237,-1.084,30.55,27.95,-0.152,"27.9500,   -0.152, 26 May 2026, 17:50:11"
2026-05-26T17:50:27.739965,187,1250000,-0.014,0.012,-0.999,-3.725,0.221,-1.107,30.51,27.897,-0.149,"27.8970,   -0.149, 26 May 2026, 17:50:21"
2026-05-26T17:50:37.745403,188,1260000,-0.018,0.017,-1.0,-3.374,0.29,-1.015,30.55,27.8612,-0.147,"27.8612,   -0.147, 26 May 2026, 17:50:31"
2026-05-26T17:50:47.739995,189,1270000,-0.019,0.015,-0.996,-3.641,0.198,-0.924,30.51,27.8202,-0.155,"27.8202,   -0.155, 26 May 2026, 17:50:41"
2026-05-26T17:50:57.741324,190,1280000,-0.016,0.008,-1.0,-3.473,0.191,-1.031,30.6,27.796,-0.154,"27.7960,   -0.154, 26 May 2026, 17:50:51"
2026-05-26T17:51:07.742476,191,1290000,-0.01,0.02,-1.012,-3.634,0.061,-0.962,30.6,27.771,-0.151,"27.7710,   -0.151, 26 May 2026, 17:51:01"
2026-05-26T17:51:17.740521,192,1300000,-0.015,0.023,-1.005,-3.618,0.389,-0.962,30.51,27.7368,-0.15,"27.7368,   -0.150, 26 May 2026, 17:51:11"
2026-05-26T17:51:27.739964,193,1310000,-0.012,0.015,-0.998,-3.542,0.336,-0.985,30.55,27.7226,-0.15,"27.7226,   -0.150, 26 May 2026, 17:51:21"
2026-05-26T17:51:37.741279,194,1320000,-0.019,0.01,-1.002,-3.626,0.26,-0.954,30.69,27.7109,-0.15,"27.7109,   -0.150, 26 May 2026, 17:51:31"
2026-05-26T17:51:47.803850,195,1330000,-0.014,0.018,-0.999,-3.504,0.275,-1.008,30.55,27.6957,-0.154,"27.6957,   -0.154, 26 May 2026, 17:51:41"
2026-05-26T17:51:57.739995,196,1340000,-0.016,0.012,-0.986,-3.611,0.221,-1.084,30.69,27.6727,-0.151,"27.6727,   -0.151, 26 May 2026, 17:51:51"
2026-05-26T17:52:07.743672,197,1350000,-0.018,0.019,-0.992,-3.527,0.237,-0.985,30.65,27.6558,-0.151,"27.6558,   -0.151, 26 May 2026, 17:52:01"
2026-05-26T17:52:17.744557,198,1360000,-0.018,0.014,-0.999,-3.435,0.214,-0.954,30.65,27.6374,-0.154,"27.6374,   -0.154, 26 May 2026, 17:52:11"
2026-05-26T17:52:27.744592,199,1370000,-0.015,0.015,-0.991,-3.534,0.0,-1.16,30.74,27.6191,-0.152,"27.6191,   -0.152, 26 May 2026, 17:52:21"
2026-05-26T17:52:37.741031,200,1380000,-0.019,0.012,-1.008,-3.595,0.26,-1.076,30.84,27.6068,-0.15,"27.6068,   -0.150, 26 May 2026, 17:52:31"
2026-05-26T17:52:47.742851,201,1390000,-0.015,0.016,-1.003,-3.481,0.466,-0.893,30.79,27.6023,-0.152,"27.6023,   -0.152, 26 May 2026, 17:52:41"
2026-05-26T17:52:57.742302,202,1400000,-0.017,0.022,-0.998,-3.473,0.244,-1.008,30.79,27.5993,-0.152,"27.5993,   -0.152, 26 May 2026, 17:52:51"
2026-05-26T17:53:07.741474,203,1410000,-0.013,0.019,-1.006,-3.603,0.137,-0.901,30.55,27.5832,-0.155,"27.5832,   -0.155, 26 May 2026, 17:53:01"
2026-05-26T17:53:17.741097,204,1420000,-0.013,0.01,-0.987,-3.626,0.191,-1.13,30.69,27.5926,-0.154,"27.5926,   -0.154, 26 May 2026, 17:53:11"
2026-05-26T17:53:27.744261,205,1430000,-0.014,0.012,-1.008,-3.527,0.13,-1.023,30.69,27.5942,-0.153,"27.5942,   -0.153, 26 May 2026, 17:53:21"
2026-05-26T17:53:37.742773,206,1440000,-0.019,0.016,-0.999,-3.649,0.061,-1.031,30.65,27.5978,-0.149,"27.5978,   -0.149, 26 May 2026, 17:53:31"
2026-05-26T17:53:47.743813,207,1450000,-0.019,0.014,-0.999,-3.626,0.145,-0.947,30.69,27.5961,-0.15,"27.5961,   -0.150, 26 May 2026, 17:53:41"
2026-05-26T17:53:57.739780,208,1460000,-0.017,0.014,-0.998,-3.466,0.122,-1.122,30.69,27.5991,-0.153,"27.5991,   -0.153, 26 May 2026, 17:53:51"
2026-05-26T17:54:07.744757,209,1470000,-0.014,0.014,-0.994,-3.588,0.214,-0.809,30.6,27.5824,-0.151,"27.5824,   -0.151, 26 May 2026, 17:54:01"
2026-05-26T17:54:17.742654,210,1480000,-0.013,0.011,-0.99,-3.473,0.206,-1.076,30.69,27.5795,-0.149,"27.5795,   -0.149, 26 May 2026, 17:54:11"
2026-05-26T17:54:27.742325,211,1490000,-0.014,0.011,-0.985,-3.58,0.16,-1.252,30.69,27.5623,-0.149,"27.5623,   -0.149, 26 May 2026, 17:54:21"
2026-05-26T17:54:37.744256,212,1500000,-0.021,0.014,-1.008,-3.634,0.206,-1.092,30.55,27.5594,-0.15,"27.5594,   -0.150, 26 May 2026, 17:54:31"
2026-05-26T17:54:47.738573,213,1510000,-0.015,0.013,-0.99,-3.58,0.176,-1.084,30.41,27.5539,-0.153,"27.5539,   -0.153, 26 May 2026, 17:54:41"
2026-05-26T17:54:57.744445,214,1520000,-0.022,0.015,-0.991,-3.489,0.176,-1.099,30.55,27.5585,-0.151,"27.5585,   -0.151, 26 May 2026, 17:54:51"
2026-05-26T17:55:07.744484,215,1530000,-0.017,0.016,-0.999,-3.679,0.244,-1.069,30.6,27.5764,-0.15,"27.5764,   -0.150, 26 May 2026, 17:55:01"
2026-05-26T17:55:17.744047,216,1540000,-0.015,0.013,-0.998,-3.595,0.298,-1.191,30.69,27.5677,-0.154,"27.5677,   -0.154, 26 May 2026, 17:55:11"
2026-05-26T17:55:27.744301,217,1550000,-0.011,0.016,-0.999,-3.58,0.176,-1.107,30.74,27.5602,-0.152,"27.5602,   -0.152, 26 May 2026, 17:55:21"
2026-05-26T17:55:37.741067,218,1560000,-0.023,0.012,-0.992,-3.511,0.061,-1.16,30.6,27.5441,-0.149,"27.5441,   -0.149, 26 May 2026, 17:55:31"
2026-05-26T17:55:47.744394,219,1570000,-0.021,0.02,-1.013,-3.42,0.389,-1.008,30.6,27.5279,-0.15,"27.5279,   -0.150, 26 May 2026, 17:55:41"
2026-05-26T17:55:57.744501,220,1580000,-0.018,0.019,-0.995,-3.611,0.115,-1.107,30.6,27.5291,-0.152,"27.5291,   -0.152, 26 May 2026, 17:55:51"
2026-05-26T17:56:07.744439,221,1590000,-0.013,0.015,-0.998,-3.565,0.015,-1.076,30.74,27.5244,-0.151,"27.5244,   -0.151, 26 May 2026, 17:56:01"
2026-05-26T17:56:17.742458,222,1600000,-0.016,0.017,-0.992,-3.481,0.328,-1.13,30.69,27.5191,-0.152,"27.5191,   -0.152, 26 May 2026, 17:56:11"
2026-05-26T17:56:27.745115,223,1610000,-0.014,0.014,-1.005,-3.527,0.237,-1.046,30.69,27.533,-0.152,"27.5330,   -0.152, 26 May 2026, 17:56:21"
2026-05-26T17:56:37.801711,224,1620000,-0.017,0.022,-0.996,-3.55,0.328,-1.008,30.65,27.5002,-0.148,"27.5002,   -0.148, 26 May 2026, 17:56:31"
2026-05-26T17:56:47.743855,225,1630000,-0.015,0.014,-1.0,-3.496,0.229,-1.137,30.69,27.4802,-0.148,"27.4802,   -0.148, 26 May 2026, 17:56:41"
2026-05-26T17:56:57.742612,226,1640000,-0.019,0.016,-1.0,-3.565,0.359,-0.969,30.69,27.4778,-0.148,"27.4778,   -0.148, 26 May 2026, 17:56:51"
2026-05-26T17:57:07.741571,227,1650000,-0.018,0.011,-1.0,-3.756,0.313,-1.015,30.6,27.4863,-0.152,"27.4863,   -0.152, 26 May 2026, 17:57:01"
2026-05-26T17:57:17.743920,228,1660000,-0.009,0.017,-0.99,-3.511,0.351,-1.076,30.22,27.5025,-0.148,"27.5025,   -0.148, 26 May 2026, 17:57:11"
2026-05-26T17:57:27.743879,229,1670000,-0.012,0.018,-0.995,-3.618,0.214,-1.13,30.04,27.4957,-0.152,"27.4957,   -0.152, 26 May 2026, 17:57:21"
2026-05-26T17:57:37.748251,230,1680000,-0.019,0.018,-0.996,-3.618,0.229,-1.099,29.8,27.4558,-0.148,"27.4558,   -0.148, 26 May 2026, 17:57:31"
2026-05-26T17:57:47.743849,231,1690000,-0.021,0.015,-1.0,-3.389,0.122,-1.122,29.71,27.4334,-0.152,"27.4334,   -0.152, 26 May 2026, 17:57:41"
2026-05-26T17:57:57.747980,232,1700000,-0.017,0.014,-0.998,-3.496,0.145,-1.115,29.61,27.4326,-0.146,"27.4326,   -0.146, 26 May 2026, 17:57:51"
2026-05-26T17:58:07.744160,233,1710000,-0.017,0.017,-0.999,-3.504,0.13,-0.977,29.47,27.3804,-0.154,"27.3804,   -0.154, 26 May 2026, 17:58:01"
2026-05-26T17:58:17.744040,234,1720000,-0.022,0.018,-0.999,-3.603,0.221,-0.985,29.52,27.3609,-0.149,"27.3609,   -0.149, 26 May 2026, 17:58:11"
2026-05-26T17:58:27.751031,235,1730000,-0.014,0.015,-0.989,-3.527,0.13,-1.069,29.47,27.3847,-0.149,"27.3847,   -0.149, 26 May 2026, 17:58:21"
2026-05-26T17:58:37.740609,236,1740000,-0.015,0.01,-0.99,-3.496,0.237,-0.977,29.66,27.4113,-0.147,"27.4113,   -0.147, 26 May 2026, 17:58:31"
2026-05-26T17:58:47.744055,237,1750000,-0.021,0.016,-0.985,-3.42,0.153,-1.031,29.66,27.4491,-0.151,"27.4491,   -0.151, 26 May 2026, 17:58:41"
2026-05-26T17:58:57.745302,238,1760000,-0.01,0.012,-0.995,-3.55,0.198,-1.053,29.85,27.4816,-0.149,"27.4816,   -0.149, 26 May 2026, 17:58:51"
2026-05-26T17:59:07.739730,239,1770000,-0.014,0.014,-1.0,-3.58,0.267,-1.084,29.94,27.535,-0.149,"27.5350,   -0.149, 26 May 2026, 17:59:01"
2026-05-26T17:59:17.740037,240,1780000,-0.02,0.01,-0.989,-3.359,0.153,-0.885,30.13,27.5832,-0.152,"27.5832,   -0.152, 26 May 2026, 17:59:11"
2026-05-26T17:59:27.744155,241,1790000,-0.02,0.013,-1.0,-3.687,0.382,-0.985,30.22,27.6367,-0.151,"27.6367,   -0.151, 26 May 2026, 17:59:21"
2026-05-26T17:59:37.746408,242,1800000,-0.018,0.01,-0.997,-3.641,0.115,-1.008,30.22,27.6733,-0.152,"27.6733,   -0.152, 26 May 2026, 17:59:31"
2026-05-26T17:59:47.744061,243,1810000,-0.021,0.013,-0.992,-3.634,0.282,-1.168,30.18,27.7051,-0.152,"27.7051,   -0.152, 26 May 2026, 17:59:41"
2026-05-26T17:59:57.739041,244,1820000,-0.015,0.011,-0.996,-3.496,0.153,-0.947,30.32,27.7492,-0.154,"27.7492,   -0.154, 26 May 2026, 17:59:51"
2026-05-26T18:00:07.741330,245,1830000,-0.015,0.008,-0.993,-3.58,0.107,-1.008,30.41,27.7851,-0.149,"27.7851,   -0.149, 26 May 2026, 18:00:01"
2026-05-26T18:00:17.743760,246,1840000,-0.014,0.018,-1.004,-3.656,0.26,-0.992,30.41,27.8354,-0.148,"27.8354,   -0.148, 26 May 2026, 18:00:11"
2026-05-26T18:00:27.743856,247,1850000,-0.013,0.01,-0.997,-3.55,0.267,-1.084,30.41,27.873,-0.149,"27.8730,   -0.149, 26 May 2026, 18:00:21"
2026-05-26T18:00:37.741940,248,1860000,-0.015,0.013,-0.997,-3.557,0.214,-1.183,30.55,27.8871,-0.152,"27.8871,   -0.152, 26 May 2026, 18:00:31"
2026-05-26T18:00:47.744001,249,1870000,-0.016,0.011,-1.0,-3.534,0.183,-1.038,30.46,27.9046,-0.149,"27.9046,   -0.149, 26 May 2026, 18:00:41"
2026-05-26T18:00:57.744503,250,1880000,-0.008,0.021,-0.997,-3.466,0.145,-0.947,30.51,27.9176,-0.153,"27.9176,   -0.153, 26 May 2026, 18:00:51"
2026-05-26T18:01:07.740879,251,1890000,-0.021,0.02,-0.998,-3.634,0.206,-0.992,30.55,27.9358,-0.153,"27.9358,   -0.153, 26 May 2026, 18:01:01"
2026-05-26T18:01:17.740874,252,1900000,-0.016,0.018,-0.998,-3.641,0.176,-1.145,30.46,27.9484,-0.152,"27.9484,   -0.152, 26 May 2026, 18:01:11"
2026-05-26T18:01:27.806679,253,1910000,-0.018,0.019,-0.992,-3.641,0.229,-1.13,30.65,27.9586,-0.15,"27.9586,   -0.150, 26 May 2026, 18:01:21"
2026-05-26T18:01:37.744167,254,1920000,-0.013,0.011,-1.001,-3.641,0.29,-1.069,30.51,27.9651,-0.151,"27.9651,   -0.151, 26 May 2026, 18:01:31"
2026-05-26T18:01:47.743964,255,1930000,-0.016,0.016,-1.007,-3.649,0.221,-0.908,30.65,27.9858,-0.155,"27.9858,   -0.155, 26 May 2026, 18:01:41"
2026-05-26T18:01:57.739653,256,1940000,-0.016,0.008,-0.998,-3.427,0.183,-1.13,30.55,28.0085,-0.145,"28.0085,   -0.145, 26 May 2026, 18:01:51"
2026-05-26T18:02:07.742253,257,1950000,-0.018,0.014,-0.995,-3.496,0.023,-0.901,30.69,28.0219,-0.153,"28.0219,   -0.153, 26 May 2026, 18:02:01"
2026-05-26T18:02:17.743873,258,1960000,-0.017,0.018,-1.007,-3.557,0.069,-1.176,30.69,28.0419,-0.153,"28.0419,   -0.153, 26 May 2026, 18:02:11"
2026-05-26T18:02:27.741454,259,1970000,-0.011,0.017,-0.995,-3.603,0.351,-1.0,30.74,28.0599,-0.149,"28.0599,   -0.149, 26 May 2026, 18:02:21"
2026-05-26T18:02:37.739223,260,1980000,-0.02,0.021,-1.005,-3.466,0.305,-1.0,30.69,28.0902,-0.151,"28.0902,   -0.151, 26 May 2026, 18:02:31"
2026-05-26T18:02:47.743956,261,1990000,-0.016,0.016,-0.99,-3.573,0.252,-1.107,30.69,28.1217,-0.151,"28.1217,   -0.151, 26 May 2026, 18:02:41"
2026-05-26T18:02:57.744594,262,2000000,-0.013,0.007,-1.0,-3.542,0.198,-1.122,30.65,28.1443,-0.152,"28.1443,   -0.152, 26 May 2026, 18:02:51"
2026-05-26T18:03:07.740335,263,2010000,-0.021,0.017,-0.999,-3.565,0.328,-1.244,30.74,28.1421,-0.148,"28.1421,   -0.148, 26 May 2026, 18:03:01"
2026-05-26T18:03:17.740976,264,2020000,-0.015,0.015,-1.008,-3.527,0.26,-1.031,30.74,28.1296,-0.154,"28.1296,   -0.154, 26 May 2026, 18:03:11"
2026-05-26T18:03:27.742568,265,2030000,-0.008,0.014,-1.001,-3.595,0.305,-1.076,30.74,28.0996,-0.152,"28.0996,   -0.152, 26 May 2026, 18:03:21"
2026-05-26T18:03:37.747981,266,2040000,-0.014,0.015,-1.003,-3.412,0.305,-0.977,30.74,28.0445,-0.153,"28.0445,   -0.153, 26 May 2026, 18:03:31"
2026-05-26T18:03:47.744717,267,2050000,-0.014,0.012,-0.995,-3.58,0.13,-1.084,30.74,28.0192,-0.149,"28.0192,   -0.149, 26 May 2026, 18:03:41"
2026-05-26T18:03:57.740222,268,2060000,-0.014,0.01,-1.002,-3.679,0.397,-1.0,30.69,27.985,-0.152,"27.9850,   -0.152, 26 May 2026, 18:03:51"
2026-05-26T18:04:07.743177,269,2070000,-0.011,0.015,-0.997,-3.695,0.229,-0.969,30.84,27.976,-0.15,"27.9760,   -0.150, 26 May 2026, 18:04:01"
2026-05-26T18:04:17.743618,270,2080000,-0.013,0.011,-0.999,-3.527,0.16,-1.092,30.74,27.9543,-0.151,"27.9543,   -0.151, 26 May 2026, 18:04:11"
2026-05-26T18:04:27.749042,271,2090000,-0.018,0.019,-1.0,-3.458,0.305,-1.031,30.88,27.9254,-0.151,"27.9254,   -0.151, 26 May 2026, 18:04:21"
2026-05-26T18:04:37.744104,272,2100000,-0.019,0.017,-1.0,-3.504,0.244,-1.183,30.88,27.8777,-0.146,"27.8777,   -0.146, 26 May 2026, 18:04:31"
2026-05-26T18:04:47.741320,273,2110000,-0.018,0.015,-1.001,-3.588,0.107,-1.084,30.84,27.8135,-0.152,"27.8135,   -0.152, 26 May 2026, 18:04:41"
2026-05-26T18:04:57.744623,274,2120000,-0.013,0.016,-1.0,-3.702,0.244,-1.038,30.79,27.7665,-0.15,"27.7665,   -0.150, 26 May 2026, 18:04:51"
2026-05-26T18:05:07.744472,275,2130000,-0.014,0.017,-0.998,-3.542,0.183,-1.053,30.84,27.7413,-0.147,"27.7413,   -0.147, 26 May 2026, 18:05:01"
2026-05-26T18:05:17.740080,276,2140000,-0.019,0.009,-0.988,-3.595,0.328,-1.046,30.74,27.7244,-0.151,"27.7244,   -0.151, 26 May 2026, 18:05:11"
2026-05-26T18:05:27.750955,277,2150000,-0.018,0.016,-1.002,-3.603,0.336,-1.084,30.69,27.6948,-0.151,"27.6948,   -0.151, 26 May 2026, 18:05:21"
2026-05-26T18:05:37.744726,278,2160000,-0.02,0.008,-1.004,-3.626,0.061,-0.985,30.69,27.6615,-0.15,"27.6615,   -0.150, 26 May 2026, 18:05:31"
2026-05-26T18:05:47.747618,279,2170000,-0.017,0.013,-1.0,-3.626,0.26,-1.099,30.69,27.6653,-0.152,"27.6653,   -0.152, 26 May 2026, 18:05:41"
2026-05-26T18:05:57.746023,280,2180000,-0.02,0.013,-0.998,-3.45,0.244,-0.947,30.74,27.6459,-0.151,"27.6459,   -0.151, 26 May 2026, 18:05:51"
2026-05-26T18:06:07.744244,281,2190000,-0.015,0.018,-1.001,-3.542,0.176,-1.038,30.6,27.585,-0.152,"27.5850,   -0.152, 26 May 2026, 18:06:01"
2026-05-26T18:06:17.744422,282,2200000,-0.019,0.02,-0.996,-3.565,0.198,-1.153,30.69,27.5582,-0.149,"27.5582,   -0.149, 26 May 2026, 18:06:11"
2026-05-26T18:06:27.804090,283,2210000,-0.015,0.017,-0.999,-3.427,0.214,-1.023,30.74,27.564,-0.153,"27.5640,   -0.153, 26 May 2026, 18:06:21"
2026-05-26T18:06:37.740634,284,2220000,-0.008,0.025,-0.997,-3.634,0.069,-1.092,30.79,27.5337,-0.154,"27.5337,   -0.154, 26 May 2026, 18:06:31"
2026-05-26T18:06:47.743362,285,2230000,-0.019,0.011,-0.994,-3.664,0.244,-0.977,30.69,27.5301,-0.154,"27.5301,   -0.154, 26 May 2026, 18:06:41"
2026-05-26T18:06:57.744646,286,2240000,-0.013,0.01,-0.993,-3.481,0.229,-1.0,30.79,27.5496,-0.149,"27.5496,   -0.149, 26 May 2026, 18:06:51"
2026-05-26T18:07:07.744863,287,2250000,-0.018,0.015,-1.002,-3.443,0.351,-1.092,30.69,27.5475,-0.151,"27.5475,   -0.151, 26 May 2026, 18:07:01"
2026-05-26T18:07:17.744758,288,2260000,-0.023,0.009,-0.998,-3.527,0.336,-1.023,30.69,27.5365,-0.154,"27.5365,   -0.154, 26 May 2026, 18:07:11"
2026-05-26T18:07:27.740571,289,2270000,-0.017,0.018,-0.997,-3.527,0.336,-1.069,30.74,27.5334,-0.152,"27.5334,   -0.152, 26 May 2026, 18:07:21"
2026-05-26T18:07:37.744467,290,2280000,-0.012,0.014,-0.99,-3.45,0.344,-0.908,30.79,27.5157,-0.156,"27.5157,   -0.156, 26 May 2026, 18:07:31"
2026-05-26T18:07:47.744155,291,2290000,-0.007,0.013,-1.001,-3.626,0.336,-1.26,30.79,27.5216,-0.151,"27.5216,   -0.151, 26 May 2026, 18:07:41"
2026-05-26T18:07:57.743281,292,2300000,-0.013,0.016,-1.0,-3.611,0.374,-1.107,30.79,27.5205,-0.15,"27.5205,   -0.150, 26 May 2026, 18:07:51"
2026-05-26T18:08:07.744779,293,2310000,-0.015,0.015,-0.997,-3.55,0.275,-1.16,30.84,27.5033,-0.151,"27.5033,   -0.151, 26 May 2026, 18:08:01"
2026-05-26T18:08:17.744211,294,2320000,-0.015,0.016,-0.991,-3.496,0.076,-1.145,30.79,27.512,-0.152,"27.5120,   -0.152, 26 May 2026, 18:08:11"
2026-05-26T18:08:27.743995,295,2330000,-0.015,0.017,-0.991,-3.542,0.389,-0.977,30.88,27.5276,-0.147,"27.5276,   -0.147, 26 May 2026, 18:08:21"
2026-05-26T18:08:37.741412,296,2340000,-0.017,0.013,-0.993,-3.611,0.252,-0.962,30.84,27.5407,-0.152,"27.5407,   -0.152, 26 May 2026, 18:08:31"
2026-05-26T18:08:47.744410,297,2350000,-0.01,0.015,-0.997,-3.473,0.298,-1.198,30.79,27.5551,-0.151,"27.5551,   -0.151, 26 May 2026, 18:08:41"
2026-05-26T18:08:57.806148,298,2360000,-0.021,0.017,-1.003,-3.55,0.328,-1.0,30.88,27.5484,-0.151,"27.5484,   -0.151, 26 May 2026, 18:08:51"
2026-05-26T18:09:07.739113,299,2370000,-0.012,0.014,-0.996,-3.588,0.137,-1.053,30.88,27.5436,-0.148,"27.5436,   -0.148, 26 May 2026, 18:09:01"
2026-05-26T18:09:17.745261,300,2380000,-0.007,0.019,-0.997,-3.489,0.305,-1.122,30.84,27.5381,-0.15,"27.5381,   -0.150, 26 May 2026, 18:09:11"
2026-05-26T18:09:27.744331,301,2390000,-0.015,0.012,-1.0,-3.595,0.191,-1.092,30.98,27.5477,-0.151,"27.5477,   -0.151, 26 May 2026, 18:09:21"
2026-05-26T18:09:37.743615,302,2400000,-0.012,0.017,-1.001,-3.641,0.168,-0.985,30.84,27.5312,-0.15,"27.5312,   -0.150, 26 May 2026, 18:09:31"
2026-05-26T18:09:47.744351,303,2410000,-0.017,0.015,-1.002,-3.58,0.374,-1.015,30.88,27.5018,-0.153,"27.5018,   -0.153, 26 May 2026, 18:09:41"
2026-05-26T18:09:57.743213,304,2420000,-0.019,0.015,-1.0,-3.557,0.168,-1.191,30.98,27.4928,-0.152,"27.4928,   -0.152, 26 May 2026, 18:09:51"
2026-05-26T18:10:07.739687,305,2430000,-0.01,0.019,-1.007,-3.611,0.298,-0.954,31.02,27.4961,-0.154,"27.4961,   -0.154, 26 May 2026, 18:10:01"
2026-05-26T18:10:17.803992,306,2440000,-0.015,0.016,-0.999,-3.588,0.061,-1.115,30.93,27.4841,-0.151,"27.4841,   -0.151, 26 May 2026, 18:10:11"
2026-05-26T18:10:27.804608,307,2450000,-0.015,0.015,-0.994,-3.458,0.153,-1.214,30.93,27.4893,-0.147,"27.4893,   -0.147, 26 May 2026, 18:10:21"
2026-05-26T18:10:37.802482,308,2460000,-0.012,0.015,-1.003,-3.641,0.252,-0.878,30.93,27.5153,-0.152,"27.5153,   -0.152, 26 May 2026, 18:10:31"
2026-05-26T18:10:47.864296,309,2470000,-0.014,0.012,-1.0,-3.496,0.206,-1.198,30.88,27.513,-0.152,"27.5130,   -0.152, 26 May 2026, 18:10:41"
2026-05-26T18:10:57.804315,310,2480000,-0.01,0.018,-0.992,-3.534,0.344,-0.992,30.6,27.5009,-0.152,"27.5009,   -0.152, 26 May 2026, 18:10:51"
2026-05-26T18:11:07.746894,311,2490000,-0.016,0.019,-0.999,-3.656,0.282,-1.107,30.65,27.4762,-0.15,"27.4762,   -0.150, 26 May 2026, 18:11:01"
2026-05-26T18:11:17.803151,312,2500000,-0.012,0.016,-1.001,-3.634,0.206,-0.901,30.69,27.4894,-0.15,"27.4894,   -0.150, 26 May 2026, 18:11:11"
2026-05-26T18:11:27.804929,313,2510000,-0.012,0.01,-0.996,-3.664,0.198,-1.084,30.65,27.4855,-0.153,"27.4855,   -0.153, 26 May 2026, 18:11:21"
2026-05-26T18:11:37.804273,314,2520000,-0.016,0.015,-1.008,-3.511,0.237,-0.87,30.51,27.4625,-0.151,"27.4625,   -0.151, 26 May 2026, 18:11:31"
2026-05-26T18:11:47.803753,315,2530000,-0.022,0.018,-0.994,-3.55,0.137,-1.153,30.55,27.4482,-0.154,"27.4482,   -0.154, 26 May 2026, 18:11:41"
2026-05-26T18:11:57.804199,316,2540000,-0.021,0.012,-1.002,-3.641,0.122,-0.832,30.65,27.4355,-0.152,"27.4355,   -0.152, 26 May 2026, 18:11:51"
2026-05-26T18:12:07.752199,317,2550000,-0.011,0.014,-0.995,-3.527,0.115,-1.053,30.55,27.4576,-0.152,"27.4576,   -0.152, 26 May 2026, 18:12:01"
2026-05-26T18:12:17.804079,318,2560000,-0.021,0.011,-1.002,-3.473,0.359,-1.046,30.74,27.4716,-0.151,"27.4716,   -0.151, 26 May 2026, 18:12:11"
2026-05-26T18:12:27.804030,319,2570000,-0.011,0.014,-1.002,-3.649,0.237,-1.046,30.74,27.4743,-0.15,"27.4743,   -0.150, 26 May 2026, 18:12:21"
2026-05-26T18:12:37.864079,320,2580000,-0.019,0.011,-1.002,-3.611,0.282,-1.176,30.84,27.4873,-0.153,"27.4873,   -0.153, 26 May 2026, 18:12:31"
2026-05-26T18:12:47.872217,321,2590000,-0.018,0.017,-0.995,-3.542,0.198,-1.061,30.88,27.4824,-0.149,"27.4824,   -0.149, 26 May 2026, 18:12:41"
2026-05-26T18:12:57.804904,322,2600000,-0.016,0.014,-0.996,-3.489,0.008,-1.221,30.74,27.4584,-0.149,"27.4584,   -0.149, 26 May 2026, 18:12:51"
2026-05-26T18:13:07.744399,323,2610000,-0.008,0.015,-1.006,-3.626,0.145,-1.092,30.88,27.4442,-0.15,"27.4442,   -0.150, 26 May 2026, 18:13:01"
2026-05-26T18:13:17.801034,324,2620000,-0.018,0.015,-0.998,-3.527,0.267,-1.069,30.93,27.4352,-0.152,"27.4352,   -0.152, 26 May 2026, 18:13:11"
2026-05-26T18:13:27.864738,325,2630000,-0.013,0.014,-0.999,-3.55,0.191,-1.053,30.84,27.4486,-0.152,"27.4486,   -0.152, 26 May 2026, 18:13:21"
2026-05-26T18:13:37.804002,326,2640000,-0.018,0.013,-0.997,-3.466,0.405,-1.076,30.84,27.4618,-0.152,"27.4618,   -0.152, 26 May 2026, 18:13:31"
2026-05-26T18:13:47.804429,327,2650000,-0.008,0.02,-1.005,-3.756,0.321,-1.107,30.98,27.4728,-0.154,"27.4728,   -0.154, 26 May 2026, 18:13:41"
2026-05-26T18:13:57.801566,328,2660000,-0.014,0.017,-0.998,-3.527,0.183,-1.198,30.84,27.4752,-0.152,"27.4752,   -0.152, 26 May 2026, 18:13:51"
2026-05-26T18:14:07.747680,329,2670000,-0.017,0.01,-1.005,-3.634,0.321,-1.008,30.93,27.4684,-0.149,"27.4684,   -0.149, 26 May 2026, 18:14:01"
2026-05-26T18:14:17.864533,330,2680000,-0.012,0.022,-1.006,-3.641,0.321,-1.137,30.93,27.4533,-0.151,"27.4533,   -0.151, 26 May 2026, 18:14:11"
2026-05-26T18:14:27.863882,331,2690000,-0.02,0.015,-1.005,-3.496,0.069,-1.099,30.98,27.4419,-0.151,"27.4419,   -0.151, 26 May 2026, 18:14:21"
2026-05-26T18:14:37.803053,332,2700000,-0.015,0.019,-0.995,-3.542,0.13,-1.015,30.88,27.4469,-0.15,"27.4469,   -0.150, 26 May 2026, 18:14:31"
2026-05-26T18:14:47.803907,333,2710000,-0.016,0.015,-0.999,-3.374,0.237,-1.115,30.93,27.4215,-0.151,"27.4215,   -0.151, 26 May 2026, 18:14:41"
2026-05-26T18:14:57.865264,334,2720000,-0.012,0.009,-1.005,-3.641,0.336,-1.099,30.88,27.4002,-0.151,"27.4002,   -0.151, 26 May 2026, 18:14:51"
2026-05-26T18:15:07.743833,335,2730000,-0.02,0.016,-0.997,-3.481,0.221,-0.84,30.98,27.3818,-0.148,"27.3818,   -0.148, 26 May 2026, 18:15:01"
2026-05-26T18:15:17.864596,336,2740000,-0.016,0.018,-1.002,-3.511,0.29,-1.145,30.88,27.3969,-0.15,"27.3969,   -0.150, 26 May 2026, 18:15:11"
2026-05-26T18:15:27.866292,337,2750000,-0.018,0.013,-0.988,-3.626,0.26,-1.023,30.88,27.4049,-0.146,"27.4049,   -0.146, 26 May 2026, 18:15:21"
2026-05-26T18:15:37.864477,338,2760000,-0.016,0.012,-1.005,-3.527,0.237,-1.008,30.84,27.4117,-0.149,"27.4117,   -0.149, 26 May 2026, 18:15:31"
2026-05-26T18:15:47.864141,339,2770000,-0.016,0.012,-0.995,-3.664,0.221,-1.107,30.74,27.4196,-0.149,"27.4196,   -0.149, 26 May 2026, 18:15:41"
2026-05-26T18:15:57.864457,340,2780000,-0.019,0.017,-0.987,-3.55,0.282,-0.969,30.79,27.4154,-0.149,"27.4154,   -0.149, 26 May 2026, 18:15:51"
2026-05-26T18:16:07.743911,341,2790000,-0.015,0.014,-0.995,-3.588,0.29,-0.977,30.88,27.4082,-0.15,"27.4082,   -0.150, 26 May 2026, 18:16:01"
2026-05-26T18:16:17.804459,342,2800000,-0.015,0.012,-1.005,-3.466,0.198,-0.939,30.79,27.3951,-0.152,"27.3951,   -0.152, 26 May 2026, 18:16:11"
2026-05-26T18:16:27.803980,343,2810000,-0.021,0.014,-0.994,-3.55,0.359,-1.084,30.65,27.3568,-0.149,"27.3568,   -0.149, 26 May 2026, 18:16:21"
2026-05-26T18:16:37.864953,344,2820000,-0.013,0.012,-1.004,-3.626,0.137,-1.015,30.74,27.338,-0.151,"27.3380,   -0.151, 26 May 2026, 18:16:31"
2026-05-26T18:16:47.803786,345,2830000,-0.016,0.014,-0.995,-3.458,0.229,-1.137,30.79,27.3143,-0.153,"27.3143,   -0.153, 26 May 2026, 18:16:41"
2026-05-26T18:16:57.864301,346,2840000,-0.017,0.017,-1.001,-3.58,0.16,-1.069,30.79,27.3003,-0.152,"27.3003,   -0.152, 26 May 2026, 18:16:51"
2026-05-26T18:17:07.739518,347,2850000,-0.015,0.009,-1.004,-3.595,0.214,-1.122,30.65,27.2961,-0.152,"27.2961,   -0.152, 26 May 2026, 18:17:01"
2026-05-26T18:17:17.801671,348,2860000,-0.016,0.011,-0.998,-3.427,0.382,-0.969,30.74,27.2925,-0.155,"27.2925,   -0.155, 26 May 2026, 18:17:11"
2026-05-26T18:17:27.863840,349,2870000,-0.015,0.015,-0.992,-3.557,0.237,-0.947,30.74,27.2427,-0.15,"27.2427,   -0.150, 26 May 2026, 18:17:21"
2026-05-26T18:17:37.804124,350,2880000,-0.012,0.014,-0.998,-3.45,0.221,-1.168,30.74,27.2358,-0.15,"27.2358,   -0.150, 26 May 2026, 18:17:31"
2026-05-26T18:17:47.803896,351,2890000,-0.016,0.018,-1.003,-3.626,0.221,-1.046,30.6,27.2559,-0.143,"27.2559,   -0.143, 26 May 2026, 18:17:41"
2026-05-26T18:17:57.864314,352,2900000,-0.017,0.011,-1.009,-3.557,0.214,-1.137,30.74,27.2465,-0.153,"27.2465,   -0.153, 26 May 2026, 18:17:51"
2026-05-26T18:18:07.744133,353,2910000,-0.017,0.019,-0.998,-3.565,0.305,-1.061,30.74,27.251,-0.154,"27.2510,   -0.154, 26 May 2026, 18:18:01"
2026-05-26T18:18:17.864167,354,2920000,-0.013,0.014,-1.002,-3.542,0.206,-1.183,30.74,27.2778,-0.15,"27.2778,   -0.150, 26 May 2026, 18:18:11"
2026-05-26T18:18:27.863891,355,2930000,-0.017,0.021,-0.997,-3.557,0.214,-1.076,30.84,27.2789,-0.15,"27.2789,   -0.150, 26 May 2026, 18:18:21"
2026-05-26T18:18:37.864534,356,2940000,-0.017,0.017,-0.994,-3.55,0.229,-1.168,30.69,27.2801,-0.15,"27.2801,   -0.150, 26 May 2026, 18:18:31"
2026-05-26T18:18:47.864183,357,2950000,-0.012,0.012,-1.003,-3.588,0.405,-0.939,30.69,27.3071,-0.151,"27.3071,   -0.151, 26 May 2026, 18:18:41"
2026-05-26T18:18:57.864123,358,2960000,-0.02,0.018,-0.991,-3.382,0.237,-1.107,30.69,27.3377,-0.15,"27.3377,   -0.150, 26 May 2026, 18:18:51"
2026-05-26T18:19:07.743725,359,2970000,-0.01,0.008,-0.992,-3.412,0.191,-1.16,30.6,27.373,-0.15,"27.3730,   -0.150, 26 May 2026, 18:19:01"
2026-05-26T18:19:17.864098,360,2980000,-0.014,0.015,-1.0,-3.534,0.092,-1.168,30.74,27.4271,-0.148,"27.4271,   -0.148, 26 May 2026, 18:19:11"
2026-05-26T18:19:27.864768,361,2990000,-0.014,0.016,-0.993,-3.626,0.275,-1.145,30.84,27.4669,-0.149,"27.4669,   -0.149, 26 May 2026, 18:19:21"
2026-05-26T18:19:37.802406,362,3000000,-0.016,0.013,-0.993,-3.55,0.13,-1.038,30.79,27.5031,-0.153,"27.5031,   -0.153, 26 May 2026, 18:19:31"
2026-05-26T18:19:47.804752,363,3010000,-0.02,0.012,-0.998,-3.634,0.198,-1.176,30.84,27.5499,-0.156,"27.5499,   -0.156, 26 May 2026, 18:19:41"
2026-05-26T18:19:57.872020,364,3020000,-0.007,0.011,-1.007,-3.626,0.206,-1.107,30.93,27.5606,-0.152,"27.5606,   -0.152, 26 May 2026, 18:19:51"
2026-05-26T18:20:07.743355,365,3030000,-0.012,0.019,-1.006,-3.588,0.26,-1.099,30.88,27.5577,-0.151,"27.5577,   -0.151, 26 May 2026, 18:20:01"
2026-05-26T18:20:17.869719,366,3040000,-0.018,0.011,-1.007,-3.557,0.26,-0.969,30.88,27.5684,-0.154,"27.5684,   -0.154, 26 May 2026, 18:20:11"
2026-05-26T18:20:27.864256,367,3050000,-0.02,0.018,-1.004,-3.534,0.191,-1.099,30.84,27.5739,-0.148,"27.5739,   -0.148, 26 May 2026, 18:20:21"
2026-05-26T18:20:37.804732,368,3060000,-0.01,0.019,-0.995,-3.481,0.336,-1.069,30.98,27.5918,-0.148,"27.5918,   -0.148, 26 May 2026, 18:20:31"
2026-05-26T18:20:47.864400,369,3070000,-0.013,0.017,-0.998,-3.557,0.275,-1.061,30.84,27.6126,-0.149,"27.6126,   -0.149, 26 May 2026, 18:20:41"
2026-05-26T18:20:57.804104,370,3080000,-0.015,0.01,-0.997,-3.412,0.244,-1.191,30.88,27.6312,-0.151,"27.6312,   -0.151, 26 May 2026, 18:20:51"
2026-05-26T18:21:07.740137,371,3090000,-0.015,0.013,-0.999,-3.496,0.183,-1.069,30.79,27.6446,-0.148,"27.6446,   -0.148, 26 May 2026, 18:21:01"
2026-05-26T18:21:17.864262,372,3100000,-0.01,0.017,-0.99,-3.664,0.252,-1.115,30.98,27.6581,-0.152,"27.6581,   -0.152, 26 May 2026, 18:21:11"
2026-05-26T18:21:27.804743,373,3110000,-0.02,0.01,-0.99,-3.435,0.252,-1.137,31.02,27.679,-0.151,"27.6790,   -0.151, 26 May 2026, 18:21:21"
2026-05-26T18:21:37.863975,374,3120000,-0.02,0.013,-1.002,-3.534,0.267,-1.115,30.84,27.6915,-0.15,"27.6915,   -0.150, 26 May 2026, 18:21:31"
2026-05-26T18:21:47.810841,375,3130000,-0.016,0.014,-1.002,-3.649,0.198,-1.031,31.02,27.7076,-0.149,"27.7076,   -0.149, 26 May 2026, 18:21:41"
2026-05-26T18:21:57.804419,376,3140000,-0.017,0.008,-1.003,-3.542,0.26,-0.924,31.02,27.7289,-0.149,"27.7289,   -0.149, 26 May 2026, 18:21:51"
2026-05-26T18:22:07.742189,377,3150000,-0.015,0.016,-0.998,-3.611,0.321,-1.153,31.02,27.7405,-0.148,"27.7405,   -0.148, 26 May 2026, 18:22:01"
2026-05-26T18:22:17.803959,378,3160000,-0.011,0.017,-1.004,-3.534,0.267,-0.84,31.07,27.7379,-0.154,"27.7379,   -0.154, 26 May 2026, 18:22:11"
2026-05-26T18:22:27.863967,379,3170000,-0.02,0.01,-1.0,-3.511,0.29,-1.145,30.93,27.7445,-0.151,"27.7445,   -0.151, 26 May 2026, 18:22:21"
2026-05-26T18:22:37.863919,380,3180000,-0.009,0.016,-0.996,-3.511,0.252,-0.847,30.88,27.7561,-0.149,"27.7561,   -0.149, 26 May 2026, 18:22:31"
2026-05-26T18:22:47.864795,381,3190000,-0.013,0.015,-0.993,-3.573,0.122,-1.0,30.93,27.7925,-0.152,"27.7925,   -0.152, 26 May 2026, 18:22:41"
2026-05-26T18:22:57.804160,382,3200000,-0.016,0.014,-1.004,-3.588,0.191,-1.092,30.98,27.8217,-0.152,"27.8217,   -0.152, 26 May 2026, 18:22:51"
2026-05-26T18:23:07.744949,383,3210000,-0.011,0.017,-0.999,-3.55,0.13,-1.122,31.07,27.8412,-0.151,"27.8412,   -0.151, 26 May 2026, 18:23:01"
2026-05-26T18:23:17.864390,384,3220000,-0.016,0.019,-1.001,-3.542,0.137,-1.221,31.07,27.88,-0.147,"27.8800,   -0.147, 26 May 2026, 18:23:11"
2026-05-26T18:23:27.804944,385,3230000,-0.01,0.011,-1.002,-3.565,0.382,-1.107,31.07,27.9058,-0.151,"27.9058,   -0.151, 26 May 2026, 18:23:21"
2026-05-26T18:23:37.804071,386,3240000,-0.017,0.014,-0.992,-3.504,0.351,-1.214,31.12,27.9185,-0.149,"27.9185,   -0.149, 26 May 2026, 18:23:31"
2026-05-26T18:23:47.806653,387,3250000,-0.02,0.015,-1.006,-3.519,0.214,-1.076,31.07,27.9366,-0.149,"27.9366,   -0.149, 26 May 2026, 18:23:41"
2026-05-26T18:23:57.863755,388,3260000,-0.011,0.017,-0.995,-3.618,0.145,-0.954,31.12,27.9542,-0.15,"27.9542,   -0.150, 26 May 2026, 18:23:51"
2026-05-26T18:24:07.744936,389,3270000,-0.016,0.017,-1.002,-3.527,0.328,-0.931,31.07,27.9697,-0.152,"27.9697,   -0.152, 26 May 2026, 18:24:01"
2026-05-26T18:24:17.803736,390,3280000,-0.014,0.02,-0.993,-3.534,0.115,-1.16,31.12,27.9951,-0.15,"27.9951,   -0.150, 26 May 2026, 18:24:11"
2026-05-26T18:24:27.804650,391,3290000,-0.006,0.016,-0.993,-3.626,0.267,-0.992,31.12,28.003,-0.149,"28.0030,   -0.149, 26 May 2026, 18:24:21"
2026-05-26T18:24:37.864452,392,3300000,-0.011,0.012,-1.013,-3.595,0.221,-0.992,31.17,28.0098,-0.151,"28.0098,   -0.151, 26 May 2026, 18:24:31"
2026-05-26T18:24:47.864375,393,3310000,-0.015,0.021,-1.0,-3.58,0.122,-1.168,31.07,28.0158,-0.148,"28.0158,   -0.148, 26 May 2026, 18:24:41"
2026-05-26T18:24:57.803936,394,3320000,-0.014,0.011,-1.001,-3.443,0.252,-1.13,31.12,28.0268,-0.146,"28.0268,   -0.146, 26 May 2026, 18:24:51"
2026-05-26T18:25:07.739879,395,3330000,-0.019,0.017,-0.992,-3.695,0.305,-1.092,31.26,28.0091,-0.15,"28.0091,   -0.150, 26 May 2026, 18:25:01"
2026-05-26T18:25:17.803940,396,3340000,-0.02,0.017,-1.006,-3.595,0.221,-0.977,31.12,28.0113,-0.154,"28.0113,   -0.154, 26 May 2026, 18:25:11"
2026-05-26T18:25:27.804126,397,3350000,-0.019,0.012,-1.007,-3.527,0.229,-1.023,31.26,28.005,-0.152,"28.0050,   -0.152, 26 May 2026, 18:25:21"
2026-05-26T18:25:37.864991,398,3360000,-0.016,0.013,-0.989,-3.595,0.328,-0.916,31.17,27.9816,-0.151,"27.9816,   -0.151, 26 May 2026, 18:25:31"
2026-05-26T18:25:47.864922,399,3370000,-0.019,0.018,-1.002,-3.473,0.313,-1.008,31.21,27.9653,-0.148,"27.9653,   -0.148, 26 May 2026, 18:25:41"
2026-05-26T18:25:57.807198,400,3380000,-0.017,0.012,-1.002,-3.511,0.252,-1.092,31.12,27.9536,-0.152,"27.9536,   -0.152, 26 May 2026, 18:25:51"
2026-05-26T18:26:07.743934,401,3390000,-0.019,0.013,-0.997,-3.695,0.374,-1.206,31.12,27.946,-0.149,"27.9460,   -0.149, 26 May 2026, 18:26:01"
2026-05-26T18:26:17.866190,402,3400000,-0.016,0.015,-0.994,-3.71,0.198,-1.153,31.12,27.9228,-0.147,"27.9228,   -0.147, 26 May 2026, 18:26:11"
2026-05-26T18:26:27.864534,403,3410000,-0.015,0.017,-1.0,-3.611,0.267,-1.046,31.12,27.8921,-0.151,"27.8921,   -0.151, 26 May 2026, 18:26:21"
2026-05-26T18:26:37.864149,404,3420000,-0.02,0.01,-1.011,-3.45,0.229,-1.198,31.17,27.8717,-0.152,"27.8717,   -0.152, 26 May 2026, 18:26:31"
2026-05-26T18:26:47.864773,405,3430000,-0.015,0.013,-0.999,-3.496,0.435,-0.954,31.21,27.8279,-0.145,"27.8279,   -0.145, 26 May 2026, 18:26:41"
2026-05-26T18:26:57.864177,406,3440000,-0.018,0.015,-1.001,-3.55,0.221,-1.252,31.07,27.765,-0.15,"27.7650,   -0.150, 26 May 2026, 18:26:51"
2026-05-26T18:27:07.741716,407,3450000,-0.015,0.011,-0.998,-3.443,0.298,-1.122,31.12,27.7158,-0.151,"27.7158,   -0.151, 26 May 2026, 18:27:01"
2026-05-26T18:27:17.864512,408,3460000,-0.009,0.018,-1.001,-3.481,0.191,-1.031,31.17,27.6691,-0.148,"27.6691,   -0.148, 26 May 2026, 18:27:11"
2026-05-26T18:27:27.804121,409,3470000,-0.015,0.017,-1.001,-3.542,0.191,-1.038,31.02,27.657,-0.148,"27.6570,   -0.148, 26 May 2026, 18:27:21"
2026-05-26T18:27:37.864702,410,3480000,-0.01,0.012,-1.011,-3.55,0.359,-1.168,30.93,27.6162,-0.151,"27.6162,   -0.151, 26 May 2026, 18:27:31"
2026-05-26T18:27:47.864456,411,3490000,-0.008,0.019,-1.0,-3.595,0.313,-1.183,30.88,27.5594,-0.147,"27.5594,   -0.147, 26 May 2026, 18:27:41"
2026-05-26T18:27:57.864363,412,3500000,-0.021,0.014,-0.999,-3.527,0.13,-1.092,30.98,27.4952,-0.147,"27.4952,   -0.147, 26 May 2026, 18:27:51"
2026-05-26T18:28:07.742805,413,3510000,-0.013,0.015,-1.006,-3.443,0.145,-1.084,30.98,27.477,-0.147,"27.4770,   -0.147, 26 May 2026, 18:28:01"
2026-05-26T18:28:17.864140,414,3520000,-0.012,0.014,-0.995,-3.405,0.321,-1.214,30.98,27.4552,-0.151,"27.4552,   -0.151, 26 May 2026, 18:28:11"
2026-05-26T18:28:27.863966,415,3530000,-0.015,0.018,-1.0,-3.443,0.26,-1.26,30.98,27.4132,-0.152,"27.4132,   -0.152, 26 May 2026, 18:28:21"
2026-05-26T18:28:37.864326,416,3540000,-0.013,0.018,-0.999,-3.542,0.122,-0.939,30.98,27.4329,-0.149,"27.4329,   -0.149, 26 May 2026, 18:28:31"
2026-05-26T18:28:47.804847,417,3550000,-0.015,0.018,-0.999,-3.527,0.244,-1.206,30.88,27.459,-0.148,"27.4590,   -0.148, 26 May 2026, 18:28:41"
2026-05-26T18:28:57.864809,418,3560000,-0.013,0.018,-1.002,-3.42,0.198,-0.977,30.93,27.4519,-0.153,"27.4519,   -0.153, 26 May 2026, 18:28:51"
2026-05-26T18:29:07.803977,419,3570000,-0.015,0.017,-0.996,-3.634,0.153,-1.145,30.65,27.4073,-0.148,"27.4073,   -0.148, 26 May 2026, 18:29:01"
2026-05-26T18:29:17.865063,420,3580000,-0.015,0.012,-0.998,-3.656,0.145,-0.985,30.6,27.38,-0.15,"27.3800,   -0.150, 26 May 2026, 18:29:11"
2026-05-26T18:29:27.804000,421,3590000,-0.014,0.015,-1.0,-3.519,0.244,-0.969,30.6,27.3771,-0.147,"27.3771,   -0.147, 26 May 2026, 18:29:21"
2026-05-26T18:29:37.803911,422,3600000,-0.013,0.021,-1.002,-3.557,0.328,-1.153,30.74,27.3976,-0.151,"27.3976,   -0.151, 26 May 2026, 18:29:31"
2026-05-26T18:29:47.865301,423,3610000,-0.011,0.012,-0.988,-3.489,0.366,-0.878,30.79,27.3897,-0.149,"27.3897,   -0.149, 26 May 2026, 18:29:41"
2026-05-26T18:29:57.864818,424,3620000,-0.015,0.017,-0.991,-3.458,0.282,-1.13,30.69,27.3821,-0.149,"27.3821,   -0.149, 26 May 2026, 18:29:51"
2026-05-26T18:30:07.802319,425,3630000,-0.017,0.015,-1.004,-3.58,0.206,-1.153,30.74,27.3816,-0.147,"27.3816,   -0.147, 26 May 2026, 18:30:01"
2026-05-26T18:30:17.864208,426,3640000,-0.02,0.008,-0.996,-3.466,0.267,-0.939,30.74,27.3816,-0.15,"27.3816,   -0.150, 26 May 2026, 18:30:11"
2026-05-26T18:30:27.872356,427,3650000,-0.019,0.013,-0.998,-3.641,0.29,-1.061,30.88,27.3685,-0.152,"27.3685,   -0.152, 26 May 2026, 18:30:21"
2026-05-26T18:30:37.802981,428,3660000,-0.014,0.014,-0.998,-3.504,0.214,-1.137,30.79,27.3552,-0.149,"27.3552,   -0.149, 26 May 2026, 18:30:31"
2026-05-26T18:30:47.864205,429,3670000,-0.017,0.014,-1.002,-3.519,0.382,-1.053,30.93,27.3428,-0.148,"27.3428,   -0.148, 26 May 2026, 18:30:41"
2026-05-26T18:30:57.864269,430,3680000,-0.024,0.016,-1.001,-3.611,0.122,-1.13,30.88,27.3636,-0.15,"27.3636,   -0.150, 26 May 2026, 18:30:51"
2026-05-26T18:31:07.864299,431,3690000,-0.014,0.017,-1.001,-3.397,0.153,-1.053,30.88,27.3311,-0.15,"27.3311,   -0.150, 26 May 2026, 18:31:01"
2026-05-26T18:31:17.863971,432,3700000,-0.016,0.015,-0.998,-3.718,0.359,-1.084,30.79,27.3026,-0.149,"27.3026,   -0.149, 26 May 2026, 18:31:11"
2026-05-26T18:31:27.863978,433,3710000,-0.018,0.016,-1.003,-3.618,0.359,-1.115,30.74,27.2892,-0.151,"27.2892,   -0.151, 26 May 2026, 18:31:21"
2026-05-26T18:31:37.864391,434,3720000,-0.021,0.018,-1.003,-3.504,0.122,-1.023,30.98,27.2848,-0.149,"27.2848,   -0.149, 26 May 2026, 18:31:31"
2026-05-26T18:31:47.803989,435,3730000,-0.012,0.02,-0.995,-3.603,0.26,-1.115,30.98,27.2665,-0.149,"27.2665,   -0.149, 26 May 2026, 18:31:41"
2026-05-26T18:31:57.864262,436,3740000,-0.014,0.02,-0.993,-3.458,0.183,-1.046,30.84,27.2579,-0.15,"27.2579,   -0.150, 26 May 2026, 18:31:51"
2026-05-26T18:32:07.804060,437,3750000,-0.013,0.013,-1.003,-3.435,0.16,-1.115,30.79,27.2561,-0.151,"27.2561,   -0.151, 26 May 2026, 18:32:01"
2026-05-26T18:32:17.864857,438,3760000,-0.012,0.012,-0.99,-3.481,0.183,-0.985,30.88,27.2174,-0.151,"27.2174,   -0.151, 26 May 2026, 18:32:11"
2026-05-26T18:32:27.864173,439,3770000,-0.013,0.018,-0.999,-3.534,0.267,-1.321,30.84,27.2508,-0.147,"27.2508,   -0.147, 26 May 2026, 18:32:21"
2026-05-26T18:32:37.864237,440,3780000,-0.013,0.011,-0.995,-3.565,0.328,-0.901,30.74,27.2336,-0.154,"27.2336,   -0.154, 26 May 2026, 18:32:31"
2026-05-26T18:32:47.864638,441,3790000,-0.025,0.009,-1.0,-3.641,0.374,-1.099,30.84,27.2673,-0.15,"27.2673,   -0.150, 26 May 2026, 18:32:41"
2026-05-26T18:32:57.870636,442,3800000,-0.013,0.013,-0.993,-3.603,0.397,-0.992,30.79,27.2937,-0.154,"27.2937,   -0.154, 26 May 2026, 18:32:51"
2026-05-26T18:33:07.804062,443,3810000,-0.019,0.014,-1.004,-3.489,0.252,-1.115,30.98,27.3248,-0.153,"27.3248,   -0.153, 26 May 2026, 18:33:01"
2026-05-26T18:33:17.864976,444,3820000,-0.016,0.013,-0.998,-3.511,0.053,-0.893,30.84,27.3598,-0.147,"27.3598,   -0.147, 26 May 2026, 18:33:11"
2026-05-26T18:33:27.804003,445,3830000,-0.012,0.009,-1.0,-3.58,0.244,-1.206,30.93,27.3911,-0.148,"27.3911,   -0.148, 26 May 2026, 18:33:21"
2026-05-26T18:33:37.864250,446,3840000,-0.019,0.013,-0.99,-3.527,0.29,-1.176,30.98,27.4405,-0.147,"27.4405,   -0.147, 26 May 2026, 18:33:31"
2026-05-26T18:33:47.864190,447,3850000,-0.019,0.016,-0.999,-3.565,0.237,-1.107,30.93,27.4894,-0.149,"27.4894,   -0.149, 26 May 2026, 18:33:41"
2026-05-26T18:33:57.864121,448,3860000,-0.012,0.017,-1.0,-3.534,0.13,-1.168,30.98,27.5246,-0.149,"27.5246,   -0.149, 26 May 2026, 18:33:51"
2026-05-26T18:34:07.864272,449,3870000,-0.015,0.014,-1.002,-3.397,0.244,-1.145,31.07,27.5562,-0.151,"27.5562,   -0.151, 26 May 2026, 18:34:01"
2026-05-26T18:34:17.804260,450,3880000,-0.013,0.014,-0.991,-3.374,0.29,-1.321,30.98,27.5779,-0.153,"27.5779,   -0.153, 26 May 2026, 18:34:11"
2026-05-26T18:34:27.866834,451,3890000,-0.025,0.02,-1.0,-3.649,0.198,-1.107,31.07,27.6009,-0.151,"27.6009,   -0.151, 26 May 2026, 18:34:21"
2026-05-26T18:34:37.864788,452,3900000,-0.02,0.011,-1.006,-3.595,0.427,-0.87,31.02,27.625,-0.151,"27.6250,   -0.151, 26 May 2026, 18:34:31"
2026-05-26T18:34:47.864498,453,3910000,-0.014,0.012,-1.004,-3.58,0.13,-1.076,31.07,27.6422,-0.15,"27.6422,   -0.150, 26 May 2026, 18:34:41"
2026-05-26T18:34:57.864330,454,3920000,-0.016,0.017,-0.998,-3.573,0.191,-1.038,31.12,27.6552,-0.148,"27.6552,   -0.148, 26 May 2026, 18:34:51"
2026-05-26T18:35:07.864092,455,3930000,-0.021,0.014,-0.997,-3.58,0.275,-0.985,31.07,27.6808,-0.148,"27.6808,   -0.148, 26 May 2026, 18:35:01"
2026-05-26T18:35:17.864392,456,3940000,-0.019,0.014,-1.0,-3.496,0.13,-1.122,30.98,27.6971,-0.15,"27.6971,   -0.150, 26 May 2026, 18:35:11"
2026-05-26T18:35:27.863596,457,3950000,-0.019,0.016,-1.004,-3.603,0.076,-1.16,31.02,27.7,-0.146,"27.7000,   -0.146, 26 May 2026, 18:35:21"
2026-05-26T18:35:37.864201,458,3960000,-0.009,0.013,-0.997,-3.595,0.26,-1.137,31.07,27.7047,-0.152,"27.7047,   -0.152, 26 May 2026, 18:35:31"
2026-05-26T18:35:47.864228,459,3970000,-0.022,0.011,-1.002,-3.611,0.107,-1.069,30.93,27.7063,-0.151,"27.7063,   -0.151, 26 May 2026, 18:35:41"
2026-05-26T18:35:57.804776,460,3980000,-0.015,0.01,-0.989,-3.687,0.183,-1.008,31.02,27.7192,-0.149,"27.7192,   -0.149, 26 May 2026, 18:35:51"
2026-05-26T18:36:07.804472,461,3990000,-0.013,0.021,-0.996,-3.557,0.29,-0.969,31.07,27.7409,-0.149,"27.7409,   -0.149, 26 May 2026, 18:36:01"
2026-05-26T18:36:17.864108,462,4000000,-0.02,0.01,-1.0,-3.55,0.313,-1.053,31.07,27.7672,-0.153,"27.7672,   -0.153, 26 May 2026, 18:36:11"
2026-05-26T18:36:27.864228,463,4010000,-0.015,0.017,-0.996,-3.611,0.435,-1.092,30.98,27.8025,-0.151,"27.8025,   -0.151, 26 May 2026, 18:36:21"
2026-05-26T18:36:37.863965,464,4020000,-0.015,0.017,-1.005,-3.534,0.145,-1.084,31.17,27.8282,-0.151,"27.8282,   -0.151, 26 May 2026, 18:36:31"
2026-05-26T18:36:47.804541,465,4030000,-0.016,0.019,-0.995,-3.443,0.092,-1.16,31.12,27.8515,-0.147,"27.8515,   -0.147, 26 May 2026, 18:36:41"
2026-05-26T18:36:57.864969,466,4040000,-0.019,0.015,-0.99,-3.443,0.237,-1.191,31.17,27.8745,-0.148,"27.8745,   -0.148, 26 May 2026, 18:36:51"
2026-05-26T18:37:07.864189,467,4050000,-0.016,0.015,-0.994,-3.595,0.26,-1.084,31.12,27.8922,-0.149,"27.8922,   -0.149, 26 May 2026, 18:37:01"
2026-05-26T18:37:17.864318,468,4060000,-0.021,0.012,-1.006,-3.435,0.145,-1.008,31.12,27.917,-0.154,"27.9170,   -0.154, 26 May 2026, 18:37:11"
2026-05-26T18:37:27.864739,469,4070000,-0.015,0.014,-1.003,-3.504,0.26,-0.969,31.17,27.9452,-0.153,"27.9452,   -0.153, 26 May 2026, 18:37:21"
2026-05-26T18:37:37.863926,470,4080000,-0.017,0.019,-1.008,-3.55,0.237,-1.061,31.12,27.9798,-0.15,"27.9798,   -0.150, 26 May 2026, 18:37:31"
2026-05-26T18:37:47.864141,471,4090000,-0.016,0.012,-1.0,-3.573,0.344,-1.191,31.12,27.9922,-0.149,"27.9922,   -0.149, 26 May 2026, 18:37:41"
2026-05-26T18:37:57.864652,472,4100000,-0.015,0.012,-1.006,-3.664,0.282,-1.023,31.07,28.0193,-0.154,"28.0193,   -0.154, 26 May 2026, 18:37:51"
2026-05-26T18:38:07.803823,473,4110000,-0.016,0.015,-1.002,-3.71,0.115,-1.13,31.21,28.0451,-0.149,"28.0451,   -0.149, 26 May 2026, 18:38:01"
2026-05-26T18:38:17.864956,474,4120000,-0.011,0.01,-1.004,-3.58,0.351,-1.092,31.17,28.0519,-0.151,"28.0519,   -0.151, 26 May 2026, 18:38:11"
2026-05-26T18:38:27.863997,475,4130000,-0.016,0.017,-0.999,-3.702,0.252,-1.046,31.17,28.0569,-0.147,"28.0569,   -0.147, 26 May 2026, 18:38:21"
2026-05-26T18:38:37.810561,476,4140000,-0.015,0.008,-1.0,-3.496,0.145,-1.191,31.17,28.0653,-0.149,"28.0653,   -0.149, 26 May 2026, 18:38:31"
2026-05-26T18:38:47.803739,477,4150000,-0.021,0.01,-0.993,-3.611,0.168,-1.008,31.12,28.0732,-0.149,"28.0732,   -0.149, 26 May 2026, 18:38:41"
2026-05-26T18:38:57.864232,478,4160000,-0.016,0.013,-1.006,-3.588,0.328,-0.992,31.12,28.0611,-0.15,"28.0611,   -0.150, 26 May 2026, 18:38:51"
2026-05-26T18:39:07.863863,479,4170000,-0.015,0.02,-0.996,-3.763,0.115,-1.183,31.21,28.0436,-0.15,"28.0436,   -0.150, 26 May 2026, 18:39:01"
2026-05-26T18:39:17.863968,480,4180000,-0.015,0.017,-0.991,-3.573,0.191,-1.053,31.21,28.0275,-0.149,"28.0275,   -0.149, 26 May 2026, 18:39:11"
2026-05-26T18:39:27.864066,481,4190000,-0.01,0.017,-0.996,-3.634,0.275,-1.046,31.17,28.0155,-0.149,"28.0155,   -0.149, 26 May 2026, 18:39:21"
2026-05-26T18:39:37.864164,482,4200000,-0.019,0.011,-1.01,-3.481,0.382,-1.092,31.26,27.9925,-0.152,"27.9925,   -0.152, 26 May 2026, 18:39:31"
2026-05-26T18:39:47.804331,483,4210000,-0.016,0.017,-0.999,-3.618,0.214,-1.046,31.26,27.9631,-0.149,"27.9631,   -0.149, 26 May 2026, 18:39:41"
2026-05-26T18:39:57.864546,484,4220000,-0.016,0.015,-1.001,-3.588,0.237,-0.969,31.26,27.9247,-0.15,"27.9247,   -0.150, 26 May 2026, 18:39:51"
2026-05-26T18:40:07.864294,485,4230000,-0.01,0.014,-0.994,-3.718,0.511,-1.038,31.21,27.9088,-0.148,"27.9088,   -0.148, 26 May 2026, 18:40:01"
2026-05-26T18:40:17.804912,486,4240000,-0.011,0.011,-0.998,-3.504,0.321,-1.076,31.17,27.8588,-0.149,"27.8588,   -0.149, 26 May 2026, 18:40:11"
2026-05-26T18:40:27.873532,487,4250000,-0.016,0.018,-1.002,-3.649,0.29,-0.947,31.26,27.8131,-0.152,"27.8131,   -0.152, 26 May 2026, 18:40:21"
2026-05-26T18:40:37.864538,488,4260000,-0.011,0.011,-1.002,-3.58,0.275,-1.038,31.26,27.7777,-0.149,"27.7777,   -0.149, 26 May 2026, 18:40:31"
2026-05-26T18:40:47.864767,489,4270000,-0.021,0.014,-0.993,-3.55,0.191,-1.053,31.12,27.7303,-0.148,"27.7303,   -0.148, 26 May 2026, 18:40:41"
2026-05-26T18:40:57.863966,490,4280000,-0.009,0.019,-0.996,-3.534,0.305,-1.191,31.21,27.6927,-0.148,"27.6927,   -0.148, 26 May 2026, 18:40:51"
2026-05-26T18:41:07.864608,491,4290000,-0.011,0.012,-1.01,-3.679,0.244,-1.046,31.12,27.68,-0.15,"27.6800,   -0.150, 26 May 2026, 18:41:01"
2026-05-26T18:41:17.864881,492,4300000,-0.02,0.013,-1.0,-3.481,0.26,-1.099,31.12,27.6782,-0.153,"27.6782,   -0.153, 26 May 2026, 18:41:11"
2026-05-26T18:41:27.864264,493,4310000,-0.014,0.014,-1.001,-3.634,0.107,-1.145,31.07,27.6648,-0.151,"27.6648,   -0.151, 26 May 2026, 18:41:21"
2026-05-26T18:41:37.864766,494,4320000,-0.017,0.015,-1.0,-3.496,0.221,-1.252,31.07,27.6382,-0.151,"27.6382,   -0.151, 26 May 2026, 18:41:31"
2026-05-26T18:41:47.863826,495,4330000,-0.014,0.019,-0.993,-3.618,0.344,-0.969,30.98,27.6303,-0.15,"27.6303,   -0.150, 26 May 2026, 18:41:41"
2026-05-26T18:41:57.864213,496,4340000,-0.019,0.016,-1.004,-3.519,0.29,-1.153,31.02,27.6326,-0.144,"27.6326,   -0.144, 26 May 2026, 18:41:51"
2026-05-26T18:42:07.804036,497,4350000,-0.016,0.007,-1.003,-3.618,0.229,-1.191,30.93,27.5981,-0.15,"27.5981,   -0.150, 26 May 2026, 18:42:01"
2026-05-26T18:42:17.867341,498,4360000,-0.017,0.013,-0.997,-3.466,0.221,-0.992,31.07,27.5423,-0.149,"27.5423,   -0.149, 26 May 2026, 18:42:11"
2026-05-26T18:42:27.864761,499,4370000,-0.017,0.007,-1.004,-3.489,0.168,-1.023,31.07,27.4946,-0.15,"27.4946,   -0.150, 26 May 2026, 18:42:21"
2026-05-26T18:42:37.804394,500,4380000,-0.016,0.014,-0.998,-3.458,0.42,-1.137,31.12,27.5071,-0.15,"27.5071,   -0.150, 26 May 2026, 18:42:31"
2026-05-26T18:42:47.864235,501,4390000,-0.012,0.015,-0.993,-3.656,0.244,-1.031,31.02,27.4779,-0.151,"27.4779,   -0.151, 26 May 2026, 18:42:41"
2026-05-26T18:42:57.801623,502,4400000,-0.014,0.014,-0.994,-3.55,0.305,-1.099,30.98,27.4418,-0.148,"27.4418,   -0.148, 26 May 2026, 18:42:51"
2026-05-26T18:43:07.864443,503,4410000,-0.019,0.016,-0.994,-3.565,0.321,-0.985,30.88,27.4519,-0.148,"27.4519,   -0.148, 26 May 2026, 18:43:01"
2026-05-26T18:43:17.864166,504,4420000,-0.014,0.016,-0.995,-3.45,0.275,-1.046,30.79,27.4509,-0.152,"27.4509,   -0.152, 26 May 2026, 18:43:11"
2026-05-26T18:43:27.864367,505,4430000,-0.019,0.023,-0.996,-3.489,0.183,-1.031,30.74,27.4435,-0.149,"27.4435,   -0.149, 26 May 2026, 18:43:21"
2026-05-26T18:43:37.863992,506,4440000,-0.018,0.012,-0.995,-3.519,0.244,-1.084,30.74,27.4075,-0.148,"27.4075,   -0.148, 26 May 2026, 18:43:31"
2026-05-26T18:43:47.865001,507,4450000,-0.017,0.011,-0.999,-3.504,0.313,-1.206,30.84,27.3991,-0.145,"27.3991,   -0.145, 26 May 2026, 18:43:41"
2026-05-26T18:43:57.803754,508,4460000,-0.012,0.014,-0.993,-3.756,0.298,-1.107,30.88,27.3637,-0.152,"27.3637,   -0.152, 26 May 2026, 18:43:51"
2026-05-26T18:44:07.864757,509,4470000,-0.014,0.016,-1.003,-3.58,0.282,-1.122,30.93,27.3638,-0.148,"27.3638,   -0.148, 26 May 2026, 18:44:01"
2026-05-26T18:44:17.802925,510,4480000,-0.008,0.012,-0.996,-3.634,0.221,-1.13,30.84,27.3157,-0.149,"27.3157,   -0.149, 26 May 2026, 18:44:11"
2026-05-26T18:44:27.804067,511,4490000,-0.019,0.018,-0.996,-3.588,0.168,-1.191,30.65,27.267,-0.146,"27.2670,   -0.146, 26 May 2026, 18:44:21"
2026-05-26T18:44:37.864219,512,4500000,-0.011,0.012,-1.002,-3.557,0.26,-0.901,30.74,27.2834,-0.151,"27.2834,   -0.151, 26 May 2026, 18:44:31"
2026-05-26T18:44:47.804105,513,4510000,-0.021,0.012,-0.994,-3.664,0.191,-1.282,30.65,27.3078,-0.151,"27.3078,   -0.151, 26 May 2026, 18:44:41"
2026-05-26T18:44:57.864328,514,4520000,-0.015,0.016,-0.997,-3.534,0.26,-1.145,30.74,27.3052,-0.147,"27.3052,   -0.147, 26 May 2026, 18:44:51"
2026-05-26T18:45:07.864201,515,4530000,-0.018,0.017,-0.984,-3.611,0.328,-1.092,30.69,27.3039,-0.148,"27.3039,   -0.148, 26 May 2026, 18:45:01"
2026-05-26T18:45:17.865541,516,4540000,-0.019,0.016,-1.004,-3.603,0.076,-0.916,30.74,27.2951,-0.15,"27.2951,   -0.150, 26 May 2026, 18:45:11"
2026-05-26T18:45:27.802379,517,4550000,-0.02,0.015,-1.002,-3.618,0.336,-1.099,30.84,27.3236,-0.149,"27.3236,   -0.149, 26 May 2026, 18:45:21"
2026-05-26T18:45:37.867676,518,4560000,-0.015,0.012,-0.99,-3.733,0.137,-1.115,30.74,27.3011,-0.149,"27.3011,   -0.149, 26 May 2026, 18:45:31"
2026-05-26T18:45:47.804273,519,4570000,-0.014,0.016,-0.99,-3.565,0.252,-1.198,30.88,27.309,-0.147,"27.3090,   -0.147, 26 May 2026, 18:45:41"
2026-05-26T18:45:57.865666,520,4580000,-0.015,0.014,-1.002,-3.588,0.206,-0.962,30.79,27.3181,-0.149,"27.3181,   -0.149, 26 May 2026, 18:45:51"
2026-05-26T18:46:07.865282,521,4590000,-0.012,0.017,-0.996,-3.527,0.275,-1.023,30.79,27.3449,-0.148,"27.3449,   -0.148, 26 May 2026, 18:46:01"
2026-05-26T18:46:17.864974,522,4600000,-0.018,0.013,-0.997,-3.42,0.344,-0.908,30.98,27.3728,-0.15,"27.3728,   -0.150, 26 May 2026, 18:46:11"
2026-05-26T18:46:27.864034,523,4610000,-0.016,0.015,-0.998,-3.573,0.099,-1.137,30.98,27.4254,-0.148,"27.4254,   -0.148, 26 May 2026, 18:46:21"
2026-05-26T18:46:37.864083,524,4620000,-0.021,0.018,-0.998,-3.58,0.229,-1.198,30.88,27.4672,-0.149,"27.4672,   -0.149, 26 May 2026, 18:46:31"
2026-05-26T18:46:47.803951,525,4630000,-0.017,0.019,-0.992,-3.573,0.42,-1.176,31.02,27.5021,-0.15,"27.5021,   -0.150, 26 May 2026, 18:46:41"
2026-05-26T18:46:57.863985,526,4640000,-0.013,0.016,-0.998,-3.718,0.305,-1.137,30.98,27.5372,-0.153,"27.5372,   -0.153, 26 May 2026, 18:46:51"
2026-05-26T18:47:07.811376,527,4650000,-0.018,0.015,-0.997,-3.595,0.389,-0.939,31.02,27.5808,-0.151,"27.5808,   -0.151, 26 May 2026, 18:47:01"
2026-05-26T18:47:17.864146,528,4660000,-0.016,0.017,-0.999,-3.504,0.214,-1.107,30.98,27.6312,-0.147,"27.6312,   -0.147, 26 May 2026, 18:47:11"
2026-05-26T18:47:27.865266,529,4670000,-0.016,0.01,-0.995,-3.527,0.099,-0.947,31.07,27.6658,-0.15,"27.6658,   -0.150, 26 May 2026, 18:47:21"
2026-05-26T18:47:37.873370,530,4680000,-0.011,0.017,-1.0,-3.466,0.267,-1.115,31.02,27.6713,-0.148,"27.6713,   -0.148, 26 May 2026, 18:47:31"
2026-05-26T18:47:47.802995,531,4690000,-0.019,0.016,-0.999,-3.611,0.328,-1.092,30.98,27.6772,-0.147,"27.6772,   -0.147, 26 May 2026, 18:47:41"
2026-05-26T18:47:57.864591,532,4700000,-0.018,0.015,-1.001,-3.496,0.328,-0.954,31.02,27.6837,-0.149,"27.6837,   -0.149, 26 May 2026, 18:47:51"
2026-05-26T18:48:07.864060,533,4710000,-0.013,0.013,-1.004,-3.611,0.29,-1.084,31.07,27.698,-0.153,"27.6980,   -0.153, 26 May 2026, 18:48:01"
2026-05-26T18:48:17.864251,534,4720000,-0.02,0.017,-0.998,-3.595,0.137,-1.061,31.12,27.6988,-0.148,"27.6988,   -0.148, 26 May 2026, 18:48:11"
2026-05-26T18:48:27.804070,535,4730000,-0.013,0.019,-1.001,-3.534,0.321,-1.061,30.98,27.7025,-0.15,"27.7025,   -0.150, 26 May 2026, 18:48:21"
2026-05-26T18:48:37.864022,536,4740000,-0.013,0.009,-0.989,-3.588,0.244,-1.099,30.93,27.7189,-0.15,"27.7189,   -0.150, 26 May 2026, 18:48:31"
2026-05-26T18:48:47.804804,537,4750000,-0.014,0.018,-1.0,-3.519,0.42,-0.962,30.98,27.7341,-0.151,"27.7341,   -0.151, 26 May 2026, 18:48:41"
2026-05-26T18:48:57.805175,538,4760000,-0.01,0.013,-0.999,-3.55,0.092,-1.008,31.02,27.7515,-0.149,"27.7515,   -0.149, 26 May 2026, 18:48:51"
2026-05-26T18:49:07.803969,539,4770000,-0.015,0.014,-1.001,-3.45,0.405,-1.031,31.02,27.7827,-0.148,"27.7827,   -0.148, 26 May 2026, 18:49:01"
2026-05-26T18:49:17.867754,540,4780000,-0.014,0.019,-1.002,-3.351,0.191,-1.229,31.07,27.8049,-0.149,"27.8049,   -0.149, 26 May 2026, 18:49:11"
2026-05-26T18:49:27.864062,541,4790000,-0.016,0.014,-0.995,-3.664,0.237,-1.076,31.07,27.8293,-0.149,"27.8293,   -0.149, 26 May 2026, 18:49:21"
2026-05-26T18:49:37.866510,542,4800000,-0.018,0.017,-0.998,-3.634,0.244,-1.031,31.07,27.8507,-0.15,"27.8507,   -0.150, 26 May 2026, 18:49:31"
2026-05-26T18:49:47.864653,543,4810000,-0.012,0.017,-1.009,-3.573,0.099,-1.183,31.12,27.8622,-0.146,"27.8622,   -0.146, 26 May 2026, 18:49:41"
2026-05-26T18:49:57.864858,544,4820000,-0.011,0.018,-0.998,-3.618,0.351,-1.061,30.93,27.877,-0.146,"27.8770,   -0.146, 26 May 2026, 18:49:51"
2026-05-26T18:50:07.868871,545,4830000,-0.016,0.013,-0.997,-3.573,0.26,-1.023,31.02,27.8975,-0.15,"27.8975,   -0.150, 26 May 2026, 18:50:01"
2026-05-26T18:50:17.864028,546,4840000,-0.02,0.015,-1.0,-3.565,0.29,-1.0,31.07,27.9164,-0.148,"27.9164,   -0.148, 26 May 2026, 18:50:11"
2026-05-26T18:50:27.864639,547,4850000,-0.022,0.015,-0.999,-3.687,0.29,-1.061,30.98,27.9354,-0.147,"27.9354,   -0.147, 26 May 2026, 18:50:21"
2026-05-26T18:50:37.803805,548,4860000,-0.018,0.013,-1.0,-3.679,0.336,-1.038,31.02,27.9503,-0.149,"27.9503,   -0.149, 26 May 2026, 18:50:31"
2026-05-26T18:50:47.864067,549,4870000,-0.015,0.016,-1.004,-3.565,0.29,-1.16,31.12,27.9783,-0.15,"27.9783,   -0.150, 26 May 2026, 18:50:41"
2026-05-26T18:50:57.804629,550,4880000,-0.023,0.012,-0.997,-3.534,0.351,-1.053,30.98,28.0026,-0.15,"28.0026,   -0.150, 26 May 2026, 18:50:51"
2026-05-26T18:51:07.805186,551,4890000,-0.017,0.016,-0.996,-3.443,0.26,-1.115,31.07,28.0167,-0.147,"28.0167,   -0.147, 26 May 2026, 18:51:01"
2026-05-26T18:51:17.864249,552,4900000,-0.015,0.018,-1.002,-3.481,0.359,-1.206,31.12,28.0306,-0.148,"28.0306,   -0.148, 26 May 2026, 18:51:11"
2026-05-26T18:51:27.864382,553,4910000,-0.018,0.008,-0.994,-3.527,0.328,-1.053,31.02,28.046,-0.148,"28.0460,   -0.148, 26 May 2026, 18:51:21"
2026-05-26T18:51:37.804041,554,4920000,-0.01,0.014,-1.002,-3.55,0.115,-1.252,31.07,28.0449,-0.147,"28.0449,   -0.147, 26 May 2026, 18:51:31"
2026-05-26T18:51:47.867898,555,4930000,-0.017,0.012,-0.999,-3.405,0.198,-0.969,31.17,28.0475,-0.149,"28.0475,   -0.149, 26 May 2026, 18:51:41"
2026-05-26T18:51:57.803796,556,4940000,-0.013,0.012,-0.991,-3.595,0.412,-1.084,31.12,28.0581,-0.149,"28.0581,   -0.149, 26 May 2026, 18:51:51"
2026-05-26T18:52:07.864057,557,4950000,-0.012,0.015,-0.994,-3.435,0.191,-1.107,31.12,28.0616,-0.147,"28.0616,   -0.147, 26 May 2026, 18:52:01"
2026-05-26T18:52:17.864415,558,4960000,-0.015,0.013,-1.003,-3.496,0.328,-1.084,31.07,28.063,-0.151,"28.0630,   -0.151, 26 May 2026, 18:52:11"
2026-05-26T18:52:27.802408,559,4970000,-0.018,0.015,-1.002,-3.748,0.214,-1.107,31.12,28.0681,-0.148,"28.0681,   -0.148, 26 May 2026, 18:52:21"
2026-05-26T18:52:37.804519,560,4980000,-0.017,0.018,-0.995,-3.679,0.198,-0.977,31.21,28.0649,-0.147,"28.0649,   -0.147, 26 May 2026, 18:52:31"
2026-05-26T18:52:47.865058,561,4990000,-0.02,0.013,-1.008,-3.565,0.206,-0.855,31.21,28.0348,-0.146,"28.0348,   -0.146, 26 May 2026, 18:52:41"
2026-05-26T18:52:57.864869,562,5000000,-0.014,0.013,-1.0,-3.511,0.244,-1.107,31.17,28.0221,-0.15,"28.0221,   -0.150, 26 May 2026, 18:52:51"
2026-05-26T18:53:07.864626,563,5010000,-0.016,0.017,-0.997,-3.565,0.282,-1.038,31.17,27.9659,-0.148,"27.9659,   -0.148, 26 May 2026, 18:53:01"
2026-05-26T18:53:17.805363,564,5020000,-0.015,0.011,-1.006,-3.557,0.29,-1.191,31.12,27.9382,-0.148,"27.9382,   -0.148, 26 May 2026, 18:53:11"
2026-05-26T18:53:27.874447,565,5030000,-0.017,0.015,-0.994,-3.473,0.427,-1.153,31.07,27.8755,-0.148,"27.8755,   -0.148, 26 May 2026, 18:53:21"
2026-05-26T18:53:37.805793,566,5040000,-0.017,0.018,-0.993,-3.573,0.267,-1.031,31.07,27.8172,-0.15,"27.8172,   -0.150, 26 May 2026, 18:53:31"
2026-05-26T18:53:47.864081,567,5050000,-0.015,0.012,-1.002,-3.511,0.244,-1.061,31.17,27.7768,-0.151,"27.7768,   -0.151, 26 May 2026, 18:53:41"
2026-05-26T18:53:57.864884,568,5060000,-0.014,0.015,-1.0,-3.466,0.183,-1.16,31.17,27.7561,-0.15,"27.7561,   -0.150, 26 May 2026, 18:53:51"
2026-05-26T18:54:07.804869,569,5070000,-0.015,0.017,-0.996,-3.519,0.267,-1.115,31.12,27.7225,-0.152,"27.7225,   -0.152, 26 May 2026, 18:54:01"
2026-05-26T18:54:17.864773,570,5080000,-0.012,0.017,-0.994,-3.496,0.427,-1.092,31.07,27.706,-0.148,"27.7060,   -0.148, 26 May 2026, 18:54:11"
2026-05-26T18:54:27.864246,571,5090000,-0.015,0.017,-0.995,-3.534,0.153,-1.076,31.12,27.6379,-0.149,"27.6379,   -0.149, 26 May 2026, 18:54:21"
2026-05-26T18:54:37.864819,572,5100000,-0.016,0.012,-1.009,-3.603,0.252,-0.901,31.02,27.5761,-0.147,"27.5761,   -0.147, 26 May 2026, 18:54:31"
2026-05-26T18:54:47.864836,573,5110000,-0.013,0.013,-1.011,-3.626,0.198,-0.954,31.02,27.5932,-0.149,"27.5932,   -0.149, 26 May 2026, 18:54:41"
2026-05-26T18:54:57.872835,574,5120000,-0.012,0.014,-1.004,-3.504,0.084,-1.0,31.07,27.6097,-0.148,"27.6097,   -0.148, 26 May 2026, 18:54:51"
2026-05-26T18:55:07.804075,575,5130000,-0.017,0.01,-0.999,-3.573,0.305,-1.061,31.07,27.5917,-0.15,"27.5917,   -0.150, 26 May 2026, 18:55:01"
2026-05-26T18:55:17.869069,576,5140000,-0.011,0.012,-1.0,-3.527,0.267,-1.092,30.98,27.5409,-0.148,"27.5409,   -0.148, 26 May 2026, 18:55:11"
2026-05-26T18:55:27.804410,577,5150000,-0.023,0.017,-0.997,-3.534,0.198,-1.092,31.12,27.5523,-0.148,"27.5523,   -0.148, 26 May 2026, 18:55:21"
2026-05-26T18:55:37.869277,578,5160000,-0.01,0.015,-0.993,-3.481,0.214,-0.992,31.07,27.5847,-0.146,"27.5847,   -0.146, 26 May 2026, 18:55:31"
2026-05-26T18:55:47.803867,579,5170000,-0.022,0.012,-0.997,-3.573,0.153,-1.13,31.12,27.5783,-0.145,"27.5783,   -0.145, 26 May 2026, 18:55:41"
2026-05-26T18:55:57.864146,580,5180000,-0.014,0.01,-0.993,-3.466,0.282,-1.061,31.07,27.5762,-0.149,"27.5762,   -0.149, 26 May 2026, 18:55:51"
2026-05-26T18:56:07.864444,581,5190000,-0.012,0.023,-0.997,-3.649,0.092,-1.053,31.07,27.517,-0.142,"27.5170,   -0.142, 26 May 2026, 18:56:01"
2026-05-26T18:56:17.864536,582,5200000,-0.013,0.01,-0.998,-3.603,0.305,-1.008,30.98,27.4846,-0.146,"27.4846,   -0.146, 26 May 2026, 18:56:11"
2026-05-26T18:56:27.864971,583,5210000,-0.015,0.013,-1.007,-3.55,0.29,-1.137,31.02,27.4513,-0.147,"27.4513,   -0.147, 26 May 2026, 18:56:21"
2026-05-26T18:56:37.863978,584,5220000,-0.018,0.017,-1.001,-3.481,0.206,-1.183,30.98,27.4457,-0.149,"27.4457,   -0.149, 26 May 2026, 18:56:31"
2026-05-26T18:56:47.864686,585,5230000,-0.011,0.015,-0.997,-3.557,0.244,-1.153,31.02,27.4378,-0.149,"27.4378,   -0.149, 26 May 2026, 18:56:41"
2026-05-26T18:56:57.871477,586,5240000,-0.016,0.013,-0.99,-3.527,0.267,-1.176,31.02,27.4188,-0.147,"27.4188,   -0.147, 26 May 2026, 18:56:51"
2026-05-26T18:57:07.803340,587,5250000,-0.011,0.015,-0.997,-3.649,0.305,-1.053,31.02,27.411,-0.151,"27.4110,   -0.151, 26 May 2026, 18:57:01"
2026-05-26T18:57:17.863432,588,5260000,-0.013,0.01,-0.996,-3.496,0.336,-1.16,31.07,27.419,-0.147,"27.4190,   -0.147, 26 May 2026, 18:57:11"
2026-05-26T18:57:27.870952,589,5270000,-0.013,0.015,-0.984,-3.626,0.321,-1.122,30.98,27.3958,-0.149,"27.3958,   -0.149, 26 May 2026, 18:57:21"
2026-05-26T18:57:37.866759,590,5280000,-0.014,0.018,-0.998,-3.573,0.206,-1.008,31.02,27.3377,-0.146,"27.3377,   -0.146, 26 May 2026, 18:57:31"
2026-05-26T18:57:47.803781,591,5290000,-0.012,0.013,-1.004,-3.527,0.229,-1.031,31.07,27.3137,-0.141,"27.3137,   -0.141, 26 May 2026, 18:57:41"
2026-05-26T18:57:57.870169,592,5300000,-0.013,0.016,-0.998,-3.649,0.076,-0.947,31.12,27.3145,-0.146,"27.3145,   -0.146, 26 May 2026, 18:57:51"
2026-05-26T18:58:07.803418,593,5310000,-0.017,0.017,-0.995,-3.45,0.374,-1.0,31.02,27.3403,-0.146,"27.3403,   -0.146, 26 May 2026, 18:58:01"
2026-05-26T18:58:17.932321,594,5320000,-0.014,0.011,-0.997,-3.573,0.282,-1.038,31.07,27.3644,-0.147,"27.3644,   -0.147, 26 May 2026, 18:58:11"
2026-05-26T18:58:27.870874,595,5330000,-0.019,0.013,-1.005,-3.595,0.344,-1.092,31.12,27.3322,-0.147,"27.3322,   -0.147, 26 May 2026, 18:58:21"
2026-05-26T18:58:37.870418,596,5340000,-0.02,0.009,-1.0,-3.649,0.282,-1.107,31.12,27.2997,-0.146,"27.2997,   -0.146, 26 May 2026, 18:58:31"
2026-05-26T18:58:47.872554,597,5350000,-0.016,0.019,-0.993,-3.702,0.206,-1.076,30.98,27.2752,-0.149,"27.2752,   -0.149, 26 May 2026, 18:58:41"
2026-05-26T18:58:57.805088,598,5360000,-0.018,0.011,-1.004,-3.664,0.298,-0.962,30.93,27.3145,-0.145,"27.3145,   -0.145, 26 May 2026, 18:58:51"
2026-05-26T18:59:07.803478,599,5370000,-0.017,0.011,-0.996,-3.534,0.229,-1.069,31.02,27.3526,-0.147,"27.3526,   -0.147, 26 May 2026, 18:59:01"
2026-05-26T18:59:17.871296,600,5380000,-0.014,0.016,-1.002,-3.634,0.13,-0.901,30.79,27.3171,-0.145,"27.3171,   -0.145, 26 May 2026, 18:59:11"
2026-05-26T18:59:27.873308,601,5390000,-0.02,0.014,-1.01,-3.687,0.145,-1.031,30.79,27.3164,-0.146,"27.3164,   -0.146, 26 May 2026, 18:59:21"
2026-05-26T18:59:37.863538,602,5400000,-0.014,0.017,-1.0,-3.542,0.046,-1.122,30.79,27.3267,-0.148,"27.3267,   -0.148, 26 May 2026, 18:59:31"
2026-05-26T18:59:47.863826,603,5410000,-0.012,0.015,-1.008,-3.473,0.237,-0.992,30.88,27.3398,-0.146,"27.3398,   -0.146, 26 May 2026, 18:59:41"
2026-05-26T18:59:57.869292,604,5420000,-0.015,0.014,-0.987,-3.496,0.183,-1.137,30.93,27.3593,-0.145,"27.3593,   -0.145, 26 May 2026, 18:59:51"
2026-05-26T19:00:07.802532,605,5430000,-0.018,0.015,-1.001,-3.511,0.305,-1.191,31.02,27.3893,-0.145,"27.3893,   -0.145, 26 May 2026, 19:00:01"
2026-05-26T19:00:17.802525,606,5440000,-0.018,0.014,-0.993,-3.595,0.267,-1.244,30.98,27.4271,-0.148,"27.4271,   -0.148, 26 May 2026, 19:00:11"
2026-05-26T19:00:27.802947,607,5450000,-0.011,0.013,-0.99,-3.718,0.221,-1.145,30.88,27.4681,-0.145,"27.4681,   -0.145, 26 May 2026, 19:00:21"
2026-05-26T19:00:37.802337,608,5460000,-0.01,0.02,-0.994,-3.466,0.214,-1.282,31.02,27.4949,-0.145,"27.4949,   -0.145, 26 May 2026, 19:00:31"
2026-05-26T19:00:47.802492,609,5470000,-0.01,0.01,-1.003,-3.679,0.305,-1.237,31.07,27.537,-0.148,"27.5370,   -0.148, 26 May 2026, 19:00:41"
2026-05-26T19:00:57.803010,610,5480000,-0.022,0.016,-1.003,-3.55,0.374,-1.076,30.88,27.5795,-0.149,"27.5795,   -0.149, 26 May 2026, 19:00:51"
2026-05-26T19:01:07.801627,611,5490000,-0.017,0.012,-0.995,-3.618,0.206,-1.107,30.93,27.5872,-0.144,"27.5872,   -0.144, 26 May 2026, 19:01:01"
2026-05-26T19:01:17.802495,612,5500000,-0.017,0.014,-0.996,-3.679,0.305,-1.092,30.98,27.6102,-0.144,"27.6102,   -0.144, 26 May 2026, 19:01:11"
2026-05-26T19:01:27.802847,613,5510000,-0.016,0.019,-0.995,-3.496,0.221,-1.122,30.98,27.6354,-0.144,"27.6354,   -0.144, 26 May 2026, 19:01:21"
2026-05-26T19:01:37.801219,614,5520000,-0.009,0.016,-1.007,-3.603,0.267,-0.977,31.02,27.6522,-0.146,"27.6522,   -0.146, 26 May 2026, 19:01:31"
2026-05-26T19:01:47.803113,615,5530000,-0.015,0.019,-1.008,-3.489,0.13,-1.092,31.02,27.6804,-0.148,"27.6804,   -0.148, 26 May 2026, 19:01:41"
2026-05-26T19:01:57.803031,616,5540000,-0.014,0.013,-0.993,-3.527,0.206,-0.992,31.07,27.7032,-0.148,"27.7032,   -0.148, 26 May 2026, 19:01:51"
2026-05-26T19:02:07.803136,617,5550000,-0.016,0.016,-1.003,-3.565,0.252,-1.145,30.98,27.7295,-0.148,"27.7295,   -0.148, 26 May 2026, 19:02:01"
2026-05-26T19:02:17.802525,618,5560000,-0.021,0.016,-1.007,-3.527,0.267,-1.099,31.07,27.7504,-0.146,"27.7504,   -0.146, 26 May 2026, 19:02:11"
2026-05-26T19:02:27.803075,619,5570000,-0.018,0.01,-1.003,-3.55,0.229,-1.061,31.02,27.759,-0.149,"27.7590,   -0.149, 26 May 2026, 19:02:21"
2026-05-26T19:02:37.802403,620,5580000,-0.015,0.014,-0.997,-3.641,0.481,-0.931,31.17,27.7767,-0.15,"27.7767,   -0.150, 26 May 2026, 19:02:31"
2026-05-26T19:02:47.803552,621,5590000,-0.013,0.01,-1.003,-3.496,0.374,-0.992,31.02,27.7905,-0.148,"27.7905,   -0.148, 26 May 2026, 19:02:41"
2026-05-26T19:02:57.802861,622,5600000,-0.014,0.014,-1.0,-3.618,0.298,-1.229,31.07,27.795,-0.142,"27.7950,   -0.142, 26 May 2026, 19:02:51"
2026-05-26T19:03:07.803181,623,5610000,-0.015,0.013,-0.999,-3.412,0.267,-0.985,31.12,27.8017,-0.149,"27.8017,   -0.149, 26 May 2026, 19:03:01"
2026-05-26T19:03:17.802773,624,5620000,-0.022,0.016,-0.994,-3.542,0.076,-1.0,31.07,27.8261,-0.145,"27.8261,   -0.145, 26 May 2026, 19:03:11"
2026-05-26T19:03:27.803750,625,5630000,-0.021,0.015,-1.001,-3.534,0.298,-1.0,31.17,27.8452,-0.148,"27.8452,   -0.148, 26 May 2026, 19:03:21"
2026-05-26T19:03:37.803690,626,5640000,-0.018,0.014,-0.997,-3.656,0.344,-1.198,31.12,27.8608,-0.149,"27.8608,   -0.149, 26 May 2026, 19:03:31"
2026-05-26T19:03:47.802779,627,5650000,-0.019,0.014,-1.003,-3.687,0.206,-0.878,31.12,27.887,-0.141,"27.8870,   -0.141, 26 May 2026, 19:03:41"
2026-05-26T19:03:57.801431,628,5660000,-0.013,0.012,-1.001,-3.473,0.298,-0.969,31.17,27.8991,-0.145,"27.8991,   -0.145, 26 May 2026, 19:03:51"
2026-05-26T19:04:07.802741,629,5670000,-0.011,0.018,-1.002,-3.649,0.214,-1.275,31.17,27.9155,-0.148,"27.9155,   -0.148, 26 May 2026, 19:04:01"
2026-05-26T19:04:17.802345,630,5680000,-0.011,0.02,-0.999,-3.565,0.328,-1.099,31.17,27.9398,-0.144,"27.9398,   -0.144, 26 May 2026, 19:04:11"
2026-05-26T19:04:27.876273,631,5690000,-0.019,0.017,-0.996,-3.595,0.298,-1.084,31.12,27.9661,-0.15,"27.9661,   -0.150, 26 May 2026, 19:04:21"
2026-05-26T19:04:37.801732,632,5700000,-0.018,0.016,-1.007,-3.557,0.214,-1.099,31.07,27.9852,-0.142,"27.9852,   -0.142, 26 May 2026, 19:04:31"
2026-05-26T19:04:47.865147,633,5710000,-0.017,0.017,-1.007,-3.473,0.267,-1.221,31.07,28.0166,-0.148,"28.0166,   -0.148, 26 May 2026, 19:04:41"
2026-05-26T19:04:57.802321,634,5720000,-0.016,0.01,-0.997,-3.565,0.359,-1.0,31.17,28.0251,-0.144,"28.0251,   -0.144, 26 May 2026, 19:04:51"
2026-05-26T19:05:07.802631,635,5730000,-0.019,0.015,-1.0,-3.573,0.282,-1.038,31.12,28.039,-0.148,"28.0390,   -0.148, 26 May 2026, 19:05:01"
2026-05-26T19:05:17.802320,636,5740000,-0.015,0.016,-0.995,-3.687,0.191,-1.038,31.17,28.0496,-0.149,"28.0496,   -0.149, 26 May 2026, 19:05:11"
2026-05-26T19:05:27.802552,637,5750000,-0.018,0.01,-1.01,-3.534,0.282,-1.076,31.21,28.0549,-0.145,"28.0549,   -0.145, 26 May 2026, 19:05:21"
2026-05-26T19:05:37.802390,638,5760000,-0.016,0.021,-1.002,-3.534,0.321,-0.977,31.21,28.0573,-0.146,"28.0573,   -0.146, 26 May 2026, 19:05:31"
2026-05-26T19:05:47.802950,639,5770000,-0.014,0.015,-1.005,-3.496,0.321,-1.046,31.21,28.0631,-0.146,"28.0631,   -0.146, 26 May 2026, 19:05:41"
2026-05-26T19:05:57.802267,640,5780000,-0.021,0.015,-1.004,-3.573,0.137,-0.908,31.17,28.0524,-0.149,"28.0524,   -0.149, 26 May 2026, 19:05:51"
2026-05-26T19:06:07.803800,641,5790000,-0.017,0.015,-1.001,-3.534,0.206,-1.221,31.21,28.0452,-0.148,"28.0452,   -0.148, 26 May 2026, 19:06:01"
2026-05-26T19:06:17.802662,642,5800000,-0.015,0.02,-1.011,-3.679,0.229,-0.954,31.35,28.0112,-0.146,"28.0112,   -0.146, 26 May 2026, 19:06:11"
2026-05-26T19:06:27.872563,643,5810000,-0.022,0.016,-1.007,-3.557,0.29,-1.084,31.31,27.9753,-0.15,"27.9753,   -0.150, 26 May 2026, 19:06:21"
2026-05-26T19:06:37.802678,644,5820000,-0.015,0.016,-0.988,-3.573,0.221,-1.031,31.17,27.9504,-0.143,"27.9504,   -0.143, 26 May 2026, 19:06:31"
2026-05-26T19:06:47.802762,645,5830000,-0.014,0.022,-1.002,-3.672,0.198,-1.137,31.21,27.9103,-0.149,"27.9103,   -0.149, 26 May 2026, 19:06:41"
2026-05-26T19:06:57.802388,646,5840000,-0.017,0.015,-0.999,-3.557,0.298,-1.092,31.21,27.8651,-0.147,"27.8651,   -0.147, 26 May 2026, 19:06:51"
2026-05-26T19:07:07.803336,647,5850000,-0.018,0.015,-1.006,-3.687,0.328,-0.916,31.26,27.7978,-0.148,"27.7978,   -0.148, 26 May 2026, 19:07:01"
2026-05-26T19:07:17.802347,648,5860000,-0.022,0.011,-0.989,-3.595,0.389,-1.053,31.35,27.7473,-0.148,"27.7473,   -0.148, 26 May 2026, 19:07:11"
2026-05-26T19:07:27.803736,649,5870000,-0.01,0.012,-1.003,-3.641,0.26,-1.122,31.4,27.6757,-0.146,"27.6757,   -0.146, 26 May 2026, 19:07:21"
2026-05-26T19:07:37.802382,650,5880000,-0.012,0.014,-0.997,-3.618,0.275,-1.0,31.17,27.6173,-0.144,"27.6173,   -0.144, 26 May 2026, 19:07:31"
2026-05-26T19:07:47.802968,651,5890000,-0.019,0.011,-1.01,-3.641,0.275,-1.13,31.31,27.5633,-0.147,"27.5633,   -0.147, 26 May 2026, 19:07:41"
2026-05-26T19:07:57.802940,652,5900000,-0.015,0.013,-0.993,-3.656,0.26,-0.87,31.31,27.5402,-0.147,"27.5402,   -0.147, 26 May 2026, 19:07:51"
2026-05-26T19:08:07.802456,653,5910000,-0.015,0.017,-0.99,-3.588,0.267,-0.985,31.21,27.5369,-0.146,"27.5369,   -0.146, 26 May 2026, 19:08:01"
2026-05-26T19:08:17.802995,654,5920000,-0.012,0.013,-1.01,-3.45,0.366,-0.885,31.26,27.5259,-0.148,"27.5259,   -0.148, 26 May 2026, 19:08:11"
2026-05-26T19:08:27.802297,655,5930000,-0.011,0.011,-1.004,-3.588,0.29,-1.023,31.31,27.5348,-0.149,"27.5348,   -0.149, 26 May 2026, 19:08:21"
2026-05-26T19:08:37.802506,656,5940000,-0.018,0.017,-0.994,-3.756,0.244,-1.008,31.02,27.5374,-0.149,"27.5374,   -0.149, 26 May 2026, 19:08:31"
2026-05-26T19:08:47.802299,657,5950000,-0.02,0.01,-1.0,-3.42,0.229,-1.229,30.98,27.5106,-0.145,"27.5106,   -0.145, 26 May 2026, 19:08:41"
2026-05-26T19:08:57.863713,658,5960000,-0.015,0.017,-0.994,-3.527,0.145,-1.221,30.88,27.4796,-0.147,"27.4796,   -0.147, 26 May 2026, 19:08:51"
2026-05-26T19:09:07.873044,659,5970000,-0.011,0.016,-0.993,-3.565,0.244,-1.099,30.93,27.4665,-0.144,"27.4665,   -0.144, 26 May 2026, 19:09:01"
2026-05-26T19:09:17.802599,660,5980000,-0.012,0.018,-1.0,-3.534,0.076,-1.137,30.98,27.4672,-0.143,"27.4672,   -0.143, 26 May 2026, 19:09:11"
2026-05-26T19:09:27.802852,661,5990000,-0.016,0.016,-0.989,-3.542,0.305,-1.168,30.88,27.4778,-0.147,"27.4778,   -0.147, 26 May 2026, 19:09:21"
2026-05-26T19:09:37.870483,662,6000000,-0.016,0.019,-0.999,-3.603,0.229,-1.015,30.93,27.4806,-0.147,"27.4806,   -0.147, 26 May 2026, 19:09:31"
2026-05-26T19:09:47.802927,663,6010000,-0.013,0.013,-0.995,-3.618,0.389,-1.023,30.93,27.459,-0.146,"27.4590,   -0.146, 26 May 2026, 19:09:41"
2026-05-26T19:09:57.802268,664,6020000,-0.022,0.015,-0.993,-3.656,0.191,-1.015,30.93,27.4409,-0.146,"27.4409,   -0.146, 26 May 2026, 19:09:51"
2026-05-26T19:10:07.805797,665,6030000,-0.014,0.011,-0.99,-3.481,0.328,-0.985,30.93,27.4207,-0.147,"27.4207,   -0.147, 26 May 2026, 19:10:01"
2026-05-26T19:10:17.872748,666,6040000,-0.01,0.016,-1.012,-3.382,0.298,-1.29,31.07,27.41,-0.144,"27.4100,   -0.144, 26 May 2026, 19:10:11"
2026-05-26T19:10:27.932596,667,6050000,-0.018,0.012,-0.998,-3.511,0.122,-1.031,31.02,27.4307,-0.144,"27.4307,   -0.144, 26 May 2026, 19:10:21"
2026-05-26T19:10:37.932608,668,6060000,-0.014,0.016,-0.999,-3.511,0.221,-1.176,31.12,27.4597,-0.144,"27.4597,   -0.144, 26 May 2026, 19:10:31"
2026-05-26T19:10:47.933227,669,6070000,-0.015,0.021,-1.007,-3.557,0.412,-0.977,30.98,27.464,-0.145,"27.4640,   -0.145, 26 May 2026, 19:10:41"
2026-05-26T19:10:57.870787,670,6080000,-0.016,0.017,-0.995,-3.473,0.229,-1.137,31.07,27.4752,-0.144,"27.4752,   -0.144, 26 May 2026, 19:10:51"
2026-05-26T19:11:07.802617,671,6090000,-0.008,0.009,-1.005,-3.45,0.145,-1.137,30.98,27.4655,-0.146,"27.4655,   -0.146, 26 May 2026, 19:11:01"
2026-05-26T19:11:17.927894,672,6100000,-0.01,0.015,-1.005,-3.466,0.267,-1.061,31.12,27.45,-0.143,"27.4500,   -0.143, 26 May 2026, 19:11:11"
2026-05-26T19:11:27.868079,673,6110000,-0.013,0.019,-0.996,-3.466,0.435,-1.107,31.12,27.435,-0.145,"27.4350,   -0.145, 26 May 2026, 19:11:21"
2026-05-26T19:11:37.870685,674,6120000,-0.011,0.015,-0.998,-3.565,0.252,-1.061,31.12,27.4303,-0.146,"27.4303,   -0.146, 26 May 2026, 19:11:31"
2026-05-26T19:11:47.927231,675,6130000,-0.01,0.015,-0.996,-3.489,0.16,-1.168,31.07,27.4639,-0.145,"27.4639,   -0.145, 26 May 2026, 19:11:41"
2026-05-26T19:11:57.929993,676,6140000,-0.02,0.013,-0.994,-3.443,0.115,-1.099,31.02,27.4503,-0.143,"27.4503,   -0.143, 26 May 2026, 19:11:51"
2026-05-26T19:12:07.801427,677,6150000,-0.016,0.02,-1.001,-3.389,0.206,-1.107,30.98,27.4223,-0.145,"27.4223,   -0.145, 26 May 2026, 19:12:01"
2026-05-26T19:12:17.873692,678,6160000,-0.016,0.013,-1.004,-3.573,0.168,-1.206,30.98,27.3848,-0.146,"27.3848,   -0.146, 26 May 2026, 19:12:11"
2026-05-26T19:12:27.932675,679,6170000,-0.016,0.016,-0.999,-3.557,0.275,-1.115,30.88,27.3579,-0.145,"27.3579,   -0.145, 26 May 2026, 19:12:21"
2026-05-26T19:12:37.927394,680,6180000,-0.014,0.01,-0.992,-3.511,0.244,-1.061,30.84,27.3568,-0.148,"27.3568,   -0.148, 26 May 2026, 19:12:31"
2026-05-26T19:12:47.870065,681,6190000,-0.018,0.021,-1.001,-3.412,0.344,-1.031,30.88,27.334,-0.144,"27.3340,   -0.144, 26 May 2026, 19:12:41"
2026-05-26T19:12:57.932716,682,6200000,-0.015,0.016,-1.005,-3.656,0.076,-1.298,30.69,27.275,-0.147,"27.2750,   -0.147, 26 May 2026, 19:12:51"
2026-05-26T19:13:07.802564,683,6210000,-0.018,0.012,-0.994,-3.511,0.176,-1.176,30.65,27.2646,-0.145,"27.2646,   -0.145, 26 May 2026, 19:13:01"
2026-05-26T19:13:17.871372,684,6220000,-0.021,0.016,-1.002,-3.504,0.084,-1.107,30.69,27.2654,-0.145,"27.2654,   -0.145, 26 May 2026, 19:13:11"
2026-05-26T19:13:27.930763,685,6230000,-0.013,0.013,-1.006,-3.634,0.237,-1.069,30.79,27.2945,-0.145,"27.2945,   -0.145, 26 May 2026, 19:13:21"
2026-05-26T19:13:37.870098,686,6240000,-0.022,0.021,-0.996,-3.595,0.275,-1.031,30.79,27.3246,-0.143,"27.3246,   -0.143, 26 May 2026, 19:13:31"
2026-05-26T19:13:47.872901,687,6250000,-0.026,0.013,-0.998,-3.458,0.244,-1.053,30.79,27.3828,-0.146,"27.3828,   -0.146, 26 May 2026, 19:13:41"
2026-05-26T19:13:57.882660,688,6260000,-0.014,0.015,-1.001,-3.641,0.336,-1.069,30.88,27.4309,-0.147,"27.4309,   -0.147, 26 May 2026, 19:13:51"
2026-05-26T19:14:07.873653,689,6270000,-0.012,0.017,-0.996,-3.458,0.145,-0.947,31.02,27.4532,-0.148,"27.4532,   -0.148, 26 May 2026, 19:14:01"
2026-05-26T19:14:17.863837,690,6280000,-0.014,0.009,-0.997,-3.389,0.26,-1.015,30.84,27.4861,-0.147,"27.4861,   -0.147, 26 May 2026, 19:14:11"
2026-05-26T19:14:27.873239,691,6290000,-0.019,0.02,-1.012,-3.611,0.244,-1.092,30.98,27.5221,-0.145,"27.5221,   -0.145, 26 May 2026, 19:14:21"
2026-05-26T19:14:37.873357,692,6300000,-0.011,0.015,-0.996,-3.55,0.313,-0.931,30.84,27.5491,-0.146,"27.5491,   -0.146, 26 May 2026, 19:14:31"
2026-05-26T19:14:47.866137,693,6310000,-0.021,0.014,-0.999,-3.504,0.244,-1.092,30.93,27.5805,-0.146,"27.5805,   -0.146, 26 May 2026, 19:14:41"
2026-05-26T19:14:57.872836,694,6320000,-0.011,0.01,-0.998,-3.427,0.305,-1.038,30.98,27.5993,-0.144,"27.5993,   -0.144, 26 May 2026, 19:14:51"
2026-05-26T19:15:07.811309,695,6330000,-0.017,0.016,-1.001,-3.496,0.198,-1.023,30.98,27.613,-0.146,"27.6130,   -0.146, 26 May 2026, 19:15:01"
2026-05-26T19:15:17.872764,696,6340000,-0.012,0.01,-0.987,-3.473,0.405,-1.153,30.98,27.6264,-0.147,"27.6264,   -0.147, 26 May 2026, 19:15:11"
2026-05-26T19:15:27.873797,697,6350000,-0.02,0.01,-0.996,-3.527,0.214,-0.962,31.02,27.6469,-0.147,"27.6469,   -0.147, 26 May 2026, 19:15:21"
2026-05-26T19:15:37.927855,698,6360000,-0.019,0.011,-1.002,-3.595,0.153,-1.099,30.93,27.6707,-0.145,"27.6707,   -0.145, 26 May 2026, 19:15:31"
2026-05-26T19:15:47.928764,699,6370000,-0.016,0.012,-1.005,-3.359,0.29,-1.122,31.02,27.6777,-0.146,"27.6777,   -0.146, 26 May 2026, 19:15:41"
2026-05-26T19:15:57.873528,700,6380000,-0.016,0.015,-0.993,-3.641,0.115,-1.107,30.84,27.6952,-0.146,"27.6952,   -0.146, 26 May 2026, 19:15:51"
2026-05-26T19:16:07.868429,701,6390000,-0.013,0.011,-0.997,-3.603,0.137,-1.076,30.84,27.7092,-0.143,"27.7092,   -0.143, 26 May 2026, 19:16:01"
2026-05-26T19:16:17.872626,702,6400000,-0.018,0.015,-1.004,-3.557,0.198,-1.145,30.93,27.726,-0.147,"27.7260,   -0.147, 26 May 2026, 19:16:11"
2026-05-26T19:16:27.865984,703,6410000,-0.02,0.011,-0.99,-3.473,0.374,-1.115,30.98,27.7561,-0.145,"27.7561,   -0.145, 26 May 2026, 19:16:21"
2026-05-26T19:16:37.864762,704,6420000,-0.013,0.017,-0.995,-3.55,0.237,-1.038,30.98,27.7827,-0.146,"27.7827,   -0.146, 26 May 2026, 19:16:31"
2026-05-26T19:16:47.935199,705,6430000,-0.016,0.015,-1.002,-3.557,0.244,-0.992,30.98,27.8,-0.145,"27.8000,   -0.145, 26 May 2026, 19:16:41"
2026-05-26T19:16:57.866723,706,6440000,-0.018,0.017,-0.995,-3.71,0.328,-1.13,31.17,27.8197,-0.148,"27.8197,   -0.148, 26 May 2026, 19:16:51"
2026-05-26T19:17:07.802795,707,6450000,-0.01,0.021,-1.001,-3.618,0.397,-0.977,31.07,27.8376,-0.143,"27.8376,   -0.143, 26 May 2026, 19:17:01"
2026-05-26T19:17:17.871084,708,6460000,-0.013,0.011,-0.997,-3.534,0.198,-0.962,31.12,27.8426,-0.15,"27.8426,   -0.150, 26 May 2026, 19:17:11"
2026-05-26T19:17:27.872762,709,6470000,-0.016,0.016,-0.995,-3.496,0.282,-1.137,31.07,27.868,-0.145,"27.8680,   -0.145, 26 May 2026, 19:17:21"
2026-05-26T19:17:37.931532,710,6480000,-0.017,0.015,-1.004,-3.58,0.267,-1.153,31.07,27.8896,-0.142,"27.8896,   -0.142, 26 May 2026, 19:17:31"
2026-05-26T19:17:47.872631,711,6490000,-0.019,0.018,-1.004,-3.58,0.244,-1.344,31.12,27.9135,-0.147,"27.9135,   -0.147, 26 May 2026, 19:17:41"
2026-05-26T19:17:57.873149,712,6500000,-0.016,0.016,-0.998,-3.542,0.298,-1.191,31.17,27.9432,-0.144,"27.9432,   -0.144, 26 May 2026, 19:17:51"
2026-05-26T19:18:07.803053,713,6510000,-0.018,0.017,-1.004,-3.595,0.221,-1.183,31.02,27.9598,-0.145,"27.9598,   -0.145, 26 May 2026, 19:18:01"
2026-05-26T19:18:17.872677,714,6520000,-0.02,0.013,-1.009,-3.55,0.206,-1.084,31.07,27.9703,-0.144,"27.9703,   -0.144, 26 May 2026, 19:18:11"
2026-05-26T19:18:27.868859,715,6530000,-0.011,0.015,-0.993,-3.557,0.267,-1.023,31.02,27.9845,-0.147,"27.9845,   -0.147, 26 May 2026, 19:18:21"
2026-05-26T19:18:37.877624,716,6540000,-0.021,0.01,-1.005,-3.557,0.389,-1.076,30.98,28.0027,-0.143,"28.0027,   -0.143, 26 May 2026, 19:18:31"
2026-05-26T19:18:47.873021,717,6550000,-0.012,0.009,-0.998,-3.435,0.29,-1.046,31.02,28.0078,-0.149,"28.0078,   -0.149, 26 May 2026, 19:18:41"
2026-05-26T19:18:57.873089,718,6560000,-0.013,0.014,-1.0,-3.496,0.206,-1.176,31.12,28.015,-0.148,"28.0150,   -0.148, 26 May 2026, 19:18:51"
2026-05-26T19:19:07.802949,719,6570000,-0.01,0.017,-1.001,-3.45,0.237,-0.947,31.07,28.0197,-0.144,"28.0197,   -0.144, 26 May 2026, 19:19:01"
2026-05-26T19:19:17.871481,720,6580000,-0.015,0.012,-0.999,-3.496,0.313,-1.328,31.12,28.0203,-0.148,"28.0203,   -0.148, 26 May 2026, 19:19:11"
2026-05-26T19:19:27.865913,721,6590000,-0.018,0.021,-1.0,-3.611,0.267,-1.122,31.12,28.0176,-0.146,"28.0176,   -0.146, 26 May 2026, 19:19:21"
2026-05-26T19:19:37.873010,722,6600000,-0.011,0.019,-0.997,-3.595,0.122,-1.099,31.17,28.0103,-0.146,"28.0103,   -0.146, 26 May 2026, 19:19:31"
2026-05-26T19:19:47.932893,723,6610000,-0.018,0.02,-0.999,-3.55,0.221,-1.069,31.17,28.011,-0.146,"28.0110,   -0.146, 26 May 2026, 19:19:41"
2026-05-26T19:19:57.872901,724,6620000,-0.015,0.013,-0.997,-3.489,0.137,-0.985,31.17,27.9905,-0.147,"27.9905,   -0.147, 26 May 2026, 19:19:51"
2026-05-26T19:20:07.872929,725,6630000,-0.017,0.016,-0.999,-3.603,0.153,-1.206,31.12,27.9342,-0.143,"27.9342,   -0.143, 26 May 2026, 19:20:01"
2026-05-26T19:20:17.872769,726,6640000,-0.009,0.012,-0.991,-3.588,0.344,-1.137,31.17,27.9015,-0.146,"27.9015,   -0.146, 26 May 2026, 19:20:11"
2026-05-26T19:20:27.873148,727,6650000,-0.012,0.016,-0.999,-3.557,0.176,-1.107,31.17,27.9005,-0.147,"27.9005,   -0.147, 26 May 2026, 19:20:21"
2026-05-26T19:20:37.933086,728,6660000,-0.023,0.015,-0.995,-3.611,0.145,-1.061,31.12,27.8972,-0.146,"27.8972,   -0.146, 26 May 2026, 19:20:31"
2026-05-26T19:20:47.873635,729,6670000,-0.015,0.014,-0.995,-3.649,0.237,-1.0,31.17,27.8429,-0.146,"27.8429,   -0.146, 26 May 2026, 19:20:41"
2026-05-26T19:20:57.867377,730,6680000,-0.021,0.017,-0.996,-3.603,0.198,-1.191,31.12,27.8286,-0.143,"27.8286,   -0.143, 26 May 2026, 19:20:51"
2026-05-26T19:21:07.863494,731,6690000,-0.01,0.018,-0.995,-3.534,0.198,-0.916,31.21,27.7749,-0.149,"27.7749,   -0.149, 26 May 2026, 19:21:01"
2026-05-26T19:21:17.873450,732,6700000,-0.014,0.014,-0.995,-3.641,0.252,-1.053,31.17,27.7255,-0.14,"27.7255,   -0.140, 26 May 2026, 19:21:11"
2026-05-26T19:21:27.926297,733,6710000,-0.015,0.021,-0.993,-3.534,0.275,-1.153,31.17,27.6872,-0.148,"27.6872,   -0.148, 26 May 2026, 19:21:21"
2026-05-26T19:21:37.863548,734,6720000,-0.014,0.015,-0.999,-3.511,0.237,-1.305,31.17,27.6695,-0.147,"27.6695,   -0.147, 26 May 2026, 19:21:31"
2026-05-26T19:21:47.927189,735,6730000,-0.015,0.017,-0.997,-3.58,0.321,-1.13,31.17,27.6349,-0.143,"27.6349,   -0.143, 26 May 2026, 19:21:41"
2026-05-26T19:21:57.926850,736,6740000,-0.014,0.016,-0.996,-3.473,0.366,-1.084,31.12,27.6278,-0.141,"27.6278,   -0.141, 26 May 2026, 19:21:51"
2026-05-26T19:22:07.872739,737,6750000,-0.017,0.015,-1.008,-3.595,0.191,-1.038,30.93,27.6044,-0.144,"27.6044,   -0.144, 26 May 2026, 19:22:01"
2026-05-26T19:22:17.872649,738,6760000,-0.014,0.013,-1.0,-3.427,0.229,-0.962,31.02,27.5658,-0.14,"27.5658,   -0.140, 26 May 2026, 19:22:11"
2026-05-26T19:22:27.873448,739,6770000,-0.018,0.02,-0.992,-3.534,0.321,-1.115,30.98,27.533,-0.147,"27.5330,   -0.147, 26 May 2026, 19:22:21"
2026-05-26T19:22:37.873406,740,6780000,-0.009,0.01,-1.002,-3.504,0.076,-1.015,31.02,27.5456,-0.147,"27.5456,   -0.147, 26 May 2026, 19:22:31"
2026-05-26T19:22:47.863588,741,6790000,-0.016,0.015,-1.003,-3.504,0.282,-1.023,31.02,27.555,-0.145,"27.5550,   -0.145, 26 May 2026, 19:22:41"
2026-05-26T19:22:57.873156,742,6800000,-0.013,0.017,-1.004,-3.58,0.374,-1.092,30.98,27.5817,-0.145,"27.5817,   -0.145, 26 May 2026, 19:22:51"
2026-05-26T19:23:07.927604,743,6810000,-0.014,0.019,-1.003,-3.565,0.137,-0.992,30.69,27.545,-0.145,"27.5450,   -0.145, 26 May 2026, 19:23:01"
2026-05-26T19:23:17.929048,744,6820000,-0.015,0.021,-0.998,-3.466,0.26,-1.008,30.88,27.5026,-0.147,"27.5026,   -0.147, 26 May 2026, 19:23:11"
2026-05-26T19:23:27.873027,745,6830000,-0.017,0.011,-0.997,-3.733,0.382,-1.061,30.84,27.484,-0.145,"27.4840,   -0.145, 26 May 2026, 19:23:21"
2026-05-26T19:23:37.926955,746,6840000,-0.01,0.014,-1.003,-3.496,0.252,-1.076,30.93,27.4894,-0.144,"27.4894,   -0.144, 26 May 2026, 19:23:31"
2026-05-26T19:23:47.927363,747,6850000,-0.021,0.019,-0.996,-3.58,0.206,-0.985,30.79,27.4503,-0.145,"27.4503,   -0.145, 26 May 2026, 19:23:41"
2026-05-26T19:23:57.932726,748,6860000,-0.015,0.018,-1.0,-3.511,0.16,-1.29,30.93,27.4149,-0.145,"27.4149,   -0.145, 26 May 2026, 19:23:51"
2026-05-26T19:24:07.866777,749,6870000,-0.017,0.009,-1.0,-3.58,0.183,-1.015,30.79,27.3604,-0.143,"27.3604,   -0.143, 26 May 2026, 19:24:01"
2026-05-26T19:24:17.864001,750,6880000,-0.017,0.01,-0.997,-3.611,0.313,-1.206,30.93,27.3083,-0.144,"27.3083,   -0.144, 26 May 2026, 19:24:11"
2026-05-26T19:24:27.873310,751,6890000,-0.019,0.02,-0.993,-3.626,0.16,-1.092,30.84,27.293,-0.147,"27.2930,   -0.147, 26 May 2026, 19:24:21"
2026-05-26T19:24:37.872822,752,6900000,-0.013,0.012,-0.995,-3.511,0.107,-1.0,30.98,27.2919,-0.148,"27.2919,   -0.148, 26 May 2026, 19:24:31"
2026-05-26T19:24:47.877318,753,6910000,-0.015,0.01,-0.995,-3.504,0.229,-0.969,30.93,27.2916,-0.147,"27.2916,   -0.147, 26 May 2026, 19:24:41"
2026-05-26T19:24:57.863627,754,6920000,-0.011,0.015,-0.988,-3.565,0.389,-1.099,30.74,27.2916,-0.144,"27.2916,   -0.144, 26 May 2026, 19:24:51"
2026-05-26T19:25:07.872628,755,6930000,-0.018,0.017,-0.996,-3.641,0.092,-0.969,30.84,27.294,-0.145,"27.2940,   -0.145, 26 May 2026, 19:25:01"
2026-05-26T19:25:17.864738,756,6940000,-0.013,0.017,-1.0,-3.542,0.237,-1.191,30.79,27.2997,-0.145,"27.2997,   -0.145, 26 May 2026, 19:25:11"
2026-05-26T19:25:27.926700,757,6950000,-0.011,0.016,-0.999,-3.695,0.153,-1.0,30.88,27.2928,-0.145,"27.2928,   -0.145, 26 May 2026, 19:25:21"
2026-05-26T19:25:37.929367,758,6960000,-0.013,0.018,-1.003,-3.672,0.191,-1.015,30.88,27.2799,-0.147,"27.2799,   -0.147, 26 May 2026, 19:25:31"
2026-05-26T19:25:47.943206,759,6970000,-0.015,0.017,-1.012,-3.687,0.122,-0.954,30.98,27.2764,-0.143,"27.2764,   -0.143, 26 May 2026, 19:25:41"
2026-05-26T19:25:57.871760,760,6980000,-0.012,0.014,-0.996,-3.504,0.305,-1.031,30.93,27.276,-0.145,"27.2760,   -0.145, 26 May 2026, 19:25:51"
2026-05-26T19:26:07.929708,761,6990000,-0.015,0.017,-1.003,-3.573,0.267,-1.084,30.98,27.2603,-0.146,"27.2603,   -0.146, 26 May 2026, 19:26:01"
2026-05-26T19:26:17.927865,762,7000000,-0.022,0.015,-0.999,-3.435,0.16,-0.863,30.98,27.2408,-0.146,"27.2408,   -0.146, 26 May 2026, 19:26:11"
2026-05-26T19:26:27.932866,763,7010000,-0.014,0.007,-1.0,-3.573,0.176,-1.13,30.79,27.2236,-0.143,"27.2236,   -0.143, 26 May 2026, 19:26:21"
2026-05-26T19:26:37.934837,764,7020000,-0.015,0.012,-1.001,-3.588,0.237,-1.023,30.74,27.2254,-0.146,"27.2254,   -0.146, 26 May 2026, 19:26:31"
2026-05-26T19:26:47.863619,765,7030000,-0.018,0.016,-1.009,-3.45,0.275,-1.053,30.93,27.2202,-0.146,"27.2202,   -0.146, 26 May 2026, 19:26:41"
2026-05-26T19:26:57.926643,766,7040000,-0.015,0.021,-0.993,-3.672,0.214,-1.069,30.88,27.2641,-0.147,"27.2641,   -0.147, 26 May 2026, 19:26:51"
2026-05-26T19:27:07.926564,767,7050000,-0.017,0.018,-1.005,-3.504,0.183,-1.115,30.98,27.2887,-0.144,"27.2887,   -0.144, 26 May 2026, 19:27:01"
2026-05-26T19:27:17.928204,768,7060000,-0.011,0.019,-1.007,-3.489,0.168,-1.099,30.93,27.3068,-0.143,"27.3068,   -0.143, 26 May 2026, 19:27:11"
2026-05-26T19:27:27.871077,769,7070000,-0.018,0.01,-0.997,-3.565,0.267,-0.962,30.88,27.3369,-0.142,"27.3369,   -0.142, 26 May 2026, 19:27:21"
2026-05-26T19:27:37.932688,770,7080000,-0.016,0.012,-0.998,-3.626,0.221,-1.0,30.98,27.3778,-0.143,"27.3778,   -0.143, 26 May 2026, 19:27:31"
2026-05-26T19:27:47.932633,771,7090000,-0.013,0.021,-1.004,-3.55,0.29,-1.046,30.93,27.4185,-0.149,"27.4185,   -0.149, 26 May 2026, 19:27:41"
2026-05-26T19:27:57.926469,772,7100000,-0.019,0.014,-0.998,-3.588,0.214,-1.176,30.98,27.463,-0.145,"27.4630,   -0.145, 26 May 2026, 19:27:51"
2026-05-26T19:28:07.872268,773,7110000,-0.01,0.017,-1.001,-3.55,0.183,-1.076,31.07,27.4973,-0.143,"27.4973,   -0.143, 26 May 2026, 19:28:01"
2026-05-26T19:28:17.863682,774,7120000,-0.014,0.017,-0.999,-3.603,0.191,-1.153,30.93,27.5406,-0.144,"27.5406,   -0.144, 26 May 2026, 19:28:11"
2026-05-26T19:28:27.930214,775,7130000,-0.02,0.012,-1.003,-3.763,0.191,-1.153,30.98,27.59,-0.147,"27.5900,   -0.147, 26 May 2026, 19:28:21"
2026-05-26T19:28:37.870657,776,7140000,-0.012,0.015,-1.009,-3.641,0.168,-1.183,31.02,27.6295,-0.143,"27.6295,   -0.143, 26 May 2026, 19:28:31"
2026-05-26T19:28:47.874595,777,7150000,-0.016,0.015,-1.002,-3.359,0.351,-1.084,31.07,27.6726,-0.145,"27.6726,   -0.145, 26 May 2026, 19:28:41"
2026-05-26T19:28:57.869863,778,7160000,-0.012,0.021,-0.991,-3.641,0.321,-1.145,31.12,27.7003,-0.144,"27.7003,   -0.144, 26 May 2026, 19:28:51"
2026-05-26T19:29:07.872917,779,7170000,-0.017,0.01,-0.998,-3.725,0.252,-1.206,31.21,27.7252,-0.146,"27.7252,   -0.146, 26 May 2026, 19:29:01"
2026-05-26T19:29:17.932280,780,7180000,-0.013,0.017,-0.997,-3.641,0.321,-1.008,30.98,27.7421,-0.144,"27.7421,   -0.144, 26 May 2026, 19:29:11"
2026-05-26T19:29:27.926477,781,7190000,-0.017,0.013,-1.0,-3.58,0.076,-1.061,31.17,27.7599,-0.143,"27.7599,   -0.143, 26 May 2026, 19:29:21"
2026-05-26T19:29:37.870880,782,7200000,-0.018,0.016,-1.004,-3.672,0.26,-1.16,31.07,27.7869,-0.145,"27.7869,   -0.145, 26 May 2026, 19:29:31"
2026-05-26T19:29:47.872775,783,7210000,-0.016,0.01,-1.003,-3.489,0.183,-1.13,31.07,27.819,-0.145,"27.8190,   -0.145, 26 May 2026, 19:29:41"
2026-05-26T19:29:57.929759,784,7220000,-0.016,0.014,-1.004,-3.496,0.229,-0.962,31.17,27.8401,-0.145,"27.8401,   -0.145, 26 May 2026, 19:29:51"
2026-05-26T19:30:07.872975,785,7230000,-0.017,0.009,-0.997,-3.55,0.191,-1.038,31.12,27.8569,-0.144,"27.8569,   -0.144, 26 May 2026, 19:30:01"
2026-05-26T19:30:17.871390,786,7240000,-0.018,0.012,-1.0,-3.435,0.069,-0.992,31.12,27.8788,-0.147,"27.8788,   -0.147, 26 May 2026, 19:30:11"
2026-05-26T19:30:27.873534,787,7250000,-0.017,0.011,-0.991,-3.618,0.397,-1.0,31.12,27.9025,-0.144,"27.9025,   -0.144, 26 May 2026, 19:30:21"
2026-05-26T19:30:37.872568,788,7260000,-0.012,0.018,-0.999,-3.504,0.351,-1.145,31.02,27.9251,-0.145,"27.9251,   -0.145, 26 May 2026, 19:30:31"
2026-05-26T19:30:47.926711,789,7270000,-0.02,0.015,-1.004,-3.481,0.405,-1.008,31.07,27.9509,-0.147,"27.9509,   -0.147, 26 May 2026, 19:30:41"
2026-05-26T19:30:57.926559,790,7280000,-0.022,0.009,-0.988,-3.496,0.221,-1.076,31.07,27.9645,-0.141,"27.9645,   -0.141, 26 May 2026, 19:30:51"
2026-05-26T19:31:07.872788,791,7290000,-0.018,0.018,-0.995,-3.687,0.214,-1.0,31.07,27.9826,-0.142,"27.9826,   -0.142, 26 May 2026, 19:31:01"
2026-05-26T19:31:17.927096,792,7300000,-0.016,0.02,-1.003,-3.527,0.221,-1.252,31.12,28.0007,-0.142,"28.0007,   -0.142, 26 May 2026, 19:31:11"
2026-05-26T19:31:27.928280,793,7310000,-0.012,0.015,-0.999,-3.626,0.153,-1.145,31.12,28.0099,-0.142,"28.0099,   -0.142, 26 May 2026, 19:31:21"
2026-05-26T19:31:37.866433,794,7320000,-0.015,0.013,-0.999,-3.588,0.26,-1.008,31.07,28.0179,-0.144,"28.0179,   -0.144, 26 May 2026, 19:31:31"
2026-05-26T19:31:47.872571,795,7330000,-0.016,0.014,-0.992,-3.504,0.298,-1.038,31.12,28.0274,-0.146,"28.0274,   -0.146, 26 May 2026, 19:31:41"
2026-05-26T19:31:57.873242,796,7340000,-0.023,0.009,-1.0,-3.473,0.176,-1.084,31.17,28.0414,-0.144,"28.0414,   -0.144, 26 May 2026, 19:31:51"
2026-05-26T19:32:07.932494,797,7350000,-0.01,0.014,-0.994,-3.618,0.16,-1.099,31.17,28.0402,-0.144,"28.0402,   -0.144, 26 May 2026, 19:32:01"
2026-05-26T19:32:17.932686,798,7360000,-0.013,0.017,-1.004,-3.542,0.328,-1.076,31.17,28.0323,-0.145,"28.0323,   -0.145, 26 May 2026, 19:32:11"
2026-05-26T19:32:27.872640,799,7370000,-0.017,0.017,-1.0,-3.603,0.099,-1.008,31.17,28.0307,-0.146,"28.0307,   -0.146, 26 May 2026, 19:32:21"
2026-05-26T19:32:37.932831,800,7380000,-0.011,0.012,-1.005,-3.603,0.466,-0.992,31.26,28.0309,-0.147,"28.0309,   -0.147, 26 May 2026, 19:32:31"
2026-05-26T19:32:47.871641,801,7390000,-0.014,0.013,-0.994,-3.71,0.038,-0.878,31.31,28.0099,-0.145,"28.0099,   -0.145, 26 May 2026, 19:32:41"
2026-05-26T19:32:57.873671,802,7400000,-0.014,0.021,-1.004,-3.481,0.008,-1.176,31.17,27.9782,-0.142,"27.9782,   -0.142, 26 May 2026, 19:32:51"
2026-05-26T19:33:07.929347,803,7410000,-0.015,0.016,-0.998,-3.626,0.473,-1.038,31.21,27.9514,-0.145,"27.9514,   -0.145, 26 May 2026, 19:33:01"
2026-05-26T19:33:17.870652,804,7420000,-0.015,0.015,-1.002,-3.557,0.206,-0.985,31.31,27.9232,-0.146,"27.9232,   -0.146, 26 May 2026, 19:33:11"
2026-05-26T19:33:27.926126,805,7430000,-0.019,0.019,-1.003,-3.595,0.282,-1.206,31.21,27.9039,-0.144,"27.9039,   -0.144, 26 May 2026, 19:33:21"
2026-05-26T19:33:37.929557,806,7440000,-0.017,0.015,-1.002,-3.672,0.252,-1.038,31.12,27.8852,-0.143,"27.8852,   -0.143, 26 May 2026, 19:33:31"
2026-05-26T19:33:47.874840,807,7450000,-0.014,0.019,-1.006,-3.55,0.206,-1.023,31.17,27.8578,-0.146,"27.8578,   -0.146, 26 May 2026, 19:33:41"
2026-05-26T19:33:57.863760,808,7460000,-0.015,0.016,-1.0,-3.71,0.145,-0.992,31.02,27.8329,-0.143,"27.8329,   -0.143, 26 May 2026, 19:33:51"
2026-05-26T19:34:07.938659,809,7470000,-0.023,0.02,-0.992,-3.527,0.244,-1.061,31.12,27.7835,-0.145,"27.7835,   -0.145, 26 May 2026, 19:34:01"
2026-05-26T19:34:17.926867,810,7480000,-0.01,0.018,-1.004,-3.71,0.328,-1.183,31.12,27.7218,-0.146,"27.7218,   -0.146, 26 May 2026, 19:34:11"
2026-05-26T19:34:27.873263,811,7490000,-0.012,0.017,-0.997,-3.565,0.397,-1.107,31.02,27.6819,-0.142,"27.6819,   -0.142, 26 May 2026, 19:34:21"
2026-05-26T19:34:37.871367,812,7500000,-0.013,0.016,-0.995,-3.649,0.252,-1.168,31.07,27.6275,-0.143,"27.6275,   -0.143, 26 May 2026, 19:34:31"
2026-05-26T19:34:47.868068,813,7510000,-0.017,0.011,-0.997,-3.519,0.328,-0.809,31.07,27.5943,-0.146,"27.5943,   -0.146, 26 May 2026, 19:34:41"
2026-05-26T19:34:57.873549,814,7520000,-0.016,0.012,-0.999,-3.634,0.198,-1.015,31.12,27.5787,-0.145,"27.5787,   -0.145, 26 May 2026, 19:34:51"
2026-05-26T19:35:07.873415,815,7530000,-0.015,0.013,-0.99,-3.809,0.275,-1.023,31.02,27.5098,-0.145,"27.5098,   -0.145, 26 May 2026, 19:35:01"
2026-05-26T19:35:17.873728,816,7540000,-0.015,0.017,-0.995,-3.733,0.275,-0.947,30.98,27.4926,-0.145,"27.4926,   -0.145, 26 May 2026, 19:35:11"
2026-05-26T19:35:27.873239,817,7550000,-0.008,0.015,-0.997,-3.695,0.145,-1.099,31.02,27.4907,-0.144,"27.4907,   -0.144, 26 May 2026, 19:35:21"
2026-05-26T19:35:37.872374,818,7560000,-0.019,0.011,-0.998,-3.557,0.183,-1.061,30.88,27.4605,-0.146,"27.4605,   -0.146, 26 May 2026, 19:35:31"
2026-05-26T19:35:47.872799,819,7570000,-0.014,0.012,-1.007,-3.611,0.336,-1.16,30.84,27.4501,-0.144,"27.4501,   -0.144, 26 May 2026, 19:35:41"
2026-05-26T19:35:57.927531,820,7580000,-0.018,0.014,-0.999,-3.55,0.275,-1.069,30.88,27.4567,-0.144,"27.4567,   -0.144, 26 May 2026, 19:35:51"
2026-05-26T19:36:07.872869,821,7590000,-0.022,0.022,-0.996,-3.511,0.374,-0.962,30.84,27.4319,-0.146,"27.4319,   -0.146, 26 May 2026, 19:36:01"
2026-05-26T19:36:17.870656,822,7600000,-0.022,0.02,-0.995,-3.534,0.29,-1.069,30.79,27.417,-0.141,"27.4170,   -0.141, 26 May 2026, 19:36:11"
2026-05-26T19:36:27.929769,823,7610000,-0.015,0.011,-0.986,-3.618,0.305,-1.168,30.79,27.4207,-0.143,"27.4207,   -0.143, 26 May 2026, 19:36:21"
2026-05-26T19:36:37.872844,824,7620000,-0.006,0.017,-0.995,-3.695,0.42,-1.183,30.84,27.4202,-0.143,"27.4202,   -0.143, 26 May 2026, 19:36:31"
2026-05-26T19:36:47.871866,825,7630000,-0.016,0.015,-1.0,-3.511,0.252,-1.107,30.88,27.4212,-0.143,"27.4212,   -0.143, 26 May 2026, 19:36:41"
2026-05-26T19:36:57.926467,826,7640000,-0.017,0.015,-0.991,-3.42,0.115,-1.244,30.6,27.4068,-0.143,"27.4068,   -0.143, 26 May 2026, 19:36:51"
2026-05-26T19:37:07.870885,827,7650000,-0.013,0.013,-0.996,-3.565,0.023,-1.061,30.69,27.359,-0.145,"27.3590,   -0.145, 26 May 2026, 19:37:01"
2026-05-26T19:37:17.876423,828,7660000,-0.009,0.016,-1.005,-3.489,0.366,-0.977,30.74,27.332,-0.14,"27.3320,   -0.140, 26 May 2026, 19:37:11"
2026-05-26T19:37:27.872748,829,7670000,-0.013,0.02,-0.995,-3.435,0.229,-1.137,30.88,27.3314,-0.143,"27.3314,   -0.143, 26 May 2026, 19:37:21"
2026-05-26T19:37:37.872755,830,7680000,-0.015,0.013,-1.006,-3.58,0.153,-1.015,30.88,27.3333,-0.144,"27.3333,   -0.144, 26 May 2026, 19:37:31"
2026-05-26T19:37:47.928441,831,7690000,-0.013,0.015,-0.996,-3.527,0.328,-1.122,30.84,27.3368,-0.141,"27.3368,   -0.141, 26 May 2026, 19:37:41"
2026-05-26T19:37:57.872750,832,7700000,-0.009,0.009,-0.995,-3.588,0.282,-1.038,30.88,27.3004,-0.144,"27.3004,   -0.144, 26 May 2026, 19:37:51"
2026-05-26T19:38:07.928415,833,7710000,-0.018,0.013,-0.997,-3.534,0.206,-1.015,30.98,27.2809,-0.144,"27.2809,   -0.144, 26 May 2026, 19:38:01"
2026-05-26T19:38:17.881055,834,7720000,-0.016,0.01,-1.001,-3.542,0.313,-0.947,31.02,27.2928,-0.144,"27.2928,   -0.144, 26 May 2026, 19:38:11"
2026-05-26T19:38:27.867195,835,7730000,-0.02,0.013,-0.997,-3.58,0.29,-1.038,30.84,27.3393,-0.146,"27.3393,   -0.146, 26 May 2026, 19:38:21"
2026-05-26T19:38:37.873069,836,7740000,-0.013,0.011,-1.0,-3.641,0.275,-0.985,30.88,27.3219,-0.146,"27.3219,   -0.146, 26 May 2026, 19:38:31"
2026-05-26T19:38:47.879506,837,7750000,-0.011,0.017,-0.996,-3.595,0.298,-1.053,30.84,27.2753,-0.143,"27.2753,   -0.143, 26 May 2026, 19:38:41"
2026-05-26T19:38:57.872785,838,7760000,-0.012,0.014,-0.997,-3.504,0.229,-1.008,30.69,27.246,-0.143,"27.2460,   -0.143, 26 May 2026, 19:38:51"
2026-05-26T19:39:07.870406,839,7770000,-0.011,0.015,-1.006,-3.496,0.359,-0.855,30.51,27.2368,-0.145,"27.2368,   -0.145, 26 May 2026, 19:39:01"
2026-05-26T19:39:17.871788,840,7780000,-0.013,0.011,-0.996,-3.641,0.183,-1.008,30.6,27.2332,-0.146,"27.2332,   -0.146, 26 May 2026, 19:39:11"
2026-05-26T19:39:27.872010,841,7790000,-0.01,0.022,-1.002,-3.565,0.244,-1.13,30.65,27.2766,-0.145,"27.2766,   -0.145, 26 May 2026, 19:39:21"
2026-05-26T19:39:37.932906,842,7800000,-0.015,0.016,-0.998,-3.611,0.26,-1.053,30.69,27.3259,-0.143,"27.3259,   -0.143, 26 May 2026, 19:39:31"
2026-05-26T19:39:47.937534,843,7810000,-0.014,0.013,-0.995,-3.603,0.26,-1.076,30.84,27.3755,-0.144,"27.3755,   -0.144, 26 May 2026, 19:39:41"
2026-05-26T19:39:57.926762,844,7820000,-0.012,0.015,-1.0,-3.527,0.382,-1.153,30.79,27.4023,-0.144,"27.4023,   -0.144, 26 May 2026, 19:39:51"
2026-05-26T19:40:07.863810,845,7830000,-0.017,0.018,-1.004,-3.489,0.229,-1.099,30.84,27.4382,-0.142,"27.4382,   -0.142, 26 May 2026, 19:40:01"
2026-05-26T19:40:17.929546,846,7840000,-0.014,0.014,-0.999,-3.672,0.168,-1.221,30.74,27.4866,-0.142,"27.4866,   -0.142, 26 May 2026, 19:40:11"
2026-05-26T19:40:27.933087,847,7850000,-0.017,0.015,-1.002,-3.489,0.214,-1.061,30.93,27.5344,-0.139,"27.5344,   -0.139, 26 May 2026, 19:40:21"
2026-05-26T19:40:37.872749,848,7860000,-0.014,0.012,-1.003,-3.603,0.298,-0.985,30.88,27.5692,-0.142,"27.5692,   -0.142, 26 May 2026, 19:40:31"
2026-05-26T19:40:47.876986,849,7870000,-0.019,0.012,-0.999,-3.702,0.137,-0.893,31.02,27.616,-0.145,"27.6160,   -0.145, 26 May 2026, 19:40:41"
2026-05-26T19:40:57.875651,850,7880000,-0.016,0.013,-1.003,-3.58,0.183,-1.176,30.98,27.6544,-0.142,"27.6544,   -0.142, 26 May 2026, 19:40:51"
2026-05-26T19:41:07.926747,851,7890000,-0.017,0.014,-1.001,-3.588,0.229,-1.061,30.98,27.6924,-0.144,"27.6924,   -0.144, 26 May 2026, 19:41:01"
2026-05-26T19:41:17.879237,852,7900000,-0.014,0.015,-0.999,-3.473,0.214,-1.153,31.02,27.7131,-0.145,"27.7131,   -0.145, 26 May 2026, 19:41:11"
2026-05-26T19:41:27.873496,853,7910000,-0.017,0.019,-0.991,-3.534,0.336,-1.099,31.02,27.7359,-0.144,"27.7359,   -0.144, 26 May 2026, 19:41:21"
2026-05-26T19:41:37.870017,854,7920000,-0.022,0.015,-0.999,-3.672,0.221,-1.038,31.02,27.7525,-0.142,"27.7525,   -0.142, 26 May 2026, 19:41:31"
2026-05-26T19:41:47.874268,855,7930000,-0.013,0.011,-0.988,-3.45,0.221,-1.145,30.98,27.7688,-0.145,"27.7688,   -0.145, 26 May 2026, 19:41:41"
2026-05-26T19:41:57.872797,856,7940000,-0.018,0.012,-0.996,-3.557,0.191,-1.046,30.98,27.7956,-0.142,"27.7956,   -0.142, 26 May 2026, 19:41:51"
2026-05-26T19:42:07.872787,857,7950000,-0.015,0.011,-0.998,-3.542,0.267,-0.985,30.98,27.8146,-0.142,"27.8146,   -0.142, 26 May 2026, 19:42:01"
2026-05-26T19:42:17.934064,858,7960000,-0.013,0.014,-0.994,-3.542,0.321,-1.069,31.07,27.8362,-0.143,"27.8362,   -0.143, 26 May 2026, 19:42:11"
2026-05-26T19:42:27.872755,859,7970000,-0.016,0.014,-0.987,-3.473,0.282,-1.137,31.07,27.8622,-0.144,"27.8622,   -0.144, 26 May 2026, 19:42:21"
2026-05-26T19:42:37.872696,860,7980000,-0.009,0.018,-0.999,-3.595,0.229,-1.099,31.07,27.8848,-0.143,"27.8848,   -0.143, 26 May 2026, 19:42:31"
2026-05-26T19:42:47.872764,861,7990000,-0.016,0.011,-0.999,-3.542,0.244,-0.992,30.98,27.9036,-0.142,"27.9036,   -0.142, 26 May 2026, 19:42:41"
2026-05-26T19:42:57.872898,862,8000000,-0.015,0.018,-0.994,-3.618,0.237,-1.008,31.17,27.9173,-0.144,"27.9173,   -0.144, 26 May 2026, 19:42:51"
2026-05-26T19:43:07.869455,863,8010000,-0.015,0.012,-0.995,-3.504,0.038,-1.069,31.02,27.94,-0.144,"27.9400,   -0.144, 26 May 2026, 19:43:01"
2026-05-26T19:43:17.927912,864,8020000,-0.015,0.02,-1.0,-3.603,0.26,-1.145,30.93,27.9547,-0.144,"27.9547,   -0.144, 26 May 2026, 19:43:11"
2026-05-26T19:43:27.932532,865,8030000,-0.017,0.012,-1.004,-3.71,0.374,-1.069,31.07,27.9648,-0.144,"27.9648,   -0.144, 26 May 2026, 19:43:21"
2026-05-26T19:43:37.872717,866,8040000,-0.015,0.014,-1.004,-3.595,0.282,-1.176,31.07,27.9872,-0.145,"27.9872,   -0.145, 26 May 2026, 19:43:31"
2026-05-26T19:43:47.864039,867,8050000,-0.021,0.017,-1.005,-3.45,0.153,-1.16,31.02,28.0026,-0.14,"28.0026,   -0.140, 26 May 2026, 19:43:41"
2026-05-26T19:43:57.872706,868,8060000,-0.017,0.016,-0.998,-3.618,0.244,-1.198,31.07,28.0096,-0.145,"28.0096,   -0.145, 26 May 2026, 19:43:51"
2026-05-26T19:44:07.926309,869,8070000,-0.016,0.011,-1.004,-3.435,0.382,-1.221,30.98,28.0156,-0.144,"28.0156,   -0.144, 26 May 2026, 19:44:01"
2026-05-26T19:44:17.933074,870,8080000,-0.016,0.017,-1.0,-3.473,0.244,-1.099,31.17,28.0285,-0.142,"28.0285,   -0.142, 26 May 2026, 19:44:11"
2026-05-26T19:44:27.932668,871,8090000,-0.015,0.008,-1.0,-3.595,0.107,-1.084,31.17,28.032,-0.142,"28.0320,   -0.142, 26 May 2026, 19:44:21"
2026-05-26T19:44:37.932751,872,8100000,-0.014,0.013,-0.993,-3.504,0.252,-1.145,31.07,28.0373,-0.143,"28.0373,   -0.143, 26 May 2026, 19:44:31"
2026-05-26T19:44:47.932583,873,8110000,-0.013,0.019,-0.997,-3.519,0.321,-1.023,31.12,28.038,-0.145,"28.0380,   -0.145, 26 May 2026, 19:44:41"
2026-05-26T19:44:57.932736,874,8120000,-0.02,0.013,-0.999,-3.55,0.13,-1.061,31.17,28.0265,-0.141,"28.0265,   -0.141, 26 May 2026, 19:44:51"
2026-05-26T19:45:07.866638,875,8130000,-0.021,0.012,-1.0,-3.542,0.473,-1.031,31.07,28.0129,-0.143,"28.0129,   -0.143, 26 May 2026, 19:45:01"
2026-05-26T19:45:17.872888,876,8140000,-0.008,0.019,-0.994,-3.588,0.168,-1.031,30.93,27.9757,-0.145,"27.9757,   -0.145, 26 May 2026, 19:45:11"
2026-05-26T19:45:27.931387,877,8150000,-0.02,0.022,-0.998,-3.58,0.198,-1.176,31.07,27.9626,-0.144,"27.9626,   -0.144, 26 May 2026, 19:45:21"
2026-05-26T19:45:37.932463,878,8160000,-0.014,0.022,-0.998,-3.458,0.29,-1.191,30.98,27.9217,-0.142,"27.9217,   -0.142, 26 May 2026, 19:45:31"
2026-05-26T19:45:47.932729,879,8170000,-0.019,0.012,-1.004,-3.603,0.137,-0.885,30.98,27.8512,-0.142,"27.8512,   -0.142, 26 May 2026, 19:45:41"
2026-05-26T19:45:57.929563,880,8180000,-0.01,0.014,-0.991,-3.634,0.206,-1.069,31.02,27.8143,-0.144,"27.8143,   -0.144, 26 May 2026, 19:45:51"
2026-05-26T19:46:07.871882,881,8190000,-0.017,0.013,-0.997,-3.672,0.191,-0.985,30.98,27.7668,-0.142,"27.7668,   -0.142, 26 May 2026, 19:46:01"
2026-05-26T19:46:17.864050,882,8200000,-0.013,0.015,-1.0,-3.504,0.344,-0.931,31.07,27.7429,-0.143,"27.7429,   -0.143, 26 May 2026, 19:46:11"
2026-05-26T19:46:27.931996,883,8210000,-0.016,0.015,-1.008,-3.656,0.137,-0.878,31.02,27.7142,-0.142,"27.7142,   -0.142, 26 May 2026, 19:46:21"
2026-05-26T19:46:37.930823,884,8220000,-0.02,0.01,-1.0,-3.679,0.115,-0.962,31.07,27.6906,-0.141,"27.6906,   -0.141, 26 May 2026, 19:46:31"
2026-05-26T19:46:47.932635,885,8230000,-0.021,0.011,-0.992,-3.611,0.26,-1.099,31.02,27.66,-0.143,"27.6600,   -0.143, 26 May 2026, 19:46:41"
2026-05-26T19:46:57.869185,886,8240000,-0.02,0.014,-1.0,-3.55,0.198,-1.053,30.98,27.6572,-0.142,"27.6572,   -0.142, 26 May 2026, 19:46:51"
2026-05-26T19:47:07.926994,887,8250000,-0.017,0.017,-1.001,-3.58,0.305,-1.008,30.79,27.6227,-0.146,"27.6227,   -0.146, 26 May 2026, 19:47:01"
2026-05-26T19:47:17.932744,888,8260000,-0.014,0.019,-1.001,-3.427,0.237,-1.168,30.69,27.5862,-0.142,"27.5862,   -0.142, 26 May 2026, 19:47:11"
2026-05-26T19:47:27.932692,889,8270000,-0.02,0.017,-0.994,-3.58,0.275,-1.183,30.69,27.5522,-0.143,"27.5522,   -0.143, 26 May 2026, 19:47:21"
2026-05-26T19:47:37.930638,890,8280000,-0.014,0.013,-1.0,-3.458,0.221,-1.031,30.69,27.5536,-0.14,"27.5536,   -0.140, 26 May 2026, 19:47:31"
2026-05-26T19:47:47.930706,891,8290000,-0.017,0.018,-1.004,-3.481,0.099,-1.122,30.79,27.5219,-0.143,"27.5219,   -0.143, 26 May 2026, 19:47:41"
2026-05-26T19:47:57.932356,892,8300000,-0.008,0.018,-0.988,-3.473,0.298,-1.008,30.74,27.5198,-0.141,"27.5198,   -0.141, 26 May 2026, 19:47:51"
2026-05-26T19:48:07.874143,893,8310000,-0.017,0.01,-1.002,-3.656,0.298,-1.298,30.74,27.5103,-0.14,"27.5103,   -0.140, 26 May 2026, 19:48:01"
2026-05-26T19:48:17.865055,894,8320000,-0.014,0.017,-0.99,-3.397,0.115,-0.939,30.88,27.5145,-0.144,"27.5145,   -0.144, 26 May 2026, 19:48:11"
2026-05-26T19:48:27.932684,895,8330000,-0.015,0.013,-0.998,-3.542,0.511,-1.13,30.93,27.5072,-0.143,"27.5072,   -0.143, 26 May 2026, 19:48:21"
2026-05-26T19:48:37.926391,896,8340000,-0.016,0.012,-0.995,-3.664,0.244,-1.26,30.93,27.5132,-0.142,"27.5132,   -0.142, 26 May 2026, 19:48:31"
2026-05-26T19:48:47.932741,897,8350000,-0.021,0.017,-0.989,-3.626,0.252,-1.13,30.84,27.4756,-0.145,"27.4756,   -0.145, 26 May 2026, 19:48:41"
2026-05-26T19:48:57.930820,898,8360000,-0.016,0.013,-1.003,-3.443,0.183,-1.008,30.93,27.4268,-0.143,"27.4268,   -0.143, 26 May 2026, 19:48:51"
2026-05-26T19:49:07.932543,899,8370000,-0.02,0.016,-1.0,-3.481,0.214,-1.198,30.93,27.4074,-0.144,"27.4074,   -0.144, 26 May 2026, 19:49:01"
2026-05-26T19:49:17.932769,900,8380000,-0.016,0.015,-1.003,-3.496,0.191,-0.954,31.02,27.4217,-0.137,"27.4217,   -0.137, 26 May 2026, 19:49:11"
2026-05-26T19:49:27.933537,901,8390000,-0.02,0.015,-1.004,-3.473,0.221,-0.969,30.79,27.4321,-0.145,"27.4321,   -0.145, 26 May 2026, 19:49:21"
2026-05-26T19:49:37.932867,902,8400000,-0.022,0.014,-0.999,-3.641,0.298,-1.069,30.74,27.444,-0.142,"27.4440,   -0.142, 26 May 2026, 19:49:31"
2026-05-26T19:49:47.933286,903,8410000,-0.013,0.012,-0.996,-3.481,0.183,-1.206,30.69,27.3856,-0.142,"27.3856,   -0.142, 26 May 2026, 19:49:41"
2026-05-26T19:49:57.933300,904,8420000,-0.017,0.015,-0.991,-3.786,0.313,-1.046,30.65,27.3649,-0.139,"27.3649,   -0.139, 26 May 2026, 19:49:51"
2026-05-26T19:50:07.863796,905,8430000,-0.012,0.012,-0.992,-3.656,0.153,-0.969,30.69,27.3096,-0.141,"27.3096,   -0.141, 26 May 2026, 19:50:01"
2026-05-26T19:50:17.933834,906,8440000,-0.013,0.016,-0.989,-3.603,0.16,-1.13,30.65,27.2818,-0.141,"27.2818,   -0.141, 26 May 2026, 19:50:11"
2026-05-26T19:50:27.932587,907,8450000,-0.013,0.014,-1.004,-3.672,0.298,-1.069,30.69,27.3038,-0.143,"27.3038,   -0.143, 26 May 2026, 19:50:21"
2026-05-26T19:50:37.928496,908,8460000,-0.013,0.014,-0.998,-3.42,0.183,-1.137,30.74,27.3155,-0.142,"27.3155,   -0.142, 26 May 2026, 19:50:31"
2026-05-26T19:50:47.933333,909,8470000,-0.01,0.017,-0.999,-3.504,0.267,-1.061,30.69,27.3276,-0.14,"27.3276,   -0.140, 26 May 2026, 19:50:41"
2026-05-26T19:50:57.932910,910,8480000,-0.022,0.011,-1.008,-3.557,0.298,-1.023,30.55,27.2964,-0.143,"27.2964,   -0.143, 26 May 2026, 19:50:51"
2026-05-26T19:51:07.933163,911,8490000,-0.019,0.015,-0.991,-3.511,0.305,-1.031,30.46,27.3305,-0.142,"27.3305,   -0.142, 26 May 2026, 19:51:01"
2026-05-26T19:51:17.930640,912,8500000,-0.011,0.014,-0.996,-3.443,0.252,-1.13,30.55,27.2939,-0.141,"27.2939,   -0.141, 26 May 2026, 19:51:11"
2026-05-26T19:51:27.933172,913,8510000,-0.019,0.017,-0.995,-3.344,0.298,-1.145,30.46,27.2241,-0.144,"27.2241,   -0.144, 26 May 2026, 19:51:21"
2026-05-26T19:51:37.926745,914,8520000,-0.016,0.013,-1.002,-3.519,0.137,-1.046,30.6,27.2105,-0.14,"27.2105,   -0.140, 26 May 2026, 19:51:31"
2026-05-26T19:51:47.927987,915,8530000,-0.018,0.016,-1.003,-3.588,0.26,-1.145,30.6,27.221,-0.141,"27.2210,   -0.141, 26 May 2026, 19:51:41"
2026-05-26T19:51:57.931997,916,8540000,-0.015,0.017,-0.998,-3.519,0.115,-1.076,30.74,27.2433,-0.14,"27.2433,   -0.140, 26 May 2026, 19:51:51"
2026-05-26T19:52:07.937929,917,8550000,-0.011,0.013,-0.998,-3.458,0.214,-1.008,30.65,27.2829,-0.145,"27.2829,   -0.145, 26 May 2026, 19:52:01"
2026-05-26T19:52:17.933249,918,8560000,-0.009,0.013,-1.005,-3.58,0.328,-1.023,30.79,27.3257,-0.142,"27.3257,   -0.142, 26 May 2026, 19:52:11"
2026-05-26T19:52:27.932549,919,8570000,-0.018,0.015,-1.012,-3.473,0.252,-1.023,30.74,27.3666,-0.14,"27.3666,   -0.140, 26 May 2026, 19:52:21"
2026-05-26T19:52:37.930024,920,8580000,-0.011,0.019,-0.994,-3.427,0.168,-0.985,30.88,27.3972,-0.143,"27.3972,   -0.143, 26 May 2026, 19:52:31"
2026-05-26T19:52:47.932638,921,8590000,-0.009,0.016,-0.998,-3.427,0.29,-1.137,30.84,27.4592,-0.142,"27.4592,   -0.142, 26 May 2026, 19:52:41"
2026-05-26T19:52:57.926405,922,8600000,-0.017,0.013,-0.993,-3.58,0.282,-1.061,30.88,27.5025,-0.143,"27.5025,   -0.143, 26 May 2026, 19:52:51"
2026-05-26T19:53:07.872813,923,8610000,-0.016,0.016,-0.999,-3.611,0.229,-1.046,30.79,27.552,-0.143,"27.5520,   -0.143, 26 May 2026, 19:53:01"
2026-05-26T19:53:17.943059,924,8620000,-0.015,0.014,-1.001,-3.412,0.267,-1.084,31.02,27.6028,-0.143,"27.6028,   -0.143, 26 May 2026, 19:53:11"
2026-05-26T19:53:27.992859,925,8630000,-0.012,0.015,-1.01,-3.573,0.237,-1.145,30.98,27.6517,-0.144,"27.6517,   -0.144, 26 May 2026, 19:53:21"
2026-05-26T19:53:37.942833,926,8640000,-0.017,0.02,-1.0,-3.458,0.267,-1.221,30.93,27.6839,-0.139,"27.6839,   -0.139, 26 May 2026, 19:53:31"
2026-05-26T19:53:47.926375,927,8650000,-0.01,0.021,-1.006,-3.58,0.13,-0.809,30.93,27.7152,-0.139,"27.7152,   -0.139, 26 May 2026, 19:53:41"
2026-05-26T19:53:57.932811,928,8660000,-0.017,0.018,-1.0,-3.58,0.412,-1.145,30.98,27.743,-0.144,"27.7430,   -0.144, 26 May 2026, 19:53:51"
2026-05-26T19:54:07.871784,929,8670000,-0.009,0.009,-1.001,-3.557,0.305,-0.931,31.12,27.7748,-0.143,"27.7748,   -0.143, 26 May 2026, 19:54:01"
2026-05-26T19:54:17.933112,930,8680000,-0.011,0.018,-1.0,-3.626,0.115,-1.092,30.98,27.8022,-0.14,"27.8022,   -0.140, 26 May 2026, 19:54:11"
2026-05-26T19:54:27.933033,931,8690000,-0.011,0.015,-0.991,-3.473,0.267,-1.084,30.98,27.8221,-0.143,"27.8221,   -0.143, 26 May 2026, 19:54:21"
2026-05-26T19:54:37.932627,932,8700000,-0.014,0.021,-0.999,-3.58,0.115,-0.931,30.98,27.8409,-0.142,"27.8409,   -0.142, 26 May 2026, 19:54:31"
2026-05-26T19:54:47.930185,933,8710000,-0.021,0.013,-1.001,-3.504,0.13,-1.031,31.02,27.8636,-0.138,"27.8636,   -0.138, 26 May 2026, 19:54:41"
2026-05-26T19:54:57.933164,934,8720000,-0.013,0.014,-0.993,-3.588,0.267,-1.198,31.02,27.8846,-0.142,"27.8846,   -0.142, 26 May 2026, 19:54:51"
2026-05-26T19:55:07.864416,935,8730000,-0.011,0.019,-0.994,-3.542,0.26,-1.069,30.88,27.8978,-0.141,"27.8978,   -0.141, 26 May 2026, 19:55:01"
2026-05-26T19:55:17.926938,936,8740000,-0.016,0.019,-0.996,-3.489,0.237,-1.275,30.93,27.9093,-0.144,"27.9093,   -0.144, 26 May 2026, 19:55:11"
2026-05-26T19:55:27.932970,937,8750000,-0.021,0.011,-0.993,-3.473,0.008,-1.13,30.88,27.9313,-0.141,"27.9313,   -0.141, 26 May 2026, 19:55:21"
2026-05-26T19:55:37.933064,938,8760000,-0.02,0.017,-0.997,-3.55,0.122,-1.153,31.07,27.9388,-0.142,"27.9388,   -0.142, 26 May 2026, 19:55:31"
2026-05-26T19:55:47.926546,939,8770000,-0.016,0.019,-1.008,-3.603,0.42,-0.992,31.07,27.9616,-0.144,"27.9616,   -0.144, 26 May 2026, 19:55:41"
2026-05-26T19:55:57.933063,940,8780000,-0.01,0.012,-1.005,-3.565,0.214,-0.985,31.17,27.9771,-0.141,"27.9771,   -0.141, 26 May 2026, 19:55:51"
2026-05-26T19:56:07.927779,941,8790000,-0.017,0.009,-0.997,-3.58,0.198,-1.046,30.98,27.9943,-0.143,"27.9943,   -0.143, 26 May 2026, 19:56:01"
2026-05-26T19:56:17.931501,942,8800000,-0.012,0.012,-1.002,-3.511,0.061,-0.916,31.17,28.0157,-0.14,"28.0157,   -0.140, 26 May 2026, 19:56:11"
2026-05-26T19:56:27.928801,943,8810000,-0.01,0.011,-1.013,-3.649,0.237,-1.023,30.98,28.0343,-0.139,"28.0343,   -0.139, 26 May 2026, 19:56:21"
2026-05-26T19:56:37.930747,944,8820000,-0.013,0.01,-0.995,-3.679,0.214,-1.168,31.07,28.0586,-0.141,"28.0586,   -0.141, 26 May 2026, 19:56:31"
2026-05-26T19:56:47.932896,945,8830000,-0.015,0.019,-0.998,-3.641,0.26,-1.092,31.12,28.0759,-0.14,"28.0759,   -0.140, 26 May 2026, 19:56:41"
2026-05-26T19:56:57.932589,946,8840000,-0.015,0.015,-1.007,-3.679,0.198,-0.779,31.17,28.0882,-0.143,"28.0882,   -0.143, 26 May 2026, 19:56:51"
2026-05-26T19:57:07.870815,947,8850000,-0.015,0.012,-0.997,-3.55,0.282,-1.092,31.17,28.0934,-0.139,"28.0934,   -0.139, 26 May 2026, 19:57:01"
2026-05-26T19:57:17.932744,948,8860000,-0.018,0.018,-1.0,-3.504,0.26,-1.13,31.12,28.0867,-0.138,"28.0867,   -0.138, 26 May 2026, 19:57:11"
2026-05-26T19:57:27.940315,949,8870000,-0.015,0.012,-1.004,-3.679,0.115,-1.053,31.17,28.0495,-0.143,"28.0495,   -0.143, 26 May 2026, 19:57:21"
2026-05-26T19:57:37.932573,950,8880000,-0.01,0.016,-1.003,-3.458,0.183,-1.046,31.26,28.0321,-0.139,"28.0321,   -0.139, 26 May 2026, 19:57:31"
2026-05-26T19:57:47.933254,951,8890000,-0.017,0.015,-0.997,-3.55,0.237,-1.061,31.17,28.0131,-0.14,"28.0131,   -0.140, 26 May 2026, 19:57:41"
2026-05-26T19:57:57.992880,952,8900000,-0.016,0.016,-0.998,-3.573,0.328,-0.908,31.17,27.972,-0.14,"27.9720,   -0.140, 26 May 2026, 19:57:51"
2026-05-26T19:58:07.869384,953,8910000,-0.016,0.02,-1.003,-3.626,0.244,-0.992,31.12,27.96,-0.138,"27.9600,   -0.138, 26 May 2026, 19:58:01"
2026-05-26T19:58:17.926545,954,8920000,-0.013,0.019,-1.002,-3.511,0.29,-0.908,31.17,27.9262,-0.141,"27.9262,   -0.141, 26 May 2026, 19:58:11"
2026-05-26T19:58:27.929361,955,8930000,-0.019,0.013,-0.996,-3.634,0.176,-1.221,31.07,27.878,-0.145,"27.8780,   -0.145, 26 May 2026, 19:58:21"
2026-05-26T19:58:37.930695,956,8940000,-0.016,0.01,-1.003,-3.588,0.26,-1.031,31.17,27.8363,-0.144,"27.8363,   -0.144, 26 May 2026, 19:58:31"
2026-05-26T19:58:47.932774,957,8950000,-0.018,0.012,-0.999,-3.466,0.229,-1.183,31.17,27.802,-0.144,"27.8020,   -0.144, 26 May 2026, 19:58:41"
2026-05-26T19:58:57.932611,958,8960000,-0.017,0.012,-0.997,-3.649,0.282,-0.84,31.21,27.7537,-0.142,"27.7537,   -0.142, 26 May 2026, 19:58:51"
2026-05-26T19:59:07.934113,959,8970000,-0.015,0.013,-1.002,-3.573,0.26,-1.053,31.17,27.6899,-0.137,"27.6899,   -0.137, 26 May 2026, 19:59:01"
2026-05-26T19:59:17.933518,960,8980000,-0.021,0.013,-1.003,-3.664,0.244,-1.031,31.21,27.6726,-0.139,"27.6726,   -0.139, 26 May 2026, 19:59:11"
2026-05-26T19:59:27.992891,961,8990000,-0.02,0.013,-0.995,-3.527,0.237,-1.061,31.21,27.6403,-0.141,"27.6403,   -0.141, 26 May 2026, 19:59:21"
2026-05-26T19:59:37.926703,962,9000000,-0.018,0.012,-0.987,-3.641,0.267,-1.038,31.17,27.5995,-0.144,"27.5995,   -0.144, 26 May 2026, 19:59:31"
2026-05-26T19:59:47.933256,963,9010000,-0.015,0.011,-1.0,-3.565,0.26,-0.992,31.07,27.5625,-0.139,"27.5625,   -0.139, 26 May 2026, 19:59:41"
2026-05-26T19:59:57.938397,964,9020000,-0.016,0.017,-1.006,-3.496,0.168,-1.069,31.02,27.5004,-0.143,"27.5004,   -0.143, 26 May 2026, 19:59:51"
2026-05-26T20:00:07.932999,965,9030000,-0.014,0.013,-0.993,-3.649,0.412,-0.924,31.12,27.5121,-0.138,"27.5121,   -0.138, 26 May 2026, 20:00:01"
2026-05-26T20:00:17.872901,966,9040000,-0.013,0.012,-1.006,-3.58,0.198,-1.008,31.12,27.4988,-0.137,"27.4988,   -0.137, 26 May 2026, 20:00:11"
2026-05-26T20:00:27.873475,967,9050000,-0.015,0.019,-1.01,-3.458,0.252,-1.023,31.02,27.4816,-0.141,"27.4816,   -0.141, 26 May 2026, 20:00:21"
2026-05-26T20:00:37.872904,968,9060000,-0.015,0.013,-1.005,-3.496,0.328,-1.214,31.07,27.4907,-0.141,"27.4907,   -0.141, 26 May 2026, 20:00:31"
2026-05-26T20:00:47.873569,969,9070000,-0.016,0.015,-0.998,-3.672,0.252,-1.107,31.12,27.5091,-0.14,"27.5091,   -0.140, 26 May 2026, 20:00:41"
2026-05-26T20:00:57.927759,970,9080000,-0.019,0.014,-0.993,-3.42,0.229,-1.092,31.02,27.5195,-0.14,"27.5195,   -0.140, 26 May 2026, 20:00:51"
2026-05-26T20:01:07.927198,971,9090000,-0.015,0.021,-1.007,-3.534,0.275,-1.076,30.98,27.4862,-0.14,"27.4862,   -0.140, 26 May 2026, 20:01:01"
2026-05-26T20:01:17.878985,972,9100000,-0.015,0.015,-1.002,-3.527,0.252,-1.008,31.02,27.4562,-0.138,"27.4562,   -0.138, 26 May 2026, 20:01:11"
2026-05-26T20:01:27.932903,973,9110000,-0.015,0.017,-0.99,-3.496,0.198,-1.053,30.98,27.4038,-0.141,"27.4038,   -0.141, 26 May 2026, 20:01:21"
2026-05-26T20:01:37.930450,974,9120000,-0.02,0.014,-0.993,-3.565,0.183,-1.0,30.84,27.3762,-0.142,"27.3762,   -0.142, 26 May 2026, 20:01:31"
2026-05-26T20:01:47.871581,975,9130000,-0.01,0.019,-0.997,-3.504,0.237,-1.145,30.79,27.3633,-0.141,"27.3633,   -0.141, 26 May 2026, 20:01:41"
2026-05-26T20:01:57.873234,976,9140000,-0.017,0.013,-1.004,-3.573,0.351,-0.87,30.88,27.3639,-0.14,"27.3639,   -0.140, 26 May 2026, 20:01:51"
2026-05-26T20:02:07.927022,977,9150000,-0.024,0.018,-0.998,-3.603,0.145,-1.069,30.88,27.3683,-0.14,"27.3683,   -0.140, 26 May 2026, 20:02:01"
2026-05-26T20:02:17.932323,978,9160000,-0.011,0.01,-1.004,-3.542,0.137,-1.153,30.69,27.3426,-0.137,"27.3426,   -0.137, 26 May 2026, 20:02:11"
2026-05-26T20:02:27.933709,979,9170000,-0.015,0.014,-0.994,-3.756,0.168,-1.298,30.84,27.3322,-0.142,"27.3322,   -0.142, 26 May 2026, 20:02:21"
2026-05-26T20:02:37.863791,980,9180000,-0.013,0.015,-1.001,-3.55,0.221,-1.031,30.84,27.3504,-0.138,"27.3504,   -0.138, 26 May 2026, 20:02:31"
2026-05-26T20:02:47.929683,981,9190000,-0.008,0.014,-0.999,-3.504,0.282,-1.061,30.79,27.3585,-0.139,"27.3585,   -0.139, 26 May 2026, 20:02:41"
2026-05-26T20:02:57.933626,982,9200000,-0.013,0.018,-1.0,-3.473,0.305,-1.023,30.88,27.3524,-0.143,"27.3524,   -0.143, 26 May 2026, 20:02:51"
2026-05-26T20:03:07.873448,983,9210000,-0.017,0.014,-0.994,-3.603,0.298,-1.153,30.93,27.3389,-0.141,"27.3389,   -0.141, 26 May 2026, 20:03:01"
2026-05-26T20:03:17.864300,984,9220000,-0.017,0.02,-1.001,-3.649,0.183,-1.176,30.88,27.3118,-0.14,"27.3118,   -0.140, 26 May 2026, 20:03:11"
2026-05-26T20:03:27.870702,985,9230000,-0.018,0.013,-0.998,-3.649,0.267,-1.008,31.02,27.3094,-0.139,"27.3094,   -0.139, 26 May 2026, 20:03:21"
2026-05-26T20:03:37.938433,986,9240000,-0.015,0.014,-0.999,-3.58,0.382,-1.214,30.93,27.2601,-0.138,"27.2601,   -0.138, 26 May 2026, 20:03:31"
2026-05-26T20:03:47.881544,987,9250000,-0.016,0.018,-1.003,-3.626,0.282,-1.076,30.93,27.3,-0.14,"27.3000,   -0.140, 26 May 2026, 20:03:41"
2026-05-26T20:03:57.873062,988,9260000,-0.016,0.018,-0.997,-3.534,0.168,-0.847,30.88,27.3026,-0.141,"27.3026,   -0.141, 26 May 2026, 20:03:51"
2026-05-26T20:04:07.869328,989,9270000,-0.015,0.017,-1.004,-3.58,0.191,-0.962,30.88,27.3109,-0.138,"27.3109,   -0.138, 26 May 2026, 20:04:01"
2026-05-26T20:04:17.926883,990,9280000,-0.018,0.02,-1.005,-3.519,0.275,-1.0,30.98,27.3602,-0.141,"27.3602,   -0.141, 26 May 2026, 20:04:11"
2026-05-26T20:04:27.870743,991,9290000,-0.023,0.015,-0.99,-3.435,0.412,-0.969,30.88,27.4011,-0.14,"27.4011,   -0.140, 26 May 2026, 20:04:21"
2026-05-26T20:04:37.933591,992,9300000,-0.009,0.013,-0.997,-3.687,0.168,-1.107,30.98,27.4536,-0.142,"27.4536,   -0.142, 26 May 2026, 20:04:31"
2026-05-26T20:04:47.933291,993,9310000,-0.011,0.015,-0.997,-3.511,0.198,-1.13,31.02,27.4984,-0.14,"27.4984,   -0.140, 26 May 2026, 20:04:41"
2026-05-26T20:04:57.873377,994,9320000,-0.017,0.013,-0.998,-3.557,0.344,-1.122,30.93,27.5562,-0.138,"27.5562,   -0.138, 26 May 2026, 20:04:51"
2026-05-26T20:05:07.933480,995,9330000,-0.011,0.017,-1.001,-3.534,0.214,-1.069,30.93,27.5865,-0.134,"27.5865,   -0.134, 26 May 2026, 20:05:01"
2026-05-26T20:05:17.873120,996,9340000,-0.017,0.013,-0.998,-3.58,0.237,-1.137,30.98,27.6142,-0.141,"27.6142,   -0.141, 26 May 2026, 20:05:11"
2026-05-26T20:05:27.930339,997,9350000,-0.009,0.014,-1.002,-3.626,0.221,-1.099,30.98,27.6415,-0.138,"27.6415,   -0.138, 26 May 2026, 20:05:21"
2026-05-26T20:05:37.926956,998,9360000,-0.016,0.016,-1.004,-3.466,0.427,-1.115,30.88,27.6568,-0.138,"27.6568,   -0.138, 26 May 2026, 20:05:31"
2026-05-26T20:05:47.926867,999,9370000,-0.009,0.009,-1.0,-3.58,0.176,-0.992,30.98,27.675,-0.141,"27.6750,   -0.141, 26 May 2026, 20:05:41"
2026-05-26T20:05:57.873433,1000,9380000,-0.013,0.016,-1.0,-3.565,0.511,-1.092,31.07,27.6965,-0.14,"27.6965,   -0.140, 26 May 2026, 20:05:51"
2026-05-26T20:06:07.933065,1001,9390000,-0.015,0.018,-1.009,-3.489,0.176,-1.115,31.07,27.7213,-0.144,"27.7213,   -0.144, 26 May 2026, 20:06:01"
2026-05-26T20:06:17.873020,1002,9400000,-0.017,0.018,-1.001,-3.557,0.29,-1.038,31.02,27.7395,-0.144,"27.7395,   -0.144, 26 May 2026, 20:06:11"
2026-05-26T20:06:27.873135,1003,9410000,-0.012,0.016,-0.995,-3.489,0.206,-1.023,31.07,27.7674,-0.141,"27.7674,   -0.141, 26 May 2026, 20:06:21"
2026-05-26T20:06:37.872917,1004,9420000,-0.014,0.012,-1.003,-3.527,0.176,-1.115,31.07,27.8021,-0.138,"27.8021,   -0.138, 26 May 2026, 20:06:31"
2026-05-26T20:06:47.872822,1005,9430000,-0.014,0.016,-0.994,-3.595,0.29,-1.061,31.02,27.8242,-0.139,"27.8242,   -0.139, 26 May 2026, 20:06:41"
2026-05-26T20:06:57.933001,1006,9440000,-0.019,0.012,-1.005,-3.496,0.282,-1.107,31.02,27.8397,-0.141,"27.8397,   -0.141, 26 May 2026, 20:06:51"
2026-05-26T20:07:07.873771,1007,9450000,-0.014,0.014,-1.002,-3.611,0.214,-1.252,31.17,27.8557,-0.141,"27.8557,   -0.141, 26 May 2026, 20:07:01"
2026-05-26T20:07:17.931607,1008,9460000,-0.012,0.02,-0.996,-3.496,0.237,-1.076,31.12,27.8723,-0.139,"27.8723,   -0.139, 26 May 2026, 20:07:11"
2026-05-26T20:07:27.932142,1009,9470000,-0.012,0.017,-1.008,-3.557,0.26,-0.756,31.17,27.8883,-0.142,"27.8883,   -0.142, 26 May 2026, 20:07:21"
2026-05-26T20:07:37.931946,1010,9480000,-0.016,0.015,-0.996,-3.55,0.13,-0.855,31.17,27.9058,-0.139,"27.9058,   -0.139, 26 May 2026, 20:07:31"
2026-05-26T20:07:47.928558,1011,9490000,-0.02,0.014,-1.004,-3.649,0.359,-1.153,31.12,27.9179,-0.138,"27.9179,   -0.138, 26 May 2026, 20:07:41"
2026-05-26T20:07:57.938211,1012,9500000,-0.015,0.01,-0.997,-3.573,0.13,-1.084,31.17,27.94,-0.142,"27.9400,   -0.142, 26 May 2026, 20:07:51"
2026-05-26T20:08:07.928861,1013,9510000,-0.013,0.013,-1.0,-3.412,0.298,-1.046,31.07,27.9535,-0.143,"27.9535,   -0.143, 26 May 2026, 20:08:01"
2026-05-26T20:08:17.929612,1014,9520000,-0.013,0.015,-0.996,-3.626,0.45,-1.191,31.21,27.9672,-0.14,"27.9672,   -0.140, 26 May 2026, 20:08:11"
2026-05-26T20:08:27.933742,1015,9530000,-0.018,0.016,-0.997,-3.603,0.176,-1.145,31.26,27.9829,-0.141,"27.9829,   -0.141, 26 May 2026, 20:08:21"
2026-05-26T20:08:37.933147,1016,9540000,-0.011,0.014,-1.009,-3.351,0.252,-1.137,31.12,27.9926,-0.139,"27.9926,   -0.139, 26 May 2026, 20:08:31"
2026-05-26T20:08:47.928246,1017,9550000,-0.013,0.005,-0.996,-3.565,0.473,-1.13,31.21,28.0052,-0.139,"28.0052,   -0.139, 26 May 2026, 20:08:41"
2026-05-26T20:08:57.935073,1018,9560000,-0.019,0.013,-0.996,-3.405,0.16,-1.015,31.12,28.0252,-0.14,"28.0252,   -0.140, 26 May 2026, 20:08:51"
2026-05-26T20:09:07.933760,1019,9570000,-0.016,0.013,-1.0,-3.458,0.168,-1.023,31.07,28.0525,-0.137,"28.0525,   -0.137, 26 May 2026, 20:09:01"
2026-05-26T20:09:17.933416,1020,9580000,-0.017,0.012,-0.994,-3.557,0.298,-1.061,31.07,28.0681,-0.141,"28.0681,   -0.141, 26 May 2026, 20:09:11"
2026-05-26T20:09:27.932800,1021,9590000,-0.015,0.014,-1.002,-3.573,0.267,-1.023,31.12,28.0729,-0.138,"28.0729,   -0.138, 26 May 2026, 20:09:21"
2026-05-26T20:09:37.943989,1022,9600000,-0.011,0.016,-0.997,-3.412,0.328,-1.122,31.12,28.0711,-0.141,"28.0711,   -0.141, 26 May 2026, 20:09:31"
2026-05-26T20:09:47.927278,1023,9610000,-0.017,0.015,-0.99,-3.519,0.183,-1.076,31.21,28.0637,-0.139,"28.0637,   -0.139, 26 May 2026, 20:09:41"
2026-05-26T20:09:57.933193,1024,9620000,-0.016,0.017,-1.008,-3.649,0.336,-1.237,31.12,28.0504,-0.141,"28.0504,   -0.141, 26 May 2026, 20:09:51"
2026-05-26T20:10:07.930362,1025,9630000,-0.017,0.014,-0.999,-3.519,0.252,-1.053,31.17,28.0493,-0.144,"28.0493,   -0.144, 26 May 2026, 20:10:01"
2026-05-26T20:10:17.940771,1026,9640000,-0.014,0.016,-1.002,-3.55,0.183,-1.015,31.17,28.0313,-0.142,"28.0313,   -0.142, 26 May 2026, 20:10:11"
2026-05-26T20:10:27.928954,1027,9650000,-0.017,0.012,-1.004,-3.458,0.351,-1.046,31.17,27.9997,-0.142,"27.9997,   -0.142, 26 May 2026, 20:10:21"
2026-05-26T20:10:37.933418,1028,9660000,-0.019,0.013,-1.001,-3.481,0.313,-1.061,31.21,27.9608,-0.141,"27.9608,   -0.141, 26 May 2026, 20:10:31"
2026-05-26T20:10:47.932816,1029,9670000,-0.017,0.018,-0.998,-3.466,0.137,-0.992,31.17,27.9219,-0.144,"27.9219,   -0.144, 26 May 2026, 20:10:41"
2026-05-26T20:10:57.933571,1030,9680000,-0.017,0.018,-0.997,-3.519,0.366,-1.061,31.21,27.9112,-0.143,"27.9112,   -0.143, 26 May 2026, 20:10:51"
2026-05-26T20:11:07.933414,1031,9690000,-0.014,0.017,-1.01,-3.718,0.229,-1.061,31.26,27.8705,-0.139,"27.8705,   -0.139, 26 May 2026, 20:11:01"
2026-05-26T20:11:17.932918,1032,9700000,-0.023,0.017,-1.001,-3.649,0.244,-1.046,31.17,27.8518,-0.14,"27.8518,   -0.140, 26 May 2026, 20:11:11"
2026-05-26T20:11:27.933881,1033,9710000,-0.012,0.016,-0.992,-3.527,0.137,-1.061,31.12,27.7862,-0.139,"27.7862,   -0.139, 26 May 2026, 20:11:21"
2026-05-26T20:11:37.992827,1034,9720000,-0.012,0.013,-1.009,-3.458,0.221,-1.023,31.17,27.7513,-0.14,"27.7513,   -0.140, 26 May 2026, 20:11:31"
2026-05-26T20:11:47.930148,1035,9730000,-0.008,0.01,-1.0,-3.58,0.252,-1.046,31.21,27.6938,-0.141,"27.6938,   -0.141, 26 May 2026, 20:11:41"
2026-05-26T20:11:57.935297,1036,9740000,-0.019,0.017,-0.997,-3.504,0.275,-1.053,31.17,27.644,-0.141,"27.6440,   -0.141, 26 May 2026, 20:11:51"
2026-05-26T20:12:07.927209,1037,9750000,-0.011,0.011,-1.009,-3.634,0.183,-0.901,31.02,27.6226,-0.14,"27.6226,   -0.140, 26 May 2026, 20:12:01"
2026-05-26T20:12:17.933777,1038,9760000,-0.01,0.014,-0.998,-3.534,0.275,-1.0,30.98,27.587,-0.138,"27.5870,   -0.138, 26 May 2026, 20:12:11"
2026-05-26T20:12:27.932688,1039,9770000,-0.014,0.013,-0.996,-3.489,0.237,-1.008,30.98,27.5599,-0.143,"27.5599,   -0.143, 26 May 2026, 20:12:21"
2026-05-26T20:12:37.932849,1040,9780000,-0.022,0.017,-0.996,-3.473,0.344,-0.969,30.88,27.5337,-0.138,"27.5337,   -0.138, 26 May 2026, 20:12:31"
2026-05-26T20:12:47.932848,1041,9790000,-0.012,0.017,-1.0,-3.603,0.122,-0.901,30.98,27.5526,-0.139,"27.5526,   -0.139, 26 May 2026, 20:12:41"
2026-05-26T20:12:57.933130,1042,9800000,-0.015,0.015,-0.994,-3.664,0.214,-1.183,30.98,27.5358,-0.139,"27.5358,   -0.139, 26 May 2026, 20:12:51"
2026-05-26T20:13:07.932863,1043,9810000,-0.017,0.015,-0.996,-3.443,0.305,-1.13,31.02,27.5291,-0.14,"27.5291,   -0.140, 26 May 2026, 20:13:01"
2026-05-26T20:13:17.927863,1044,9820000,-0.016,0.021,-1.005,-3.565,0.366,-1.046,30.93,27.5002,-0.141,"27.5002,   -0.141, 26 May 2026, 20:13:11"
2026-05-26T20:13:27.927120,1045,9830000,-0.011,0.015,-1.002,-3.595,0.275,-1.145,30.84,27.4772,-0.139,"27.4772,   -0.139, 26 May 2026, 20:13:21"
2026-05-26T20:13:37.933999,1046,9840000,-0.013,0.011,-1.002,-3.45,0.275,-1.0,31.02,27.457,-0.14,"27.4570,   -0.140, 26 May 2026, 20:13:31"
2026-05-26T20:13:47.942510,1047,9850000,-0.015,0.014,-1.001,-3.527,0.267,-1.145,30.98,27.4457,-0.14,"27.4457,   -0.140, 26 May 2026, 20:13:41"
2026-05-26T20:13:57.933128,1048,9860000,-0.02,0.019,-1.004,-3.565,0.298,-0.969,30.98,27.4447,-0.14,"27.4447,   -0.140, 26 May 2026, 20:13:51"
2026-05-26T20:14:07.933189,1049,9870000,-0.015,0.014,-0.999,-3.504,0.26,-0.962,30.98,27.436,-0.141,"27.4360,   -0.141, 26 May 2026, 20:14:01"
2026-05-26T20:14:17.934015,1050,9880000,-0.016,0.011,-0.998,-3.679,0.221,-1.008,30.93,27.444,-0.141,"27.4440,   -0.141, 26 May 2026, 20:14:11"
2026-05-26T20:14:27.928348,1051,9890000,-0.011,0.02,-0.994,-3.489,0.328,-1.092,30.98,27.4323,-0.135,"27.4323,   -0.135, 26 May 2026, 20:14:21"
2026-05-26T20:14:37.932887,1052,9900000,-0.018,0.017,-0.997,-3.557,0.13,-1.191,30.84,27.4055,-0.143,"27.4055,   -0.143, 26 May 2026, 20:14:31"
2026-05-26T20:14:47.927579,1053,9910000,-0.012,0.013,-1.005,-3.58,0.069,-1.145,30.88,27.3681,-0.143,"27.3681,   -0.143, 26 May 2026, 20:14:41"
2026-05-26T20:14:57.928809,1054,9920000,-0.016,0.016,-0.998,-3.55,0.153,-1.13,30.88,27.3387,-0.14,"27.3387,   -0.140, 26 May 2026, 20:14:51"
2026-05-26T20:15:07.993026,1055,9930000,-0.01,0.012,-1.001,-3.55,0.198,-1.046,30.93,27.3412,-0.136,"27.3412,   -0.136, 26 May 2026, 20:15:01"
2026-05-26T20:15:17.928310,1056,9940000,-0.013,0.012,-0.99,-3.603,0.244,-0.992,30.74,27.3157,-0.139,"27.3157,   -0.139, 26 May 2026, 20:15:11"
2026-05-26T20:15:27.933149,1057,9950000,-0.012,0.021,-1.01,-3.534,0.198,-0.908,30.74,27.2783,-0.14,"27.2783,   -0.140, 26 May 2026, 20:15:21"
2026-05-26T20:15:37.926495,1058,9960000,-0.014,0.017,-0.994,-3.718,0.145,-1.099,30.74,27.2707,-0.138,"27.2707,   -0.138, 26 May 2026, 20:15:31"
2026-05-26T20:15:47.932853,1059,9970000,-0.015,0.018,-0.999,-3.466,0.374,-1.023,30.84,27.2574,-0.139,"27.2574,   -0.139, 26 May 2026, 20:15:41"
2026-05-26T20:15:57.932064,1060,9980000,-0.014,0.021,-1.0,-3.656,0.305,-1.198,30.79,27.2957,-0.142,"27.2957,   -0.142, 26 May 2026, 20:15:51"
2026-05-26T20:16:07.934081,1061,9990000,-0.014,0.016,-0.996,-3.321,0.244,-1.099,30.84,27.3018,-0.14,"27.3018,   -0.140, 26 May 2026, 20:16:01"
2026-05-26T20:16:17.929631,1062,10000000,-0.006,0.017,-0.998,-3.542,0.122,-1.031,30.88,27.2946,-0.137,"27.2946,   -0.137, 26 May 2026, 20:16:11"
2026-05-26T20:16:27.932942,1063,10010000,-0.019,0.009,-0.997,-3.519,0.275,-0.977,30.84,27.3285,-0.141,"27.3285,   -0.141, 26 May 2026, 20:16:21"
2026-05-26T20:16:37.933415,1064,10020000,-0.017,0.015,-1.004,-3.565,0.252,-1.13,30.79,27.3125,-0.142,"27.3125,   -0.142, 26 May 2026, 20:16:31"
2026-05-26T20:16:47.927533,1065,10030000,-0.019,0.015,-0.991,-3.649,0.229,-1.038,30.79,27.3172,-0.142,"27.3172,   -0.142, 26 May 2026, 20:16:41"
2026-05-26T20:16:57.939114,1066,10040000,-0.019,0.015,-1.0,-3.374,0.313,-1.107,30.79,27.3388,-0.138,"27.3388,   -0.138, 26 May 2026, 20:16:51"
2026-05-26T20:17:07.933242,1067,10050000,-0.011,0.017,-0.998,-3.565,0.244,-1.008,30.74,27.373,-0.14,"27.3730,   -0.140, 26 May 2026, 20:17:01"
2026-05-26T20:17:17.933752,1068,10060000,-0.013,0.02,-0.993,-3.504,0.137,-1.092,30.79,27.4126,-0.141,"27.4126,   -0.141, 26 May 2026, 20:17:11"
2026-05-26T20:17:27.932984,1069,10070000,-0.01,0.017,-0.995,-3.527,0.321,-1.046,30.69,27.4546,-0.137,"27.4546,   -0.137, 26 May 2026, 20:17:21"
2026-05-26T20:17:37.933697,1070,10080000,-0.016,0.01,-0.996,-3.618,0.183,-0.992,30.93,27.4936,-0.141,"27.4936,   -0.141, 26 May 2026, 20:17:31"
2026-05-26T20:17:47.933116,1071,10090000,-0.015,0.009,-1.0,-3.557,0.267,-1.0,30.93,27.5334,-0.143,"27.5334,   -0.143, 26 May 2026, 20:17:41"
2026-05-26T20:17:57.926675,1072,10100000,-0.014,0.015,-0.998,-3.427,0.153,-1.0,30.84,27.5728,-0.139,"27.5728,   -0.139, 26 May 2026, 20:17:51"
2026-05-26T20:18:07.932740,1073,10110000,-0.014,0.01,-1.005,-3.611,0.191,-1.084,30.93,27.6041,-0.139,"27.6041,   -0.139, 26 May 2026, 20:18:01"
2026-05-26T20:18:17.926538,1074,10120000,-0.016,0.014,-0.996,-3.412,0.29,-1.0,30.93,27.6176,-0.141,"27.6176,   -0.141, 26 May 2026, 20:18:11"
2026-05-26T20:18:27.990546,1075,10130000,-0.012,0.017,-0.99,-3.412,0.237,-1.076,31.02,27.6501,-0.137,"27.6501,   -0.137, 26 May 2026, 20:18:21"
2026-05-26T20:18:37.930284,1076,10140000,-0.014,0.016,-1.0,-3.519,0.405,-0.885,30.93,27.6735,-0.139,"27.6735,   -0.139, 26 May 2026, 20:18:31"
2026-05-26T20:18:47.927988,1077,10150000,-0.018,0.016,-0.995,-3.351,0.16,-1.107,30.79,27.6935,-0.138,"27.6935,   -0.138, 26 May 2026, 20:18:41"
2026-05-26T20:18:57.933784,1078,10160000,-0.021,0.022,-0.995,-3.519,0.29,-1.015,30.88,27.7235,-0.139,"27.7235,   -0.139, 26 May 2026, 20:18:51"
2026-05-26T20:19:07.937387,1079,10170000,-0.02,0.018,-1.007,-3.527,0.221,-1.084,30.93,27.7521,-0.14,"27.7521,   -0.140, 26 May 2026, 20:19:01"
2026-05-26T20:19:17.932618,1080,10180000,-0.013,0.013,-1.007,-3.588,0.252,-1.023,30.88,27.7967,-0.141,"27.7967,   -0.141, 26 May 2026, 20:19:11"
2026-05-26T20:19:27.932835,1081,10190000,-0.011,0.01,-1.002,-3.656,0.183,-1.176,30.98,27.818,-0.138,"27.8180,   -0.138, 26 May 2026, 20:19:21"
2026-05-26T20:19:37.934076,1082,10200000,-0.015,0.016,-0.999,-3.603,0.298,-1.038,30.93,27.8383,-0.139,"27.8383,   -0.139, 26 May 2026, 20:19:31"
2026-05-26T20:19:47.931650,1083,10210000,-0.01,0.016,-0.995,-3.58,0.191,-1.176,31.07,27.8554,-0.142,"27.8554,   -0.142, 26 May 2026, 20:19:41"
2026-05-26T20:19:57.932765,1084,10220000,-0.012,0.023,-0.994,-3.557,0.145,-1.206,31.02,27.8693,-0.137,"27.8693,   -0.137, 26 May 2026, 20:19:51"
2026-05-26T20:20:07.932787,1085,10230000,-0.015,0.01,-0.999,-3.466,0.305,-1.107,31.12,27.8877,-0.141,"27.8877,   -0.141, 26 May 2026, 20:20:01"
2026-05-26T20:20:17.928641,1086,10240000,-0.013,0.016,-1.0,-3.481,0.321,-1.038,30.93,27.9047,-0.139,"27.9047,   -0.139, 26 May 2026, 20:20:11"
2026-05-26T20:20:27.928973,1087,10250000,-0.013,0.016,-0.997,-3.481,0.16,-1.084,30.98,27.9202,-0.138,"27.9202,   -0.138, 26 May 2026, 20:20:21"
2026-05-26T20:20:37.933909,1088,10260000,-0.017,0.017,-1.005,-3.481,0.214,-1.046,30.98,27.9277,-0.139,"27.9277,   -0.139, 26 May 2026, 20:20:31"
2026-05-26T20:20:47.931461,1089,10270000,-0.023,0.018,-1.0,-3.45,0.176,-1.076,31.02,27.9474,-0.141,"27.9474,   -0.141, 26 May 2026, 20:20:41"
2026-05-26T20:20:57.932912,1090,10280000,-0.015,0.012,-0.996,-3.58,0.137,-1.076,31.02,27.9663,-0.139,"27.9663,   -0.139, 26 May 2026, 20:20:51"
2026-05-26T20:21:07.933811,1091,10290000,-0.013,0.013,-1.0,-3.618,0.328,-0.992,31.02,27.978,-0.14,"27.9780,   -0.140, 26 May 2026, 20:21:01"
2026-05-26T20:21:17.931867,1092,10300000,-0.016,0.018,-0.995,-3.557,0.13,-0.855,31.02,27.9972,-0.14,"27.9972,   -0.140, 26 May 2026, 20:21:11"
2026-05-26T20:21:27.931248,1093,10310000,-0.019,0.012,-0.99,-3.511,0.153,-1.015,31.12,28.0122,-0.14,"28.0122,   -0.140, 26 May 2026, 20:21:21"
2026-05-26T20:21:37.928468,1094,10320000,-0.01,0.017,-0.995,-3.634,0.336,-1.076,31.17,28.026,-0.141,"28.0260,   -0.141, 26 May 2026, 20:21:31"
2026-05-26T20:21:47.933610,1095,10330000,-0.018,0.013,-0.999,-3.466,0.069,-1.206,31.02,28.0537,-0.139,"28.0537,   -0.139, 26 May 2026, 20:21:41"
2026-05-26T20:21:57.926625,1096,10340000,-0.016,0.017,-1.001,-3.534,0.336,-1.221,31.07,28.0786,-0.139,"28.0786,   -0.139, 26 May 2026, 20:21:51"
2026-05-26T20:22:07.932659,1097,10350000,-0.017,0.013,-1.002,-3.718,0.328,-1.13,31.17,28.0948,-0.138,"28.0948,   -0.138, 26 May 2026, 20:22:01"
2026-05-26T20:22:17.932854,1098,10360000,-0.016,0.016,-0.993,-3.664,0.328,-1.137,31.12,28.1014,-0.137,"28.1014,   -0.137, 26 May 2026, 20:22:11"
2026-05-26T20:22:27.996416,1099,10370000,-0.013,0.012,-1.003,-3.565,0.305,-1.038,31.12,28.0951,-0.138,"28.0951,   -0.138, 26 May 2026, 20:22:21"
2026-05-26T20:22:37.927954,1100,10380000,-0.013,0.02,-0.993,-3.527,0.145,-0.977,31.12,28.0776,-0.14,"28.0776,   -0.140, 26 May 2026, 20:22:31"
2026-05-26T20:22:47.934109,1101,10390000,-0.013,0.017,-1.001,-3.534,0.313,-1.183,31.07,28.0497,-0.143,"28.0497,   -0.143, 26 May 2026, 20:22:41"
2026-05-26T20:22:57.932843,1102,10400000,-0.019,0.017,-0.992,-3.458,0.275,-1.206,31.21,28.0095,-0.137,"28.0095,   -0.137, 26 May 2026, 20:22:51"
2026-05-26T20:23:07.932960,1103,10410000,-0.013,0.016,-1.003,-3.664,0.26,-1.053,31.12,27.9802,-0.139,"27.9802,   -0.139, 26 May 2026, 20:23:01"
2026-05-26T20:23:17.933104,1104,10420000,-0.022,0.012,-0.996,-3.534,0.26,-1.092,31.17,27.9327,-0.136,"27.9327,   -0.136, 26 May 2026, 20:23:11"
2026-05-26T20:23:27.928471,1105,10430000,-0.022,0.016,-1.0,-3.603,0.198,-1.061,31.12,27.927,-0.139,"27.9270,   -0.139, 26 May 2026, 20:23:21"
2026-05-26T20:23:37.929813,1106,10440000,-0.015,0.013,-0.996,-3.611,0.305,-0.992,31.12,27.8836,-0.14,"27.8836,   -0.140, 26 May 2026, 20:23:31"
2026-05-26T20:23:47.933034,1107,10450000,-0.014,0.023,-1.0,-3.511,0.145,-0.992,31.07,27.8249,-0.142,"27.8249,   -0.142, 26 May 2026, 20:23:41"
2026-05-26T20:23:57.926717,1108,10460000,-0.016,0.021,-1.005,-3.641,0.198,-1.046,30.98,27.8079,-0.138,"27.8079,   -0.138, 26 May 2026, 20:23:51"
2026-05-26T20:24:07.927759,1109,10470000,-0.014,0.02,-0.999,-3.412,0.237,-1.061,30.98,27.7879,-0.137,"27.7879,   -0.137, 26 May 2026, 20:24:01"
2026-05-26T20:24:17.933950,1110,10480000,-0.01,0.019,-0.998,-3.466,0.321,-1.092,31.02,27.7633,-0.137,"27.7633,   -0.137, 26 May 2026, 20:24:11"
2026-05-26T20:24:27.933070,1111,10490000,-0.016,0.016,-1.004,-3.55,0.282,-1.053,30.93,27.7128,-0.137,"27.7128,   -0.137, 26 May 2026, 20:24:21"
2026-05-26T20:24:37.933690,1112,10500000,-0.015,0.017,-1.004,-3.496,0.29,-1.13,30.98,27.645,-0.143,"27.6450,   -0.143, 26 May 2026, 20:24:31"
2026-05-26T20:24:47.930386,1113,10510000,-0.016,0.015,-1.005,-3.595,0.366,-1.046,31.02,27.6141,-0.139,"27.6141,   -0.139, 26 May 2026, 20:24:41"
2026-05-26T20:24:57.934145,1114,10520000,-0.014,0.013,-1.008,-3.458,0.137,-1.023,31.02,27.6114,-0.14,"27.6114,   -0.140, 26 May 2026, 20:24:51"
2026-05-26T20:25:07.931335,1115,10530000,-0.023,0.017,-1.0,-3.626,0.237,-1.038,31.02,27.5828,-0.14,"27.5828,   -0.140, 26 May 2026, 20:25:01"
2026-05-26T20:25:17.933714,1116,10540000,-0.018,0.012,-1.005,-3.58,0.366,-1.099,30.84,27.5709,-0.138,"27.5709,   -0.138, 26 May 2026, 20:25:11"
2026-05-26T20:25:27.928882,1117,10550000,-0.015,0.014,-1.008,-3.534,0.336,-0.977,30.74,27.502,-0.139,"27.5020,   -0.139, 26 May 2026, 20:25:21"
2026-05-26T20:25:37.934037,1118,10560000,-0.018,0.016,-1.007,-3.542,0.244,-1.13,30.88,27.4997,-0.141,"27.4997,   -0.141, 26 May 2026, 20:25:31"
2026-05-26T20:25:47.931328,1119,10570000,-0.019,0.017,-1.001,-3.55,0.122,-1.092,30.88,27.4979,-0.14,"27.4979,   -0.140, 26 May 2026, 20:25:41"
2026-05-26T20:25:57.938933,1120,10580000,-0.01,0.017,-0.995,-3.557,0.321,-0.931,30.79,27.4958,-0.14,"27.4958,   -0.140, 26 May 2026, 20:25:51"
2026-05-26T20:26:07.930365,1121,10590000,-0.02,0.017,-1.006,-3.565,0.16,-1.176,30.79,27.4732,-0.142,"27.4732,   -0.142, 26 May 2026, 20:26:01"
2026-05-26T20:26:17.930282,1122,10600000,-0.013,0.017,-0.999,-3.626,0.115,-1.229,30.74,27.4659,-0.138,"27.4659,   -0.138, 26 May 2026, 20:26:11"
2026-05-26T20:26:27.931984,1123,10610000,-0.012,0.012,-1.005,-3.481,0.26,-1.023,30.74,27.4549,-0.14,"27.4549,   -0.140, 26 May 2026, 20:26:21"
2026-05-26T20:26:37.934882,1124,10620000,-0.015,0.01,-1.004,-3.519,0.221,-1.176,30.6,27.4199,-0.138,"27.4199,   -0.138, 26 May 2026, 20:26:31"
2026-05-26T20:26:47.926826,1125,10630000,-0.016,0.013,-0.996,-3.443,0.16,-1.061,30.69,27.371,-0.14,"27.3710,   -0.140, 26 May 2026, 20:26:41"
2026-05-26T20:26:57.937949,1126,10640000,-0.017,0.024,-1.001,-3.405,0.405,-1.145,30.69,27.3945,-0.138,"27.3945,   -0.138, 26 May 2026, 20:26:51"
2026-05-26T20:27:07.932774,1127,10650000,-0.015,0.011,-1.005,-3.611,0.221,-1.298,30.69,27.4318,-0.139,"27.4318,   -0.139, 26 May 2026, 20:27:01"
2026-05-26T20:27:17.933066,1128,10660000,-0.016,0.016,-0.999,-3.473,0.221,-1.053,30.69,27.3999,-0.136,"27.3999,   -0.136, 26 May 2026, 20:27:11"
2026-05-26T20:27:27.929769,1129,10670000,-0.015,0.017,-1.002,-3.649,0.183,-1.244,30.79,27.3463,-0.141,"27.3463,   -0.141, 26 May 2026, 20:27:21"
2026-05-26T20:27:37.933438,1130,10680000,-0.019,0.015,-0.994,-3.55,0.229,-1.092,30.79,27.3139,-0.141,"27.3139,   -0.141, 26 May 2026, 20:27:31"
2026-05-26T20:27:47.932934,1131,10690000,-0.015,0.011,-1.0,-3.42,0.191,-0.779,30.74,27.2797,-0.137,"27.2797,   -0.137, 26 May 2026, 20:27:41"
2026-05-26T20:27:57.926382,1132,10700000,-0.015,0.016,-0.985,-3.649,0.275,-0.992,30.69,27.2742,-0.137,"27.2742,   -0.137, 26 May 2026, 20:27:51"
2026-05-26T20:28:07.934218,1133,10710000,-0.016,0.013,-0.999,-3.603,0.344,-0.969,30.74,27.2979,-0.138,"27.2979,   -0.138, 26 May 2026, 20:28:01"
2026-05-26T20:28:17.932976,1134,10720000,-0.018,0.01,-1.008,-3.527,0.122,-1.122,30.69,27.3058,-0.137,"27.3058,   -0.137, 26 May 2026, 20:28:11"
2026-05-26T20:28:27.930963,1135,10730000,-0.017,0.013,-0.991,-3.466,0.282,-0.847,30.69,27.2901,-0.137,"27.2901,   -0.137, 26 May 2026, 20:28:21"
2026-05-26T20:28:37.934136,1136,10740000,-0.021,0.016,-1.0,-3.511,0.26,-1.107,30.6,27.2532,-0.137,"27.2532,   -0.137, 26 May 2026, 20:28:31"
2026-05-26T20:28:47.992889,1137,10750000,-0.008,0.018,-0.998,-3.42,0.267,-1.076,30.79,27.2473,-0.136,"27.2473,   -0.136, 26 May 2026, 20:28:41"
2026-05-26T20:28:57.933707,1138,10760000,-0.017,0.009,-0.996,-3.679,0.122,-1.183,30.74,27.2346,-0.141,"27.2346,   -0.141, 26 May 2026, 20:28:51"
2026-05-26T20:29:07.932631,1139,10770000,-0.015,0.02,-0.993,-3.603,0.26,-1.038,30.79,27.2402,-0.139,"27.2402,   -0.139, 26 May 2026, 20:29:01"
2026-05-26T20:29:17.930212,1140,10780000,-0.012,0.011,-1.0,-3.374,0.351,-1.153,30.84,27.2663,-0.138,"27.2663,   -0.138, 26 May 2026, 20:29:11"
2026-05-26T20:29:27.933719,1141,10790000,-0.01,0.013,-1.001,-3.55,0.298,-1.0,30.88,27.2816,-0.136,"27.2816,   -0.136, 26 May 2026, 20:29:21"
2026-05-26T20:29:37.936863,1142,10800000,-0.016,0.015,-0.997,-3.511,0.107,-1.168,30.88,27.3146,-0.14,"27.3146,   -0.140, 26 May 2026, 20:29:31"
2026-05-26T20:29:47.933095,1143,10810000,-0.019,0.016,-1.0,-3.511,0.328,-0.969,30.79,27.3367,-0.136,"27.3367,   -0.136, 26 May 2026, 20:29:41"
2026-05-26T20:29:57.933977,1144,10820000,-0.017,0.012,-0.997,-3.496,0.29,-1.038,30.88,27.3722,-0.137,"27.3722,   -0.137, 26 May 2026, 20:29:51"
2026-05-26T20:30:07.932818,1145,10830000,-0.016,0.017,-0.997,-3.626,0.412,-1.069,30.88,27.4359,-0.136,"27.4359,   -0.136, 26 May 2026, 20:30:01"
2026-05-26T20:30:17.928639,1146,10840000,-0.016,0.016,-0.993,-3.595,0.305,-1.145,30.98,27.4936,-0.138,"27.4936,   -0.138, 26 May 2026, 20:30:11"
2026-05-26T20:30:27.932386,1147,10850000,-0.018,0.015,-1.0,-3.527,0.252,-1.137,30.98,27.5367,-0.135,"27.5367,   -0.135, 26 May 2026, 20:30:21"
2026-05-26T20:30:37.933026,1148,10860000,-0.01,0.014,-0.996,-3.55,0.252,-1.038,30.98,27.5876,-0.139,"27.5876,   -0.139, 26 May 2026, 20:30:31"
2026-05-26T20:30:47.931331,1149,10870000,-0.012,0.011,-1.004,-3.55,0.267,-1.031,30.98,27.6246,-0.138,"27.6246,   -0.138, 26 May 2026, 20:30:41"
2026-05-26T20:30:57.933235,1150,10880000,-0.018,0.016,-1.001,-3.588,0.267,-1.099,30.98,27.6244,-0.142,"27.6244,   -0.142, 26 May 2026, 20:30:51"
2026-05-26T20:31:07.932811,1151,10890000,-0.012,0.017,-0.989,-3.313,0.183,-1.023,30.88,27.6352,-0.141,"27.6352,   -0.141, 26 May 2026, 20:31:01"
2026-05-26T20:31:17.934108,1152,10900000,-0.015,0.016,-1.008,-3.511,0.252,-1.16,30.84,27.636,-0.138,"27.6360,   -0.138, 26 May 2026, 20:31:11"
2026-05-26T20:31:26.502921,1153,10910000,-0.02,0.011,-0.998,-3.763,0.405,-1.038,30.98,27.6449,-0.137,"27.6449,   -0.137, 26 May 2026, 20:31:21"
2026-05-26T20:31:36.502433,1154,10920000,-0.016,0.014,-1.005,-3.458,0.29,-0.931,30.88,27.6586,-0.139,"27.6586,   -0.139, 26 May 2026, 20:31:31"
2026-05-26T20:31:46.506687,1155,10930000,-0.016,0.012,-0.999,-3.489,0.237,-1.046,30.88,27.6734,-0.14,"27.6734,   -0.140, 26 May 2026, 20:31:41"
2026-05-26T20:31:56.500493,1156,10940000,-0.016,0.018,-0.996,-3.618,0.191,-1.198,30.84,27.6941,-0.134,"27.6941,   -0.134, 26 May 2026, 20:31:51"
2026-05-26T20:32:06.508101,1157,10950000,-0.01,0.009,-1.003,-3.534,0.168,-1.031,30.88,27.7047,-0.137,"27.7047,   -0.137, 26 May 2026, 20:32:01"
2026-05-26T20:32:16.502742,1158,10960000,-0.013,0.017,-0.997,-3.481,0.191,-1.053,30.88,27.7068,-0.137,"27.7068,   -0.137, 26 May 2026, 20:32:11"
2026-05-26T20:32:26.502029,1159,10970000,-0.017,0.013,-1.003,-3.565,0.153,-1.084,30.88,27.7119,-0.135,"27.7119,   -0.135, 26 May 2026, 20:32:21"
2026-05-26T20:32:36.495716,1160,10980000,-0.015,0.014,-0.994,-3.557,0.237,-1.382,30.98,27.7191,-0.133,"27.7191,   -0.133, 26 May 2026, 20:32:31"
2026-05-26T20:32:46.502298,1161,10990000,-0.017,0.011,-0.994,-3.55,0.26,-1.183,30.98,27.7401,-0.134,"27.7401,   -0.134, 26 May 2026, 20:32:41"
2026-05-26T20:32:56.502032,1162,11000000,-0.014,0.018,-1.002,-3.55,0.107,-0.977,30.98,27.7708,-0.14,"27.7708,   -0.140, 26 May 2026, 20:32:51"
2026-05-26T20:33:06.502547,1163,11010000,-0.017,0.014,-1.004,-3.733,0.198,-1.053,30.98,27.7834,-0.138,"27.7834,   -0.138, 26 May 2026, 20:33:01"
2026-05-26T20:33:16.570191,1164,11020000,-0.011,0.013,-0.997,-3.557,0.336,-1.099,31.07,27.8082,-0.138,"27.8082,   -0.138, 26 May 2026, 20:33:11"
2026-05-26T20:33:26.502796,1165,11030000,-0.017,0.018,-1.006,-3.573,0.214,-1.031,31.07,27.8297,-0.138,"27.8297,   -0.138, 26 May 2026, 20:33:21"
2026-05-26T20:33:36.502799,1166,11040000,-0.017,0.01,-1.0,-3.511,0.359,-1.168,31.07,27.8448,-0.137,"27.8448,   -0.137, 26 May 2026, 20:33:31"
2026-05-26T20:33:46.502305,1167,11050000,-0.019,0.016,-0.995,-3.611,0.282,-0.962,31.02,27.8682,-0.137,"27.8682,   -0.137, 26 May 2026, 20:33:41"
2026-05-26T20:33:56.502073,1168,11060000,-0.015,0.016,-0.996,-3.664,0.275,-0.939,31.12,27.8954,-0.137,"27.8954,   -0.137, 26 May 2026, 20:33:51"
2026-05-26T20:34:06.502448,1169,11070000,-0.021,0.01,-1.0,-3.504,0.153,-1.145,31.12,27.9216,-0.138,"27.9216,   -0.138, 26 May 2026, 20:34:01"
2026-05-26T20:34:16.501464,1170,11080000,-0.014,0.009,-1.0,-3.534,0.137,-0.924,31.02,27.9377,-0.135,"27.9377,   -0.135, 26 May 2026, 20:34:11"
2026-05-26T20:34:26.500264,1171,11090000,-0.016,0.011,-1.004,-3.626,0.389,-1.092,31.07,27.9582,-0.138,"27.9582,   -0.138, 26 May 2026, 20:34:21"
2026-05-26T20:34:36.496036,1172,11100000,-0.019,0.011,-0.999,-3.565,0.191,-1.015,31.12,27.9769,-0.142,"27.9769,   -0.142, 26 May 2026, 20:34:31"
2026-05-26T20:34:46.502148,1173,11110000,-0.018,0.01,-1.001,-3.618,0.183,-1.046,31.26,27.9814,-0.136,"27.9814,   -0.136, 26 May 2026, 20:34:41"
2026-05-26T20:34:56.502134,1174,11120000,-0.025,0.015,-0.998,-3.557,0.229,-1.069,31.17,27.9919,-0.138,"27.9919,   -0.138, 26 May 2026, 20:34:51"
2026-05-26T20:35:06.498781,1175,11130000,-0.013,0.017,-0.998,-3.58,0.122,-0.985,31.17,28.0066,-0.139,"28.0066,   -0.139, 26 May 2026, 20:35:01"
2026-05-26T20:35:16.502276,1176,11140000,-0.014,0.012,-0.993,-3.481,0.176,-1.0,31.12,28.0072,-0.136,"28.0072,   -0.136, 26 May 2026, 20:35:11"
2026-05-26T20:35:26.500006,1177,11150000,-0.02,0.019,-1.006,-3.672,0.344,-1.153,31.07,28.0082,-0.139,"28.0082,   -0.139, 26 May 2026, 20:35:21"
2026-05-26T20:35:36.501974,1178,11160000,-0.016,0.016,-0.996,-3.672,0.26,-1.275,31.17,28.0178,-0.138,"28.0178,   -0.138, 26 May 2026, 20:35:31"
2026-05-26T20:35:46.495809,1179,11170000,-0.013,0.018,-1.0,-3.595,0.366,-1.023,31.12,28.0226,-0.14,"28.0226,   -0.140, 26 May 2026, 20:35:41"
2026-05-26T20:35:56.499966,1180,11180000,-0.019,0.017,-0.995,-3.412,0.29,-1.16,31.35,28.013,-0.138,"28.0130,   -0.138, 26 May 2026, 20:35:51"
2026-05-26T20:36:06.502647,1181,11190000,-0.019,0.018,-1.001,-3.458,0.504,-1.115,31.17,28.0063,-0.137,"28.0063,   -0.137, 26 May 2026, 20:36:01"
2026-05-26T20:36:16.501947,1182,11200000,-0.017,0.022,-1.004,-3.55,0.244,-1.015,31.12,28.0026,-0.138,"28.0026,   -0.138, 26 May 2026, 20:36:11"
2026-05-26T20:36:26.501038,1183,11210000,-0.017,0.015,-0.999,-3.527,0.275,-0.962,31.21,27.9889,-0.138,"27.9889,   -0.138, 26 May 2026, 20:36:21"
2026-05-26T20:36:36.503179,1184,11220000,-0.015,0.021,-1.009,-3.527,0.275,-1.076,31.21,27.9828,-0.138,"27.9828,   -0.138, 26 May 2026, 20:36:31"
2026-05-26T20:36:46.501934,1185,11230000,-0.012,0.012,-1.002,-3.656,0.198,-1.084,31.26,27.9563,-0.139,"27.9563,   -0.139, 26 May 2026, 20:36:41"
2026-05-26T20:36:56.501992,1186,11240000,-0.014,0.01,-0.996,-3.527,0.298,-1.122,31.26,27.9223,-0.136,"27.9223,   -0.136, 26 May 2026, 20:36:51"
2026-05-26T20:37:06.500818,1187,11250000,-0.014,0.014,-1.003,-3.611,0.198,-0.969,31.17,27.8917,-0.139,"27.8917,   -0.139, 26 May 2026, 20:37:01"
2026-05-26T20:37:16.501816,1188,11260000,-0.014,0.016,-1.003,-3.427,0.267,-1.099,31.21,27.8299,-0.137,"27.8299,   -0.137, 26 May 2026, 20:37:11"
2026-05-26T20:37:26.502618,1189,11270000,-0.02,0.017,-1.011,-3.504,0.206,-1.145,31.12,27.8015,-0.132,"27.8015,   -0.132, 26 May 2026, 20:37:21"
2026-05-26T20:37:36.502839,1190,11280000,-0.012,0.017,-1.001,-3.489,0.389,-1.115,31.12,27.7744,-0.137,"27.7744,   -0.137, 26 May 2026, 20:37:31"
2026-05-26T20:37:46.502289,1191,11290000,-0.021,0.016,-0.998,-3.611,0.214,-1.237,31.21,27.7595,-0.138,"27.7595,   -0.138, 26 May 2026, 20:37:41"
2026-05-26T20:37:56.502573,1192,11300000,-0.018,0.015,-1.003,-3.557,0.305,-0.954,31.12,27.6846,-0.14,"27.6846,   -0.140, 26 May 2026, 20:37:51"
2026-05-26T20:38:06.503112,1193,11310000,-0.014,0.016,-1.001,-3.649,0.305,-1.046,31.07,27.6366,-0.134,"27.6366,   -0.134, 26 May 2026, 20:38:01"
2026-05-26T20:38:16.502377,1194,11320000,-0.014,0.011,-1.002,-3.595,0.16,-1.16,31.07,27.6288,-0.137,"27.6288,   -0.137, 26 May 2026, 20:38:11"
2026-05-26T20:38:26.497160,1195,11330000,-0.018,0.017,-1.001,-3.588,0.122,-1.229,30.98,27.6422,-0.141,"27.6422,   -0.141, 26 May 2026, 20:38:21"
2026-05-26T20:38:36.498484,1196,11340000,-0.02,0.015,-0.995,-3.58,0.206,-1.0,31.07,27.6033,-0.137,"27.6033,   -0.137, 26 May 2026, 20:38:31"
2026-05-26T20:38:46.501806,1197,11350000,-0.012,0.012,-1.001,-3.496,0.45,-1.061,31.12,27.5551,-0.137,"27.5551,   -0.137, 26 May 2026, 20:38:41"
2026-05-26T20:38:56.502515,1198,11360000,-0.01,0.017,-0.995,-3.588,0.244,-0.962,31.17,27.5409,-0.137,"27.5409,   -0.137, 26 May 2026, 20:38:51"
2026-05-26T20:39:06.496031,1199,11370000,-0.016,0.012,-1.006,-3.542,0.305,-1.069,31.02,27.5184,-0.141,"27.5184,   -0.141, 26 May 2026, 20:39:01"
2026-05-26T20:39:16.501828,1200,11380000,-0.016,0.01,-0.998,-3.534,0.252,-1.092,31.02,27.5328,-0.138,"27.5328,   -0.138, 26 May 2026, 20:39:11"
2026-05-26T20:39:26.501301,1201,11390000,-0.015,0.016,-0.992,-3.687,0.168,-1.145,30.98,27.5397,-0.137,"27.5397,   -0.137, 26 May 2026, 20:39:21"
2026-05-26T20:39:36.501908,1202,11400000,-0.01,0.021,-1.005,-3.595,0.237,-1.084,31.02,27.514,-0.138,"27.5140,   -0.138, 26 May 2026, 20:39:31"
2026-05-26T20:39:46.498201,1203,11410000,-0.018,0.01,-1.002,-3.405,0.183,-1.092,30.84,27.4938,-0.138,"27.4938,   -0.138, 26 May 2026, 20:39:41"
2026-05-26T20:39:56.562190,1204,11420000,-0.024,0.013,-0.993,-3.565,0.221,-1.122,30.79,27.4385,-0.136,"27.4385,   -0.136, 26 May 2026, 20:39:51"
2026-05-26T20:40:06.501427,1205,11430000,-0.018,0.013,-0.992,-3.504,0.29,-0.84,30.79,27.4044,-0.139,"27.4044,   -0.139, 26 May 2026, 20:40:01"
2026-05-26T20:40:16.501918,1206,11440000,-0.022,0.013,-0.999,-3.595,0.099,-1.092,30.6,27.3988,-0.135,"27.3988,   -0.135, 26 May 2026, 20:40:11"
2026-05-26T20:40:26.501985,1207,11450000,-0.017,0.017,-1.004,-3.618,0.344,-0.916,30.65,27.4091,-0.138,"27.4091,   -0.138, 26 May 2026, 20:40:21"
2026-05-26T20:40:36.563041,1208,11460000,-0.018,0.011,-0.988,-3.496,0.458,-1.099,30.41,27.3585,-0.141,"27.3585,   -0.141, 26 May 2026, 20:40:31"
2026-05-26T20:40:46.563116,1209,11470000,-0.007,0.02,-0.989,-3.519,0.267,-0.977,30.41,27.2589,-0.138,"27.2589,   -0.138, 26 May 2026, 20:40:41"
2026-05-26T20:40:56.563085,1210,11480000,-0.015,0.014,-1.0,-3.634,0.336,-0.954,30.51,27.2721,-0.139,"27.2721,   -0.139, 26 May 2026, 20:40:51"
2026-05-26T20:41:06.501882,1211,11490000,-0.02,0.016,-0.999,-3.565,0.366,-1.099,30.6,27.2676,-0.138,"27.2676,   -0.138, 26 May 2026, 20:41:01"
2026-05-26T20:41:16.565832,1212,11500000,-0.017,0.015,-0.996,-3.672,0.275,-0.985,30.6,27.2553,-0.136,"27.2553,   -0.136, 26 May 2026, 20:41:11"
2026-05-26T20:41:26.502195,1213,11510000,-0.017,0.017,-0.99,-3.626,0.244,-1.115,30.6,27.2862,-0.139,"27.2862,   -0.139, 26 May 2026, 20:41:21"
2026-05-26T20:41:36.498332,1214,11520000,-0.017,0.017,-0.998,-3.557,0.145,-1.092,30.74,27.2795,-0.139,"27.2795,   -0.139, 26 May 2026, 20:41:31"
2026-05-26T20:41:46.499324,1215,11530000,-0.017,0.017,-0.999,-3.603,0.214,-1.115,30.88,27.2834,-0.134,"27.2834,   -0.134, 26 May 2026, 20:41:41"
2026-05-26T20:41:56.562257,1216,11540000,-0.013,0.013,-0.994,-3.748,0.176,-1.053,30.88,27.3005,-0.138,"27.3005,   -0.138, 26 May 2026, 20:41:51"
2026-05-26T20:42:06.500345,1217,11550000,-0.012,0.016,-0.994,-3.519,0.275,-0.954,30.93,27.316,-0.14,"27.3160,   -0.140, 26 May 2026, 20:42:01"
2026-05-26T20:42:16.499754,1218,11560000,-0.017,0.007,-0.996,-3.473,0.313,-1.038,30.84,27.3234,-0.14,"27.3234,   -0.140, 26 May 2026, 20:42:11"
2026-05-26T20:42:26.500137,1219,11570000,-0.02,0.014,-0.997,-3.664,0.29,-1.008,30.74,27.3573,-0.138,"27.3573,   -0.138, 26 May 2026, 20:42:21"
2026-05-26T20:42:36.500161,1220,11580000,-0.011,0.016,-0.994,-3.519,0.29,-1.16,30.88,27.3926,-0.136,"27.3926,   -0.136, 26 May 2026, 20:42:31"
2026-05-26T20:42:46.500206,1221,11590000,-0.013,0.021,-1.001,-3.725,0.313,-1.198,30.79,27.4382,-0.14,"27.4382,   -0.140, 26 May 2026, 20:42:41"
2026-05-26T20:42:56.500140,1222,11600000,-0.015,0.019,-0.992,-3.634,0.359,-1.191,30.88,27.4892,-0.136,"27.4892,   -0.136, 26 May 2026, 20:42:51"
2026-05-26T20:43:06.502139,1223,11610000,-0.014,0.02,-1.001,-3.595,0.153,-0.992,30.88,27.5389,-0.137,"27.5389,   -0.137, 26 May 2026, 20:43:01"
2026-05-26T20:43:16.563041,1224,11620000,-0.012,0.015,-0.993,-3.427,0.252,-1.137,30.98,27.5788,-0.14,"27.5788,   -0.140, 26 May 2026, 20:43:11"
2026-05-26T20:43:26.561585,1225,11630000,-0.018,0.015,-0.993,-3.58,0.092,-1.061,30.84,27.6223,-0.14,"27.6223,   -0.140, 26 May 2026, 20:43:21"
2026-05-26T20:43:36.501192,1226,11640000,-0.012,0.016,-1.004,-3.435,0.366,-1.084,30.93,27.6678,-0.138,"27.6678,   -0.138, 26 May 2026, 20:43:31"
2026-05-26T20:43:46.569818,1227,11650000,-0.017,0.014,-0.991,-3.664,0.267,-1.115,31.12,27.7107,-0.14,"27.7107,   -0.140, 26 May 2026, 20:43:41"
2026-05-26T20:43:56.560260,1228,11660000,-0.012,0.018,-1.001,-3.527,0.313,-0.954,31.17,27.7401,-0.138,"27.7401,   -0.138, 26 May 2026, 20:43:51"
2026-05-26T20:44:06.495644,1229,11670000,-0.019,0.014,-0.997,-3.557,0.16,-1.023,30.93,27.7703,-0.135,"27.7703,   -0.135, 26 May 2026, 20:44:01"
2026-05-26T20:44:16.622234,1230,11680000,-0.02,0.017,-1.009,-3.58,0.16,-0.901,31.02,27.7929,-0.137,"27.7929,   -0.137, 26 May 2026, 20:44:11"
2026-05-26T20:44:26.562368,1231,11690000,-0.013,0.013,-1.007,-3.565,0.336,-1.023,30.93,27.8134,-0.14,"27.8134,   -0.140, 26 May 2026, 20:44:21"
2026-05-26T20:44:36.562977,1232,11700000,-0.021,0.021,-1.007,-3.687,0.275,-1.015,31.02,27.8369,-0.137,"27.8369,   -0.137, 26 May 2026, 20:44:31"
2026-05-26T20:44:46.562679,1233,11710000,-0.016,0.022,-1.002,-3.55,0.336,-1.214,31.12,27.861,-0.138,"27.8610,   -0.138, 26 May 2026, 20:44:41"
2026-05-26T20:44:56.562561,1234,11720000,-0.015,0.017,-1.001,-3.481,0.252,-1.206,31.02,27.8847,-0.138,"27.8847,   -0.138, 26 May 2026, 20:44:51"
2026-05-26T20:45:06.514262,1235,11730000,-0.014,0.015,-0.997,-3.542,0.168,-1.16,31.02,27.9047,-0.14,"27.9047,   -0.140, 26 May 2026, 20:45:01"
2026-05-26T20:45:16.563009,1236,11740000,-0.017,0.009,-0.991,-3.466,0.183,-1.16,31.12,27.9123,-0.139,"27.9123,   -0.139, 26 May 2026, 20:45:11"
2026-05-26T20:45:26.562830,1237,11750000,-0.019,0.017,-1.0,-3.595,0.176,-1.084,31.07,27.9263,-0.14,"27.9263,   -0.140, 26 May 2026, 20:45:21"
2026-05-26T20:45:36.562339,1238,11760000,-0.018,0.014,-0.995,-3.687,0.168,-1.153,31.12,27.9395,-0.137,"27.9395,   -0.137, 26 May 2026, 20:45:31"
2026-05-26T20:45:46.562369,1239,11770000,-0.015,0.016,-1.005,-3.756,0.321,-1.084,31.07,27.957,-0.138,"27.9570,   -0.138, 26 May 2026, 20:45:41"
2026-05-26T20:45:56.570104,1240,11780000,-0.019,0.015,-0.997,-3.496,0.412,-1.115,31.12,27.9753,-0.14,"27.9753,   -0.140, 26 May 2026, 20:45:51"
2026-05-26T20:46:06.502827,1241,11790000,-0.012,0.019,-1.01,-3.397,0.29,-1.061,31.17,27.9874,-0.137,"27.9874,   -0.137, 26 May 2026, 20:46:01"
2026-05-26T20:46:16.560943,1242,11800000,-0.016,0.017,-0.997,-3.603,0.145,-1.046,31.07,27.9936,-0.138,"27.9936,   -0.138, 26 May 2026, 20:46:11"
2026-05-26T20:46:26.560429,1243,11810000,-0.016,0.01,-1.006,-3.573,0.298,-1.13,31.12,28.0061,-0.137,"28.0061,   -0.137, 26 May 2026, 20:46:21"
2026-05-26T20:46:36.562245,1244,11820000,-0.021,0.012,-0.999,-3.58,0.336,-1.16,31.17,28.0271,-0.137,"28.0271,   -0.137, 26 May 2026, 20:46:31"
2026-05-26T20:46:46.504773,1245,11830000,-0.016,0.014,-1.004,-3.55,0.13,-1.031,31.21,28.0478,-0.138,"28.0478,   -0.138, 26 May 2026, 20:46:41"
2026-05-26T20:46:56.562857,1246,11840000,-0.012,0.016,-1.01,-3.489,0.198,-1.191,31.17,28.0648,-0.137,"28.0648,   -0.137, 26 May 2026, 20:46:51"
2026-05-26T20:47:06.502715,1247,11850000,-0.018,0.013,-1.003,-3.573,0.405,-1.16,31.21,28.0858,-0.133,"28.0858,   -0.133, 26 May 2026, 20:47:01"
2026-05-26T20:47:16.558872,1248,11860000,-0.014,0.013,-1.0,-3.588,0.26,-1.076,31.26,28.1126,-0.139,"28.1126,   -0.139, 26 May 2026, 20:47:11"
2026-05-26T20:47:26.558350,1249,11870000,-0.012,0.015,-0.996,-3.687,0.382,-1.023,31.26,28.1458,-0.137,"28.1458,   -0.137, 26 May 2026, 20:47:21"
2026-05-26T20:47:36.562058,1250,11880000,-0.018,0.019,-1.009,-3.412,0.13,-1.015,31.21,28.1492,-0.135,"28.1492,   -0.135, 26 May 2026, 20:47:31"
2026-05-26T20:47:46.622952,1251,11890000,-0.018,0.012,-0.998,-3.55,0.29,-1.099,31.21,28.1468,-0.137,"28.1468,   -0.137, 26 May 2026, 20:47:41"
2026-05-26T20:47:56.622230,1252,11900000,-0.013,0.014,-1.003,-3.565,0.191,-1.053,31.31,28.1445,-0.136,"28.1445,   -0.136, 26 May 2026, 20:47:51"
2026-05-26T20:48:06.502640,1253,11910000,-0.015,0.013,-1.002,-3.542,0.489,-1.176,31.21,28.1415,-0.137,"28.1415,   -0.137, 26 May 2026, 20:48:01"
2026-05-26T20:48:16.622086,1254,11920000,-0.012,0.011,-1.006,-3.733,0.351,-1.046,31.17,28.1277,-0.14,"28.1277,   -0.140, 26 May 2026, 20:48:11"
2026-05-26T20:48:26.622759,1255,11930000,-0.017,0.011,-1.002,-3.473,0.214,-0.809,31.07,28.1045,-0.137,"28.1045,   -0.137, 26 May 2026, 20:48:21"
2026-05-26T20:48:36.563179,1256,11940000,-0.018,0.014,-1.004,-3.573,0.214,-1.023,31.02,28.0458,-0.137,"28.0458,   -0.137, 26 May 2026, 20:48:31"
2026-05-26T20:48:46.562126,1257,11950000,-0.013,0.019,-0.995,-3.542,0.313,-1.176,31.21,27.9639,-0.137,"27.9639,   -0.137, 26 May 2026, 20:48:41"
2026-05-26T20:48:56.562383,1258,11960000,-0.014,0.013,-1.001,-3.634,0.084,-1.099,31.07,27.9108,-0.139,"27.9108,   -0.139, 26 May 2026, 20:48:51"
2026-05-26T20:49:06.495627,1259,11970000,-0.015,0.011,-0.998,-3.458,0.344,-1.008,31.21,27.8638,-0.138,"27.8638,   -0.138, 26 May 2026, 20:49:01"
2026-05-26T20:49:16.562103,1260,11980000,-0.014,0.016,-1.008,-3.58,0.351,-0.954,31.12,27.8605,-0.136,"27.8605,   -0.136, 26 May 2026, 20:49:11"
2026-05-26T20:49:26.562755,1261,11990000,-0.022,0.015,-0.999,-3.504,0.275,-0.992,31.12,27.86,-0.137,"27.8600,   -0.137, 26 May 2026, 20:49:21"
2026-05-26T20:49:36.622238,1262,12000000,-0.019,0.013,-0.994,-3.534,0.336,-1.153,31.12,27.824,-0.14,"27.8240,   -0.140, 26 May 2026, 20:49:31"
2026-05-26T20:49:46.622252,1263,12010000,-0.02,0.013,-1.002,-3.573,0.183,-0.985,31.12,27.804,-0.135,"27.8040,   -0.135, 26 May 2026, 20:49:41"
2026-05-26T20:49:56.623517,1264,12020000,-0.016,0.016,-0.999,-3.656,0.176,-1.084,31.07,27.7988,-0.139,"27.7988,   -0.139, 26 May 2026, 20:49:51"
2026-05-26T20:50:06.499798,1265,12030000,-0.019,0.016,-0.996,-3.641,0.359,-0.916,31.07,27.7817,-0.14,"27.7817,   -0.140, 26 May 2026, 20:50:01"
2026-05-26T20:50:16.562305,1266,12040000,-0.016,0.019,-1.003,-3.496,0.275,-0.916,31.07,27.7691,-0.139,"27.7691,   -0.139, 26 May 2026, 20:50:11"
2026-05-26T20:50:26.623394,1267,12050000,-0.013,0.016,-0.999,-3.55,0.252,-0.985,30.98,27.7255,-0.138,"27.7255,   -0.138, 26 May 2026, 20:50:21"
2026-05-26T20:50:36.623084,1268,12060000,-0.02,0.017,-1.001,-3.695,0.176,-0.924,30.93,27.637,-0.137,"27.6370,   -0.137, 26 May 2026, 20:50:31"
2026-05-26T20:50:46.621446,1269,12070000,-0.019,0.015,-1.002,-3.557,0.244,-1.191,30.84,27.6477,-0.136,"27.6477,   -0.136, 26 May 2026, 20:50:41"
2026-05-26T20:50:56.561390,1270,12080000,-0.012,0.016,-0.999,-3.649,0.366,-1.046,30.93,27.603,-0.138,"27.6030,   -0.138, 26 May 2026, 20:50:51"
2026-05-26T20:51:06.503007,1271,12090000,-0.017,0.018,-0.996,-3.527,0.366,-1.023,30.93,27.614,-0.139,"27.6140,   -0.139, 26 May 2026, 20:51:01"
2026-05-26T20:51:16.622310,1272,12100000,-0.021,0.015,-1.005,-3.763,0.351,-1.076,30.93,27.5993,-0.139,"27.5993,   -0.139, 26 May 2026, 20:51:11"
2026-05-26T20:51:26.622738,1273,12110000,-0.013,0.014,-1.001,-3.58,0.221,-0.954,31.02,27.5494,-0.14,"27.5494,   -0.140, 26 May 2026, 20:51:21"
2026-05-26T20:51:36.622391,1274,12120000,-0.017,0.018,-0.997,-3.496,0.183,-1.145,31.02,27.5348,-0.135,"27.5348,   -0.135, 26 May 2026, 20:51:31"
2026-05-26T20:51:46.625832,1275,12130000,-0.011,0.017,-0.986,-3.565,0.244,-1.198,30.98,27.5136,-0.134,"27.5136,   -0.134, 26 May 2026, 20:51:41"
2026-05-26T20:51:56.562329,1276,12140000,-0.016,0.017,-0.997,-3.473,0.26,-1.122,30.98,27.4932,-0.138,"27.4932,   -0.138, 26 May 2026, 20:51:51"
2026-05-26T20:52:06.502269,1277,12150000,-0.013,0.019,-0.996,-3.496,0.221,-1.115,31.02,27.4673,-0.134,"27.4673,   -0.134, 26 May 2026, 20:52:01"
2026-05-26T20:52:16.622986,1278,12160000,-0.014,0.02,-1.0,-3.672,0.29,-1.267,30.98,27.4575,-0.135,"27.4575,   -0.135, 26 May 2026, 20:52:11"
2026-05-26T20:52:26.622146,1279,12170000,-0.024,0.014,-0.996,-3.511,0.137,-1.137,30.79,27.4699,-0.135,"27.4699,   -0.135, 26 May 2026, 20:52:21"
2026-05-26T20:52:36.622194,1280,12180000,-0.016,0.011,-1.009,-3.634,0.191,-1.107,30.88,27.4332,-0.133,"27.4332,   -0.133, 26 May 2026, 20:52:31"
2026-05-26T20:52:46.561961,1281,12190000,-0.013,0.015,-0.998,-3.405,0.16,-1.145,30.88,27.383,-0.138,"27.3830,   -0.138, 26 May 2026, 20:52:41"
2026-05-26T20:52:56.634527,1282,12200000,-0.02,0.013,-0.996,-3.595,0.229,-1.038,30.84,27.3505,-0.136,"27.3505,   -0.136, 26 May 2026, 20:52:51"
2026-05-26T20:53:06.501893,1283,12210000,-0.021,0.018,-1.0,-3.702,0.359,-1.168,30.98,27.3708,-0.136,"27.3708,   -0.136, 26 May 2026, 20:53:01"
2026-05-26T20:53:16.562253,1284,12220000,-0.017,0.014,-1.005,-3.542,0.328,-1.137,31.02,27.384,-0.14,"27.3840,   -0.140, 26 May 2026, 20:53:11"
2026-05-26T20:53:26.562381,1285,12230000,-0.013,0.018,-1.0,-3.496,0.237,-1.084,30.98,27.368,-0.137,"27.3680,   -0.137, 26 May 2026, 20:53:21"
2026-05-26T20:53:36.622401,1286,12240000,-0.019,0.018,-0.996,-3.489,0.206,-1.0,30.93,27.3686,-0.136,"27.3686,   -0.136, 26 May 2026, 20:53:31"
2026-05-26T20:53:46.622325,1287,12250000,-0.014,0.012,-1.006,-3.405,0.206,-0.969,30.84,27.3583,-0.136,"27.3583,   -0.136, 26 May 2026, 20:53:41"
2026-05-26T20:53:56.562243,1288,12260000,-0.012,0.015,-0.998,-3.542,0.221,-1.191,30.93,27.3495,-0.137,"27.3495,   -0.137, 26 May 2026, 20:53:51"
2026-05-26T20:54:06.511569,1289,12270000,-0.016,0.016,-0.996,-3.588,0.214,-1.275,30.88,27.3388,-0.138,"27.3388,   -0.138, 26 May 2026, 20:54:01"
2026-05-26T20:54:16.621290,1290,12280000,-0.015,0.018,-1.004,-3.618,0.26,-0.992,30.88,27.3091,-0.134,"27.3091,   -0.134, 26 May 2026, 20:54:11"
2026-05-26T20:54:26.562518,1291,12290000,-0.016,0.01,-1.004,-3.55,0.237,-1.084,31.02,27.2991,-0.134,"27.2991,   -0.134, 26 May 2026, 20:54:21"
2026-05-26T20:54:36.622705,1292,12300000,-0.013,0.017,-1.002,-3.588,0.237,-1.153,31.07,27.2975,-0.141,"27.2975,   -0.141, 26 May 2026, 20:54:31"
2026-05-26T20:54:46.622395,1293,12310000,-0.013,0.007,-1.004,-3.504,0.275,-0.962,31.02,27.315,-0.139,"27.3150,   -0.139, 26 May 2026, 20:54:41"
2026-05-26T20:54:56.563164,1294,12320000,-0.018,0.014,-1.006,-3.504,0.115,-1.137,31.12,27.3485,-0.139,"27.3485,   -0.139, 26 May 2026, 20:54:51"
2026-05-26T20:55:06.501920,1295,12330000,-0.014,0.011,-0.998,-3.55,0.221,-0.908,31.17,27.3873,-0.138,"27.3873,   -0.138, 26 May 2026, 20:55:01"
2026-05-26T20:55:16.623033,1296,12340000,-0.014,0.012,-1.0,-3.58,0.176,-1.061,31.07,27.4236,-0.136,"27.4236,   -0.136, 26 May 2026, 20:55:11"
2026-05-26T20:55:26.562549,1297,12350000,-0.012,0.011,-1.005,-3.527,0.298,-1.046,31.02,27.4589,-0.139,"27.4589,   -0.139, 26 May 2026, 20:55:21"
2026-05-26T20:55:36.622469,1298,12360000,-0.019,0.018,-1.0,-3.573,0.168,-1.13,31.17,27.499,-0.136,"27.4990,   -0.136, 26 May 2026, 20:55:31"
2026-05-26T20:55:46.622545,1299,12370000,-0.022,0.015,-0.994,-3.649,0.198,-1.145,31.07,27.5362,-0.14,"27.5362,   -0.140, 26 May 2026, 20:55:41"
2026-05-26T20:55:56.622368,1300,12380000,-0.017,0.011,-0.997,-3.374,0.115,-1.328,31.07,27.5713,-0.138,"27.5713,   -0.138, 26 May 2026, 20:55:51"
2026-05-26T20:56:06.496050,1301,12390000,-0.015,0.011,-1.006,-3.504,0.26,-0.969,31.17,27.6036,-0.137,"27.6036,   -0.137, 26 May 2026, 20:56:01"
2026-05-26T20:56:16.623077,1302,12400000,-0.015,0.014,-0.997,-3.611,0.267,-1.099,31.26,27.6415,-0.139,"27.6415,   -0.139, 26 May 2026, 20:56:11"
2026-05-26T20:56:26.562439,1303,12410000,-0.014,0.014,-0.999,-3.405,0.244,-1.053,31.07,27.6415,-0.137,"27.6415,   -0.137, 26 May 2026, 20:56:21"
2026-05-26T20:56:36.622710,1304,12420000,-0.013,0.012,-0.998,-3.649,0.206,-1.145,31.07,27.6399,-0.135,"27.6399,   -0.135, 26 May 2026, 20:56:31"
2026-05-26T20:56:46.622352,1305,12430000,-0.017,0.012,-0.995,-3.611,0.389,-1.0,30.98,27.6494,-0.14,"27.6494,   -0.140, 26 May 2026, 20:56:41"
2026-05-26T20:56:56.563206,1306,12440000,-0.019,0.017,-1.003,-3.733,0.267,-1.038,31.07,27.6599,-0.136,"27.6599,   -0.136, 26 May 2026, 20:56:51"
2026-05-26T20:57:06.496633,1307,12450000,-0.012,0.017,-1.003,-3.588,0.221,-0.962,31.21,27.6753,-0.136,"27.6753,   -0.136, 26 May 2026, 20:57:01"
2026-05-26T20:57:16.558947,1308,12460000,-0.017,0.017,-0.993,-3.427,0.145,-1.107,30.98,27.6948,-0.138,"27.6948,   -0.138, 26 May 2026, 20:57:11"
2026-05-26T20:57:26.622349,1309,12470000,-0.019,0.01,-1.0,-3.534,0.275,-1.031,31.12,27.6997,-0.139,"27.6997,   -0.139, 26 May 2026, 20:57:21"
2026-05-26T20:57:36.622400,1310,12480000,-0.019,0.016,-0.998,-3.519,0.214,-0.908,31.21,27.6995,-0.139,"27.6995,   -0.139, 26 May 2026, 20:57:31"
2026-05-26T20:57:46.623362,1311,12490000,-0.017,0.018,-1.003,-3.58,0.252,-0.939,31.17,27.7057,-0.141,"27.7057,   -0.141, 26 May 2026, 20:57:41"
2026-05-26T20:57:56.622205,1312,12500000,-0.018,0.01,-1.002,-3.557,0.351,-1.069,31.12,27.7138,-0.139,"27.7138,   -0.139, 26 May 2026, 20:57:51"
2026-05-26T20:58:06.497660,1313,12510000,-0.013,0.011,-1.005,-3.519,0.305,-1.214,31.12,27.7202,-0.14,"27.7202,   -0.140, 26 May 2026, 20:58:01"
2026-05-26T20:58:16.622502,1314,12520000,-0.017,0.015,-0.997,-3.527,0.252,-1.046,31.12,27.7341,-0.137,"27.7341,   -0.137, 26 May 2026, 20:58:11"
2026-05-26T20:58:26.562339,1315,12530000,-0.014,0.015,-1.006,-3.565,0.366,-1.13,31.02,27.7513,-0.139,"27.7513,   -0.139, 26 May 2026, 20:58:21"
2026-05-26T20:58:36.622506,1316,12540000,-0.014,0.011,-0.996,-3.55,0.313,-1.099,31.12,27.7768,-0.139,"27.7768,   -0.139, 26 May 2026, 20:58:31"
2026-05-26T20:58:46.621066,1317,12550000,-0.017,0.02,-0.999,-3.588,0.267,-0.962,31.12,27.8059,-0.137,"27.8059,   -0.137, 26 May 2026, 20:58:41"
2026-05-26T20:58:56.622215,1318,12560000,-0.014,0.019,-0.995,-3.618,0.305,-1.145,31.12,27.8323,-0.136,"27.8323,   -0.136, 26 May 2026, 20:58:51"
2026-05-26T20:59:06.500813,1319,12570000,-0.01,0.01,-1.003,-3.527,0.229,-1.031,31.07,27.8473,-0.135,"27.8473,   -0.135, 26 May 2026, 20:59:01"
2026-05-26T20:59:16.563071,1320,12580000,-0.015,0.013,-1.001,-3.557,0.137,-1.092,30.93,27.865,-0.139,"27.8650,   -0.139, 26 May 2026, 20:59:11"
2026-05-26T20:59:26.563515,1321,12590000,-0.012,0.016,-0.998,-3.557,0.244,-1.099,31.21,27.8827,-0.14,"27.8827,   -0.140, 26 May 2026, 20:59:21"
2026-05-26T20:59:36.562247,1322,12600000,-0.016,0.012,-1.006,-3.611,0.267,-1.046,31.26,27.9094,-0.14,"27.9094,   -0.140, 26 May 2026, 20:59:31"
2026-05-26T20:59:46.629933,1323,12610000,-0.014,0.014,-1.005,-3.664,0.405,-0.985,31.07,27.9289,-0.137,"27.9289,   -0.137, 26 May 2026, 20:59:41"
2026-05-26T20:59:56.562405,1324,12620000,-0.019,0.012,-0.999,-3.466,0.206,-1.153,31.17,27.9588,-0.139,"27.9588,   -0.139, 26 May 2026, 20:59:51"
2026-05-26T21:00:06.500579,1325,12630000,-0.01,0.014,-1.007,-3.611,0.252,-1.031,31.26,27.9997,-0.14,"27.9997,   -0.140, 26 May 2026, 21:00:01"
2026-05-26T21:00:16.504481,1326,12640000,-0.014,0.011,-1.007,-3.573,0.038,-0.786,31.17,28.0246,-0.139,"28.0246,   -0.139, 26 May 2026, 21:00:11"
2026-05-26T21:00:26.510639,1327,12650000,-0.013,0.016,-1.003,-3.435,0.321,-1.122,31.17,28.0464,-0.139,"28.0464,   -0.139, 26 May 2026, 21:00:21"
2026-05-26T21:00:36.500342,1328,12660000,-0.015,0.015,-0.998,-3.534,0.115,-0.863,31.12,28.0522,-0.137,"28.0522,   -0.137, 26 May 2026, 21:00:31"
2026-05-26T21:00:46.504192,1329,12670000,-0.017,0.016,-0.993,-3.565,0.26,-0.992,31.07,28.0601,-0.138,"28.0601,   -0.138, 26 May 2026, 21:00:41"
2026-05-26T21:00:56.503056,1330,12680000,-0.011,0.018,-1.006,-3.496,0.214,-1.069,31.17,28.0638,-0.135,"28.0638,   -0.135, 26 May 2026, 21:00:51"
2026-05-26T21:01:06.502103,1331,12690000,-0.017,0.015,-1.003,-3.687,0.359,-1.168,31.12,28.0622,-0.136,"28.0622,   -0.136, 26 May 2026, 21:01:01"
2026-05-26T21:01:16.502036,1332,12700000,-0.019,0.018,-1.002,-3.603,0.397,-1.183,31.12,28.0553,-0.139,"28.0553,   -0.139, 26 May 2026, 21:01:11"
2026-05-26T21:01:26.502718,1333,12710000,-0.014,0.012,-0.999,-3.443,0.496,-1.191,30.98,28.0454,-0.135,"28.0454,   -0.135, 26 May 2026, 21:01:21"
2026-05-26T21:01:36.502452,1334,12720000,-0.011,0.015,-0.996,-3.481,0.252,-1.168,31.02,28.018,-0.141,"28.0180,   -0.141, 26 May 2026, 21:01:31"
2026-05-26T21:01:46.498337,1335,12730000,-0.014,0.015,-0.998,-3.473,0.214,-1.13,31.02,27.9939,-0.137,"27.9939,   -0.137, 26 May 2026, 21:01:41"
2026-05-26T21:01:56.498352,1336,12740000,-0.012,0.015,-1.003,-3.664,0.099,-1.122,30.98,27.9827,-0.139,"27.9827,   -0.139, 26 May 2026, 21:01:51"
2026-05-26T21:02:06.501832,1337,12750000,-0.016,0.011,-0.996,-3.58,0.252,-1.145,31.12,27.9531,-0.138,"27.9531,   -0.138, 26 May 2026, 21:02:01"
2026-05-26T21:02:16.558151,1338,12760000,-0.022,0.019,-0.993,-3.595,0.237,-1.214,31.07,27.914,-0.137,"27.9140,   -0.137, 26 May 2026, 21:02:11"
2026-05-26T21:02:26.505448,1339,12770000,-0.019,0.01,-1.001,-3.519,0.29,-0.977,31.02,27.8731,-0.14,"27.8731,   -0.140, 26 May 2026, 21:02:21"
2026-05-26T21:02:36.563462,1340,12780000,-0.015,0.013,-1.005,-3.58,0.244,-0.977,31.07,27.8138,-0.135,"27.8138,   -0.135, 26 May 2026, 21:02:31"
2026-05-26T21:02:46.502202,1341,12790000,-0.012,0.011,-1.004,-3.534,0.168,-1.092,31.12,27.7611,-0.136,"27.7611,   -0.136, 26 May 2026, 21:02:41"
2026-05-26T21:02:56.504735,1342,12800000,-0.014,0.017,-0.994,-3.695,0.336,-1.099,31.07,27.7338,-0.137,"27.7338,   -0.137, 26 May 2026, 21:02:51"
2026-05-26T21:03:06.562177,1343,12810000,-0.016,0.015,-1.004,-3.649,0.336,-1.099,31.02,27.7032,-0.14,"27.7032,   -0.140, 26 May 2026, 21:03:01"
2026-05-26T21:03:16.561112,1344,12820000,-0.015,0.016,-1.001,-3.809,0.191,-1.198,31.07,27.6901,-0.138,"27.6901,   -0.138, 26 May 2026, 21:03:11"
2026-05-26T21:03:26.500165,1345,12830000,-0.016,0.017,-1.002,-3.511,0.427,-0.924,31.07,27.6732,-0.137,"27.6732,   -0.137, 26 May 2026, 21:03:21"
2026-05-26T21:03:36.500215,1346,12840000,-0.013,0.011,-0.997,-3.595,0.145,-1.092,31.02,27.6925,-0.136,"27.6925,   -0.136, 26 May 2026, 21:03:31"
2026-05-26T21:03:46.558724,1347,12850000,-0.007,0.014,-0.994,-3.58,0.336,-1.0,31.12,27.6982,-0.136,"27.6982,   -0.136, 26 May 2026, 21:03:41"
2026-05-26T21:03:56.562610,1348,12860000,-0.012,0.014,-0.998,-3.565,0.275,-1.16,31.12,27.6633,-0.139,"27.6633,   -0.139, 26 May 2026, 21:03:51"
2026-05-26T21:04:06.497732,1349,12870000,-0.003,0.016,-0.999,-3.626,0.229,-0.893,31.07,27.6155,-0.138,"27.6155,   -0.138, 26 May 2026, 21:04:01"
2026-05-26T21:04:16.573553,1350,12880000,-0.011,0.013,-1.002,-3.618,0.275,-1.13,31.07,27.5236,-0.137,"27.5236,   -0.137, 26 May 2026, 21:04:11"
2026-05-26T21:04:26.559530,1351,12890000,-0.014,0.008,-0.997,-3.557,0.191,-1.16,31.12,27.4692,-0.138,"27.4692,   -0.138, 26 May 2026, 21:04:21"
2026-05-26T21:04:36.501228,1352,12900000,-0.017,0.014,-1.001,-3.611,0.244,-1.092,31.17,27.4777,-0.134,"27.4777,   -0.134, 26 May 2026, 21:04:31"
2026-05-26T21:04:46.502069,1353,12910000,-0.014,0.013,-0.998,-3.397,0.275,-1.244,31.17,27.4792,-0.137,"27.4792,   -0.137, 26 May 2026, 21:04:41"
2026-05-26T21:04:56.502082,1354,12920000,-0.012,0.015,-0.998,-3.595,0.252,-1.145,30.93,27.468,-0.141,"27.4680,   -0.141, 26 May 2026, 21:04:51"
2026-05-26T21:05:06.514254,1355,12930000,-0.018,0.013,-1.001,-3.573,0.206,-1.137,30.79,27.4413,-0.136,"27.4413,   -0.136, 26 May 2026, 21:05:01"
2026-05-26T21:05:16.558980,1356,12940000,-0.013,0.017,-1.006,-3.527,0.229,-1.031,30.98,27.4287,-0.139,"27.4287,   -0.139, 26 May 2026, 21:05:11"
2026-05-26T21:05:26.563244,1357,12950000,-0.023,0.015,-1.0,-3.58,0.206,-0.939,30.98,27.4185,-0.135,"27.4185,   -0.135, 26 May 2026, 21:05:21"
2026-05-26T21:05:36.562414,1358,12960000,-0.003,0.017,-1.001,-3.458,0.153,-1.122,30.84,27.431,-0.136,"27.4310,   -0.136, 26 May 2026, 21:05:31"
2026-05-26T21:05:46.503005,1359,12970000,-0.011,0.013,-1.0,-3.489,0.282,-0.939,30.88,27.4462,-0.139,"27.4462,   -0.139, 26 May 2026, 21:05:41"
2026-05-26T21:05:56.562503,1360,12980000,-0.016,0.016,-0.994,-3.725,0.115,-1.198,30.84,27.4425,-0.138,"27.4425,   -0.138, 26 May 2026, 21:05:51"
2026-05-26T21:06:06.502272,1361,12990000,-0.021,0.016,-0.997,-3.389,0.29,-1.206,30.84,27.438,-0.14,"27.4380,   -0.140, 26 May 2026, 21:06:01"
2026-05-26T21:06:16.559551,1362,13000000,-0.017,0.014,-1.0,-3.626,0.305,-1.069,30.79,27.3954,-0.139,"27.3954,   -0.139, 26 May 2026, 21:06:11"
2026-05-26T21:06:26.622465,1363,13010000,-0.012,0.015,-1.005,-3.656,0.153,-1.137,30.74,27.3345,-0.138,"27.3345,   -0.138, 26 May 2026, 21:06:21"
2026-05-26T21:06:36.562502,1364,13020000,-0.017,0.018,-1.0,-3.573,0.191,-0.908,30.84,27.3355,-0.136,"27.3355,   -0.136, 26 May 2026, 21:06:31"
2026-05-26T21:06:46.562272,1365,13030000,-0.01,0.013,-0.994,-3.519,0.214,-0.992,30.79,27.3414,-0.137,"27.3414,   -0.137, 26 May 2026, 21:06:41"
2026-05-26T21:06:56.562356,1366,13040000,-0.02,0.017,-0.993,-3.763,0.168,-0.908,30.69,27.3134,-0.139,"27.3134,   -0.139, 26 May 2026, 21:06:51"
2026-05-26T21:07:06.500782,1367,13050000,-0.018,0.017,-0.988,-3.603,0.076,-0.855,30.69,27.2868,-0.139,"27.2868,   -0.139, 26 May 2026, 21:07:01"
2026-05-26T21:07:16.623113,1368,13060000,-0.02,0.011,-1.001,-3.527,0.275,-0.954,30.74,27.2967,-0.14,"27.2967,   -0.140, 26 May 2026, 21:07:11"
2026-05-26T21:07:26.562316,1369,13070000,-0.013,0.015,-0.994,-3.649,0.206,-1.153,30.55,27.2847,-0.141,"27.2847,   -0.141, 26 May 2026, 21:07:21"
2026-05-26T21:07:36.562472,1370,13080000,-0.016,0.017,-0.998,-3.656,0.221,-1.107,30.65,27.2714,-0.139,"27.2714,   -0.139, 26 May 2026, 21:07:31"
2026-05-26T21:07:46.562506,1371,13090000,-0.017,0.015,-0.999,-3.595,0.282,-1.084,30.65,27.2466,-0.139,"27.2466,   -0.139, 26 May 2026, 21:07:41"
2026-05-26T21:07:56.622152,1372,13100000,-0.011,0.014,-1.008,-3.634,0.26,-1.122,30.74,27.2761,-0.14,"27.2761,   -0.140, 26 May 2026, 21:07:51"
2026-05-26T21:08:06.501479,1373,13110000,-0.022,0.018,-0.992,-3.511,0.244,-1.191,30.74,27.3112,-0.138,"27.3112,   -0.138, 26 May 2026, 21:08:01"
2026-05-26T21:08:16.562834,1374,13120000,-0.013,0.011,-0.999,-3.611,0.168,-1.13,30.84,27.3413,-0.139,"27.3413,   -0.139, 26 May 2026, 21:08:11"
2026-05-26T21:08:26.562292,1375,13130000,-0.018,0.013,-1.009,-3.542,0.221,-1.084,30.88,27.3808,-0.14,"27.3808,   -0.140, 26 May 2026, 21:08:21"
2026-05-26T21:08:36.562300,1376,13140000,-0.017,0.018,-0.991,-3.473,0.237,-0.992,30.88,27.4388,-0.138,"27.4388,   -0.138, 26 May 2026, 21:08:31"
2026-05-26T21:08:46.567128,1377,13150000,-0.016,0.013,-1.005,-3.55,0.427,-1.0,30.93,27.4593,-0.137,"27.4593,   -0.137, 26 May 2026, 21:08:41"
2026-05-26T21:08:56.559547,1378,13160000,-0.015,0.01,-0.995,-3.527,0.305,-1.069,30.79,27.4856,-0.139,"27.4856,   -0.139, 26 May 2026, 21:08:51"
2026-05-26T21:09:06.502618,1379,13170000,-0.013,0.013,-0.999,-3.71,0.282,-0.962,30.88,27.5228,-0.134,"27.5228,   -0.134, 26 May 2026, 21:09:01"
2026-05-26T21:09:16.562491,1380,13180000,-0.014,0.012,-0.996,-3.435,0.298,-1.16,30.84,27.5362,-0.139,"27.5362,   -0.139, 26 May 2026, 21:09:11"
2026-05-26T21:09:26.622652,1381,13190000,-0.011,0.01,-1.002,-3.496,0.405,-1.168,30.84,27.5547,-0.14,"27.5547,   -0.140, 26 May 2026, 21:09:21"
2026-05-26T21:09:36.562233,1382,13200000,-0.019,0.014,-1.003,-3.626,0.351,-1.038,30.88,27.5951,-0.138,"27.5951,   -0.138, 26 May 2026, 21:09:31"
2026-05-26T21:09:46.561353,1383,13210000,-0.02,0.017,-1.0,-3.511,0.176,-1.176,30.88,27.6211,-0.14,"27.6211,   -0.140, 26 May 2026, 21:09:41"
2026-05-26T21:09:56.562243,1384,13220000,-0.013,0.011,-0.995,-3.481,0.198,-1.038,30.88,27.6478,-0.139,"27.6478,   -0.139, 26 May 2026, 21:09:51"
2026-05-26T21:10:06.624802,1385,13230000,-0.015,0.012,-0.999,-3.458,0.313,-1.267,30.98,27.665,-0.136,"27.6650,   -0.136, 26 May 2026, 21:10:01"
2026-05-26T21:10:16.622165,1386,13240000,-0.018,0.018,-0.996,-3.496,0.191,-0.939,30.93,27.6732,-0.137,"27.6732,   -0.137, 26 May 2026, 21:10:11"
2026-05-26T21:10:26.623202,1387,13250000,-0.018,0.016,-1.002,-3.565,0.336,-0.947,30.98,27.6687,-0.136,"27.6687,   -0.136, 26 May 2026, 21:10:21"
2026-05-26T21:10:36.622190,1388,13260000,-0.009,0.015,-0.995,-3.557,0.237,-0.969,30.98,27.6818,-0.139,"27.6818,   -0.139, 26 May 2026, 21:10:31"
2026-05-26T21:10:46.562193,1389,13270000,-0.017,0.012,-1.001,-3.573,0.328,-0.924,30.98,27.7051,-0.137,"27.7051,   -0.137, 26 May 2026, 21:10:41"
2026-05-26T21:10:56.562611,1390,13280000,-0.014,0.015,-1.005,-3.58,0.115,-1.229,30.79,27.7244,-0.141,"27.7244,   -0.141, 26 May 2026, 21:10:51"
2026-05-26T21:11:06.564056,1391,13290000,-0.02,0.015,-0.991,-3.626,0.298,-1.168,30.84,27.7425,-0.138,"27.7425,   -0.138, 26 May 2026, 21:11:01"
2026-05-26T21:11:16.562685,1392,13300000,-0.025,0.019,-1.002,-3.489,0.366,-1.13,30.84,27.7654,-0.139,"27.7654,   -0.139, 26 May 2026, 21:11:11"
2026-05-26T21:11:26.562075,1393,13310000,-0.018,0.012,-1.001,-3.687,0.168,-1.031,30.98,27.7858,-0.139,"27.7858,   -0.139, 26 May 2026, 21:11:21"
2026-05-26T21:11:36.622179,1394,13320000,-0.017,0.014,-0.998,-3.58,0.229,-1.008,30.98,27.7961,-0.137,"27.7961,   -0.137, 26 May 2026, 21:11:31"
2026-05-26T21:11:46.622279,1395,13330000,-0.013,0.013,-0.999,-3.58,0.214,-1.237,30.98,27.8151,-0.138,"27.8151,   -0.138, 26 May 2026, 21:11:41"
2026-05-26T21:11:56.622644,1396,13340000,-0.013,0.011,-1.009,-3.489,0.107,-1.031,30.98,27.8459,-0.138,"27.8459,   -0.138, 26 May 2026, 21:11:51"
2026-05-26T21:12:06.622122,1397,13350000,-0.013,0.008,-0.999,-3.618,0.237,-1.267,30.93,27.878,-0.138,"27.8780,   -0.138, 26 May 2026, 21:12:01"
2026-05-26T21:12:16.623606,1398,13360000,-0.013,0.015,-1.004,-3.687,0.122,-0.916,30.98,27.904,-0.139,"27.9040,   -0.139, 26 May 2026, 21:12:11"
2026-05-26T21:12:26.622748,1399,13370000,-0.014,0.012,-1.002,-3.595,0.397,-1.053,31.07,27.9291,-0.137,"27.9291,   -0.137, 26 May 2026, 21:12:21"
2026-05-26T21:12:36.621525,1400,13380000,-0.014,0.013,-1.004,-3.489,0.115,-1.176,30.88,27.9524,-0.14,"27.9524,   -0.140, 26 May 2026, 21:12:31"
2026-05-26T21:12:46.622588,1401,13390000,-0.015,0.01,-1.001,-3.55,0.397,-1.023,31.07,27.9843,-0.137,"27.9843,   -0.137, 26 May 2026, 21:12:41"
2026-05-26T21:12:56.622697,1402,13400000,-0.014,0.007,-1.003,-3.664,0.282,-1.038,31.17,28.0139,-0.137,"28.0139,   -0.137, 26 May 2026, 21:12:51"
2026-05-26T21:13:06.622267,1403,13410000,-0.021,0.02,-1.005,-3.42,0.313,-0.939,31.07,28.0437,-0.139,"28.0437,   -0.139, 26 May 2026, 21:13:01"
2026-05-26T21:13:16.622535,1404,13420000,-0.011,0.016,-1.001,-3.412,0.344,-1.153,31.21,28.0626,-0.136,"28.0626,   -0.136, 26 May 2026, 21:13:11"
2026-05-26T21:13:26.562351,1405,13430000,-0.015,0.012,-1.0,-3.42,0.16,-1.099,31.12,28.0712,-0.137,"28.0712,   -0.137, 26 May 2026, 21:13:21"
2026-05-26T21:13:36.562429,1406,13440000,-0.017,0.011,-0.995,-3.626,0.366,-1.176,31.12,28.0674,-0.136,"28.0674,   -0.136, 26 May 2026, 21:13:31"
2026-05-26T21:13:46.621874,1407,13450000,-0.015,0.013,-0.995,-3.672,0.206,-0.908,31.17,28.0656,-0.138,"28.0656,   -0.138, 26 May 2026, 21:13:41"
2026-05-26T21:13:56.563364,1408,13460000,-0.015,0.018,-0.999,-3.489,0.198,-1.038,31.07,28.0417,-0.137,"28.0417,   -0.137, 26 May 2026, 21:13:51"
2026-05-26T21:14:06.562906,1409,13470000,-0.012,0.013,-1.002,-3.565,0.252,-1.145,31.07,28.0235,-0.135,"28.0235,   -0.135, 26 May 2026, 21:14:01"
2026-05-26T21:14:16.622234,1410,13480000,-0.019,0.013,-1.002,-3.427,0.275,-0.931,31.07,28.0237,-0.136,"28.0237,   -0.136, 26 May 2026, 21:14:11"
2026-05-26T21:14:26.622406,1411,13490000,-0.013,0.015,-1.002,-3.71,0.282,-1.145,31.12,28.0231,-0.14,"28.0231,   -0.140, 26 May 2026, 21:14:21"
2026-05-26T21:14:36.564963,1412,13500000,-0.013,0.016,-0.998,-3.588,0.26,-1.046,31.07,28.0104,-0.138,"28.0104,   -0.138, 26 May 2026, 21:14:31"
2026-05-26T21:14:46.622560,1413,13510000,-0.012,0.015,-0.999,-3.489,0.122,-1.198,31.21,27.9903,-0.135,"27.9903,   -0.135, 26 May 2026, 21:14:41"
2026-05-26T21:14:56.623093,1414,13520000,-0.019,0.021,-1.0,-3.519,0.26,-1.099,31.12,27.9653,-0.14,"27.9653,   -0.140, 26 May 2026, 21:14:51"
2026-05-26T21:15:06.621407,1415,13530000,-0.015,0.012,-0.999,-3.458,0.229,-1.0,31.21,27.9366,-0.139,"27.9366,   -0.139, 26 May 2026, 21:15:01"
2026-05-26T21:15:16.623107,1416,13540000,-0.011,0.016,-1.003,-3.618,0.153,-0.977,31.07,27.8807,-0.137,"27.8807,   -0.137, 26 May 2026, 21:15:11"
2026-05-26T21:15:26.622567,1417,13550000,-0.013,0.01,-0.999,-3.542,0.366,-1.122,31.17,27.8305,-0.137,"27.8305,   -0.137, 26 May 2026, 21:15:21"
2026-05-26T21:15:36.621586,1418,13560000,-0.017,0.011,-0.997,-3.565,0.176,-1.069,31.12,27.7914,-0.14,"27.7914,   -0.140, 26 May 2026, 21:15:31"
2026-05-26T21:15:46.622224,1419,13570000,-0.018,0.015,-1.0,-3.511,0.229,-1.084,31.07,27.7244,-0.141,"27.7244,   -0.141, 26 May 2026, 21:15:41"
2026-05-26T21:15:56.626849,1420,13580000,-0.014,0.016,-0.993,-3.427,0.344,-1.061,31.17,27.6803,-0.139,"27.6803,   -0.139, 26 May 2026, 21:15:51"
2026-05-26T21:16:06.622342,1421,13590000,-0.013,0.017,-0.998,-3.634,0.183,-1.023,31.07,27.6325,-0.139,"27.6325,   -0.139, 26 May 2026, 21:16:01"
2026-05-26T21:16:16.622184,1422,13600000,-0.014,0.014,-1.003,-3.573,0.137,-1.275,31.07,27.6308,-0.136,"27.6308,   -0.136, 26 May 2026, 21:16:11"
2026-05-26T21:16:26.623287,1423,13610000,-0.011,0.014,-1.004,-3.557,0.244,-1.084,31.02,27.626,-0.141,"27.6260,   -0.141, 26 May 2026, 21:16:21"
2026-05-26T21:16:36.561768,1424,13620000,-0.01,0.012,-1.004,-3.542,0.252,-1.046,31.02,27.6035,-0.134,"27.6035,   -0.134, 26 May 2026, 21:16:31"
2026-05-26T21:16:46.622917,1425,13630000,-0.014,0.008,-0.993,-3.649,0.237,-1.282,31.17,27.619,-0.14,"27.6190,   -0.140, 26 May 2026, 21:16:41"
2026-05-26T21:16:56.622870,1426,13640000,-0.014,0.017,-1.003,-3.573,0.176,-1.214,30.93,27.648,-0.136,"27.6480,   -0.136, 26 May 2026, 21:16:51"
2026-05-26T21:17:06.622297,1427,13650000,-0.022,0.008,-1.001,-3.595,0.267,-1.107,30.84,27.6674,-0.136,"27.6674,   -0.136, 26 May 2026, 21:17:01"
2026-05-26T21:17:16.562895,1428,13660000,-0.016,0.017,-0.996,-3.504,0.26,-0.916,30.74,27.6347,-0.138,"27.6347,   -0.138, 26 May 2026, 21:17:11"
2026-05-26T21:17:26.568957,1429,13670000,-0.013,0.013,-0.997,-3.634,0.099,-1.13,30.55,27.5692,-0.137,"27.5692,   -0.137, 26 May 2026, 21:17:21"
2026-05-26T21:17:36.622804,1430,13680000,-0.014,0.016,-0.994,-3.664,0.16,-1.031,30.6,27.5305,-0.136,"27.5305,   -0.136, 26 May 2026, 21:17:31"
2026-05-26T21:17:46.561502,1431,13690000,-0.02,0.017,-0.995,-3.504,0.168,-0.985,30.74,27.48,-0.14,"27.4800,   -0.140, 26 May 2026, 21:17:41"
2026-05-26T21:17:56.562624,1432,13700000,-0.021,0.011,-1.011,-3.527,0.198,-1.0,30.74,27.4717,-0.137,"27.4717,   -0.137, 26 May 2026, 21:17:51"
2026-05-26T21:18:06.622728,1433,13710000,-0.018,0.014,-0.997,-3.565,0.183,-0.985,30.88,27.4669,-0.14,"27.4669,   -0.140, 26 May 2026, 21:18:01"
2026-05-26T21:18:16.622365,1434,13720000,-0.015,0.011,-1.002,-3.779,0.069,-1.153,30.84,27.4718,-0.135,"27.4718,   -0.135, 26 May 2026, 21:18:11"
2026-05-26T21:18:26.562613,1435,13730000,-0.014,0.016,-0.992,-3.534,0.344,-0.977,30.88,27.4943,-0.138,"27.4943,   -0.138, 26 May 2026, 21:18:21"
2026-05-26T21:18:36.622676,1436,13740000,-0.012,0.018,-0.995,-3.74,0.305,-1.153,30.88,27.4963,-0.137,"27.4963,   -0.137, 26 May 2026, 21:18:31"
2026-05-26T21:18:46.622291,1437,13750000,-0.014,0.013,-0.993,-3.489,0.221,-1.092,30.98,27.4788,-0.139,"27.4788,   -0.139, 26 May 2026, 21:18:41"
2026-05-26T21:18:56.623321,1438,13760000,-0.018,0.017,-0.983,-3.504,0.298,-0.893,30.93,27.4244,-0.138,"27.4244,   -0.138, 26 May 2026, 21:18:51"
2026-05-26T21:19:06.622280,1439,13770000,-0.011,0.016,-1.0,-3.634,0.29,-0.947,30.84,27.3717,-0.135,"27.3717,   -0.135, 26 May 2026, 21:19:01"
2026-05-26T21:19:16.622993,1440,13780000,-0.011,0.021,-1.002,-3.55,0.153,-1.168,30.88,27.3682,-0.136,"27.3682,   -0.136, 26 May 2026, 21:19:11"
2026-05-26T21:19:26.561594,1441,13790000,-0.013,0.021,-1.0,-3.481,0.366,-0.878,30.84,27.352,-0.138,"27.3520,   -0.138, 26 May 2026, 21:19:21"
2026-05-26T21:19:36.559641,1442,13800000,-0.016,0.013,-1.004,-3.496,0.321,-1.145,30.74,27.3602,-0.134,"27.3602,   -0.134, 26 May 2026, 21:19:31"
2026-05-26T21:19:46.623095,1443,13810000,-0.019,0.013,-0.997,-3.519,0.16,-1.046,30.79,27.3339,-0.139,"27.3339,   -0.139, 26 May 2026, 21:19:41"
2026-05-26T21:19:56.622243,1444,13820000,-0.007,0.013,-0.998,-3.55,0.267,-1.137,30.69,27.3566,-0.133,"27.3566,   -0.133, 26 May 2026, 21:19:51"
2026-05-26T21:20:06.623535,1445,13830000,-0.015,0.014,-1.006,-3.626,0.168,-1.137,30.6,27.3832,-0.138,"27.3832,   -0.138, 26 May 2026, 21:20:01"
2026-05-26T21:20:16.559240,1446,13840000,-0.014,0.014,-0.998,-3.542,0.229,-1.084,30.51,27.4005,-0.137,"27.4005,   -0.137, 26 May 2026, 21:20:11"
2026-05-26T21:20:26.562818,1447,13850000,-0.016,0.015,-0.998,-3.511,0.13,-1.092,30.6,27.4322,-0.137,"27.4322,   -0.137, 26 May 2026, 21:20:21"
2026-05-26T21:20:36.560662,1448,13860000,-0.016,0.015,-1.0,-3.802,0.053,-1.023,30.79,27.4705,-0.136,"27.4705,   -0.136, 26 May 2026, 21:20:31"
2026-05-26T21:20:46.624629,1449,13870000,-0.017,0.015,-1.0,-3.672,0.366,-1.061,30.74,27.498,-0.138,"27.4980,   -0.138, 26 May 2026, 21:20:41"
2026-05-26T21:20:56.622447,1450,13880000,-0.017,0.015,-0.997,-3.489,0.237,-1.137,30.88,27.5407,-0.136,"27.5407,   -0.136, 26 May 2026, 21:20:51"
2026-05-26T21:21:06.623204,1451,13890000,-0.019,0.019,-0.996,-3.511,0.107,-1.076,30.98,27.5795,-0.134,"27.5795,   -0.134, 26 May 2026, 21:21:01"
2026-05-26T21:21:16.622177,1452,13900000,-0.019,0.017,-1.0,-3.511,0.237,-0.931,30.84,27.6166,-0.133,"27.6166,   -0.133, 26 May 2026, 21:21:11"
2026-05-26T21:21:26.622462,1453,13910000,-0.015,0.018,-1.001,-3.588,0.336,-1.023,30.98,27.655,-0.136,"27.6550,   -0.136, 26 May 2026, 21:21:21"
2026-05-26T21:21:36.574183,1454,13920000,-0.021,0.017,-1.001,-3.405,0.13,-1.145,30.88,27.683,-0.137,"27.6830,   -0.137, 26 May 2026, 21:21:31"
2026-05-26T21:21:46.562806,1455,13930000,-0.015,0.018,-0.999,-3.656,0.214,-1.069,30.88,27.7164,-0.137,"27.7164,   -0.137, 26 May 2026, 21:21:41"
2026-05-26T21:21:56.562958,1456,13940000,-0.019,0.014,-1.0,-3.473,0.244,-1.115,30.98,27.744,-0.134,"27.7440,   -0.134, 26 May 2026, 21:21:51"
2026-05-26T21:22:06.623352,1457,13950000,-0.02,0.016,-1.001,-3.557,0.298,-0.901,30.98,27.7922,-0.139,"27.7922,   -0.139, 26 May 2026, 21:22:01"
2026-05-26T21:22:16.566172,1458,13960000,-0.016,0.019,-1.003,-3.466,0.305,-0.939,30.74,27.8206,-0.138,"27.8206,   -0.138, 26 May 2026, 21:22:11"
2026-05-26T21:22:26.562418,1459,13970000,-0.016,0.015,-0.996,-3.626,0.443,-1.008,30.93,27.8333,-0.138,"27.8333,   -0.138, 26 May 2026, 21:22:21"
2026-05-26T21:22:36.622330,1460,13980000,-0.015,0.014,-1.0,-3.58,0.221,-0.992,30.88,27.8587,-0.139,"27.8587,   -0.139, 26 May 2026, 21:22:31"
2026-05-26T21:22:46.624966,1461,13990000,-0.021,0.014,-0.999,-3.42,0.145,-1.168,31.02,27.8753,-0.138,"27.8753,   -0.138, 26 May 2026, 21:22:41"
2026-05-26T21:22:56.563143,1462,14000000,-0.013,0.024,-1.001,-3.55,0.206,-1.061,30.88,27.8892,-0.142,"27.8892,   -0.142, 26 May 2026, 21:22:51"
2026-05-26T21:23:06.622407,1463,14010000,-0.02,0.015,-0.993,-3.397,0.26,-1.153,30.98,27.898,-0.139,"27.8980,   -0.139, 26 May 2026, 21:23:01"
2026-05-26T21:23:16.622903,1464,14020000,-0.02,0.011,-0.996,-3.45,0.305,-1.046,30.98,27.9157,-0.135,"27.9157,   -0.135, 26 May 2026, 21:23:11"
2026-05-26T21:23:26.563111,1465,14030000,-0.01,0.013,-0.998,-3.45,0.389,-1.122,31.02,27.9342,-0.138,"27.9342,   -0.138, 26 May 2026, 21:23:21"
2026-05-26T21:23:36.562329,1466,14040000,-0.013,0.011,-1.0,-3.435,0.206,-0.977,31.07,27.9455,-0.139,"27.9455,   -0.139, 26 May 2026, 21:23:31"
2026-05-26T21:23:46.623692,1467,14050000,-0.015,0.02,-0.996,-3.649,0.427,-1.092,30.98,27.9561,-0.136,"27.9561,   -0.136, 26 May 2026, 21:23:41"
2026-05-26T21:23:56.562642,1468,14060000,-0.021,0.011,-0.995,-3.58,0.16,-0.939,31.02,27.9562,-0.138,"27.9562,   -0.138, 26 May 2026, 21:23:51"
2026-05-26T21:24:06.622389,1469,14070000,-0.016,0.016,-0.999,-3.504,0.275,-1.092,31.07,27.9694,-0.136,"27.9694,   -0.136, 26 May 2026, 21:24:01"
2026-05-26T21:24:16.622162,1470,14080000,-0.015,0.011,-0.998,-3.618,0.221,-1.084,30.98,27.9841,-0.136,"27.9841,   -0.136, 26 May 2026, 21:24:11"
2026-05-26T21:24:26.560575,1471,14090000,-0.014,0.01,-0.999,-3.58,0.321,-1.099,30.98,27.9975,-0.138,"27.9975,   -0.138, 26 May 2026, 21:24:21"
2026-05-26T21:24:36.562230,1472,14100000,-0.012,0.014,-0.997,-3.435,0.206,-1.076,31.12,28.0087,-0.138,"28.0087,   -0.138, 26 May 2026, 21:24:31"
2026-05-26T21:24:46.622240,1473,14110000,-0.015,0.011,-1.0,-3.511,0.374,-1.122,31.07,28.0261,-0.135,"28.0261,   -0.135, 26 May 2026, 21:24:41"
2026-05-26T21:24:56.563115,1474,14120000,-0.022,0.012,-0.996,-3.527,0.206,-1.115,31.02,28.04,-0.138,"28.0400,   -0.138, 26 May 2026, 21:24:51"
2026-05-26T21:25:06.621186,1475,14130000,-0.016,0.011,-0.997,-3.603,0.305,-0.954,31.07,28.0483,-0.136,"28.0483,   -0.136, 26 May 2026, 21:25:01"
2026-05-26T21:25:16.563896,1476,14140000,-0.014,0.018,-1.0,-3.611,0.389,-1.115,31.02,28.0591,-0.14,"28.0591,   -0.140, 26 May 2026, 21:25:11"
2026-05-26T21:25:26.621690,1477,14150000,-0.013,0.01,-1.001,-3.458,0.198,-1.168,31.12,28.0632,-0.135,"28.0632,   -0.135, 26 May 2026, 21:25:21"
2026-05-26T21:25:36.562497,1478,14160000,-0.012,0.016,-0.998,-3.473,0.122,-1.031,31.07,28.0688,-0.137,"28.0688,   -0.137, 26 May 2026, 21:25:31"
2026-05-26T21:25:46.562423,1479,14170000,-0.021,0.014,-0.997,-3.542,0.26,-1.092,31.02,28.0634,-0.136,"28.0634,   -0.136, 26 May 2026, 21:25:41"
2026-05-26T21:25:56.632279,1480,14180000,-0.023,0.014,-1.009,-3.466,0.183,-1.099,30.88,28.0442,-0.136,"28.0442,   -0.136, 26 May 2026, 21:25:51"
2026-05-26T21:26:06.564216,1481,14190000,-0.013,0.013,-1.002,-3.527,0.176,-1.0,30.93,28.021,-0.136,"28.0210,   -0.136, 26 May 2026, 21:26:01"
2026-05-26T21:26:16.622621,1482,14200000,-0.015,0.015,-1.002,-3.641,0.328,-0.962,30.84,27.9846,-0.14,"27.9846,   -0.140, 26 May 2026, 21:26:11"
2026-05-26T21:26:26.622263,1483,14210000,-0.016,0.016,-1.006,-3.58,0.26,-1.015,30.98,27.9629,-0.138,"27.9629,   -0.138, 26 May 2026, 21:26:21"
2026-05-26T21:26:36.622126,1484,14220000,-0.022,0.015,-1.002,-3.573,0.137,-1.023,31.02,27.945,-0.138,"27.9450,   -0.138, 26 May 2026, 21:26:31"
2026-05-26T21:26:46.565486,1485,14230000,-0.02,0.019,-1.003,-3.496,0.389,-1.053,31.07,27.9159,-0.139,"27.9159,   -0.139, 26 May 2026, 21:26:41"
2026-05-26T21:26:56.561290,1486,14240000,-0.011,0.012,-1.0,-3.588,0.244,-1.145,31.07,27.8676,-0.136,"27.8676,   -0.136, 26 May 2026, 21:26:51"
2026-05-26T21:27:06.562968,1487,14250000,-0.013,0.012,-1.016,-3.573,0.153,-1.107,31.12,27.8379,-0.132,"27.8379,   -0.132, 26 May 2026, 21:27:01"
2026-05-26T21:27:16.563407,1488,14260000,-0.015,0.022,-1.002,-3.702,0.466,-1.221,31.07,27.7902,-0.138,"27.7902,   -0.138, 26 May 2026, 21:27:11"
2026-05-26T21:27:26.622583,1489,14270000,-0.012,0.017,-0.995,-3.496,0.351,-1.084,31.07,27.7301,-0.133,"27.7301,   -0.133, 26 May 2026, 21:27:21"
2026-05-26T21:27:36.622708,1490,14280000,-0.017,0.014,-0.996,-3.718,0.244,-0.992,31.02,27.6896,-0.138,"27.6896,   -0.138, 26 May 2026, 21:27:31"
2026-05-26T21:27:46.623460,1491,14290000,-0.017,0.015,-1.008,-3.595,0.145,-1.084,30.98,27.6697,-0.137,"27.6697,   -0.137, 26 May 2026, 21:27:41"
2026-05-26T21:27:56.563093,1492,14300000,-0.02,0.01,-1.005,-3.565,0.214,-0.992,31.02,27.6347,-0.134,"27.6347,   -0.134, 26 May 2026, 21:27:51"
2026-05-26T21:28:06.564072,1493,14310000,-0.014,0.018,-0.993,-3.634,0.244,-1.038,30.93,27.6044,-0.138,"27.6044,   -0.138, 26 May 2026, 21:28:01"
2026-05-26T21:28:16.622183,1494,14320000,-0.015,0.017,-1.009,-3.427,0.183,-0.901,30.98,27.602,-0.134,"27.6020,   -0.134, 26 May 2026, 21:28:11"
2026-05-26T21:28:26.624283,1495,14330000,-0.012,0.01,-1.003,-3.42,0.198,-1.038,30.88,27.5731,-0.137,"27.5731,   -0.137, 26 May 2026, 21:28:21"
2026-05-26T21:28:36.622839,1496,14340000,-0.014,0.02,-0.998,-3.504,0.122,-1.061,30.74,27.5831,-0.137,"27.5831,   -0.137, 26 May 2026, 21:28:31"
2026-05-26T21:28:46.562273,1497,14350000,-0.022,0.012,-0.991,-3.634,0.26,-1.023,30.88,27.5655,-0.14,"27.5655,   -0.140, 26 May 2026, 21:28:41"
2026-05-26T21:28:56.563055,1498,14360000,-0.016,0.016,-0.99,-3.679,0.198,-1.122,30.93,27.5498,-0.133,"27.5498,   -0.133, 26 May 2026, 21:28:51"
2026-05-26T21:29:06.622490,1499,14370000,-0.021,0.011,-0.992,-3.55,0.366,-1.198,30.98,27.5479,-0.136,"27.5479,   -0.136, 26 May 2026, 21:29:01"
2026-05-26T21:29:16.622290,1500,14380000,-0.018,0.016,-1.01,-3.443,0.29,-1.122,30.98,27.5068,-0.138,"27.5068,   -0.138, 26 May 2026, 21:29:11"
2026-05-26T21:29:26.622570,1501,14390000,-0.013,0.016,-1.001,-3.611,0.42,-0.947,31.02,27.489,-0.139,"27.4890,   -0.139, 26 May 2026, 21:29:21"
2026-05-26T21:29:36.561328,1502,14400000,-0.01,0.012,-0.997,-3.58,0.221,-1.16,30.98,27.4709,-0.139,"27.4709,   -0.139, 26 May 2026, 21:29:31"
2026-05-26T21:29:46.622558,1503,14410000,-0.024,0.018,-1.002,-3.573,0.206,-1.053,30.93,27.4593,-0.137,"27.4593,   -0.137, 26 May 2026, 21:29:41"
2026-05-26T21:29:56.568985,1504,14420000,-0.019,0.012,-1.002,-3.489,0.229,-1.061,31.02,27.4452,-0.134,"27.4452,   -0.134, 26 May 2026, 21:29:51"
2026-05-26T21:30:06.623197,1505,14430000,-0.016,0.014,-1.007,-3.656,0.298,-1.046,31.02,27.4217,-0.134,"27.4217,   -0.134, 26 May 2026, 21:30:01"
2026-05-26T21:30:16.622357,1506,14440000,-0.015,0.018,-1.007,-3.496,0.252,-1.191,30.93,27.3957,-0.133,"27.3957,   -0.133, 26 May 2026, 21:30:11"
2026-05-26T21:30:26.622842,1507,14450000,-0.022,0.016,-0.994,-3.427,0.321,-1.198,30.93,27.3636,-0.134,"27.3636,   -0.134, 26 May 2026, 21:30:21"
2026-05-26T21:30:36.622278,1508,14460000,-0.012,0.012,-1.007,-3.519,0.206,-1.099,30.65,27.3348,-0.133,"27.3348,   -0.133, 26 May 2026, 21:30:31"
2026-05-26T21:30:46.622315,1509,14470000,-0.012,0.013,-0.997,-3.611,0.076,-1.023,30.69,27.3338,-0.137,"27.3338,   -0.137, 26 May 2026, 21:30:41"
2026-05-26T21:30:56.564972,1510,14480000,-0.009,0.017,-0.998,-3.489,0.359,-1.084,30.79,27.3219,-0.135,"27.3219,   -0.135, 26 May 2026, 21:30:51"
2026-05-26T21:31:06.621556,1511,14490000,-0.017,0.015,-0.991,-3.481,0.099,-1.092,30.79,27.3331,-0.132,"27.3331,   -0.132, 26 May 2026, 21:31:01"
2026-05-26T21:31:16.562204,1512,14500000,-0.015,0.019,-0.994,-3.504,0.252,-1.038,30.93,27.3473,-0.136,"27.3473,   -0.136, 26 May 2026, 21:31:11"
2026-05-26T21:31:26.561017,1513,14510000,-0.012,0.02,-1.008,-3.473,0.107,-0.954,30.88,27.332,-0.138,"27.3320,   -0.138, 26 May 2026, 21:31:21"
2026-05-26T21:31:36.623276,1514,14520000,-0.009,0.011,-1.002,-3.565,0.29,-0.931,30.93,27.3134,-0.135,"27.3134,   -0.135, 26 May 2026, 21:31:31"
2026-05-26T21:31:46.632225,1515,14530000,-0.019,0.007,-1.003,-3.573,0.374,-1.214,30.93,27.2756,-0.137,"27.2756,   -0.137, 26 May 2026, 21:31:41"
2026-05-26T21:31:56.623009,1516,14540000,-0.022,0.016,-0.998,-3.573,0.321,-1.099,30.93,27.2603,-0.136,"27.2603,   -0.136, 26 May 2026, 21:31:51"
2026-05-26T21:32:06.622469,1517,14550000,-0.017,0.019,-1.003,-3.565,0.214,-1.053,30.88,27.275,-0.134,"27.2750,   -0.134, 26 May 2026, 21:32:01"
2026-05-26T21:32:16.560413,1518,14560000,-0.014,0.02,-1.003,-3.534,0.252,-1.099,31.12,27.2945,-0.134,"27.2945,   -0.134, 26 May 2026, 21:32:11"
2026-05-26T21:32:26.622526,1519,14570000,-0.013,0.012,-0.997,-3.466,0.092,-1.153,30.93,27.333,-0.134,"27.3330,   -0.134, 26 May 2026, 21:32:21"
2026-05-26T21:32:36.623137,1520,14580000,-0.015,0.017,-0.998,-3.489,0.313,-1.061,30.93,27.3755,-0.136,"27.3755,   -0.136, 26 May 2026, 21:32:31"
2026-05-26T21:32:46.622368,1521,14590000,-0.017,0.017,-0.994,-3.504,0.176,-1.031,30.98,27.4073,-0.135,"27.4073,   -0.135, 26 May 2026, 21:32:41"
2026-05-26T21:32:56.562169,1522,14600000,-0.019,0.016,-1.003,-3.366,0.351,-1.351,30.88,27.4493,-0.135,"27.4493,   -0.135, 26 May 2026, 21:32:51"
2026-05-26T21:33:06.621119,1523,14610000,-0.019,0.011,-0.993,-3.435,0.374,-1.0,30.74,27.4903,-0.138,"27.4903,   -0.138, 26 May 2026, 21:33:01"
2026-05-26T21:33:16.623004,1524,14620000,-0.011,0.012,-0.996,-3.611,0.328,-1.046,30.84,27.5357,-0.138,"27.5357,   -0.138, 26 May 2026, 21:33:11"
2026-05-26T21:33:26.561425,1525,14630000,-0.016,0.019,-1.006,-3.489,0.168,-1.137,30.84,27.5696,-0.136,"27.5696,   -0.136, 26 May 2026, 21:33:21"
2026-05-26T21:33:36.561516,1526,14640000,-0.011,0.014,-1.0,-3.58,0.313,-1.122,30.88,27.6005,-0.135,"27.6005,   -0.135, 26 May 2026, 21:33:31"
2026-05-26T21:33:46.622754,1527,14650000,-0.013,0.017,-1.002,-3.427,0.237,-1.061,30.79,27.6135,-0.139,"27.6135,   -0.139, 26 May 2026, 21:33:41"
2026-05-26T21:33:56.623586,1528,14660000,-0.017,0.016,-1.002,-3.557,0.313,-1.046,30.84,27.6256,-0.137,"27.6256,   -0.137, 26 May 2026, 21:33:51"
2026-05-26T21:34:06.623165,1529,14670000,-0.015,0.011,-0.995,-3.45,0.351,-0.947,30.93,27.6532,-0.134,"27.6532,   -0.134, 26 May 2026, 21:34:01"
2026-05-26T21:34:16.622684,1530,14680000,-0.015,0.017,-1.003,-3.55,0.252,-1.221,30.93,27.6837,-0.136,"27.6837,   -0.136, 26 May 2026, 21:34:11"
2026-05-26T21:34:26.628646,1531,14690000,-0.016,0.015,-1.009,-3.595,0.237,-1.046,31.02,27.7058,-0.137,"27.7058,   -0.137, 26 May 2026, 21:34:21"
2026-05-26T21:34:36.623122,1532,14700000,-0.011,0.017,-1.007,-3.504,0.412,-0.916,31.07,27.7216,-0.136,"27.7216,   -0.136, 26 May 2026, 21:34:31"
2026-05-26T21:34:46.622804,1533,14710000,-0.019,0.017,-1.004,-3.504,0.252,-0.969,30.84,27.7346,-0.135,"27.7346,   -0.135, 26 May 2026, 21:34:41"
2026-05-26T21:34:56.622363,1534,14720000,-0.013,0.015,-1.0,-3.672,0.282,-0.893,30.79,27.7467,-0.134,"27.7467,   -0.134, 26 May 2026, 21:34:51"
2026-05-26T21:35:06.623791,1535,14730000,-0.013,0.013,-0.994,-3.595,0.305,-1.137,30.88,27.7618,-0.135,"27.7618,   -0.135, 26 May 2026, 21:35:01"
2026-05-26T21:35:16.620895,1536,14740000,-0.013,0.017,-0.988,-3.473,0.244,-0.893,30.93,27.7816,-0.135,"27.7816,   -0.135, 26 May 2026, 21:35:11"
2026-05-26T21:35:26.622582,1537,14750000,-0.016,0.016,-0.998,-3.702,0.351,-1.198,31.02,27.8058,-0.135,"27.8058,   -0.135, 26 May 2026, 21:35:21"
2026-05-26T21:35:36.622895,1538,14760000,-0.012,0.01,-1.005,-3.626,0.344,-1.008,30.98,27.8238,-0.135,"27.8238,   -0.135, 26 May 2026, 21:35:31"
2026-05-26T21:35:46.622895,1539,14770000,-0.02,0.019,-1.0,-3.389,0.275,-1.0,30.93,27.8314,-0.136,"27.8314,   -0.136, 26 May 2026, 21:35:41"
2026-05-26T21:35:56.622301,1540,14780000,-0.017,0.016,-0.995,-3.641,0.16,-1.13,30.93,27.8522,-0.136,"27.8522,   -0.136, 26 May 2026, 21:35:51"
2026-05-26T21:36:06.623018,1541,14790000,-0.019,0.014,-1.008,-3.695,0.061,-1.008,30.88,27.8747,-0.132,"27.8747,   -0.132, 26 May 2026, 21:36:01"
2026-05-26T21:36:16.621758,1542,14800000,-0.018,0.014,-0.996,-3.412,0.221,-1.237,30.93,27.8916,-0.138,"27.8916,   -0.138, 26 May 2026, 21:36:11"
2026-05-26T21:36:26.622519,1543,14810000,-0.022,0.016,-0.998,-3.481,0.229,-1.046,30.88,27.9063,-0.136,"27.9063,   -0.136, 26 May 2026, 21:36:21"
2026-05-26T21:36:36.622524,1544,14820000,-0.015,0.012,-0.998,-3.565,0.267,-1.046,30.98,27.914,-0.133,"27.9140,   -0.133, 26 May 2026, 21:36:31"
2026-05-26T21:36:46.623676,1545,14830000,-0.017,0.012,-1.003,-3.58,0.389,-1.229,30.93,27.9255,-0.132,"27.9255,   -0.132, 26 May 2026, 21:36:41"
2026-05-26T21:36:56.622698,1546,14840000,-0.015,0.015,-0.992,-3.588,0.282,-1.214,30.98,27.9347,-0.136,"27.9347,   -0.136, 26 May 2026, 21:36:51"
2026-05-26T21:37:06.562588,1547,14850000,-0.016,0.013,-0.994,-3.45,0.252,-0.939,30.98,27.9493,-0.136,"27.9493,   -0.136, 26 May 2026, 21:37:01"
2026-05-26T21:37:16.622337,1548,14860000,-0.018,0.017,-1.004,-3.565,0.313,-0.992,30.98,27.9643,-0.135,"27.9643,   -0.135, 26 May 2026, 21:37:11"
2026-05-26T21:37:26.635441,1549,14870000,-0.014,0.016,-1.0,-3.573,0.214,-1.008,31.07,28.0077,-0.136,"28.0077,   -0.136, 26 May 2026, 21:37:21"
2026-05-26T21:37:36.623032,1550,14880000,-0.017,0.015,-0.994,-3.504,0.145,-1.092,30.98,28.0228,-0.135,"28.0228,   -0.135, 26 May 2026, 21:37:31"
2026-05-26T21:37:46.624286,1551,14890000,-0.014,0.014,-1.006,-3.611,0.252,-1.122,31.02,28.0416,-0.139,"28.0416,   -0.139, 26 May 2026, 21:37:41"
2026-05-26T21:37:56.622824,1552,14900000,-0.014,0.017,-1.002,-3.481,0.198,-0.962,31.07,28.0642,-0.135,"28.0642,   -0.135, 26 May 2026, 21:37:51"
2026-05-26T21:38:06.562122,1553,14910000,-0.015,0.012,-0.994,-3.427,0.321,-1.107,31.12,28.0812,-0.137,"28.0812,   -0.137, 26 May 2026, 21:38:01"
2026-05-26T21:38:16.622224,1554,14920000,-0.02,0.021,-0.999,-3.595,0.229,-0.985,31.07,28.0912,-0.135,"28.0912,   -0.135, 26 May 2026, 21:38:11"
2026-05-26T21:38:26.623042,1555,14930000,-0.015,0.013,-1.004,-3.702,0.237,-1.13,31.07,28.0948,-0.134,"28.0948,   -0.134, 26 May 2026, 21:38:21"
2026-05-26T21:38:36.622310,1556,14940000,-0.017,0.018,-0.997,-3.55,0.244,-1.084,30.98,28.0619,-0.138,"28.0619,   -0.138, 26 May 2026, 21:38:31"
2026-05-26T21:38:46.622459,1557,14950000,-0.018,0.014,-1.003,-3.74,0.282,-1.145,30.98,28.0352,-0.133,"28.0352,   -0.133, 26 May 2026, 21:38:41"
2026-05-26T21:38:56.622568,1558,14960000,-0.013,0.018,-0.992,-3.58,0.252,-1.206,31.02,28.0174,-0.137,"28.0174,   -0.137, 26 May 2026, 21:38:51"
2026-05-26T21:39:06.622493,1559,14970000,-0.019,0.009,-1.0,-3.435,0.321,-1.053,31.07,27.991,-0.135,"27.9910,   -0.135, 26 May 2026, 21:39:01"
2026-05-26T21:39:16.622253,1560,14980000,-0.019,0.014,-1.0,-3.45,0.29,-1.244,30.93,27.934,-0.138,"27.9340,   -0.138, 26 May 2026, 21:39:11"
2026-05-26T21:39:26.635519,1561,14990000,-0.013,0.016,-0.999,-3.595,0.191,-1.008,30.98,27.8924,-0.14,"27.8924,   -0.140, 26 May 2026, 21:39:21"
2026-05-26T21:39:36.622644,1562,15000000,-0.007,0.017,-1.009,-3.603,0.168,-1.16,30.98,27.8695,-0.14,"27.8695,   -0.140, 26 May 2026, 21:39:31"
2026-05-26T21:39:46.621178,1563,15010000,-0.015,0.014,-1.002,-3.519,0.191,-1.115,30.98,27.8232,-0.135,"27.8232,   -0.135, 26 May 2026, 21:39:41"
2026-05-26T21:39:56.622407,1564,15020000,-0.016,0.014,-1.0,-3.542,0.176,-1.214,31.02,27.7911,-0.137,"27.7911,   -0.137, 26 May 2026, 21:39:51"
2026-05-26T21:40:06.630549,1565,15030000,-0.011,0.02,-0.994,-3.603,0.244,-0.977,30.93,27.7115,-0.136,"27.7115,   -0.136, 26 May 2026, 21:40:01"
2026-05-26T21:40:16.622334,1566,15040000,-0.012,0.019,-0.995,-3.489,0.237,-1.092,31.02,27.6959,-0.136,"27.6959,   -0.136, 26 May 2026, 21:40:11"
2026-05-26T21:40:26.622323,1567,15050000,-0.013,0.012,-0.995,-3.679,0.13,-1.038,30.98,27.6661,-0.134,"27.6661,   -0.134, 26 May 2026, 21:40:21"
2026-05-26T21:40:36.623519,1568,15060000,-0.017,0.015,-1.001,-3.634,0.191,-1.099,30.98,27.6667,-0.134,"27.6667,   -0.134, 26 May 2026, 21:40:31"
2026-05-26T21:40:46.622548,1569,15070000,-0.017,0.016,-1.0,-3.595,0.267,-1.137,30.93,27.62,-0.139,"27.6200,   -0.139, 26 May 2026, 21:40:41"
2026-05-26T21:40:56.622471,1570,15080000,-0.016,0.019,-1.003,-3.511,0.183,-1.145,30.98,27.6396,-0.138,"27.6396,   -0.138, 26 May 2026, 21:40:51"
2026-05-26T21:41:06.563235,1571,15090000,-0.013,0.015,-1.005,-3.702,0.344,-1.153,30.88,27.6316,-0.133,"27.6316,   -0.133, 26 May 2026, 21:41:01"
2026-05-26T21:41:16.622506,1572,15100000,-0.016,0.011,-0.993,-3.565,0.198,-1.038,30.98,27.588,-0.136,"27.5880,   -0.136, 26 May 2026, 21:41:11"
2026-05-26T21:41:26.622345,1573,15110000,-0.018,0.012,-0.994,-3.557,0.229,-1.084,30.93,27.5765,-0.134,"27.5765,   -0.134, 26 May 2026, 21:41:21"
2026-05-26T21:41:36.622227,1574,15120000,-0.017,0.02,-0.995,-3.771,0.328,-1.16,30.93,27.5788,-0.134,"27.5788,   -0.134, 26 May 2026, 21:41:31"
2026-05-26T21:41:46.623614,1575,15130000,-0.017,0.018,-1.001,-3.565,0.351,-1.137,30.93,27.5828,-0.136,"27.5828,   -0.136, 26 May 2026, 21:41:41"
2026-05-26T21:41:56.623384,1576,15140000,-0.013,0.015,-0.996,-3.328,0.237,-1.099,30.98,27.5368,-0.135,"27.5368,   -0.135, 26 May 2026, 21:41:51"
2026-05-26T21:42:06.623458,1577,15150000,-0.015,0.014,-0.986,-3.443,0.29,-1.122,30.93,27.4816,-0.135,"27.4816,   -0.135, 26 May 2026, 21:42:01"
2026-05-26T21:42:16.623133,1578,15160000,-0.017,0.018,-0.996,-3.481,0.366,-1.053,30.93,27.4533,-0.137,"27.4533,   -0.137, 26 May 2026, 21:42:11"
2026-05-26T21:42:26.622416,1579,15170000,-0.019,0.013,-0.999,-3.634,0.229,-1.092,30.98,27.4297,-0.136,"27.4297,   -0.136, 26 May 2026, 21:42:21"
2026-05-26T21:42:36.620864,1580,15180000,-0.015,0.013,-1.0,-3.557,0.29,-0.962,30.93,27.4132,-0.135,"27.4132,   -0.135, 26 May 2026, 21:42:31"
2026-05-26T21:42:46.623128,1581,15190000,-0.017,0.012,-0.997,-3.458,0.389,-1.13,30.84,27.3836,-0.135,"27.3836,   -0.135, 26 May 2026, 21:42:41"
2026-05-26T21:42:56.622275,1582,15200000,-0.014,0.02,-1.008,-3.435,0.237,-1.038,30.74,27.3628,-0.135,"27.3628,   -0.135, 26 May 2026, 21:42:51"
2026-05-26T21:43:06.562291,1583,15210000,-0.009,0.011,-0.995,-3.519,0.176,-1.031,30.79,27.3361,-0.136,"27.3361,   -0.136, 26 May 2026, 21:43:01"
2026-05-26T21:43:16.622445,1584,15220000,-0.015,0.011,-0.998,-3.603,0.389,-1.038,30.79,27.3192,-0.133,"27.3192,   -0.133, 26 May 2026, 21:43:11"
2026-05-26T21:43:26.622043,1585,15230000,-0.019,0.01,-0.994,-3.511,0.191,-0.985,30.79,27.2762,-0.137,"27.2762,   -0.137, 26 May 2026, 21:43:21"
2026-05-26T21:43:36.623319,1586,15240000,-0.015,0.017,-1.001,-3.496,0.42,-1.023,30.88,27.2581,-0.135,"27.2581,   -0.135, 26 May 2026, 21:43:31"
2026-05-26T21:43:46.622932,1587,15250000,-0.012,0.015,-0.998,-3.664,0.344,-1.046,30.79,27.2457,-0.134,"27.2457,   -0.134, 26 May 2026, 21:43:41"
2026-05-26T21:43:56.623132,1588,15260000,-0.018,0.014,-0.998,-3.634,0.252,-1.038,30.84,27.2567,-0.135,"27.2567,   -0.135, 26 May 2026, 21:43:51"
2026-05-26T21:44:06.622707,1589,15270000,-0.015,0.015,-1.004,-3.771,0.328,-1.0,30.93,27.2306,-0.135,"27.2306,   -0.135, 26 May 2026, 21:44:01"
2026-05-26T21:44:16.684101,1590,15280000,-0.012,0.016,-0.986,-3.489,-0.008,-1.168,30.88,27.2178,-0.135,"27.2178,   -0.135, 26 May 2026, 21:44:11"
2026-05-26T21:44:26.623025,1591,15290000,-0.01,0.015,-1.002,-3.313,0.305,-1.069,30.93,27.2304,-0.132,"27.2304,   -0.132, 26 May 2026, 21:44:21"
2026-05-26T21:44:36.628301,1592,15300000,-0.017,0.019,-0.999,-3.603,0.29,-1.145,30.88,27.256,-0.133,"27.2560,   -0.133, 26 May 2026, 21:44:31"
2026-05-26T21:44:46.623009,1593,15310000,-0.016,0.018,-1.0,-3.496,0.237,-0.931,30.93,27.2775,-0.134,"27.2775,   -0.134, 26 May 2026, 21:44:41"
2026-05-26T21:44:56.621190,1594,15320000,-0.013,0.015,-0.991,-3.55,0.427,-1.16,30.98,27.3185,-0.139,"27.3185,   -0.139, 26 May 2026, 21:44:51"
2026-05-26T21:45:06.625891,1595,15330000,-0.014,0.015,-1.004,-3.466,0.267,-0.855,30.98,27.3521,-0.132,"27.3521,   -0.132, 26 May 2026, 21:45:01"
2026-05-26T21:45:16.623247,1596,15340000,-0.016,0.012,-0.995,-3.389,0.221,-1.198,30.88,27.3974,-0.135,"27.3974,   -0.135, 26 May 2026, 21:45:11"
2026-05-26T21:45:26.622522,1597,15350000,-0.017,0.015,-0.992,-3.595,0.237,-1.229,30.98,27.434,-0.139,"27.4340,   -0.139, 26 May 2026, 21:45:21"
2026-05-26T21:45:36.623239,1598,15360000,-0.018,0.018,-1.006,-3.389,0.229,-1.237,30.93,27.4685,-0.138,"27.4685,   -0.138, 26 May 2026, 21:45:31"
2026-05-26T21:45:46.622733,1599,15370000,-0.02,0.013,-1.006,-3.534,0.366,-1.344,30.93,27.5107,-0.134,"27.5107,   -0.134, 26 May 2026, 21:45:41"
2026-05-26T21:45:56.622942,1600,15380000,-0.02,0.013,-1.002,-3.527,0.153,-1.198,30.98,27.5394,-0.132,"27.5394,   -0.132, 26 May 2026, 21:45:51"
2026-05-26T21:46:06.559833,1601,15390000,-0.013,0.014,-0.989,-3.634,0.191,-1.031,31.02,27.5572,-0.135,"27.5572,   -0.135, 26 May 2026, 21:46:01"
2026-05-26T21:46:16.623085,1602,15400000,-0.019,0.016,-1.004,-3.664,0.29,-1.115,31.02,27.5921,-0.136,"27.5921,   -0.136, 26 May 2026, 21:46:11"
2026-05-26T21:46:26.622865,1603,15410000,-0.013,0.019,-0.994,-3.45,0.321,-1.137,30.98,27.6291,-0.136,"27.6291,   -0.136, 26 May 2026, 21:46:21"
2026-05-26T21:46:36.636304,1604,15420000,-0.013,0.017,-1.009,-3.641,0.198,-1.191,30.98,27.6475,-0.135,"27.6475,   -0.135, 26 May 2026, 21:46:31"
2026-05-26T21:46:46.622769,1605,15430000,-0.02,0.012,-0.995,-3.58,0.328,-1.145,31.12,27.6753,-0.133,"27.6753,   -0.133, 26 May 2026, 21:46:41"
2026-05-26T21:46:56.620955,1606,15440000,-0.021,0.01,-1.005,-3.511,0.183,-1.031,31.07,27.6831,-0.134,"27.6831,   -0.134, 26 May 2026, 21:46:51"
2026-05-26T21:47:06.622912,1607,15450000,-0.019,0.014,-1.0,-3.557,0.26,-0.977,30.98,27.6953,-0.133,"27.6953,   -0.133, 26 May 2026, 21:47:01"
2026-05-26T21:47:16.622660,1608,15460000,-0.014,0.018,-1.007,-3.45,0.115,-1.122,31.07,27.7068,-0.131,"27.7068,   -0.131, 26 May 2026, 21:47:11"
2026-05-26T21:47:26.622554,1609,15470000,-0.016,0.016,-1.001,-3.626,0.267,-1.076,30.98,27.7171,-0.133,"27.7171,   -0.133, 26 May 2026, 21:47:21"
2026-05-26T21:47:36.622930,1610,15480000,-0.014,0.018,-1.003,-3.481,0.298,-1.16,30.88,27.7408,-0.136,"27.7408,   -0.136, 26 May 2026, 21:47:31"
2026-05-26T21:47:46.622819,1611,15490000,-0.016,0.012,-1.005,-3.511,0.29,-1.221,30.98,27.7684,-0.137,"27.7684,   -0.137, 26 May 2026, 21:47:41"
2026-05-26T21:47:56.622828,1612,15500000,-0.009,0.013,-1.0,-3.504,0.115,-1.107,30.93,27.7815,-0.139,"27.7815,   -0.139, 26 May 2026, 21:47:51"
2026-05-26T21:48:06.562658,1613,15510000,-0.012,0.01,-0.997,-3.565,0.206,-1.031,31.07,27.795,-0.135,"27.7950,   -0.135, 26 May 2026, 21:48:01"
2026-05-26T21:48:16.622717,1614,15520000,-0.015,0.016,-1.003,-3.573,0.229,-1.107,30.93,27.815,-0.136,"27.8150,   -0.136, 26 May 2026, 21:48:11"
2026-05-26T21:48:26.622782,1615,15530000,-0.017,0.017,-0.996,-3.55,0.198,-1.061,30.98,27.8233,-0.136,"27.8233,   -0.136, 26 May 2026, 21:48:21"
2026-05-26T21:48:36.692515,1616,15540000,-0.017,0.011,-0.999,-3.511,0.275,-1.115,30.98,27.8463,-0.135,"27.8463,   -0.135, 26 May 2026, 21:48:31"
2026-05-26T21:48:46.621483,1617,15550000,-0.009,0.014,-0.998,-3.611,0.397,-0.992,30.98,27.8599,-0.135,"27.8599,   -0.135, 26 May 2026, 21:48:41"
2026-05-26T21:48:56.623944,1618,15560000,-0.015,0.014,-1.002,-3.649,0.344,-1.084,30.93,27.8687,-0.136,"27.8687,   -0.136, 26 May 2026, 21:48:51"
2026-05-26T21:49:06.562472,1619,15570000,-0.016,0.015,-0.989,-3.588,0.115,-1.16,30.88,27.8829,-0.137,"27.8829,   -0.137, 26 May 2026, 21:49:01"
2026-05-26T21:49:16.624293,1620,15580000,-0.022,0.013,-0.99,-3.542,0.321,-1.252,30.93,27.9043,-0.135,"27.9043,   -0.135, 26 May 2026, 21:49:11"
2026-05-26T21:49:26.621590,1621,15590000,-0.019,0.019,-0.993,-3.55,0.237,-1.168,30.93,27.9195,-0.132,"27.9195,   -0.132, 26 May 2026, 21:49:21"
2026-05-26T21:49:36.622811,1622,15600000,-0.009,0.014,-0.995,-3.649,0.359,-1.145,31.17,27.9388,-0.135,"27.9388,   -0.135, 26 May 2026, 21:49:31"
2026-05-26T21:49:46.622533,1623,15610000,-0.018,0.015,-1.002,-3.573,0.176,-1.023,31.12,27.9593,-0.136,"27.9593,   -0.136, 26 May 2026, 21:49:41"
2026-05-26T21:49:56.623029,1624,15620000,-0.014,0.016,-0.997,-3.634,0.26,-1.031,31.07,27.9743,-0.133,"27.9743,   -0.133, 26 May 2026, 21:49:51"
2026-05-26T21:50:06.622398,1625,15630000,-0.01,0.011,-1.001,-3.542,0.305,-0.977,31.12,27.9904,-0.135,"27.9904,   -0.135, 26 May 2026, 21:50:01"
2026-05-26T21:50:16.622764,1626,15640000,-0.011,0.012,-1.005,-3.481,0.298,-1.145,31.07,28.0073,-0.133,"28.0073,   -0.133, 26 May 2026, 21:50:11"
2026-05-26T21:50:26.627825,1627,15650000,-0.017,0.014,-0.994,-3.603,0.282,-1.168,31.12,28.0273,-0.135,"28.0273,   -0.135, 26 May 2026, 21:50:21"
2026-05-26T21:50:36.621537,1628,15660000,-0.02,0.014,-1.008,-3.618,0.198,-1.084,31.12,28.0422,-0.134,"28.0422,   -0.134, 26 May 2026, 21:50:31"
2026-05-26T21:50:46.622442,1629,15670000,-0.01,0.011,-1.005,-3.618,0.176,-1.023,31.12,28.0486,-0.135,"28.0486,   -0.135, 26 May 2026, 21:50:41"
2026-05-26T21:50:56.622501,1630,15680000,-0.021,0.012,-1.013,-3.427,0.221,-1.008,31.21,28.0511,-0.135,"28.0511,   -0.135, 26 May 2026, 21:50:51"
2026-05-26T21:51:06.622719,1631,15690000,-0.015,0.017,-0.987,-3.695,0.344,-1.206,31.21,28.0585,-0.136,"28.0585,   -0.136, 26 May 2026, 21:51:01"
2026-05-26T21:51:16.622500,1632,15700000,-0.013,0.018,-0.994,-3.611,0.16,-1.313,31.12,28.0629,-0.134,"28.0629,   -0.134, 26 May 2026, 21:51:11"
2026-05-26T21:51:26.622619,1633,15710000,-0.017,0.015,-0.996,-3.55,0.298,-1.076,31.02,28.043,-0.136,"28.0430,   -0.136, 26 May 2026, 21:51:21"
2026-05-26T21:51:36.623003,1634,15720000,-0.01,0.015,-0.997,-3.603,0.382,-1.244,31.17,27.9884,-0.134,"27.9884,   -0.134, 26 May 2026, 21:51:31"
2026-05-26T21:51:46.623640,1635,15730000,-0.017,0.016,-0.995,-3.534,0.282,-1.16,31.12,27.9655,-0.137,"27.9655,   -0.137, 26 May 2026, 21:51:41"
2026-05-26T21:51:56.622614,1636,15740000,-0.007,0.01,-0.996,-3.618,0.298,-1.099,30.98,27.9403,-0.135,"27.9403,   -0.135, 26 May 2026, 21:51:51"
2026-05-26T21:52:06.562186,1637,15750000,-0.015,0.012,-1.004,-3.573,0.305,-0.962,30.98,27.9097,-0.136,"27.9097,   -0.136, 26 May 2026, 21:52:01"
2026-05-26T21:52:16.622467,1638,15760000,-0.022,0.014,-0.997,-3.542,0.282,-1.16,31.07,27.8802,-0.137,"27.8802,   -0.137, 26 May 2026, 21:52:11"
2026-05-26T21:52:26.623430,1639,15770000,-0.017,0.021,-0.999,-3.42,0.237,-0.985,30.98,27.8465,-0.135,"27.8465,   -0.135, 26 May 2026, 21:52:21"
2026-05-26T21:52:36.622587,1640,15780000,-0.012,0.013,-1.002,-3.519,0.305,-1.061,30.88,27.8264,-0.135,"27.8264,   -0.135, 26 May 2026, 21:52:31"
2026-05-26T21:52:46.622595,1641,15790000,-0.014,0.016,-0.992,-3.511,0.389,-1.031,30.79,27.8047,-0.134,"27.8047,   -0.134, 26 May 2026, 21:52:41"
2026-05-26T21:52:56.623383,1642,15800000,-0.018,0.02,-1.0,-3.588,0.145,-1.015,30.84,27.7965,-0.138,"27.7965,   -0.138, 26 May 2026, 21:52:51"
2026-05-26T21:53:06.622481,1643,15810000,-0.014,0.014,-1.003,-3.481,0.221,-1.008,30.93,27.7509,-0.135,"27.7509,   -0.135, 26 May 2026, 21:53:01"
2026-05-26T21:53:16.622813,1644,15820000,-0.011,0.015,-0.992,-3.588,0.389,-0.969,30.98,27.7284,-0.133,"27.7284,   -0.133, 26 May 2026, 21:53:11"
2026-05-26T21:53:26.622414,1645,15830000,-0.016,0.017,-0.998,-3.504,0.313,-1.107,30.93,27.7399,-0.133,"27.7399,   -0.133, 26 May 2026, 21:53:21"
2026-05-26T21:53:36.622776,1646,15840000,-0.017,0.014,-0.995,-3.519,0.321,-1.176,30.88,27.6977,-0.137,"27.6977,   -0.137, 26 May 2026, 21:53:31"
2026-05-26T21:53:46.620945,1647,15850000,-0.017,0.014,-1.0,-3.435,0.176,-1.183,30.93,27.6586,-0.133,"27.6586,   -0.133, 26 May 2026, 21:53:41"
2026-05-26T21:53:56.624309,1648,15860000,-0.018,0.016,-0.998,-3.695,0.282,-0.985,30.79,27.5952,-0.131,"27.5952,   -0.131, 26 May 2026, 21:53:51"
2026-05-26T21:54:06.622266,1649,15870000,-0.012,0.017,-1.006,-3.58,0.267,-0.939,30.69,27.5389,-0.138,"27.5389,   -0.138, 26 May 2026, 21:54:01"
2026-05-26T21:54:16.622434,1650,15880000,-0.019,0.01,-0.996,-3.634,0.305,-1.046,30.84,27.504,-0.134,"27.5040,   -0.134, 26 May 2026, 21:54:11"
2026-05-26T21:54:26.621289,1651,15890000,-0.016,0.015,-1.002,-3.664,0.267,-1.023,30.84,27.4821,-0.134,"27.4821,   -0.134, 26 May 2026, 21:54:21"
2026-05-26T21:54:36.689269,1652,15900000,-0.015,0.011,-0.996,-3.771,0.328,-1.084,30.88,27.4634,-0.136,"27.4634,   -0.136, 26 May 2026, 21:54:31"
2026-05-26T21:54:46.633475,1653,15910000,-0.019,0.015,-0.987,-3.603,0.344,-1.13,30.84,27.4308,-0.133,"27.4308,   -0.133, 26 May 2026, 21:54:41"
2026-05-26T21:54:56.622562,1654,15920000,-0.019,0.011,-1.011,-3.519,0.321,-1.13,30.79,27.4138,-0.134,"27.4138,   -0.134, 26 May 2026, 21:54:51"
2026-05-26T21:55:06.622760,1655,15930000,-0.013,0.018,-0.995,-3.557,0.282,-0.977,30.84,27.3743,-0.134,"27.3743,   -0.134, 26 May 2026, 21:55:01"
2026-05-26T21:55:16.622599,1656,15940000,-0.016,0.016,-0.996,-3.473,0.321,-1.061,30.88,27.3449,-0.131,"27.3449,   -0.131, 26 May 2026, 21:55:11"
2026-05-26T21:55:26.622352,1657,15950000,-0.018,0.015,-0.998,-3.527,0.229,-1.229,30.88,27.3495,-0.135,"27.3495,   -0.135, 26 May 2026, 21:55:21"
2026-05-26T21:55:36.685771,1658,15960000,-0.017,0.014,-0.999,-3.603,0.16,-1.176,30.88,27.3499,-0.134,"27.3499,   -0.134, 26 May 2026, 21:55:31"
2026-05-26T21:55:46.622482,1659,15970000,-0.013,0.014,-0.996,-3.427,0.214,-1.008,30.93,27.3539,-0.134,"27.3539,   -0.134, 26 May 2026, 21:55:41"
2026-05-26T21:55:56.622653,1660,15980000,-0.016,0.02,-0.996,-3.435,0.328,-0.977,30.88,27.3469,-0.131,"27.3469,   -0.131, 26 May 2026, 21:55:51"
2026-05-26T21:56:06.622439,1661,15990000,-0.014,0.016,-0.993,-3.496,0.168,-0.969,30.93,27.3595,-0.136,"27.3595,   -0.136, 26 May 2026, 21:56:01"
2026-05-26T21:56:16.622650,1662,16000000,-0.01,0.014,-1.004,-3.649,0.206,-1.153,30.98,27.3345,-0.134,"27.3345,   -0.134, 26 May 2026, 21:56:11"
2026-05-26T21:56:26.621796,1663,16010000,-0.01,0.018,-0.993,-3.679,0.26,-0.962,30.98,27.3294,-0.133,"27.3294,   -0.133, 26 May 2026, 21:56:21"
2026-05-26T21:56:36.623050,1664,16020000,-0.014,0.011,-1.007,-3.664,0.305,-1.046,31.07,27.3425,-0.132,"27.3425,   -0.132, 26 May 2026, 21:56:31"
2026-05-26T21:56:46.622091,1665,16030000,-0.017,0.013,-0.997,-3.634,0.389,-0.992,30.98,27.3351,-0.134,"27.3351,   -0.134, 26 May 2026, 21:56:41"
2026-05-26T21:56:56.622228,1666,16040000,-0.022,0.012,-1.003,-3.649,0.374,-0.985,30.98,27.3228,-0.135,"27.3228,   -0.135, 26 May 2026, 21:56:51"
2026-05-26T21:57:06.621681,1667,16050000,-0.012,0.013,-0.998,-3.611,0.275,-1.115,30.98,27.3275,-0.133,"27.3275,   -0.133, 26 May 2026, 21:57:01"
2026-05-26T21:57:16.622459,1668,16060000,-0.013,0.014,-1.002,-3.603,0.282,-1.183,31.07,27.3635,-0.134,"27.3635,   -0.134, 26 May 2026, 21:57:11"
2026-05-26T21:57:26.622688,1669,16070000,-0.017,0.014,-0.995,-3.504,0.214,-1.153,30.93,27.3837,-0.134,"27.3837,   -0.134, 26 May 2026, 21:57:21"
2026-05-26T21:57:36.622505,1670,16080000,-0.019,0.017,-1.001,-3.489,0.282,-1.092,30.98,27.4174,-0.135,"27.4174,   -0.135, 26 May 2026, 21:57:31"
2026-05-26T21:57:46.622325,1671,16090000,-0.017,0.011,-0.998,-3.618,0.336,-1.069,30.98,27.4201,-0.134,"27.4201,   -0.134, 26 May 2026, 21:57:41"
2026-05-26T21:57:56.623386,1672,16100000,-0.015,0.012,-0.995,-3.595,0.282,-1.0,31.02,27.4597,-0.134,"27.4597,   -0.134, 26 May 2026, 21:57:51"
2026-05-26T21:58:06.622325,1673,16110000,-0.015,0.013,-1.007,-3.641,0.176,-0.954,30.88,27.4901,-0.135,"27.4901,   -0.135, 26 May 2026, 21:58:01"
2026-05-26T21:58:16.621623,1674,16120000,-0.017,0.015,-1.005,-3.504,0.061,-1.298,30.98,27.528,-0.137,"27.5280,   -0.137, 26 May 2026, 21:58:11"
2026-05-26T21:58:26.623312,1675,16130000,-0.013,0.016,-1.007,-3.626,0.275,-0.992,31.02,27.5662,-0.135,"27.5662,   -0.135, 26 May 2026, 21:58:21"
2026-05-26T21:58:36.622428,1676,16140000,-0.016,0.012,-1.002,-3.443,0.237,-1.176,31.02,27.5951,-0.135,"27.5951,   -0.135, 26 May 2026, 21:58:31"
2026-05-26T21:58:46.622469,1677,16150000,-0.014,0.017,-0.997,-3.45,0.359,-1.069,30.98,27.6275,-0.133,"27.6275,   -0.133, 26 May 2026, 21:58:41"
2026-05-26T21:58:56.631755,1678,16160000,-0.011,0.015,-1.005,-3.557,0.137,-1.122,31.07,27.6369,-0.135,"27.6369,   -0.135, 26 May 2026, 21:58:51"
2026-05-26T21:59:06.622461,1679,16170000,-0.014,0.015,-1.002,-3.527,0.252,-1.092,30.98,27.6494,-0.136,"27.6494,   -0.136, 26 May 2026, 21:59:01"
2026-05-26T21:59:16.622892,1680,16180000,-0.021,0.015,-0.995,-3.557,0.344,-1.038,31.12,27.661,-0.137,"27.6610,   -0.137, 26 May 2026, 21:59:11"
2026-05-26T21:59:26.622778,1681,16190000,-0.011,0.013,-0.997,-3.603,0.336,-1.153,31.17,27.68,-0.133,"27.6800,   -0.133, 26 May 2026, 21:59:21"
2026-05-26T21:59:36.622835,1682,16200000,-0.019,0.019,-0.998,-3.58,0.214,-0.992,31.07,27.7032,-0.131,"27.7032,   -0.131, 26 May 2026, 21:59:31"
2026-05-26T21:59:46.622466,1683,16210000,-0.014,0.015,-0.993,-3.534,0.252,-0.969,30.98,27.7207,-0.138,"27.7207,   -0.138, 26 May 2026, 21:59:41"
2026-05-26T21:59:56.642504,1684,16220000,-0.009,0.018,-1.0,-3.481,0.336,-0.87,31.02,27.7307,-0.136,"27.7307,   -0.136, 26 May 2026, 21:59:51"
2026-05-26T22:00:06.638277,1685,16230000,-0.019,0.014,-1.005,-3.397,0.145,-1.198,31.07,27.7523,-0.135,"27.7523,   -0.135, 26 May 2026, 22:00:01"
2026-05-26T22:00:16.581899,1686,16240000,-0.02,0.014,-1.0,-3.55,0.176,-1.031,30.98,27.781,-0.132,"27.7810,   -0.132, 26 May 2026, 22:00:11"
2026-05-26T22:00:26.582840,1687,16250000,-0.014,0.02,-1.0,-3.611,0.237,-1.145,31.12,27.8174,-0.131,"27.8174,   -0.131, 26 May 2026, 22:00:21"
2026-05-26T22:00:36.581576,1688,16260000,-0.015,0.02,-1.007,-3.542,0.176,-0.924,31.02,27.8349,-0.131,"27.8349,   -0.131, 26 May 2026, 22:00:31"
2026-05-26T22:00:46.642555,1689,16270000,-0.016,0.016,-1.001,-3.626,0.168,-1.038,31.02,27.8493,-0.137,"27.8493,   -0.137, 26 May 2026, 22:00:41"
2026-05-26T22:00:56.640592,1690,16280000,-0.015,0.013,-1.003,-3.489,0.374,-1.053,31.07,27.8637,-0.134,"27.8637,   -0.134, 26 May 2026, 22:00:51"
2026-05-26T22:01:06.642531,1691,16290000,-0.015,0.016,-1.004,-3.679,0.336,-1.046,31.17,27.8741,-0.134,"27.8741,   -0.134, 26 May 2026, 22:01:01"
2026-05-26T22:01:16.639233,1692,16300000,-0.014,0.012,-1.001,-3.511,0.099,-1.031,31.12,27.8889,-0.133,"27.8889,   -0.133, 26 May 2026, 22:01:11"
2026-05-26T22:01:26.583478,1693,16310000,-0.017,0.016,-0.995,-3.58,0.351,-0.992,31.07,27.9085,-0.13,"27.9085,   -0.130, 26 May 2026, 22:01:21"
2026-05-26T22:01:36.582650,1694,16320000,-0.015,0.013,-1.005,-3.443,0.244,-1.0,31.17,27.9398,-0.138,"27.9398,   -0.138, 26 May 2026, 22:01:31"
2026-05-26T22:01:46.584377,1695,16330000,-0.017,0.019,-1.001,-3.435,0.305,-1.031,31.17,27.9583,-0.133,"27.9583,   -0.133, 26 May 2026, 22:01:41"
2026-05-26T22:01:56.642472,1696,16340000,-0.015,0.017,-0.987,-3.573,0.191,-1.046,31.17,27.9766,-0.131,"27.9766,   -0.131, 26 May 2026, 22:01:51"
2026-05-26T22:02:06.583155,1697,16350000,-0.012,0.016,-0.996,-3.557,0.267,-0.84,31.12,27.9904,-0.133,"27.9904,   -0.133, 26 May 2026, 22:02:01"
2026-05-26T22:02:16.642434,1698,16360000,-0.012,0.015,-0.999,-3.58,0.29,-1.076,31.12,28.0044,-0.135,"28.0044,   -0.135, 26 May 2026, 22:02:11"
2026-05-26T22:02:26.642240,1699,16370000,-0.018,0.016,-1.002,-3.473,0.26,-1.0,31.02,28.0137,-0.136,"28.0137,   -0.136, 26 May 2026, 22:02:21"
2026-05-26T22:02:36.582349,1700,16380000,-0.022,0.014,-0.989,-3.557,0.328,-1.115,31.21,28.0219,-0.133,"28.0219,   -0.133, 26 May 2026, 22:02:31"
2026-05-26T22:02:46.638543,1701,16390000,-0.019,0.016,-1.0,-3.489,0.191,-1.061,30.98,28.0335,-0.136,"28.0335,   -0.136, 26 May 2026, 22:02:41"
2026-05-26T22:02:56.643214,1702,16400000,-0.016,0.016,-1.005,-3.595,0.252,-1.031,31.07,28.0417,-0.137,"28.0417,   -0.137, 26 May 2026, 22:02:51"
2026-05-26T22:03:06.580646,1703,16410000,-0.02,0.016,-1.0,-3.534,0.328,-1.221,31.17,28.0435,-0.132,"28.0435,   -0.132, 26 May 2026, 22:03:01"
2026-05-26T22:03:16.582190,1704,16420000,-0.02,0.011,-1.003,-3.519,0.382,-1.038,31.02,28.0403,-0.135,"28.0403,   -0.135, 26 May 2026, 22:03:11"
2026-05-26T22:03:26.583371,1705,16430000,-0.015,0.02,-0.999,-3.489,0.206,-1.115,31.12,28.0274,-0.136,"28.0274,   -0.136, 26 May 2026, 22:03:21"
2026-05-26T22:03:36.640106,1706,16440000,-0.013,0.008,-0.995,-3.573,0.153,-1.122,31.07,28.0285,-0.135,"28.0285,   -0.135, 26 May 2026, 22:03:31"
2026-05-26T22:03:46.639658,1707,16450000,-0.013,0.011,-1.0,-3.603,0.206,-0.962,31.17,28.0294,-0.136,"28.0294,   -0.136, 26 May 2026, 22:03:41"
2026-05-26T22:03:56.594898,1708,16460000,-0.019,0.013,-0.998,-3.504,0.382,-1.107,31.17,28.0226,-0.138,"28.0226,   -0.138, 26 May 2026, 22:03:51"
2026-05-26T22:04:06.581089,1709,16470000,-0.017,0.018,-0.991,-3.595,0.153,-1.038,31.26,28.0068,-0.137,"28.0068,   -0.137, 26 May 2026, 22:04:01"
2026-05-26T22:04:16.642580,1710,16480000,-0.013,0.017,-1.002,-3.687,0.107,-1.099,31.17,27.9774,-0.136,"27.9774,   -0.136, 26 May 2026, 22:04:11"
2026-05-26T22:04:26.638980,1711,16490000,-0.014,0.013,-0.999,-3.481,0.252,-0.985,31.21,27.9346,-0.139,"27.9346,   -0.139, 26 May 2026, 22:04:21"
2026-05-26T22:04:36.582141,1712,16500000,-0.015,0.012,-1.001,-3.527,0.298,-0.954,31.07,27.88,-0.134,"27.8800,   -0.134, 26 May 2026, 22:04:31"
2026-05-26T22:04:46.636700,1713,16510000,-0.016,0.016,-1.007,-3.496,0.221,-1.221,31.02,27.7763,-0.135,"27.7763,   -0.135, 26 May 2026, 22:04:41"
2026-05-26T22:04:56.582143,1714,16520000,-0.019,0.017,-0.999,-3.557,0.374,-0.939,30.93,27.7065,-0.135,"27.7065,   -0.135, 26 May 2026, 22:04:51"
2026-05-26T22:05:06.638328,1715,16530000,-0.019,0.015,-0.995,-3.588,0.237,-0.962,30.93,27.6777,-0.135,"27.6777,   -0.135, 26 May 2026, 22:05:01"
2026-05-26T22:05:16.582141,1716,16540000,-0.012,0.012,-0.996,-3.634,0.26,-1.031,30.98,27.641,-0.137,"27.6410,   -0.137, 26 May 2026, 22:05:11"
2026-05-26T22:05:26.643371,1717,16550000,-0.015,0.013,-0.996,-3.71,0.344,-0.847,30.98,27.6309,-0.134,"27.6309,   -0.134, 26 May 2026, 22:05:21"
2026-05-26T22:05:36.575488,1718,16560000,-0.021,0.013,-0.999,-3.511,0.359,-1.008,30.88,27.5637,-0.135,"27.5637,   -0.135, 26 May 2026, 22:05:31"
2026-05-26T22:05:46.643123,1719,16570000,-0.021,0.011,-0.996,-3.611,0.137,-1.084,30.98,27.5155,-0.132,"27.5155,   -0.132, 26 May 2026, 22:05:41"
2026-05-26T22:05:56.637828,1720,16580000,-0.01,0.017,-0.998,-3.527,0.305,-0.924,30.93,27.5201,-0.135,"27.5201,   -0.135, 26 May 2026, 22:05:51"
2026-05-26T22:06:06.587003,1721,16590000,-0.015,0.018,-0.994,-3.557,0.023,-1.191,30.79,27.4988,-0.135,"27.4988,   -0.135, 26 May 2026, 22:06:01"
2026-05-26T22:06:16.643526,1722,16600000,-0.016,0.015,-1.004,-3.557,0.29,-1.153,30.79,27.4857,-0.138,"27.4857,   -0.138, 26 May 2026, 22:06:11"
2026-05-26T22:06:26.642451,1723,16610000,-0.017,0.021,-0.996,-3.603,0.336,-0.901,30.79,27.4858,-0.133,"27.4858,   -0.133, 26 May 2026, 22:06:21"
2026-05-26T22:06:36.639830,1724,16620000,-0.012,0.018,-0.995,-3.58,0.252,-1.153,30.84,27.5123,-0.132,"27.5123,   -0.132, 26 May 2026, 22:06:31"
2026-05-26T22:06:46.645186,1725,16630000,-0.01,0.019,-1.008,-3.374,0.214,-1.137,30.88,27.5345,-0.134,"27.5345,   -0.134, 26 May 2026, 22:06:41"
2026-05-26T22:06:56.639829,1726,16640000,-0.012,0.016,-0.996,-3.557,0.176,-1.076,30.74,27.5135,-0.135,"27.5135,   -0.135, 26 May 2026, 22:06:51"
2026-05-26T22:07:06.580962,1727,16650000,-0.011,0.018,-1.006,-3.626,0.16,-0.969,30.79,27.4753,-0.134,"27.4753,   -0.134, 26 May 2026, 22:07:01"
2026-05-26T22:07:16.638697,1728,16660000,-0.019,0.017,-0.999,-3.481,0.45,-0.992,30.65,27.4284,-0.135,"27.4284,   -0.135, 26 May 2026, 22:07:11"
2026-05-26T22:07:26.642650,1729,16670000,-0.016,0.015,-1.004,-3.725,0.366,-1.069,30.69,27.3861,-0.132,"27.3861,   -0.132, 26 May 2026, 22:07:21"
2026-05-26T22:07:36.642491,1730,16680000,-0.012,0.012,-0.994,-3.534,0.366,-1.023,30.65,27.3655,-0.135,"27.3655,   -0.135, 26 May 2026, 22:07:31"
2026-05-26T22:07:46.642826,1731,16690000,-0.018,0.014,-0.997,-3.656,0.237,-1.008,30.84,27.3361,-0.134,"27.3361,   -0.134, 26 May 2026, 22:07:41"
2026-05-26T22:07:56.642730,1732,16700000,-0.013,0.012,-0.998,-3.519,0.092,-1.153,30.84,27.312,-0.137,"27.3120,   -0.137, 26 May 2026, 22:07:51"
2026-05-26T22:08:06.642782,1733,16710000,-0.009,0.012,-0.999,-3.504,0.344,-0.969,30.79,27.2888,-0.136,"27.2888,   -0.136, 26 May 2026, 22:08:01"
2026-05-26T22:08:16.640593,1734,16720000,-0.011,0.015,-1.0,-3.565,0.069,-0.916,30.74,27.2827,-0.136,"27.2827,   -0.136, 26 May 2026, 22:08:11"
2026-05-26T22:08:26.642632,1735,16730000,-0.018,0.019,-1.0,-3.55,0.427,-1.031,30.84,27.2726,-0.131,"27.2726,   -0.131, 26 May 2026, 22:08:21"
2026-05-26T22:08:36.642383,1736,16740000,-0.018,0.015,-1.0,-3.611,0.13,-1.092,30.74,27.2819,-0.13,"27.2819,   -0.130, 26 May 2026, 22:08:31"
2026-05-26T22:08:46.643320,1737,16750000,-0.01,0.018,-0.995,-3.534,0.359,-1.092,30.84,27.2802,-0.136,"27.2802,   -0.136, 26 May 2026, 22:08:41"
2026-05-26T22:08:56.642392,1738,16760000,-0.015,0.012,-1.0,-3.534,0.336,-1.076,30.84,27.322,-0.134,"27.3220,   -0.134, 26 May 2026, 22:08:51"
2026-05-26T22:09:06.639922,1739,16770000,-0.018,0.013,-0.99,-3.496,0.13,-1.061,30.79,27.3207,-0.134,"27.3207,   -0.134, 26 May 2026, 22:09:01"
2026-05-26T22:09:16.642500,1740,16780000,-0.012,0.014,-1.0,-3.603,0.145,-0.863,30.93,27.354,-0.136,"27.3540,   -0.136, 26 May 2026, 22:09:11"
2026-05-26T22:09:26.642633,1741,16790000,-0.013,0.013,-0.991,-3.519,0.221,-1.031,30.79,27.3852,-0.135,"27.3852,   -0.135, 26 May 2026, 22:09:21"
2026-05-26T22:09:36.638354,1742,16800000,-0.017,0.012,-1.007,-3.511,0.344,-1.038,30.88,27.4272,-0.133,"27.4272,   -0.133, 26 May 2026, 22:09:31"
2026-05-26T22:09:46.642565,1743,16810000,-0.021,0.018,-0.995,-3.45,0.191,-1.092,31.02,27.4746,-0.133,"27.4746,   -0.133, 26 May 2026, 22:09:41"
2026-05-26T22:09:56.642378,1744,16820000,-0.014,0.016,-1.003,-3.496,0.183,-1.16,30.88,27.5108,-0.135,"27.5108,   -0.135, 26 May 2026, 22:09:51"
2026-05-26T22:10:06.642246,1745,16830000,-0.015,0.015,-1.008,-3.473,0.214,-1.107,30.93,27.5236,-0.135,"27.5236,   -0.135, 26 May 2026, 22:10:01"
2026-05-26T22:10:16.639597,1746,16840000,-0.015,0.015,-0.999,-3.527,0.275,-1.046,30.84,27.5344,-0.134,"27.5344,   -0.134, 26 May 2026, 22:10:11"
2026-05-26T22:10:26.639605,1747,16850000,-0.017,0.014,-1.001,-3.504,0.328,-1.046,30.88,27.5528,-0.136,"27.5528,   -0.136, 26 May 2026, 22:10:21"
2026-05-26T22:10:36.642868,1748,16860000,-0.017,0.016,-0.999,-3.595,0.267,-0.863,30.88,27.5876,-0.134,"27.5876,   -0.134, 26 May 2026, 22:10:31"
2026-05-26T22:10:46.636868,1749,16870000,-0.017,0.011,-1.001,-3.489,0.481,-1.168,31.02,27.6336,-0.135,"27.6336,   -0.135, 26 May 2026, 22:10:41"
2026-05-26T22:10:56.642081,1750,16880000,-0.014,0.014,-1.002,-3.595,0.244,-1.191,30.88,27.6674,-0.133,"27.6674,   -0.133, 26 May 2026, 22:10:51"
2026-05-26T22:11:06.637544,1751,16890000,-0.013,0.016,-1.006,-3.611,0.298,-1.206,30.93,27.6797,-0.135,"27.6797,   -0.135, 26 May 2026, 22:11:01"
2026-05-26T22:11:16.642590,1752,16900000,-0.019,0.015,-0.995,-3.511,0.252,-1.076,30.93,27.6758,-0.132,"27.6758,   -0.132, 26 May 2026, 22:11:11"
2026-05-26T22:11:26.641333,1753,16910000,-0.017,0.013,-0.995,-3.534,0.275,-1.015,30.98,27.6741,-0.138,"27.6741,   -0.138, 26 May 2026, 22:11:21"
2026-05-26T22:11:36.642669,1754,16920000,-0.015,0.014,-0.999,-3.595,0.412,-1.053,30.93,27.6705,-0.136,"27.6705,   -0.136, 26 May 2026, 22:11:31"
2026-05-26T22:11:46.642505,1755,16930000,-0.017,0.019,-0.988,-3.489,0.206,-1.015,30.98,27.6629,-0.134,"27.6629,   -0.134, 26 May 2026, 22:11:41"
2026-05-26T22:11:56.639397,1756,16940000,-0.017,0.013,-0.994,-3.45,0.29,-1.115,31.02,27.6721,-0.133,"27.6721,   -0.133, 26 May 2026, 22:11:51"
2026-05-26T22:12:06.642565,1757,16950000,-0.017,0.015,-1.001,-3.542,0.221,-1.046,30.93,27.677,-0.133,"27.6770,   -0.133, 26 May 2026, 22:12:01"
2026-05-26T22:12:16.641421,1758,16960000,-0.013,0.014,-1.0,-3.481,0.221,-1.16,30.98,27.7003,-0.137,"27.7003,   -0.137, 26 May 2026, 22:12:11"
2026-05-26T22:12:26.639343,1759,16970000,-0.012,0.01,-1.001,-3.565,0.115,-1.145,30.88,27.7236,-0.133,"27.7236,   -0.133, 26 May 2026, 22:12:21"
2026-05-26T22:12:36.642550,1760,16980000,-0.01,0.012,-0.995,-3.534,0.328,-1.137,31.02,27.7476,-0.136,"27.7476,   -0.136, 26 May 2026, 22:12:31"
2026-05-26T22:12:46.643129,1761,16990000,-0.03,0.015,-1.004,-3.649,0.275,-0.947,30.98,27.7847,-0.137,"27.7847,   -0.137, 26 May 2026, 22:12:41"
2026-05-26T22:12:56.642965,1762,17000000,-0.015,0.015,-1.0,-3.527,0.153,-1.069,30.93,27.8059,-0.134,"27.8059,   -0.134, 26 May 2026, 22:12:51"
2026-05-26T22:13:06.643017,1763,17010000,-0.011,0.019,-1.004,-3.58,0.252,-1.092,31.02,27.8238,-0.133,"27.8238,   -0.133, 26 May 2026, 22:13:01"
2026-05-26T22:13:16.642825,1764,17020000,-0.019,0.015,-0.997,-3.504,0.206,-1.076,31.02,27.8455,-0.134,"27.8455,   -0.134, 26 May 2026, 22:13:11"
2026-05-26T22:13:26.639348,1765,17030000,-0.021,0.015,-0.991,-3.534,0.13,-1.145,30.93,27.8607,-0.137,"27.8607,   -0.137, 26 May 2026, 22:13:21"
2026-05-26T22:13:36.642963,1766,17040000,-0.021,0.015,-1.004,-3.435,0.252,-0.924,30.98,27.8744,-0.136,"27.8744,   -0.136, 26 May 2026, 22:13:31"
2026-05-26T22:13:46.643501,1767,17050000,-0.017,0.015,-1.003,-3.519,0.099,-1.092,30.98,27.8932,-0.134,"27.8932,   -0.134, 26 May 2026, 22:13:41"
2026-05-26T22:13:56.643618,1768,17060000,-0.02,0.014,-1.0,-3.718,0.206,-1.168,31.02,27.9245,-0.135,"27.9245,   -0.135, 26 May 2026, 22:13:51"
2026-05-26T22:14:06.637345,1769,17070000,-0.018,0.018,-0.996,-3.481,0.282,-1.13,31.07,27.9651,-0.133,"27.9651,   -0.133, 26 May 2026, 22:14:01"
2026-05-26T22:14:16.642404,1770,17080000,-0.01,0.01,-1.0,-3.618,0.275,-1.122,31.02,27.993,-0.131,"27.9930,   -0.131, 26 May 2026, 22:14:11"
2026-05-26T22:14:26.643153,1771,17090000,-0.023,0.016,-1.011,-3.435,0.29,-1.191,31.07,28.0006,-0.133,"28.0006,   -0.133, 26 May 2026, 22:14:21"
2026-05-26T22:14:36.637478,1772,17100000,-0.012,0.014,-1.0,-3.534,0.29,-1.008,31.07,28.0075,-0.138,"28.0075,   -0.138, 26 May 2026, 22:14:31"
2026-05-26T22:14:46.643269,1773,17110000,-0.013,0.012,-1.0,-3.412,0.221,-1.008,31.12,28.0212,-0.133,"28.0212,   -0.133, 26 May 2026, 22:14:41"
2026-05-26T22:14:56.641815,1774,17120000,-0.016,0.015,-0.999,-3.595,0.214,-0.916,31.17,28.041,-0.132,"28.0410,   -0.132, 26 May 2026, 22:14:51"
2026-05-26T22:15:06.642055,1775,17130000,-0.018,0.009,-0.997,-3.779,0.267,-1.092,31.12,28.062,-0.134,"28.0620,   -0.134, 26 May 2026, 22:15:01"
2026-05-26T22:15:16.641284,1776,17140000,-0.016,0.012,-1.003,-3.618,0.26,-1.313,31.12,28.0712,-0.135,"28.0712,   -0.135, 26 May 2026, 22:15:11"
2026-05-26T22:15:26.642585,1777,17150000,-0.019,0.013,-0.992,-3.611,0.183,-1.122,31.17,28.0809,-0.134,"28.0809,   -0.134, 26 May 2026, 22:15:21"
2026-05-26T22:15:36.637985,1778,17160000,-0.013,0.012,-1.005,-3.649,0.107,-1.069,31.12,28.1106,-0.135,"28.1106,   -0.135, 26 May 2026, 22:15:31"
2026-05-26T22:15:46.642813,1779,17170000,-0.014,0.016,-1.005,-3.687,0.275,-1.069,31.17,28.1248,-0.137,"28.1248,   -0.137, 26 May 2026, 22:15:41"
2026-05-26T22:15:56.642435,1780,17180000,-0.017,0.017,-0.997,-3.588,0.344,-0.885,31.31,28.1264,-0.137,"28.1264,   -0.137, 26 May 2026, 22:15:51"
2026-05-26T22:16:06.652340,1781,17190000,-0.016,0.018,-0.996,-3.588,0.359,-0.908,31.17,28.1169,-0.137,"28.1169,   -0.137, 26 May 2026, 22:16:01"
2026-05-26T22:16:16.638220,1782,17200000,-0.009,0.015,-1.01,-3.641,0.237,-1.069,31.26,28.1062,-0.136,"28.1062,   -0.136, 26 May 2026, 22:16:11"
2026-05-26T22:16:26.642618,1783,17210000,-0.015,0.019,-1.004,-3.664,0.13,-1.008,31.21,28.0957,-0.135,"28.0957,   -0.135, 26 May 2026, 22:16:21"
2026-05-26T22:16:36.637291,1784,17220000,-0.011,0.016,-0.998,-3.45,0.214,-1.069,31.26,28.0865,-0.136,"28.0865,   -0.136, 26 May 2026, 22:16:31"
2026-05-26T22:16:46.643116,1785,17230000,-0.016,0.015,-0.996,-3.634,0.305,-1.084,31.21,28.0344,-0.135,"28.0344,   -0.135, 26 May 2026, 22:16:41"
2026-05-26T22:16:56.642607,1786,17240000,-0.018,0.01,-0.992,-3.634,0.221,-1.099,31.21,28.0099,-0.131,"28.0099,   -0.131, 26 May 2026, 22:16:51"
2026-05-26T22:17:06.642941,1787,17250000,-0.011,0.011,-0.998,-3.611,0.244,-1.29,31.17,27.9641,-0.136,"27.9641,   -0.136, 26 May 2026, 22:17:01"
2026-05-26T22:17:16.642618,1788,17260000,-0.017,0.022,-0.992,-3.58,0.275,-1.115,31.17,27.9181,-0.137,"27.9181,   -0.137, 26 May 2026, 22:17:11"
2026-05-26T22:17:26.642451,1789,17270000,-0.016,0.015,-0.999,-3.656,0.206,-1.183,31.21,27.8656,-0.136,"27.8656,   -0.136, 26 May 2026, 22:17:21"
2026-05-26T22:17:36.643538,1790,17280000,-0.016,0.013,-1.001,-3.626,0.359,-1.168,31.12,27.8088,-0.137,"27.8088,   -0.137, 26 May 2026, 22:17:31"
2026-05-26T22:17:46.637297,1791,17290000,-0.011,0.017,-1.002,-3.573,0.351,-0.992,31.26,27.7813,-0.138,"27.7813,   -0.138, 26 May 2026, 22:17:41"
2026-05-26T22:17:56.643123,1792,17300000,-0.022,0.017,-0.999,-3.511,0.252,-0.954,31.21,27.7899,-0.137,"27.7899,   -0.137, 26 May 2026, 22:17:51"
2026-05-26T22:18:06.642519,1793,17310000,-0.018,0.021,-1.006,-3.603,0.252,-1.122,31.21,27.7751,-0.136,"27.7751,   -0.136, 26 May 2026, 22:18:01"
2026-05-26T22:18:16.642597,1794,17320000,-0.018,0.012,-1.001,-3.565,0.214,-1.076,31.26,27.7596,-0.138,"27.7596,   -0.138, 26 May 2026, 22:18:11"
2026-05-26T22:18:26.642419,1795,17330000,-0.015,0.013,-1.01,-3.573,0.237,-1.046,31.21,27.7442,-0.136,"27.7442,   -0.136, 26 May 2026, 22:18:21"
2026-05-26T22:18:36.642612,1796,17340000,-0.009,0.014,-1.003,-3.588,0.321,-1.046,30.98,27.6954,-0.132,"27.6954,   -0.132, 26 May 2026, 22:18:31"
2026-05-26T22:18:46.640968,1797,17350000,-0.012,0.013,-0.998,-3.511,0.389,-1.0,30.98,27.6299,-0.137,"27.6299,   -0.137, 26 May 2026, 22:18:41"
2026-05-26T22:18:56.643308,1798,17360000,-0.013,0.012,-1.0,-3.71,0.313,-1.023,30.98,27.5761,-0.136,"27.5761,   -0.136, 26 May 2026, 22:18:51"
2026-05-26T22:19:06.636990,1799,17370000,-0.013,0.019,-1.0,-3.504,0.145,-0.916,30.98,27.5114,-0.135,"27.5114,   -0.135, 26 May 2026, 22:19:01"
2026-05-26T22:19:16.640385,1800,17380000,-0.021,0.011,-1.002,-3.649,0.206,-0.992,30.98,27.464,-0.132,"27.4640,   -0.132, 26 May 2026, 22:19:11"
2026-05-26T22:19:26.641112,1801,17390000,-0.011,0.015,-1.003,-3.542,0.122,-1.084,31.07,27.4393,-0.135,"27.4393,   -0.135, 26 May 2026, 22:19:21"
2026-05-26T22:19:36.642453,1802,17400000,-0.016,0.018,-1.0,-3.565,0.137,-1.137,31.17,27.4475,-0.132,"27.4475,   -0.132, 26 May 2026, 22:19:31"
2026-05-26T22:19:46.642572,1803,17410000,-0.016,0.016,-1.007,-3.473,0.351,-1.053,31.12,27.4184,-0.132,"27.4184,   -0.132, 26 May 2026, 22:19:41"
2026-05-26T22:19:56.646327,1804,17420000,-0.012,0.02,-0.999,-3.519,0.237,-1.153,31.12,27.3898,-0.136,"27.3898,   -0.136, 26 May 2026, 22:19:51"
2026-05-26T22:20:06.655997,1805,17430000,-0.017,0.015,-1.001,-3.542,0.244,-1.115,31.02,27.3596,-0.135,"27.3596,   -0.135, 26 May 2026, 22:20:01"
2026-05-26T22:20:16.655726,1806,17440000,-0.014,0.014,-0.989,-3.443,0.267,-1.153,31.02,27.3653,-0.134,"27.3653,   -0.134, 26 May 2026, 22:20:11"
2026-05-26T22:20:26.644602,1807,17450000,-0.014,0.019,-0.999,-3.611,0.267,-0.939,31.02,27.3593,-0.134,"27.3593,   -0.134, 26 May 2026, 22:20:21"
2026-05-26T22:20:36.644142,1808,17460000,-0.02,0.016,-1.0,-3.504,0.267,-1.122,30.93,27.3262,-0.134,"27.3262,   -0.134, 26 May 2026, 22:20:31"
2026-05-26T22:20:46.685158,1809,17470000,-0.016,0.015,-1.002,-3.573,0.26,-1.015,31.02,27.2909,-0.136,"27.2909,   -0.136, 26 May 2026, 22:20:41"
2026-05-26T22:20:56.623225,1810,17480000,-0.014,0.019,-1.004,-3.58,0.366,-1.053,31.02,27.2892,-0.133,"27.2892,   -0.133, 26 May 2026, 22:20:51"
2026-05-26T22:21:06.622734,1811,17490000,-0.011,0.016,-0.996,-3.458,0.275,-1.023,31.07,27.2954,-0.135,"27.2954,   -0.135, 26 May 2026, 22:21:01"
2026-05-26T22:21:16.623738,1812,17500000,-0.024,0.016,-0.999,-3.573,0.305,-0.977,31.02,27.2932,-0.137,"27.2932,   -0.137, 26 May 2026, 22:21:11"
2026-05-26T22:21:26.693705,1813,17510000,-0.014,0.019,-0.997,-3.534,0.16,-0.977,30.84,27.2952,-0.137,"27.2952,   -0.137, 26 May 2026, 22:21:21"
2026-05-26T22:21:36.622712,1814,17520000,-0.012,0.013,-0.999,-3.473,0.328,-0.878,30.74,27.3083,-0.133,"27.3083,   -0.133, 26 May 2026, 22:21:31"
2026-05-26T22:21:46.701109,1815,17530000,-0.016,0.012,-0.998,-3.618,0.214,-1.008,30.69,27.2664,-0.135,"27.2664,   -0.135, 26 May 2026, 22:21:41"
2026-05-26T22:21:56.634864,1816,17540000,-0.013,0.014,-0.997,-3.481,0.26,-1.122,30.79,27.264,-0.134,"27.2640,   -0.134, 26 May 2026, 22:21:51"
2026-05-26T22:22:06.635329,1817,17550000,-0.017,0.013,-1.004,-3.511,0.206,-1.206,30.84,27.2968,-0.132,"27.2968,   -0.132, 26 May 2026, 22:22:01"
2026-05-26T22:22:16.627196,1818,17560000,-0.013,0.015,-0.996,-3.489,0.313,-1.115,30.84,27.3331,-0.135,"27.3331,   -0.135, 26 May 2026, 22:22:11"
2026-05-26T22:22:26.628872,1819,17570000,-0.013,0.011,-0.994,-3.626,0.267,-1.115,30.88,27.3902,-0.13,"27.3902,   -0.130, 26 May 2026, 22:22:21"
2026-05-26T22:22:36.625236,1820,17580000,-0.016,0.024,-1.0,-3.695,0.427,-1.023,30.79,27.4124,-0.137,"27.4124,   -0.137, 26 May 2026, 22:22:31"
2026-05-26T22:22:46.629427,1821,17590000,-0.021,0.018,-1.004,-3.573,0.252,-1.145,30.93,27.44,-0.134,"27.4400,   -0.134, 26 May 2026, 22:22:41"
2026-05-26T22:22:56.635749,1822,17600000,-0.012,0.015,-0.988,-3.496,0.221,-1.008,30.98,27.4738,-0.133,"27.4738,   -0.133, 26 May 2026, 22:22:51"
2026-05-26T22:23:06.626419,1823,17610000,-0.018,0.017,-1.003,-3.618,0.252,-1.076,30.84,27.5185,-0.135,"27.5185,   -0.135, 26 May 2026, 22:23:01"
2026-05-26T22:23:16.697365,1824,17620000,-0.011,0.014,-1.0,-3.695,0.313,-0.947,30.93,27.5594,-0.137,"27.5594,   -0.137, 26 May 2026, 22:23:11"
2026-05-26T22:23:26.629176,1825,17630000,-0.014,0.018,-1.002,-3.588,0.099,-1.061,30.88,27.5811,-0.138,"27.5811,   -0.138, 26 May 2026, 22:23:21"
2026-05-26T22:23:36.692312,1826,17640000,-0.01,0.014,-0.993,-3.443,0.168,-1.191,31.07,27.6075,-0.136,"27.6075,   -0.136, 26 May 2026, 22:23:31"
2026-05-26T22:23:46.696578,1827,17650000,-0.015,0.015,-0.999,-3.718,0.244,-1.26,30.93,27.6525,-0.132,"27.6525,   -0.132, 26 May 2026, 22:23:41"
2026-05-26T22:23:56.634690,1828,17660000,-0.015,0.017,-0.993,-3.588,0.191,-1.137,30.93,27.6882,-0.135,"27.6882,   -0.135, 26 May 2026, 22:23:51"
2026-05-26T22:24:06.629035,1829,17670000,-0.018,0.014,-0.999,-3.45,0.221,-0.962,31.02,27.7119,-0.135,"27.7119,   -0.135, 26 May 2026, 22:24:01"
2026-05-26T22:24:16.699570,1830,17680000,-0.019,0.021,-1.002,-3.565,0.412,-1.206,30.98,27.7325,-0.135,"27.7325,   -0.135, 26 May 2026, 22:24:11"
2026-05-26T22:24:26.624847,1831,17690000,-0.016,0.016,-0.997,-3.55,0.221,-1.206,30.98,27.764,-0.133,"27.7640,   -0.133, 26 May 2026, 22:24:21"
2026-05-26T22:24:36.706490,1832,17700000,-0.01,0.02,-1.006,-3.519,0.191,-1.0,31.02,27.7925,-0.136,"27.7925,   -0.136, 26 May 2026, 22:24:31"
2026-05-26T22:24:46.693419,1833,17710000,-0.016,0.02,-0.995,-3.527,0.214,-1.023,30.93,27.8162,-0.136,"27.8162,   -0.136, 26 May 2026, 22:24:41"
2026-05-26T22:24:56.703847,1834,17720000,-0.018,0.015,-1.005,-3.466,0.282,-1.031,30.93,27.8445,-0.134,"27.8445,   -0.134, 26 May 2026, 22:24:51"
2026-05-26T22:25:06.625556,1835,17730000,-0.014,0.009,-0.996,-3.687,0.29,-1.061,30.93,27.8567,-0.136,"27.8567,   -0.136, 26 May 2026, 22:25:01"
2026-05-26T22:25:16.704203,1836,17740000,-0.016,0.011,-1.006,-3.588,0.191,-1.023,30.98,27.869,-0.134,"27.8690,   -0.134, 26 May 2026, 22:25:11"
2026-05-26T22:25:26.694519,1837,17750000,-0.012,0.016,-1.012,-3.527,0.221,-1.069,31.07,27.8887,-0.133,"27.8887,   -0.133, 26 May 2026, 22:25:21"
2026-05-26T22:25:36.687295,1838,17760000,-0.009,0.019,-0.999,-3.557,0.206,-0.947,31.07,27.9073,-0.133,"27.9073,   -0.133, 26 May 2026, 22:25:31"
2026-05-26T22:25:46.698187,1839,17770000,-0.014,0.014,-0.999,-3.611,0.344,-1.13,31.12,27.9286,-0.134,"27.9286,   -0.134, 26 May 2026, 22:25:41"
2026-05-26T22:25:56.691298,1840,17780000,-0.023,0.017,-0.994,-3.481,0.282,-1.084,31.17,27.9441,-0.137,"27.9441,   -0.137, 26 May 2026, 22:25:51"
2026-05-26T22:26:06.623009,1841,17790000,-0.016,0.014,-0.996,-3.618,0.29,-0.939,31.07,27.9604,-0.137,"27.9604,   -0.137, 26 May 2026, 22:26:01"
2026-05-26T22:26:16.705721,1842,17800000,-0.019,0.016,-0.994,-3.527,0.122,-0.962,31.17,27.9635,-0.134,"27.9635,   -0.134, 26 May 2026, 22:26:11"
2026-05-26T22:26:26.694042,1843,17810000,-0.015,0.015,-0.995,-3.58,0.412,-1.107,31.12,27.979,-0.135,"27.9790,   -0.135, 26 May 2026, 22:26:21"
2026-05-26T22:26:36.694488,1844,17820000,-0.013,0.014,-0.995,-3.603,0.076,-0.985,31.17,27.9932,-0.135,"27.9932,   -0.135, 26 May 2026, 22:26:31"
2026-05-26T22:26:46.698526,1845,17830000,-0.013,0.012,-0.998,-3.573,0.221,-1.305,31.07,28.0072,-0.137,"28.0072,   -0.137, 26 May 2026, 22:26:41"
2026-05-26T22:26:56.665413,1846,17840000,-0.012,0.013,-0.999,-3.534,0.275,-1.069,31.07,28.0281,-0.136,"28.0281,   -0.136, 26 May 2026, 22:26:51"
2026-05-26T22:27:06.665179,1847,17850000,-0.014,0.012,-0.997,-3.573,0.321,-1.023,31.17,28.0418,-0.136,"28.0418,   -0.136, 26 May 2026, 22:27:01"
2026-05-26T22:27:16.654985,1848,17860000,-0.017,0.011,-1.003,-3.489,0.237,-1.145,31.07,28.061,-0.135,"28.0610,   -0.135, 26 May 2026, 22:27:11"
2026-05-26T22:27:26.668575,1849,17870000,-0.015,0.013,-1.004,-3.489,0.305,-1.115,31.21,28.0739,-0.136,"28.0739,   -0.136, 26 May 2026, 22:27:21"
2026-05-26T22:27:36.660965,1850,17880000,-0.016,0.017,-0.998,-3.527,0.191,-0.931,31.12,28.0835,-0.136,"28.0835,   -0.136, 26 May 2026, 22:27:31"
2026-05-26T22:27:46.656444,1851,17890000,-0.013,0.018,-1.001,-3.542,0.366,-1.16,31.12,28.0978,-0.134,"28.0978,   -0.134, 26 May 2026, 22:27:41"
2026-05-26T22:27:56.667618,1852,17900000,-0.016,0.013,-1.003,-3.656,0.351,-1.053,31.12,28.0998,-0.134,"28.0998,   -0.134, 26 May 2026, 22:27:51"
2026-05-26T22:28:06.657082,1853,17910000,-0.02,0.015,-1.001,-3.55,0.26,-1.176,31.17,28.1019,-0.139,"28.1019,   -0.139, 26 May 2026, 22:28:01"
2026-05-26T22:28:16.666303,1854,17920000,-0.013,0.014,-1.004,-3.634,0.305,-1.198,31.21,28.1012,-0.137,"28.1012,   -0.137, 26 May 2026, 22:28:11"
2026-05-26T22:28:26.666274,1855,17930000,-0.014,0.009,-0.992,-3.618,0.115,-1.046,31.12,28.0944,-0.135,"28.0944,   -0.135, 26 May 2026, 22:28:21"
2026-05-26T22:28:36.665261,1856,17940000,-0.02,0.015,-0.999,-3.588,0.321,-1.023,31.12,28.0882,-0.137,"28.0882,   -0.137, 26 May 2026, 22:28:31"
2026-05-26T22:28:46.666050,1857,17950000,-0.018,0.008,-0.999,-3.634,0.328,-1.107,31.12,28.056,-0.138,"28.0560,   -0.138, 26 May 2026, 22:28:41"
2026-05-26T22:28:56.657364,1858,17960000,-0.012,0.019,-0.999,-3.58,0.389,-0.908,31.07,28.0218,-0.138,"28.0218,   -0.138, 26 May 2026, 22:28:51"
2026-05-26T22:29:06.618264,1859,17970000,-0.016,0.014,-1.0,-3.58,0.168,-1.107,31.12,27.9658,-0.139,"27.9658,   -0.139, 26 May 2026, 22:29:01"
2026-05-26T22:29:16.734274,1860,17980000,-0.018,0.016,-1.002,-3.641,0.313,-1.16,31.12,27.8868,-0.135,"27.8868,   -0.135, 26 May 2026, 22:29:11"
2026-05-26T22:29:26.672425,1861,17990000,-0.012,0.015,-1.0,-3.527,0.313,-1.252,31.02,27.8384,-0.135,"27.8384,   -0.135, 26 May 2026, 22:29:21"
2026-05-26T22:29:36.673152,1862,18000000,-0.021,0.015,-1.004,-3.542,0.267,-0.893,31.07,27.8283,-0.137,"27.8283,   -0.137, 26 May 2026, 22:29:31"
2026-05-26T22:29:46.746064,1863,18010000,-0.019,0.018,-1.001,-3.687,0.366,-1.053,30.98,27.7919,-0.134,"27.7919,   -0.134, 26 May 2026, 22:29:41"
2026-05-26T22:29:56.676553,1864,18020000,-0.021,0.019,-0.998,-3.656,0.168,-1.069,30.98,27.7574,-0.136,"27.7574,   -0.136, 26 May 2026, 22:29:51"
2026-05-26T22:30:06.680423,1865,18030000,-0.013,0.013,-1.0,-3.595,0.397,-1.099,31.02,27.6757,-0.135,"27.6757,   -0.135, 26 May 2026, 22:30:01"
2026-05-26T22:30:16.739580,1866,18040000,-0.013,0.01,-0.989,-3.511,0.176,-1.13,30.93,27.6119,-0.139,"27.6119,   -0.139, 26 May 2026, 22:30:11"
2026-05-26T22:30:26.678375,1867,18050000,-0.015,0.016,-1.008,-3.534,0.191,-1.092,30.88,27.603,-0.135,"27.6030,   -0.135, 26 May 2026, 22:30:21"
2026-05-26T22:30:36.677204,1868,18060000,-0.014,0.009,-0.991,-3.519,0.252,-0.924,30.93,27.5799,-0.136,"27.5799,   -0.136, 26 May 2026, 22:30:31"
2026-05-26T22:30:46.741721,1869,18070000,-0.014,0.011,-1.0,-3.611,0.115,-1.099,30.84,27.5746,-0.133,"27.5746,   -0.133, 26 May 2026, 22:30:41"
2026-05-26T22:30:56.686382,1870,18080000,-0.016,0.015,-0.999,-3.611,0.29,-1.168,30.93,27.5808,-0.134,"27.5808,   -0.134, 26 May 2026, 22:30:51"
2026-05-26T22:31:06.683010,1871,18090000,-0.019,0.014,-0.994,-3.496,0.16,-1.122,30.93,27.538,-0.133,"27.5380,   -0.133, 26 May 2026, 22:31:01"
2026-05-26T22:31:16.678276,1872,18100000,-0.012,0.013,-0.994,-3.565,0.221,-1.115,30.88,27.4933,-0.133,"27.4933,   -0.133, 26 May 2026, 22:31:11"
2026-05-26T22:31:26.735687,1873,18110000,-0.017,0.015,-0.999,-3.481,0.145,-0.947,30.79,27.4497,-0.133,"27.4497,   -0.133, 26 May 2026, 22:31:21"
2026-05-26T22:31:36.747446,1874,18120000,-0.017,0.014,-0.996,-3.679,0.275,-1.069,30.79,27.4142,-0.138,"27.4142,   -0.138, 26 May 2026, 22:31:31"
2026-05-26T22:31:46.747348,1875,18130000,-0.02,0.014,-1.0,-3.664,0.359,-1.031,30.88,27.4053,-0.137,"27.4053,   -0.137, 26 May 2026, 22:31:41"
2026-05-26T22:31:56.737084,1876,18140000,-0.019,0.014,-0.995,-3.618,0.282,-0.947,30.98,27.3896,-0.136,"27.3896,   -0.136, 26 May 2026, 22:31:51"
2026-05-26T22:32:06.677759,1877,18150000,-0.013,0.015,-1.004,-3.55,0.313,-1.023,30.88,27.3895,-0.138,"27.3895,   -0.138, 26 May 2026, 22:32:01"
2026-05-26T22:32:16.747289,1878,18160000,-0.014,0.015,-1.003,-3.595,0.229,-1.115,30.88,27.3751,-0.136,"27.3751,   -0.136, 26 May 2026, 22:32:11"
2026-05-26T22:32:26.742974,1879,18170000,-0.02,0.017,-1.012,-3.45,0.359,-1.015,30.88,27.3905,-0.132,"27.3905,   -0.132, 26 May 2026, 22:32:21"
2026-05-26T22:32:36.669716,1880,18180000,-0.014,0.013,-1.005,-3.519,0.16,-1.137,30.93,27.3905,-0.137,"27.3905,   -0.137, 26 May 2026, 22:32:31"
2026-05-26T22:32:46.678347,1881,18190000,-0.016,0.016,-0.996,-3.55,0.321,-1.229,30.84,27.3644,-0.135,"27.3644,   -0.135, 26 May 2026, 22:32:41"
2026-05-26T22:32:56.674130,1882,18200000,-0.02,0.018,-0.999,-3.679,0.214,-1.008,30.98,27.3388,-0.136,"27.3388,   -0.136, 26 May 2026, 22:32:51"
2026-05-26T22:33:06.679949,1883,18210000,-0.015,0.011,-0.992,-3.504,0.321,-1.053,30.93,27.3239,-0.136,"27.3239,   -0.136, 26 May 2026, 22:33:01"
2026-05-26T22:33:16.679116,1884,18220000,-0.012,0.016,-0.99,-3.58,0.229,-1.061,30.79,27.2983,-0.137,"27.2983,   -0.137, 26 May 2026, 22:33:11"
2026-05-26T22:33:26.686563,1885,18230000,-0.012,0.011,-1.006,-3.649,0.351,-1.16,30.88,27.2802,-0.134,"27.2802,   -0.134, 26 May 2026, 22:33:21"
2026-05-26T22:33:36.649674,1886,18240000,-0.008,0.014,-1.003,-3.565,0.313,-1.191,30.93,27.2662,-0.137,"27.2662,   -0.137, 26 May 2026, 22:33:31"
2026-05-26T22:33:46.656881,1887,18250000,-0.013,0.011,-0.998,-3.611,0.221,-1.061,30.88,27.2757,-0.135,"27.2757,   -0.135, 26 May 2026, 22:33:41"
2026-05-26T22:33:56.655384,1888,18260000,-0.015,0.017,-0.999,-3.427,0.267,-1.122,30.93,27.2782,-0.133,"27.2782,   -0.133, 26 May 2026, 22:33:51"
2026-05-26T22:34:06.645243,1889,18270000,-0.014,0.016,-0.993,-3.595,0.244,-1.122,30.93,27.3016,-0.134,"27.3016,   -0.134, 26 May 2026, 22:34:01"
2026-05-26T22:34:16.647961,1890,18280000,-0.011,0.018,-1.003,-3.435,0.214,-1.076,30.84,27.3241,-0.136,"27.3241,   -0.136, 26 May 2026, 22:34:11"
2026-05-26T22:34:26.645251,1891,18290000,-0.015,0.017,-1.001,-3.351,0.26,-1.061,30.98,27.3486,-0.136,"27.3486,   -0.136, 26 May 2026, 22:34:21"
2026-05-26T22:34:36.645869,1892,18300000,-0.011,0.012,-0.999,-3.527,0.405,-1.26,30.93,27.3815,-0.135,"27.3815,   -0.135, 26 May 2026, 22:34:31"
2026-05-26T22:34:46.655803,1893,18310000,-0.017,0.016,-0.993,-3.565,0.336,-1.275,30.93,27.4322,-0.135,"27.4322,   -0.135, 26 May 2026, 22:34:41"
2026-05-26T22:34:56.651371,1894,18320000,-0.017,0.017,-0.998,-3.656,0.29,-0.885,30.88,27.4663,-0.136,"27.4663,   -0.136, 26 May 2026, 22:34:51"
2026-05-26T22:35:06.649471,1895,18330000,-0.018,0.013,-0.995,-3.527,0.13,-1.168,30.93,27.473,-0.133,"27.4730,   -0.133, 26 May 2026, 22:35:01"
2026-05-26T22:35:16.640955,1896,18340000,-0.02,0.017,-0.998,-3.58,0.176,-0.954,30.98,27.4942,-0.137,"27.4942,   -0.137, 26 May 2026, 22:35:11"
2026-05-26T22:35:26.654415,1897,18350000,-0.013,0.014,-1.007,-3.489,0.122,-1.153,30.98,27.5217,-0.135,"27.5217,   -0.135, 26 May 2026, 22:35:21"
2026-05-26T22:35:36.711985,1898,18360000,-0.013,0.015,-1.003,-3.557,0.145,-1.031,31.02,27.5564,-0.137,"27.5564,   -0.137, 26 May 2026, 22:35:31"
2026-05-26T22:35:46.645945,1899,18370000,-0.016,0.016,-1.003,-3.534,0.237,-0.87,31.02,27.5839,-0.134,"27.5839,   -0.134, 26 May 2026, 22:35:41"
2026-05-26T22:35:56.649334,1900,18380000,-0.017,0.017,-1.0,-3.565,0.321,-1.115,30.88,27.6142,-0.138,"27.6142,   -0.138, 26 May 2026, 22:35:51"
2026-05-26T22:36:06.645805,1901,18390000,-0.014,0.016,-1.003,-3.511,0.336,-1.046,31.07,27.6427,-0.137,"27.6427,   -0.137, 26 May 2026, 22:36:01"
2026-05-26T22:36:16.654388,1902,18400000,-0.01,0.02,-1.007,-3.466,0.305,-1.176,31.02,27.6635,-0.132,"27.6635,   -0.132, 26 May 2026, 22:36:11"
2026-05-26T22:36:26.646261,1903,18410000,-0.014,0.019,-0.995,-3.527,0.229,-0.977,31.12,27.682,-0.136,"27.6820,   -0.136, 26 May 2026, 22:36:21"
2026-05-26T22:36:36.656174,1904,18420000,-0.017,0.012,-0.998,-3.527,0.374,-1.176,31.02,27.7,-0.135,"27.7000,   -0.135, 26 May 2026, 22:36:31"
2026-05-26T22:36:46.655973,1905,18430000,-0.018,0.01,-1.0,-3.618,0.252,-0.916,31.02,27.7224,-0.135,"27.7224,   -0.135, 26 May 2026, 22:36:41"
2026-05-26T22:36:56.640392,1906,18440000,-0.012,0.016,-0.997,-3.542,0.145,-1.053,30.98,27.7318,-0.135,"27.7318,   -0.135, 26 May 2026, 22:36:51"
2026-05-26T22:37:06.655458,1907,18450000,-0.016,0.019,-0.998,-3.473,0.214,-1.183,31.07,27.7334,-0.135,"27.7334,   -0.135, 26 May 2026, 22:37:01"
2026-05-26T22:37:16.640937,1908,18460000,-0.015,0.019,-1.004,-3.466,0.29,-1.115,31.07,27.7426,-0.136,"27.7426,   -0.136, 26 May 2026, 22:37:11"
2026-05-26T22:37:26.709623,1909,18470000,-0.015,0.012,-1.001,-3.504,0.321,-1.023,30.98,27.7561,-0.139,"27.7561,   -0.139, 26 May 2026, 22:37:21"
2026-05-26T22:37:36.716140,1910,18480000,-0.015,0.017,-0.995,-3.603,0.244,-1.015,31.02,27.7677,-0.136,"27.7677,   -0.136, 26 May 2026, 22:37:31"
2026-05-26T22:37:46.714169,1911,18490000,-0.017,0.012,-0.999,-3.504,0.366,-1.183,31.17,27.7929,-0.137,"27.7929,   -0.137, 26 May 2026, 22:37:41"
2026-05-26T22:37:56.714829,1912,18500000,-0.018,0.014,-0.987,-3.435,0.191,-1.229,31.02,27.8167,-0.139,"27.8167,   -0.139, 26 May 2026, 22:37:51"
2026-05-26T22:38:06.655420,1913,18510000,-0.014,0.015,-1.0,-3.489,0.374,-1.16,31.02,27.8372,-0.137,"27.8372,   -0.137, 26 May 2026, 22:38:01"
2026-05-26T22:38:16.641577,1914,18520000,-0.013,0.018,-1.001,-3.611,0.336,-0.977,31.17,27.8484,-0.136,"27.8484,   -0.136, 26 May 2026, 22:38:11"
2026-05-26T22:38:26.707125,1915,18530000,-0.015,0.013,-0.998,-3.565,0.282,-1.069,31.07,27.8699,-0.136,"27.8699,   -0.136, 26 May 2026, 22:38:21"
2026-05-26T22:38:36.715698,1916,18540000,-0.02,0.011,-1.002,-3.427,0.115,-1.023,31.02,27.894,-0.137,"27.8940,   -0.137, 26 May 2026, 22:38:31"
2026-05-26T22:38:46.716107,1917,18550000,-0.016,0.017,-1.002,-3.74,0.252,-1.053,31.07,27.9148,-0.134,"27.9148,   -0.134, 26 May 2026, 22:38:41"
2026-05-26T22:38:56.715968,1918,18560000,-0.019,0.012,-0.996,-3.626,0.168,-1.153,31.07,27.9297,-0.133,"27.9297,   -0.133, 26 May 2026, 22:38:51"
2026-05-26T22:39:06.652756,1919,18570000,-0.016,0.016,-0.988,-3.626,0.145,-1.061,31.07,27.9392,-0.138,"27.9392,   -0.138, 26 May 2026, 22:39:01"
2026-05-26T22:39:16.715654,1920,18580000,-0.015,0.019,-0.997,-3.397,0.214,-1.206,31.07,27.9522,-0.137,"27.9522,   -0.137, 26 May 2026, 22:39:11"
2026-05-26T22:39:26.709966,1921,18590000,-0.02,0.015,-0.992,-3.534,0.275,-1.122,31.12,27.9707,-0.134,"27.9707,   -0.134, 26 May 2026, 22:39:21"
2026-05-26T22:39:36.712634,1922,18600000,-0.009,0.014,-0.996,-3.611,0.214,-1.053,31.12,27.9855,-0.137,"27.9855,   -0.137, 26 May 2026, 22:39:31"
2026-05-26T22:39:46.704275,1923,18610000,-0.013,0.008,-0.999,-3.649,0.328,-1.191,31.12,28.0076,-0.137,"28.0076,   -0.137, 26 May 2026, 22:39:41"
2026-05-26T22:39:56.704807,1924,18620000,-0.015,0.014,-1.003,-3.611,0.298,-1.076,31.02,28.023,-0.136,"28.0230,   -0.136, 26 May 2026, 22:39:51"
2026-05-26T22:40:06.656263,1925,18630000,-0.011,0.017,-1.0,-3.466,0.298,-1.076,31.17,28.031,-0.135,"28.0310,   -0.135, 26 May 2026, 22:40:01"
2026-05-26T22:40:16.703086,1926,18640000,-0.012,0.014,-0.997,-3.573,0.313,-1.069,31.07,28.0345,-0.134,"28.0345,   -0.134, 26 May 2026, 22:40:11"
2026-05-26T22:40:26.715061,1927,18650000,-0.017,0.011,-0.997,-3.672,0.183,-1.015,31.12,28.0323,-0.132,"28.0323,   -0.132, 26 May 2026, 22:40:21"
2026-05-26T22:40:36.703800,1928,18660000,-0.016,0.018,-1.004,-3.634,0.252,-1.206,31.02,28.0349,-0.137,"28.0349,   -0.137, 26 May 2026, 22:40:31"
2026-05-26T22:40:46.653854,1929,18670000,-0.018,0.015,-1.0,-3.504,0.0,-1.092,31.07,28.0362,-0.132,"28.0362,   -0.132, 26 May 2026, 22:40:41"
2026-05-26T22:40:56.707656,1930,18680000,-0.018,0.017,-0.998,-3.527,0.344,-1.29,31.07,28.0331,-0.135,"28.0331,   -0.135, 26 May 2026, 22:40:51"
2026-05-26T22:41:06.655628,1931,18690000,-0.016,0.014,-1.003,-3.573,0.366,-1.076,31.02,28.0318,-0.136,"28.0318,   -0.136, 26 May 2026, 22:41:01"
2026-05-26T22:41:16.704447,1932,18700000,-0.018,0.015,-1.005,-3.473,0.198,-1.176,31.07,28.0154,-0.139,"28.0154,   -0.139, 26 May 2026, 22:41:11"
2026-05-26T22:41:26.715739,1933,18710000,-0.014,0.015,-1.002,-3.519,0.328,-0.962,31.07,27.989,-0.136,"27.9890,   -0.136, 26 May 2026, 22:41:21"
2026-05-26T22:41:36.715633,1934,18720000,-0.011,0.018,-0.998,-3.519,0.344,-1.122,31.07,27.9851,-0.138,"27.9851,   -0.138, 26 May 2026, 22:41:31"
2026-05-26T22:41:46.715666,1935,18730000,-0.016,0.018,-0.997,-3.496,0.252,-1.122,31.07,27.9605,-0.137,"27.9605,   -0.137, 26 May 2026, 22:41:41"
2026-05-26T22:41:56.716203,1936,18740000,-0.012,0.021,-0.995,-3.618,0.069,-1.099,30.93,27.948,-0.137,"27.9480,   -0.137, 26 May 2026, 22:41:51"
2026-05-26T22:42:06.655133,1937,18750000,-0.02,0.018,-0.996,-3.672,0.26,-1.076,31.02,27.9355,-0.133,"27.9355,   -0.133, 26 May 2026, 22:42:01"
2026-05-26T22:42:16.707395,1938,18760000,-0.022,0.012,-1.004,-3.595,0.328,-0.947,31.07,27.9265,-0.14,"27.9265,   -0.140, 26 May 2026, 22:42:11"
2026-05-26T22:42:26.762670,1939,18770000,-0.016,0.012,-1.003,-3.565,0.115,-0.954,31.02,27.8956,-0.137,"27.8956,   -0.137, 26 May 2026, 22:42:21"
2026-05-26T22:42:36.709644,1940,18780000,-0.008,0.016,-1.001,-3.481,0.206,-1.13,31.12,27.8374,-0.139,"27.8374,   -0.139, 26 May 2026, 22:42:31"
2026-05-26T22:42:46.765347,1941,18790000,-0.017,0.015,-0.995,-3.573,0.206,-1.168,31.02,27.7766,-0.135,"27.7766,   -0.135, 26 May 2026, 22:42:41"
2026-05-26T22:42:56.717276,1942,18800000,-0.02,0.019,-1.0,-3.588,0.336,-1.16,31.02,27.7166,-0.137,"27.7166,   -0.137, 26 May 2026, 22:42:51"
2026-05-26T22:43:06.646667,1943,18810000,-0.022,0.013,-1.004,-3.557,0.275,-0.985,31.02,27.6601,-0.136,"27.6601,   -0.136, 26 May 2026, 22:43:01"
2026-05-26T22:43:16.716688,1944,18820000,-0.013,0.016,-0.989,-3.542,0.275,-1.008,31.07,27.6177,-0.134,"27.6177,   -0.134, 26 May 2026, 22:43:11"
2026-05-26T22:43:26.709241,1945,18830000,-0.019,0.015,-1.001,-3.473,0.321,-1.069,31.07,27.585,-0.137,"27.5850,   -0.137, 26 May 2026, 22:43:21"
2026-05-26T22:43:36.708110,1946,18840000,-0.016,0.013,-1.005,-3.649,0.267,-1.092,31.17,27.5555,-0.135,"27.5555,   -0.135, 26 May 2026, 22:43:31"
2026-05-26T22:43:46.709406,1947,18850000,-0.019,0.011,-0.997,-3.664,0.153,-0.916,31.07,27.5461,-0.134,"27.5461,   -0.134, 26 May 2026, 22:43:41"
2026-05-26T22:43:56.715313,1948,18860000,-0.014,0.012,-1.0,-3.58,0.305,-0.992,31.02,27.5491,-0.135,"27.5491,   -0.135, 26 May 2026, 22:43:51"
2026-05-26T22:44:06.637784,1949,18870000,-0.008,0.018,-0.997,-3.489,0.13,-1.137,30.93,27.52,-0.137,"27.5200,   -0.137, 26 May 2026, 22:44:01"
2026-05-26T22:44:16.768239,1950,18880000,-0.016,0.012,-1.002,-3.573,0.267,-1.168,30.79,27.4774,-0.138,"27.4774,   -0.138, 26 May 2026, 22:44:11"
2026-05-26T22:44:26.771506,1951,18890000,-0.022,0.016,-0.996,-3.496,0.298,-1.008,30.84,27.4323,-0.139,"27.4323,   -0.139, 26 May 2026, 22:44:21"
2026-05-26T22:44:36.716289,1952,18900000,-0.018,0.014,-0.993,-3.489,0.183,-0.977,30.88,27.4088,-0.136,"27.4088,   -0.136, 26 May 2026, 22:44:31"
2026-05-26T22:44:46.716100,1953,18910000,-0.014,0.016,-0.999,-3.672,0.397,-0.947,30.88,27.3865,-0.136,"27.3865,   -0.136, 26 May 2026, 22:44:41"
2026-05-26T22:44:56.777564,1954,18920000,-0.014,0.008,-0.993,-3.634,0.282,-1.031,30.93,27.3845,-0.133,"27.3845,   -0.133, 26 May 2026, 22:44:51"
2026-05-26T22:45:06.650312,1955,18930000,-0.015,0.013,-1.003,-3.412,0.183,-1.229,30.93,27.3998,-0.136,"27.3998,   -0.136, 26 May 2026, 22:45:01"
2026-05-26T22:45:16.765792,1956,18940000,-0.011,0.011,-1.002,-3.481,0.221,-1.137,30.93,27.3618,-0.137,"27.3618,   -0.137, 26 May 2026, 22:45:11"
2026-05-26T22:45:26.776300,1957,18950000,-0.016,0.012,-1.002,-3.573,0.282,-1.053,30.93,27.3767,-0.134,"27.3767,   -0.134, 26 May 2026, 22:45:21"
2026-05-26T22:45:36.706994,1958,18960000,-0.015,0.015,-0.996,-3.504,0.313,-1.191,30.98,27.3734,-0.136,"27.3734,   -0.136, 26 May 2026, 22:45:31"
2026-05-26T22:45:46.769683,1959,18970000,-0.018,0.01,-0.997,-3.611,0.237,-1.046,30.98,27.3678,-0.136,"27.3678,   -0.136, 26 May 2026, 22:45:41"
2026-05-26T22:45:56.774986,1960,18980000,-0.017,0.015,-1.0,-3.519,0.275,-1.137,30.88,27.3585,-0.136,"27.3585,   -0.136, 26 May 2026, 22:45:51"
2026-05-26T22:46:06.649330,1961,18990000,-0.012,0.01,-1.0,-3.588,0.168,-1.183,30.93,27.3154,-0.137,"27.3154,   -0.137, 26 May 2026, 22:46:01"
2026-05-26T22:46:16.770365,1962,19000000,-0.015,0.011,-0.997,-3.573,0.038,-1.038,31.02,27.2643,-0.135,"27.2643,   -0.135, 26 May 2026, 22:46:11"
2026-05-26T22:46:26.776564,1963,19010000,-0.022,0.015,-1.004,-3.603,0.344,-1.214,30.88,27.2206,-0.138,"27.2206,   -0.138, 26 May 2026, 22:46:21"
2026-05-26T22:46:36.766008,1964,19020000,-0.022,0.014,-0.999,-3.595,0.359,-0.962,31.02,27.2128,-0.136,"27.2128,   -0.136, 26 May 2026, 22:46:31"
2026-05-26T22:46:46.716446,1965,19030000,-0.013,0.011,-0.995,-3.542,0.221,-0.977,31.02,27.2184,-0.136,"27.2184,   -0.136, 26 May 2026, 22:46:41"
2026-05-26T22:46:56.776498,1966,19040000,-0.016,0.017,-1.004,-3.473,0.336,-1.069,30.84,27.2344,-0.135,"27.2344,   -0.135, 26 May 2026, 22:46:51"
2026-05-26T22:47:06.656204,1967,19050000,-0.017,0.012,-1.0,-3.466,0.198,-1.023,30.93,27.2669,-0.141,"27.2669,   -0.141, 26 May 2026, 22:47:01"
2026-05-26T22:47:16.700997,1968,19060000,-0.012,0.017,-1.01,-3.519,0.275,-1.084,31.07,27.301,-0.138,"27.3010,   -0.138, 26 May 2026, 22:47:11"
2026-05-26T22:47:26.765470,1969,19070000,-0.007,0.01,-1.004,-3.519,0.191,-0.954,30.88,27.3588,-0.137,"27.3588,   -0.137, 26 May 2026, 22:47:21"
2026-05-26T22:47:36.776684,1970,19080000,-0.016,0.008,-0.99,-3.588,0.336,-1.122,30.88,27.4053,-0.137,"27.4053,   -0.137, 26 May 2026, 22:47:31"
2026-05-26T22:47:46.704903,1971,19090000,-0.015,0.02,-1.012,-3.634,0.168,-1.023,31.02,27.4521,-0.133,"27.4521,   -0.133, 26 May 2026, 22:47:41"
2026-05-26T22:47:56.765009,1972,19100000,-0.017,0.017,-0.994,-3.511,0.221,-1.145,30.93,27.4949,-0.137,"27.4949,   -0.137, 26 May 2026, 22:47:51"
2026-05-26T22:48:06.640702,1973,19110000,-0.016,0.021,-1.001,-3.504,0.282,-1.023,30.98,27.5349,-0.139,"27.5349,   -0.139, 26 May 2026, 22:48:01"
2026-05-26T22:48:16.776743,1974,19120000,-0.016,0.018,-1.001,-3.74,0.275,-0.969,30.98,27.5688,-0.138,"27.5688,   -0.138, 26 May 2026, 22:48:11"
2026-05-26T22:48:26.773282,1975,19130000,-0.017,0.02,-1.002,-3.458,0.252,-0.84,30.88,27.5983,-0.137,"27.5983,   -0.137, 26 May 2026, 22:48:21"
2026-05-26T22:48:36.716982,1976,19140000,-0.016,0.017,-0.998,-3.618,0.397,-1.076,30.93,27.6207,-0.137,"27.6207,   -0.137, 26 May 2026, 22:48:31"
2026-05-26T22:48:46.763870,1977,19150000,-0.014,0.012,-0.992,-3.542,0.351,-1.115,30.98,27.6488,-0.135,"27.6488,   -0.135, 26 May 2026, 22:48:41"
2026-05-26T22:48:56.776821,1978,19160000,-0.015,0.013,-1.001,-3.603,0.122,-1.29,30.98,27.676,-0.139,"27.6760,   -0.139, 26 May 2026, 22:48:51"
2026-05-26T22:49:06.641215,1979,19170000,-0.019,0.013,-0.995,-3.473,0.13,-1.008,31.02,27.7024,-0.14,"27.7024,   -0.140, 26 May 2026, 22:49:01"
2026-05-26T22:49:16.776725,1980,19180000,-0.015,0.017,-1.003,-3.595,0.366,-1.069,30.98,27.715,-0.135,"27.7150,   -0.135, 26 May 2026, 22:49:11"
2026-05-26T22:49:26.715044,1981,19190000,-0.017,0.016,-1.008,-3.55,0.313,-0.947,30.93,27.7284,-0.136,"27.7284,   -0.136, 26 May 2026, 22:49:21"
2026-05-26T22:49:36.776297,1982,19200000,-0.01,0.014,-0.996,-3.595,0.305,-0.908,30.88,27.75,-0.137,"27.7500,   -0.137, 26 May 2026, 22:49:31"
2026-05-26T22:49:46.767686,1983,19210000,-0.017,0.016,-0.991,-3.695,0.229,-1.107,30.88,27.7726,-0.137,"27.7726,   -0.137, 26 May 2026, 22:49:41"
2026-05-26T22:49:56.765862,1984,19220000,-0.016,0.016,-1.0,-3.389,0.29,-1.13,30.88,27.7956,-0.137,"27.7956,   -0.137, 26 May 2026, 22:49:51"
2026-05-26T22:50:06.644360,1985,19230000,-0.011,0.019,-1.001,-3.504,0.321,-0.962,31.07,27.8145,-0.138,"27.8145,   -0.138, 26 May 2026, 22:50:01"
2026-05-26T22:50:16.709930,1986,19240000,-0.018,0.015,-0.997,-3.489,0.214,-1.191,30.98,27.8307,-0.136,"27.8307,   -0.136, 26 May 2026, 22:50:11"
2026-05-26T22:50:26.772318,1987,19250000,-0.018,0.018,-0.996,-3.504,0.145,-1.206,31.02,27.8524,-0.136,"27.8524,   -0.136, 26 May 2026, 22:50:21"
2026-05-26T22:50:36.715590,1988,19260000,-0.012,0.017,-1.0,-3.557,0.359,-1.176,31.02,27.8711,-0.137,"27.8711,   -0.137, 26 May 2026, 22:50:31"
2026-05-26T22:50:46.770574,1989,19270000,-0.011,0.019,-0.995,-3.542,0.275,-1.153,30.98,27.8873,-0.137,"27.8873,   -0.137, 26 May 2026, 22:50:41"
2026-05-26T22:50:56.765380,1990,19280000,-0.019,0.02,-0.999,-3.481,0.313,-0.969,30.98,27.903,-0.137,"27.9030,   -0.137, 26 May 2026, 22:50:51"
2026-05-26T22:51:06.656188,1991,19290000,-0.009,0.017,-0.999,-3.595,0.359,-1.076,31.02,27.9151,-0.137,"27.9151,   -0.137, 26 May 2026, 22:51:01"
2026-05-26T22:51:16.767538,1992,19300000,-0.015,0.013,-1.0,-3.511,0.191,-1.008,31.07,27.929,-0.138,"27.9290,   -0.138, 26 May 2026, 22:51:11"
2026-05-26T22:51:26.765207,1993,19310000,-0.014,0.016,-1.002,-3.611,0.244,-1.076,30.98,27.9336,-0.136,"27.9336,   -0.136, 26 May 2026, 22:51:21"
2026-05-26T22:51:36.708257,1994,19320000,-0.021,0.013,-0.99,-3.42,0.389,-0.916,30.98,27.9388,-0.135,"27.9388,   -0.135, 26 May 2026, 22:51:31"
2026-05-26T22:51:46.716044,1995,19330000,-0.017,0.016,-1.01,-3.511,0.29,-1.13,30.98,27.962,-0.134,"27.9620,   -0.134, 26 May 2026, 22:51:41"
2026-05-26T22:51:56.704733,1996,19340000,-0.019,0.014,-1.005,-3.618,0.221,-1.168,30.98,27.9745,-0.133,"27.9745,   -0.133, 26 May 2026, 22:51:51"
2026-05-26T22:52:06.642509,1997,19350000,-0.015,0.012,-0.999,-3.595,0.26,-1.153,31.07,27.9835,-0.136,"27.9835,   -0.136, 26 May 2026, 22:52:01"
2026-05-26T22:52:16.703256,1998,19360000,-0.012,0.017,-1.004,-3.542,0.191,-0.947,30.98,27.9981,-0.138,"27.9981,   -0.138, 26 May 2026, 22:52:11"
2026-05-26T22:52:26.776638,1999,19370000,-0.017,0.012,-1.0,-3.534,0.244,-1.008,30.98,28.0109,-0.136,"28.0109,   -0.136, 26 May 2026, 22:52:21"
2026-05-26T22:52:36.765718,2000,19380000,-0.011,0.015,-0.997,-3.641,0.16,-1.061,30.93,28.0243,-0.134,"28.0243,   -0.134, 26 May 2026, 22:52:31"
2026-05-26T22:52:46.763737,2001,19390000,-0.015,0.01,-1.008,-3.626,0.183,-1.046,31.02,28.0259,-0.139,"28.0259,   -0.139, 26 May 2026, 22:52:41"
2026-05-26T22:52:56.769259,2002,19400000,-0.015,0.014,-0.994,-3.588,0.198,-1.168,30.93,28.0333,-0.136,"28.0333,   -0.136, 26 May 2026, 22:52:51"
2026-05-26T22:53:06.655368,2003,19410000,-0.013,0.016,-1.0,-3.481,0.214,-1.107,30.98,28.05,-0.135,"28.0500,   -0.135, 26 May 2026, 22:53:01"
2026-05-26T22:53:16.770337,2004,19420000,-0.018,0.02,-0.994,-3.695,0.382,-1.008,31.02,28.0523,-0.136,"28.0523,   -0.136, 26 May 2026, 22:53:11"
2026-05-26T22:53:26.769455,2005,19430000,-0.013,0.014,-0.995,-3.473,0.061,-1.168,30.93,28.0568,-0.138,"28.0568,   -0.138, 26 May 2026, 22:53:21"
2026-05-26T22:53:36.764825,2006,19440000,-0.022,0.016,-1.004,-3.573,0.321,-1.092,30.84,28.0522,-0.138,"28.0522,   -0.138, 26 May 2026, 22:53:31"
2026-05-26T22:53:46.768655,2007,19450000,-0.011,0.018,-1.0,-3.557,0.244,-1.13,30.93,28.0148,-0.135,"28.0148,   -0.135, 26 May 2026, 22:53:41"
2026-05-26T22:53:56.768031,2008,19460000,-0.01,0.018,-0.995,-3.595,0.214,-1.107,30.98,28.0077,-0.137,"28.0077,   -0.137, 26 May 2026, 22:53:51"
2026-05-26T22:54:06.732024,2009,19470000,-0.017,0.019,-1.008,-3.511,0.374,-1.214,30.88,27.9857,-0.138,"27.9857,   -0.138, 26 May 2026, 22:54:01"
2026-05-26T22:54:16.783396,2010,19480000,-0.011,0.012,-0.999,-3.641,0.382,-1.191,30.88,27.9412,-0.135,"27.9412,   -0.135, 26 May 2026, 22:54:11"
2026-05-26T22:54:26.777468,2011,19490000,-0.017,0.017,-0.999,-3.504,0.366,-0.969,30.98,27.9037,-0.133,"27.9037,   -0.133, 26 May 2026, 22:54:21"
2026-05-26T22:54:36.716399,2012,19500000,-0.019,0.012,-0.996,-3.55,0.107,-1.038,30.98,27.8561,-0.136,"27.8561,   -0.136, 26 May 2026, 22:54:31"
2026-05-26T22:54:46.764158,2013,19510000,-0.016,0.009,-1.0,-3.626,0.359,-0.977,30.93,27.8626,-0.132,"27.8626,   -0.132, 26 May 2026, 22:54:41"
2026-05-26T22:54:56.715919,2014,19520000,-0.013,0.015,-1.001,-3.542,0.229,-1.29,30.88,27.8401,-0.136,"27.8401,   -0.136, 26 May 2026, 22:54:51"
2026-05-26T22:55:06.655003,2015,19530000,-0.02,0.019,-0.999,-3.603,0.168,-1.069,30.93,27.8054,-0.138,"27.8054,   -0.138, 26 May 2026, 22:55:01"
2026-05-26T22:55:16.769016,2016,19540000,-0.024,0.013,-0.993,-3.687,0.244,-1.13,30.79,27.7737,-0.135,"27.7737,   -0.135, 26 May 2026, 22:55:11"
2026-05-26T22:55:26.763905,2017,19550000,-0.014,0.015,-0.997,-3.527,0.244,-1.053,30.6,27.7094,-0.135,"27.7094,   -0.135, 26 May 2026, 22:55:21"
2026-05-26T22:55:36.716024,2018,19560000,-0.016,0.01,-1.001,-3.565,0.267,-1.084,30.74,27.6394,-0.139,"27.6394,   -0.139, 26 May 2026, 22:55:31"
2026-05-26T22:55:46.776399,2019,19570000,-0.015,0.018,-1.004,-3.672,0.053,-1.137,30.65,27.6266,-0.137,"27.6266,   -0.137, 26 May 2026, 22:55:41"
2026-05-26T22:55:56.766941,2020,19580000,-0.016,0.009,-0.993,-3.58,0.275,-0.962,30.65,27.6045,-0.139,"27.6045,   -0.139, 26 May 2026, 22:55:51"
2026-05-26T22:56:06.648349,2021,19590000,-0.012,0.015,-1.005,-3.519,0.275,-1.16,30.65,27.5788,-0.135,"27.5788,   -0.135, 26 May 2026, 22:56:01"
2026-05-26T22:56:16.777873,2022,19600000,-0.015,0.012,-0.998,-3.504,0.26,-1.008,30.74,27.5637,-0.136,"27.5637,   -0.136, 26 May 2026, 22:56:11"
2026-05-26T22:56:26.723782,2023,19610000,-0.01,0.014,-0.993,-3.618,0.115,-0.977,30.84,27.5262,-0.137,"27.5262,   -0.137, 26 May 2026, 22:56:21"
2026-05-26T22:56:36.772655,2024,19620000,-0.017,0.021,-0.996,-3.672,0.229,-0.87,30.74,27.48,-0.139,"27.4800,   -0.139, 26 May 2026, 22:56:31"
2026-05-26T22:56:46.763768,2025,19630000,-0.018,0.014,-0.993,-3.603,0.443,-1.031,30.88,27.4467,-0.134,"27.4467,   -0.134, 26 May 2026, 22:56:41"
2026-05-26T22:56:56.777965,2026,19640000,-0.015,0.019,-1.008,-3.496,0.122,-0.954,30.88,27.428,-0.136,"27.4280,   -0.136, 26 May 2026, 22:56:51"
2026-05-26T22:57:06.647387,2027,19650000,-0.018,0.013,-1.001,-3.687,0.267,-1.053,30.69,27.421,-0.137,"27.4210,   -0.137, 26 May 2026, 22:57:01"
2026-05-26T22:57:16.717075,2028,19660000,-0.018,0.01,-0.992,-3.458,0.267,-1.168,30.65,27.4138,-0.135,"27.4138,   -0.135, 26 May 2026, 22:57:11"
2026-05-26T22:57:26.765342,2029,19670000,-0.012,0.01,-1.007,-3.565,0.321,-0.985,30.79,27.3944,-0.138,"27.3944,   -0.138, 26 May 2026, 22:57:21"
2026-05-26T22:57:36.769700,2030,19680000,-0.012,0.023,-0.988,-3.702,0.237,-0.992,30.65,27.3545,-0.139,"27.3545,   -0.139, 26 May 2026, 22:57:31"
2026-05-26T22:57:46.776689,2031,19690000,-0.016,0.014,-0.999,-3.588,0.29,-0.931,30.69,27.3293,-0.135,"27.3293,   -0.135, 26 May 2026, 22:57:41"
2026-05-26T22:57:56.710030,2032,19700000,-0.011,0.018,-1.001,-3.595,0.29,-0.969,30.74,27.3164,-0.134,"27.3164,   -0.134, 26 May 2026, 22:57:51"
2026-05-26T22:58:06.644588,2033,19710000,-0.016,0.012,-1.005,-3.481,0.115,-1.168,30.69,27.2936,-0.136,"27.2936,   -0.136, 26 May 2026, 22:58:01"
2026-05-26T22:58:16.765745,2034,19720000,-0.014,0.015,-1.002,-3.496,0.344,-1.191,30.74,27.2815,-0.136,"27.2815,   -0.136, 26 May 2026, 22:58:11"
2026-05-26T22:58:26.777155,2035,19730000,-0.017,0.01,-0.99,-3.573,0.084,-1.137,30.79,27.2734,-0.136,"27.2734,   -0.136, 26 May 2026, 22:58:21"
2026-05-26T22:58:36.777622,2036,19740000,-0.02,0.014,-0.996,-3.679,0.214,-1.038,30.74,27.2484,-0.135,"27.2484,   -0.135, 26 May 2026, 22:58:31"
2026-05-26T22:58:46.776397,2037,19750000,-0.013,0.011,-1.004,-3.618,0.328,-1.061,30.69,27.2504,-0.136,"27.2504,   -0.136, 26 May 2026, 22:58:41"
2026-05-26T22:58:56.716608,2038,19760000,-0.014,0.014,-1.0,-3.595,0.237,-0.977,30.84,27.2317,-0.135,"27.2317,   -0.135, 26 May 2026, 22:58:51"
2026-05-26T22:59:06.716310,2039,19770000,-0.017,0.017,-0.992,-3.656,0.313,-1.107,30.84,27.2415,-0.137,"27.2415,   -0.137, 26 May 2026, 22:59:01"
2026-05-26T22:59:16.716988,2040,19780000,-0.016,0.012,-0.996,-3.511,0.198,-1.115,30.88,27.2611,-0.139,"27.2611,   -0.139, 26 May 2026, 22:59:11"
2026-05-26T22:59:26.777192,2041,19790000,-0.006,0.015,-1.0,-3.473,0.26,-1.176,30.74,27.2866,-0.135,"27.2866,   -0.135, 26 May 2026, 22:59:21"
2026-05-26T22:59:36.764914,2042,19800000,-0.021,0.016,-0.997,-3.603,0.298,-1.153,30.88,27.3418,-0.134,"27.3418,   -0.134, 26 May 2026, 22:59:31"
2026-05-26T22:59:46.767808,2043,19810000,-0.016,0.017,-1.0,-3.496,0.145,-1.069,30.84,27.3727,-0.135,"27.3727,   -0.135, 26 May 2026, 22:59:41"
2026-05-26T22:59:56.766095,2044,19820000,-0.02,0.013,-0.994,-3.511,0.176,-1.13,30.79,27.3962,-0.134,"27.3962,   -0.134, 26 May 2026, 22:59:51"
2026-05-26T23:00:06.656644,2045,19830000,-0.015,0.013,-0.994,-3.405,0.176,-0.916,30.84,27.4446,-0.139,"27.4446,   -0.139, 26 May 2026, 23:00:01"
2026-05-26T23:00:16.706430,2046,19840000,-0.015,0.017,-1.001,-3.649,0.168,-1.031,30.93,27.4904,-0.138,"27.4904,   -0.138, 26 May 2026, 23:00:11"
2026-05-26T23:00:26.764710,2047,19850000,-0.017,0.017,-1.001,-3.542,0.282,-1.038,30.79,27.5181,-0.139,"27.5181,   -0.139, 26 May 2026, 23:00:21"
2026-05-26T23:00:36.702919,2048,19860000,-0.02,0.01,-0.999,-3.634,0.313,-1.13,30.88,27.5299,-0.132,"27.5299,   -0.132, 26 May 2026, 23:00:31"
2026-05-26T23:00:46.702909,2049,19870000,-0.025,0.019,-1.01,-3.504,0.29,-0.992,30.79,27.5513,-0.139,"27.5513,   -0.139, 26 May 2026, 23:00:41"
2026-05-26T23:00:56.717092,2050,19880000,-0.014,0.011,-0.998,-3.504,0.122,-1.092,30.84,27.5542,-0.137,"27.5542,   -0.137, 26 May 2026, 23:00:51"
2026-05-26T23:01:06.645558,2051,19890000,-0.016,0.019,-0.995,-3.489,0.183,-1.023,30.88,27.5739,-0.135,"27.5739,   -0.135, 26 May 2026, 23:01:01"
2026-05-26T23:01:16.716506,2052,19900000,-0.019,0.015,-0.991,-3.588,0.298,-1.176,30.79,27.5906,-0.14,"27.5906,   -0.140, 26 May 2026, 23:01:11"
2026-05-26T23:01:26.705515,2053,19910000,-0.01,0.014,-1.001,-3.55,0.26,-1.061,30.74,27.6147,-0.138,"27.6147,   -0.138, 26 May 2026, 23:01:21"
2026-05-26T23:01:36.709578,2054,19920000,-0.018,0.015,-1.003,-3.519,0.252,-0.924,30.79,27.6348,-0.138,"27.6348,   -0.138, 26 May 2026, 23:01:31"
2026-05-26T23:01:46.702903,2055,19930000,-0.017,0.017,-1.001,-3.565,0.374,-1.153,30.84,27.6593,-0.141,"27.6593,   -0.141, 26 May 2026, 23:01:41"
2026-05-26T23:01:56.717200,2056,19940000,-0.016,0.011,-1.001,-3.664,0.176,-1.122,30.79,27.6791,-0.137,"27.6791,   -0.137, 26 May 2026, 23:01:51"
2026-05-26T23:02:06.651186,2057,19950000,-0.015,0.019,-0.999,-3.557,0.328,-1.015,30.79,27.6746,-0.133,"27.6746,   -0.133, 26 May 2026, 23:02:01"
2026-05-26T23:02:16.716396,2058,19960000,-0.013,0.009,-1.002,-3.649,0.26,-0.992,30.79,27.675,-0.135,"27.6750,   -0.135, 26 May 2026, 23:02:11"
2026-05-26T23:02:26.766467,2059,19970000,-0.014,0.021,-1.0,-3.519,0.038,-1.023,30.74,27.6769,-0.137,"27.6769,   -0.137, 26 May 2026, 23:02:21"
2026-05-26T23:02:36.769898,2060,19980000,-0.022,0.012,-1.005,-3.511,0.107,-0.908,30.69,27.6892,-0.137,"27.6892,   -0.137, 26 May 2026, 23:02:31"
2026-05-26T23:02:46.714905,2061,19990000,-0.019,0.017,-1.008,-3.527,0.244,-0.855,30.84,27.7134,-0.138,"27.7134,   -0.138, 26 May 2026, 23:02:41"
2026-05-26T23:02:56.702642,2062,20000000,-0.018,0.014,-0.995,-3.603,0.305,-1.023,30.84,27.7375,-0.14,"27.7375,   -0.140, 26 May 2026, 23:02:51"
2026-05-26T23:03:06.649820,2063,20010000,-0.011,0.01,-1.005,-3.496,0.069,-1.298,30.74,27.7623,-0.134,"27.7623,   -0.134, 26 May 2026, 23:03:01"
2026-05-26T23:03:16.705185,2064,20020000,-0.012,0.018,-0.998,-3.626,0.458,-1.122,30.84,27.7851,-0.137,"27.7851,   -0.137, 26 May 2026, 23:03:11"
2026-05-26T23:03:26.765314,2065,20030000,-0.014,0.013,-0.997,-3.611,0.084,-1.176,30.84,27.7991,-0.133,"27.7991,   -0.133, 26 May 2026, 23:03:21"
2026-05-26T23:03:36.708818,2066,20040000,-0.021,0.017,-1.002,-3.611,0.153,-1.145,30.84,27.8126,-0.135,"27.8126,   -0.135, 26 May 2026, 23:03:31"
2026-05-26T23:03:46.715977,2067,20050000,-0.012,0.01,-0.999,-3.443,0.206,-1.183,30.69,27.8365,-0.137,"27.8365,   -0.137, 26 May 2026, 23:03:41"
2026-05-26T23:03:56.715871,2068,20060000,-0.02,0.02,-0.997,-3.687,0.13,-1.137,30.84,27.8498,-0.135,"27.8498,   -0.135, 26 May 2026, 23:03:51"
2026-05-26T23:04:06.641532,2069,20070000,-0.015,0.018,-1.001,-3.603,0.275,-0.954,30.84,27.8643,-0.136,"27.8643,   -0.136, 26 May 2026, 23:04:01"
2026-05-26T23:04:16.763865,2070,20080000,-0.012,0.019,-0.993,-3.603,0.305,-1.16,30.84,27.878,-0.135,"27.8780,   -0.135, 26 May 2026, 23:04:11"
2026-05-26T23:04:26.716513,2071,20090000,-0.016,0.018,-0.999,-3.603,0.382,-1.023,30.88,27.8881,-0.136,"27.8881,   -0.136, 26 May 2026, 23:04:21"
2026-05-26T23:04:36.709713,2072,20100000,-0.019,0.014,-0.993,-3.626,0.115,-0.977,30.88,27.905,-0.139,"27.9050,   -0.139, 26 May 2026, 23:04:31"
2026-05-26T23:04:46.716781,2073,20110000,-0.023,0.015,-0.996,-3.374,0.198,-1.031,30.93,27.9242,-0.137,"27.9242,   -0.137, 26 May 2026, 23:04:41"
2026-05-26T23:04:56.765092,2074,20120000,-0.017,0.004,-1.0,-3.603,0.145,-0.939,30.88,27.934,-0.136,"27.9340,   -0.136, 26 May 2026, 23:04:51"
2026-05-26T23:05:06.711675,2075,20130000,-0.016,0.014,-0.996,-3.443,0.214,-1.13,30.98,27.9394,-0.136,"27.9394,   -0.136, 26 May 2026, 23:05:01"
2026-05-26T23:05:16.710653,2076,20140000,-0.01,0.015,-0.994,-3.534,0.046,-1.145,30.93,27.9477,-0.138,"27.9477,   -0.138, 26 May 2026, 23:05:11"
2026-05-26T23:05:26.765020,2077,20150000,-0.014,0.013,-0.996,-3.481,0.313,-1.061,30.93,27.9558,-0.135,"27.9558,   -0.135, 26 May 2026, 23:05:21"
2026-05-26T23:05:36.765945,2078,20160000,-0.018,0.015,-1.005,-3.611,0.229,-1.0,31.02,27.9727,-0.134,"27.9727,   -0.134, 26 May 2026, 23:05:31"
2026-05-26T23:05:46.705662,2079,20170000,-0.016,0.012,-0.995,-3.542,0.29,-1.183,30.93,27.9884,-0.137,"27.9884,   -0.137, 26 May 2026, 23:05:41"
2026-05-26T23:05:56.769972,2080,20180000,-0.012,0.015,-1.0,-3.656,0.16,-1.069,30.98,27.997,-0.139,"27.9970,   -0.139, 26 May 2026, 23:05:51"
2026-05-26T23:06:06.641753,2081,20190000,-0.012,0.017,-0.997,-3.618,0.237,-1.015,30.93,27.9973,-0.14,"27.9973,   -0.140, 26 May 2026, 23:06:01"
2026-05-26T23:06:16.716417,2082,20200000,-0.016,0.018,-0.996,-3.496,0.305,-1.229,30.88,27.9995,-0.136,"27.9995,   -0.136, 26 May 2026, 23:06:11"
2026-05-26T23:06:26.709959,2083,20210000,-0.01,0.017,-1.006,-3.664,0.313,-1.008,30.98,28.0025,-0.138,"28.0025,   -0.138, 26 May 2026, 23:06:21"
2026-05-26T23:06:36.711432,2084,20220000,-0.015,0.02,-1.0,-3.45,0.313,-1.0,30.93,28.0074,-0.136,"28.0074,   -0.136, 26 May 2026, 23:06:31"
2026-05-26T23:06:46.773419,2085,20230000,-0.021,0.016,-0.996,-3.412,0.366,-1.038,31.02,28.0085,-0.138,"28.0085,   -0.138, 26 May 2026, 23:06:41"
2026-05-26T23:06:56.716669,2086,20240000,-0.014,0.011,-1.009,-3.618,0.298,-1.031,30.88,28.0016,-0.138,"28.0016,   -0.138, 26 May 2026, 23:06:51"
2026-05-26T23:07:06.646045,2087,20250000,-0.013,0.012,-0.999,-3.695,0.191,-1.13,31.07,27.9946,-0.136,"27.9946,   -0.136, 26 May 2026, 23:07:01"
2026-05-26T23:07:16.717222,2088,20260000,-0.013,0.016,-1.003,-3.55,0.336,-0.908,30.93,27.9898,-0.135,"27.9898,   -0.135, 26 May 2026, 23:07:11"
2026-05-26T23:07:26.705220,2089,20270000,-0.012,0.013,-1.01,-3.42,0.229,-0.962,30.93,27.9672,-0.138,"27.9672,   -0.138, 26 May 2026, 23:07:21"
2026-05-26T23:07:36.776674,2090,20280000,-0.017,0.012,-1.003,-3.527,0.366,-1.122,30.93,27.9121,-0.135,"27.9121,   -0.135, 26 May 2026, 23:07:31"
2026-05-26T23:07:46.777109,2091,20290000,-0.016,0.01,-0.997,-3.519,0.252,-1.191,30.98,27.856,-0.136,"27.8560,   -0.136, 26 May 2026, 23:07:41"
2026-05-26T23:07:56.763597,2092,20300000,-0.011,0.02,-1.003,-3.573,0.153,-1.038,30.93,27.8147,-0.138,"27.8147,   -0.138, 26 May 2026, 23:07:51"
2026-05-26T23:08:06.652629,2093,20310000,-0.012,0.011,-0.997,-3.511,0.191,-1.198,31.02,27.7935,-0.134,"27.7935,   -0.134, 26 May 2026, 23:08:01"
2026-05-26T23:08:16.777565,2094,20320000,-0.015,0.02,-1.003,-3.634,0.168,-1.092,30.98,27.7535,-0.136,"27.7535,   -0.136, 26 May 2026, 23:08:11"
2026-05-26T23:08:26.763701,2095,20330000,-0.014,0.01,-1.004,-3.496,0.092,-0.87,30.93,27.6957,-0.137,"27.6957,   -0.137, 26 May 2026, 23:08:21"
2026-05-26T23:08:36.769884,2096,20340000,-0.02,0.015,-1.004,-3.55,0.221,-1.16,30.88,27.6468,-0.135,"27.6468,   -0.135, 26 May 2026, 23:08:31"
2026-05-26T23:08:46.769760,2097,20350000,-0.02,0.013,-0.996,-3.557,0.237,-1.038,30.93,27.6299,-0.136,"27.6299,   -0.136, 26 May 2026, 23:08:41"
2026-05-26T23:08:56.771312,2098,20360000,-0.026,0.02,-0.999,-3.527,0.313,-1.176,30.88,27.5857,-0.134,"27.5857,   -0.134, 26 May 2026, 23:08:51"
2026-05-26T23:09:06.657620,2099,20370000,-0.013,0.018,-0.997,-3.656,0.206,-0.931,30.84,27.5625,-0.138,"27.5625,   -0.138, 26 May 2026, 23:09:01"
2026-05-26T23:09:16.779416,2100,20380000,-0.014,0.021,-1.006,-3.504,0.252,-1.015,30.88,27.52,-0.141,"27.5200,   -0.141, 26 May 2026, 23:09:11"
2026-05-26T23:09:26.766318,2101,20390000,-0.019,0.014,-0.996,-3.664,0.267,-1.008,30.98,27.4636,-0.137,"27.4636,   -0.137, 26 May 2026, 23:09:21"
2026-05-26T23:09:36.778454,2102,20400000,-0.01,0.019,-0.991,-3.595,0.282,-0.992,31.02,27.4495,-0.136,"27.4495,   -0.136, 26 May 2026, 23:09:31"
2026-05-26T23:09:46.777517,2103,20410000,-0.016,0.012,-0.998,-3.634,0.183,-1.115,30.93,27.4706,-0.136,"27.4706,   -0.136, 26 May 2026, 23:09:41"
2026-05-26T23:09:56.777696,2104,20420000,-0.013,0.017,-0.989,-3.603,0.244,-1.031,30.84,27.4621,-0.136,"27.4621,   -0.136, 26 May 2026, 23:09:51"
2026-05-26T23:10:06.775954,2105,20430000,-0.013,0.013,-1.0,-3.473,0.115,-1.244,30.88,27.4729,-0.136,"27.4729,   -0.136, 26 May 2026, 23:10:01"
2026-05-26T23:10:16.770173,2106,20440000,-0.015,0.019,-1.003,-3.603,0.229,-1.046,30.79,27.4513,-0.137,"27.4513,   -0.137, 26 May 2026, 23:10:11"
2026-05-26T23:10:26.776928,2107,20450000,-0.016,0.014,-0.999,-3.55,0.305,-1.137,30.84,27.4282,-0.136,"27.4282,   -0.136, 26 May 2026, 23:10:21"
2026-05-26T23:10:36.715569,2108,20460000,-0.016,0.017,-0.994,-3.641,0.305,-1.076,30.74,27.4296,-0.14,"27.4296,   -0.140, 26 May 2026, 23:10:31"
2026-05-26T23:10:46.778324,2109,20470000,-0.019,0.016,-0.995,-3.58,0.344,-0.947,30.88,27.4012,-0.138,"27.4012,   -0.138, 26 May 2026, 23:10:41"
2026-05-26T23:10:56.706118,2110,20480000,-0.014,0.011,-0.997,-3.527,0.252,-1.023,30.88,27.3573,-0.135,"27.3573,   -0.135, 26 May 2026, 23:10:51"
2026-05-26T23:11:06.764816,2111,20490000,-0.016,0.013,-0.995,-3.519,0.168,-1.008,30.74,27.3275,-0.135,"27.3275,   -0.135, 26 May 2026, 23:11:01"
2026-05-26T23:11:16.711106,2112,20500000,-0.015,0.015,-0.997,-3.481,0.244,-1.084,30.79,27.3249,-0.138,"27.3249,   -0.138, 26 May 2026, 23:11:11"
2026-05-26T23:11:26.763624,2113,20510000,-0.018,0.016,-0.999,-3.672,0.092,-1.038,30.79,27.3361,-0.132,"27.3361,   -0.132, 26 May 2026, 23:11:21"
2026-05-26T23:11:36.776503,2114,20520000,-0.016,0.011,-1.0,-3.634,0.374,-0.931,30.79,27.3205,-0.136,"27.3205,   -0.136, 26 May 2026, 23:11:31"
2026-05-26T23:11:46.709270,2115,20530000,-0.017,0.012,-1.0,-3.58,0.282,-0.992,30.51,27.2939,-0.136,"27.2939,   -0.136, 26 May 2026, 23:11:41"
2026-05-26T23:11:56.765920,2116,20540000,-0.016,0.018,-0.993,-3.656,0.191,-1.023,30.55,27.279,-0.135,"27.2790,   -0.135, 26 May 2026, 23:11:51"
2026-05-26T23:12:06.764702,2117,20550000,-0.013,0.018,-0.99,-3.687,0.214,-1.198,30.6,27.2851,-0.137,"27.2851,   -0.137, 26 May 2026, 23:12:01"
2026-05-26T23:12:16.777200,2118,20560000,-0.014,0.021,-1.006,-3.695,0.282,-1.046,30.69,27.3064,-0.136,"27.3064,   -0.136, 26 May 2026, 23:12:11"
2026-05-26T23:12:26.716704,2119,20570000,-0.01,0.02,-1.002,-3.595,0.229,-1.0,30.74,27.3214,-0.132,"27.3214,   -0.132, 26 May 2026, 23:12:21"
2026-05-26T23:12:36.766592,2120,20580000,-0.01,0.015,-1.004,-3.55,0.229,-0.954,30.65,27.3509,-0.134,"27.3509,   -0.134, 26 May 2026, 23:12:31"
2026-05-26T23:12:46.766178,2121,20590000,-0.012,0.015,-0.998,-3.618,0.221,-1.176,30.69,27.3908,-0.135,"27.3908,   -0.135, 26 May 2026, 23:12:41"
2026-05-26T23:12:56.764622,2122,20600000,-0.017,0.014,-0.998,-3.634,0.389,-0.924,30.69,27.4354,-0.134,"27.4354,   -0.134, 26 May 2026, 23:12:51"
2026-05-26T23:13:06.765941,2123,20610000,-0.014,0.014,-0.997,-3.74,0.153,-1.015,30.79,27.4568,-0.137,"27.4568,   -0.137, 26 May 2026, 23:13:01"
2026-05-26T23:13:16.777835,2124,20620000,-0.016,0.017,-0.996,-3.588,0.305,-1.069,30.79,27.4933,-0.134,"27.4933,   -0.134, 26 May 2026, 23:13:11"
2026-05-26T23:13:26.777756,2125,20630000,-0.019,0.011,-0.991,-3.626,0.359,-1.008,30.79,27.5214,-0.135,"27.5214,   -0.135, 26 May 2026, 23:13:21"
2026-05-26T23:13:36.768893,2126,20640000,-0.016,0.013,-1.0,-3.565,0.29,-0.924,30.79,27.5328,-0.139,"27.5328,   -0.139, 26 May 2026, 23:13:31"
2026-05-26T23:13:46.776766,2127,20650000,-0.009,0.018,-0.995,-3.641,0.214,-1.183,30.84,27.5474,-0.134,"27.5474,   -0.134, 26 May 2026, 23:13:41"
2026-05-26T23:13:56.766900,2128,20660000,-0.015,0.016,-1.0,-3.687,0.305,-1.16,30.88,27.5784,-0.135,"27.5784,   -0.135, 26 May 2026, 23:13:51"
2026-05-26T23:14:06.763288,2129,20670000,-0.01,0.018,-0.999,-3.664,0.145,-1.015,30.88,27.6166,-0.135,"27.6166,   -0.135, 26 May 2026, 23:14:01"
2026-05-26T23:14:16.764534,2130,20680000,-0.02,0.018,-1.006,-3.427,0.191,-1.191,30.88,27.6454,-0.135,"27.6454,   -0.135, 26 May 2026, 23:14:11"
2026-05-26T23:14:26.777538,2131,20690000,-0.017,0.017,-0.996,-3.466,0.16,-1.107,30.84,27.6633,-0.136,"27.6633,   -0.136, 26 May 2026, 23:14:21"
2026-05-26T23:14:36.710014,2132,20700000,-0.016,0.021,-1.0,-3.382,0.29,-0.985,30.88,27.684,-0.133,"27.6840,   -0.133, 26 May 2026, 23:14:31"
2026-05-26T23:14:46.764323,2133,20710000,-0.012,0.013,-0.997,-3.351,0.221,-1.053,30.93,27.7099,-0.136,"27.7099,   -0.136, 26 May 2026, 23:14:41"
2026-05-26T23:14:56.765147,2134,20720000,-0.015,0.009,-0.992,-3.496,0.115,-1.168,30.93,27.7321,-0.138,"27.7321,   -0.138, 26 May 2026, 23:14:51"
2026-05-26T23:15:06.717199,2135,20730000,-0.018,0.015,-0.994,-3.672,0.153,-1.061,30.88,27.7496,-0.137,"27.7496,   -0.137, 26 May 2026, 23:15:01"
2026-05-26T23:15:16.766192,2136,20740000,-0.015,0.022,-0.999,-3.588,0.336,-0.985,30.88,27.769,-0.136,"27.7690,   -0.136, 26 May 2026, 23:15:11"
2026-05-26T23:15:26.776389,2137,20750000,-0.016,0.018,-0.997,-3.618,0.183,-1.084,30.88,27.7843,-0.136,"27.7843,   -0.136, 26 May 2026, 23:15:21"
2026-05-26T23:15:36.763648,2138,20760000,-0.011,0.012,-1.005,-3.611,0.511,-1.099,30.88,27.8046,-0.137,"27.8046,   -0.137, 26 May 2026, 23:15:31"
2026-05-26T23:15:46.771682,2139,20770000,-0.017,0.017,-0.998,-3.595,0.282,-0.992,30.98,27.8236,-0.138,"27.8236,   -0.138, 26 May 2026, 23:15:41"
2026-05-26T23:15:56.769749,2140,20780000,-0.019,0.016,-1.002,-3.618,0.237,-1.099,30.88,27.841,-0.137,"27.8410,   -0.137, 26 May 2026, 23:15:51"
2026-05-26T23:16:06.768085,2141,20790000,-0.015,0.019,-0.997,-3.496,0.328,-0.985,30.98,27.8577,-0.133,"27.8577,   -0.133, 26 May 2026, 23:16:01"
2026-05-26T23:16:16.770646,2142,20800000,-0.009,0.016,-0.998,-3.473,0.229,-1.015,30.93,27.8748,-0.135,"27.8748,   -0.135, 26 May 2026, 23:16:11"
2026-05-26T23:16:26.777435,2143,20810000,-0.015,0.011,-1.0,-3.466,0.176,-0.893,30.93,27.8883,-0.134,"27.8883,   -0.134, 26 May 2026, 23:16:21"
2026-05-26T23:16:36.772955,2144,20820000,-0.015,0.016,-1.0,-3.588,0.16,-0.985,31.07,27.9051,-0.138,"27.9051,   -0.138, 26 May 2026, 23:16:31"
2026-05-26T23:16:46.777171,2145,20830000,-0.011,0.017,-1.011,-3.511,0.214,-1.206,31.07,27.9248,-0.138,"27.9248,   -0.138, 26 May 2026, 23:16:41"
2026-05-26T23:16:56.769919,2146,20840000,-0.02,0.017,-0.995,-3.534,0.344,-1.122,30.88,27.9326,-0.137,"27.9326,   -0.137, 26 May 2026, 23:16:51"
2026-05-26T23:17:06.712798,2147,20850000,-0.015,0.021,-1.0,-3.679,0.344,-1.115,30.93,27.9426,-0.137,"27.9426,   -0.137, 26 May 2026, 23:17:01"
2026-05-26T23:17:16.723294,2148,20860000,-0.014,0.008,-1.0,-3.595,0.382,-1.038,30.98,27.9514,-0.134,"27.9514,   -0.134, 26 May 2026, 23:17:11"
2026-05-26T23:17:26.774488,2149,20870000,-0.017,0.018,-1.003,-3.611,0.191,-0.916,30.98,27.9643,-0.136,"27.9643,   -0.136, 26 May 2026, 23:17:21"
2026-05-26T23:17:36.708546,2150,20880000,-0.019,0.015,-0.998,-3.55,0.328,-1.0,31.07,27.9773,-0.137,"27.9773,   -0.137, 26 May 2026, 23:17:31"
2026-05-26T23:17:46.777052,2151,20890000,-0.02,0.01,-0.997,-3.45,0.221,-1.115,30.88,27.988,-0.137,"27.9880,   -0.137, 26 May 2026, 23:17:41"
2026-05-26T23:17:56.776862,2152,20900000,-0.018,0.014,-1.002,-3.55,0.237,-1.023,30.98,27.9983,-0.138,"27.9983,   -0.138, 26 May 2026, 23:17:51"
2026-05-26T23:18:06.771662,2153,20910000,-0.014,0.016,-1.002,-3.618,0.244,-0.992,31.07,28.0085,-0.135,"28.0085,   -0.135, 26 May 2026, 23:18:01"
2026-05-26T23:18:16.770217,2154,20920000,-0.019,0.012,-0.996,-3.618,0.099,-1.176,30.98,28.0161,-0.133,"28.0161,   -0.133, 26 May 2026, 23:18:11"
2026-05-26T23:18:26.765410,2155,20930000,-0.009,0.011,-1.012,-3.641,0.214,-1.191,30.93,28.0229,-0.136,"28.0229,   -0.136, 26 May 2026, 23:18:21"
2026-05-26T23:18:36.765117,2156,20940000,-0.014,0.024,-0.999,-3.641,0.221,-0.901,30.98,28.0334,-0.133,"28.0334,   -0.133, 26 May 2026, 23:18:31"
2026-05-26T23:18:46.766562,2157,20950000,-0.016,0.017,-0.99,-3.496,0.237,-0.992,30.93,28.0348,-0.137,"28.0348,   -0.137, 26 May 2026, 23:18:41"
2026-05-26T23:18:56.777495,2158,20960000,-0.013,0.01,-1.002,-3.504,0.382,-1.061,30.88,28.0209,-0.138,"28.0209,   -0.138, 26 May 2026, 23:18:51"
2026-05-26T23:19:06.776520,2159,20970000,-0.01,0.013,-1.0,-3.588,0.0,-1.092,31.02,28.0104,-0.135,"28.0104,   -0.135, 26 May 2026, 23:19:01"
2026-05-26T23:19:16.765468,2160,20980000,-0.015,0.015,-1.004,-3.679,0.366,-1.061,31.07,28.0026,-0.136,"28.0026,   -0.136, 26 May 2026, 23:19:11"
2026-05-26T23:19:26.777543,2161,20990000,-0.014,0.008,-1.005,-3.557,0.359,-1.031,31.07,27.9922,-0.132,"27.9922,   -0.132, 26 May 2026, 23:19:21"
2026-05-26T23:19:36.764665,2162,21000000,-0.019,0.011,-1.005,-3.588,0.237,-1.237,30.88,27.9774,-0.137,"27.9774,   -0.137, 26 May 2026, 23:19:31"
2026-05-26T23:19:46.778060,2163,21010000,-0.016,0.01,-1.001,-3.611,0.244,-1.26,30.98,27.9528,-0.137,"27.9528,   -0.137, 26 May 2026, 23:19:41"
2026-05-26T23:19:56.763881,2164,21020000,-0.016,0.017,-0.993,-3.565,0.305,-1.0,30.84,27.9323,-0.138,"27.9323,   -0.138, 26 May 2026, 23:19:51"
2026-05-26T23:20:06.764838,2165,21030000,-0.02,0.011,-0.997,-3.473,0.183,-1.053,30.88,27.9009,-0.136,"27.9009,   -0.136, 26 May 2026, 23:20:01"
2026-05-26T23:20:16.717261,2166,21040000,-0.012,0.017,-1.007,-3.603,0.206,-1.076,30.93,27.8677,-0.136,"27.8677,   -0.136, 26 May 2026, 23:20:11"
2026-05-26T23:20:26.704532,2167,21050000,-0.016,0.013,-0.997,-3.504,0.336,-1.206,30.93,27.7921,-0.134,"27.7921,   -0.134, 26 May 2026, 23:20:21"
2026-05-26T23:20:36.765360,2168,21060000,-0.015,0.018,-1.004,-3.588,0.053,-1.0,30.74,27.7205,-0.133,"27.7205,   -0.133, 26 May 2026, 23:20:31"
2026-05-26T23:20:46.706166,2169,21070000,-0.013,0.017,-0.993,-3.634,0.221,-0.947,30.74,27.7014,-0.141,"27.7014,   -0.141, 26 May 2026, 23:20:41"
2026-05-26T23:20:56.774278,2170,21080000,-0.013,0.011,-0.995,-3.603,0.29,-1.038,30.69,27.6594,-0.133,"27.6594,   -0.133, 26 May 2026, 23:20:51"
2026-05-26T23:21:06.777741,2171,21090000,-0.02,0.017,-1.001,-3.588,0.076,-1.107,30.84,27.631,-0.136,"27.6310,   -0.136, 26 May 2026, 23:21:01"
2026-05-26T23:21:16.776851,2172,21100000,-0.013,0.017,-1.0,-3.489,0.298,-1.13,30.88,27.5817,-0.138,"27.5817,   -0.138, 26 May 2026, 23:21:11"
2026-05-26T23:21:26.765566,2173,21110000,-0.013,0.006,-0.995,-3.702,0.244,-1.305,30.88,27.5598,-0.137,"27.5598,   -0.137, 26 May 2026, 23:21:21"
2026-05-26T23:21:36.776783,2174,21120000,-0.014,0.017,-0.997,-3.519,0.29,-0.977,30.79,27.5647,-0.136,"27.5647,   -0.136, 26 May 2026, 23:21:31"
2026-05-26T23:21:46.765323,2175,21130000,-0.016,0.009,-0.991,-3.557,0.16,-1.176,30.79,27.5217,-0.136,"27.5217,   -0.136, 26 May 2026, 23:21:41"
2026-05-26T23:21:56.776806,2176,21140000,-0.016,0.011,-0.991,-3.595,0.366,-1.115,30.69,27.4655,-0.136,"27.4655,   -0.136, 26 May 2026, 23:21:51"
2026-05-26T23:22:06.768764,2177,21150000,-0.01,0.017,-0.998,-3.443,0.26,-0.985,30.6,27.4419,-0.139,"27.4419,   -0.139, 26 May 2026, 23:22:01"
2026-05-26T23:22:16.763858,2178,21160000,-0.011,0.017,-0.996,-3.542,0.427,-1.0,30.69,27.3963,-0.138,"27.3963,   -0.138, 26 May 2026, 23:22:11"
2026-05-26T23:22:26.763578,2179,21170000,-0.015,0.015,-0.996,-3.718,0.328,-1.069,30.69,27.3988,-0.133,"27.3988,   -0.133, 26 May 2026, 23:22:21"
2026-05-26T23:22:36.765178,2180,21180000,-0.015,0.019,-0.991,-3.595,0.267,-1.107,30.65,27.4151,-0.135,"27.4151,   -0.135, 26 May 2026, 23:22:31"
2026-05-26T23:22:46.777801,2181,21190000,-0.014,0.019,-0.99,-3.626,0.313,-1.076,30.69,27.3795,-0.137,"27.3795,   -0.137, 26 May 2026, 23:22:41"
2026-05-26T23:22:56.777476,2182,21200000,-0.01,0.011,-0.992,-3.534,0.321,-0.916,30.79,27.3266,-0.137,"27.3266,   -0.137, 26 May 2026, 23:22:51"
2026-05-26T23:23:06.764791,2183,21210000,-0.012,0.012,-0.996,-3.595,0.153,-1.046,30.74,27.2914,-0.137,"27.2914,   -0.137, 26 May 2026, 23:23:01"
2026-05-26T23:23:16.777672,2184,21220000,-0.015,0.019,-1.001,-3.748,0.313,-0.962,30.69,27.2874,-0.137,"27.2874,   -0.137, 26 May 2026, 23:23:11"
2026-05-26T23:23:26.770500,2185,21230000,-0.011,0.009,-1.003,-3.519,0.099,-1.145,30.65,27.2724,-0.137,"27.2724,   -0.137, 26 May 2026, 23:23:21"
2026-05-26T23:23:36.776208,2186,21240000,-0.01,0.017,-1.008,-3.504,0.206,-0.969,30.74,27.2873,-0.134,"27.2873,   -0.134, 26 May 2026, 23:23:31"
2026-05-26T23:23:46.767932,2187,21250000,-0.018,0.013,-0.993,-3.55,0.122,-1.076,30.88,27.3054,-0.137,"27.3054,   -0.137, 26 May 2026, 23:23:41"
2026-05-26T23:23:56.776888,2188,21260000,-0.014,0.014,-1.0,-3.557,0.405,-1.015,30.69,27.2827,-0.133,"27.2827,   -0.133, 26 May 2026, 23:23:51"
2026-05-26T23:24:06.777684,2189,21270000,-0.016,0.017,-0.996,-3.527,0.198,-0.954,30.84,27.2677,-0.135,"27.2677,   -0.135, 26 May 2026, 23:24:01"
2026-05-26T23:24:16.777799,2190,21280000,-0.015,0.01,-1.004,-3.702,0.153,-1.061,30.69,27.2316,-0.136,"27.2316,   -0.136, 26 May 2026, 23:24:11"
2026-05-26T23:24:26.778386,2191,21290000,-0.018,0.013,-0.999,-3.511,0.122,-1.16,30.79,27.1938,-0.135,"27.1938,   -0.135, 26 May 2026, 23:24:21"
2026-05-26T23:24:36.767221,2192,21300000,-0.02,0.017,-0.991,-3.473,0.229,-0.947,30.69,27.1965,-0.136,"27.1965,   -0.136, 26 May 2026, 23:24:31"
2026-05-26T23:24:46.777439,2193,21310000,-0.023,0.011,-0.997,-3.656,0.366,-0.969,30.84,27.2257,-0.135,"27.2257,   -0.135, 26 May 2026, 23:24:41"
2026-05-26T23:24:56.777946,2194,21320000,-0.019,0.016,-1.002,-3.565,0.084,-1.038,30.88,27.2691,-0.133,"27.2691,   -0.133, 26 May 2026, 23:24:51"
2026-05-26T23:25:06.765852,2195,21330000,-0.011,0.01,-1.007,-3.481,0.26,-1.046,30.79,27.305,-0.136,"27.3050,   -0.136, 26 May 2026, 23:25:01"
2026-05-26T23:25:16.703614,2196,21340000,-0.017,0.009,-1.0,-3.542,0.221,-1.084,30.93,27.3347,-0.133,"27.3347,   -0.133, 26 May 2026, 23:25:11"
2026-05-26T23:25:26.777141,2197,21350000,-0.012,0.017,-1.002,-3.473,0.336,-1.16,30.79,27.3636,-0.136,"27.3636,   -0.136, 26 May 2026, 23:25:21"
2026-05-26T23:25:36.776855,2198,21360000,-0.018,0.013,-1.0,-3.672,0.275,-0.954,30.84,27.38,-0.139,"27.3800,   -0.139, 26 May 2026, 23:25:31"
2026-05-26T23:25:46.777260,2199,21370000,-0.012,0.007,-1.0,-3.435,0.298,-1.084,30.74,27.4059,-0.131,"27.4059,   -0.131, 26 May 2026, 23:25:41"
2026-05-26T23:25:56.770360,2200,21380000,-0.014,0.015,-0.99,-3.618,0.244,-1.061,30.79,27.4435,-0.141,"27.4435,   -0.141, 26 May 2026, 23:25:51"
2026-05-26T23:26:06.701303,2201,21390000,-0.016,0.015,-0.99,-3.481,0.26,-1.107,30.79,27.4868,-0.139,"27.4868,   -0.139, 26 May 2026, 23:26:01"
2026-05-26T23:26:16.770520,2202,21400000,-0.021,0.011,-0.996,-3.565,0.229,-1.038,30.74,27.5002,-0.137,"27.5002,   -0.137, 26 May 2026, 23:26:11"
2026-05-26T23:26:26.774363,2203,21410000,-0.019,0.016,-0.996,-3.527,0.26,-1.023,30.88,27.5288,-0.135,"27.5288,   -0.135, 26 May 2026, 23:26:21"
2026-05-26T23:26:36.776896,2204,21420000,-0.016,0.014,-0.999,-3.55,0.244,-1.107,30.88,27.544,-0.134,"27.5440,   -0.134, 26 May 2026, 23:26:31"
2026-05-26T23:26:46.702648,2205,21430000,-0.01,0.019,-0.995,-3.664,0.374,-1.221,30.84,27.5681,-0.136,"27.5681,   -0.136, 26 May 2026, 23:26:41"
2026-05-26T23:26:56.763633,2206,21440000,-0.015,0.016,-0.998,-3.557,0.313,-0.901,30.84,27.5703,-0.136,"27.5703,   -0.136, 26 May 2026, 23:26:51"
2026-05-26T23:27:06.764341,2207,21450000,-0.016,0.013,-1.0,-3.481,0.115,-0.962,30.84,27.5775,-0.138,"27.5775,   -0.138, 26 May 2026, 23:27:01"
2026-05-26T23:27:16.716656,2208,21460000,-0.01,0.016,-1.001,-3.649,0.382,-1.008,30.93,27.6159,-0.14,"27.6159,   -0.140, 26 May 2026, 23:27:11"
2026-05-26T23:27:26.777533,2209,21470000,-0.018,0.011,-1.006,-3.542,0.145,-1.0,30.84,27.6332,-0.135,"27.6332,   -0.135, 26 May 2026, 23:27:21"
2026-05-26T23:27:36.772291,2210,21480000,-0.014,0.018,-0.997,-3.473,0.359,-0.977,30.88,27.6341,-0.137,"27.6341,   -0.137, 26 May 2026, 23:27:31"
2026-05-26T23:27:46.778132,2211,21490000,-0.019,0.011,-1.0,-3.664,0.42,-1.008,30.84,27.6385,-0.137,"27.6385,   -0.137, 26 May 2026, 23:27:41"
2026-05-26T23:27:56.776946,2212,21500000,-0.022,0.011,-0.999,-3.511,0.336,-0.931,30.79,27.655,-0.134,"27.6550,   -0.134, 26 May 2026, 23:27:51"
2026-05-26T23:28:06.777859,2213,21510000,-0.017,0.016,-0.991,-3.458,0.336,-1.038,30.84,27.6712,-0.133,"27.6712,   -0.133, 26 May 2026, 23:28:01"
2026-05-26T23:28:16.777182,2214,21520000,-0.017,0.013,-0.998,-3.618,0.069,-1.099,30.79,27.6954,-0.135,"27.6954,   -0.135, 26 May 2026, 23:28:11"
2026-05-26T23:28:26.777202,2215,21530000,-0.018,0.014,-0.996,-3.481,0.176,-1.107,30.88,27.7178,-0.133,"27.7178,   -0.133, 26 May 2026, 23:28:21"
2026-05-26T23:28:36.770689,2216,21540000,-0.015,0.014,-1.004,-3.595,0.321,-1.229,30.74,27.7367,-0.134,"27.7367,   -0.134, 26 May 2026, 23:28:31"
2026-05-26T23:28:46.777251,2217,21550000,-0.022,0.01,-1.002,-3.573,0.198,-1.16,30.65,27.739,-0.136,"27.7390,   -0.136, 26 May 2026, 23:28:41"
2026-05-26T23:28:56.777626,2218,21560000,-0.01,0.015,-1.005,-3.58,0.13,-0.939,30.79,27.7558,-0.139,"27.7558,   -0.139, 26 May 2026, 23:28:51"
2026-05-26T23:29:06.768170,2219,21570000,-0.01,0.011,-1.0,-3.534,0.137,-1.0,30.88,27.771,-0.135,"27.7710,   -0.135, 26 May 2026, 23:29:01"
2026-05-26T23:29:16.766391,2220,21580000,-0.019,0.01,-0.992,-3.641,0.305,-1.084,30.88,27.7869,-0.136,"27.7869,   -0.136, 26 May 2026, 23:29:11"
2026-05-26T23:29:26.766123,2221,21590000,-0.012,0.016,-1.005,-3.634,0.344,-0.985,30.84,27.803,-0.135,"27.8030,   -0.135, 26 May 2026, 23:29:21"
2026-05-26T23:29:36.772335,2222,21600000,-0.013,0.015,-1.008,-3.679,0.244,-1.0,30.88,27.8254,-0.137,"27.8254,   -0.137, 26 May 2026, 23:29:31"
2026-05-26T23:29:46.777654,2223,21610000,-0.013,0.019,-0.998,-3.534,0.282,-1.038,30.93,27.8484,-0.136,"27.8484,   -0.136, 26 May 2026, 23:29:41"
2026-05-26T23:29:56.763301,2224,21620000,-0.01,0.016,-1.001,-3.618,0.229,-0.87,30.84,27.8645,-0.133,"27.8645,   -0.133, 26 May 2026, 23:29:51"
2026-05-26T23:30:06.777235,2225,21630000,-0.019,0.014,-1.001,-3.687,0.267,-1.023,30.93,27.887,-0.139,"27.8870,   -0.139, 26 May 2026, 23:30:01"
2026-05-26T23:30:16.765926,2226,21640000,-0.02,0.019,-1.007,-3.542,0.351,-1.053,30.84,27.9009,-0.134,"27.9009,   -0.134, 26 May 2026, 23:30:11"
2026-05-26T23:30:26.776969,2227,21650000,-0.017,0.017,-0.996,-3.534,0.229,-0.878,30.93,27.9128,-0.136,"27.9128,   -0.136, 26 May 2026, 23:30:21"
2026-05-26T23:30:36.776814,2228,21660000,-0.012,0.016,-1.004,-3.542,0.275,-1.244,30.84,27.9242,-0.139,"27.9242,   -0.139, 26 May 2026, 23:30:31"
2026-05-26T23:30:46.765564,2229,21670000,-0.021,0.014,-1.005,-3.55,0.244,-1.137,30.88,27.9327,-0.137,"27.9327,   -0.137, 26 May 2026, 23:30:41"
2026-05-26T23:30:56.771356,2230,21680000,-0.016,0.018,-1.0,-3.55,0.214,-1.099,30.98,27.9336,-0.134,"27.9336,   -0.134, 26 May 2026, 23:30:51"
2026-05-26T23:31:06.701670,2231,21690000,-0.018,0.015,-1.001,-3.542,0.221,-0.954,30.88,27.9434,-0.136,"27.9434,   -0.136, 26 May 2026, 23:31:01"
2026-05-26T23:31:16.770183,2232,21700000,-0.013,0.011,-1.003,-3.641,0.252,-0.962,30.88,27.9415,-0.135,"27.9415,   -0.135, 26 May 2026, 23:31:11"
2026-05-26T23:31:26.777511,2233,21710000,-0.018,0.018,-1.0,-3.466,0.336,-0.794,30.84,27.9301,-0.136,"27.9301,   -0.136, 26 May 2026, 23:31:21"
2026-05-26T23:31:36.768549,2234,21720000,-0.013,0.017,-0.993,-3.519,0.206,-0.992,30.84,27.9352,-0.133,"27.9352,   -0.133, 26 May 2026, 23:31:31"
2026-05-26T23:31:46.770092,2235,21730000,-0.016,0.013,-0.999,-3.435,0.244,-1.099,30.74,27.9415,-0.131,"27.9415,   -0.131, 26 May 2026, 23:31:41"
2026-05-26T23:31:56.765573,2236,21740000,-0.012,0.013,-0.999,-3.634,0.351,-1.13,30.93,27.9493,-0.136,"27.9493,   -0.136, 26 May 2026, 23:31:51"
2026-05-26T23:32:06.763778,2237,21750000,-0.016,0.016,-1.001,-3.458,0.351,-1.038,30.88,27.9517,-0.137,"27.9517,   -0.137, 26 May 2026, 23:32:01"
2026-05-26T23:32:16.763669,2238,21760000,-0.012,0.011,-1.009,-3.573,0.275,-0.969,30.88,27.9562,-0.138,"27.9562,   -0.138, 26 May 2026, 23:32:11"
2026-05-26T23:32:26.770498,2239,21770000,-0.022,0.016,-1.005,-3.58,0.244,-1.099,30.84,27.9605,-0.136,"27.9605,   -0.136, 26 May 2026, 23:32:21"
2026-05-26T23:32:36.776923,2240,21780000,-0.016,0.011,-0.999,-3.504,0.099,-1.015,30.74,27.9251,-0.136,"27.9251,   -0.136, 26 May 2026, 23:32:31"
2026-05-26T23:32:46.768361,2241,21790000,-0.015,0.018,-0.996,-3.489,0.26,-0.969,30.79,27.8799,-0.137,"27.8799,   -0.137, 26 May 2026, 23:32:41"
2026-05-26T23:32:56.765427,2242,21800000,-0.012,0.016,-0.998,-3.634,0.221,-1.023,30.84,27.8425,-0.135,"27.8425,   -0.135, 26 May 2026, 23:32:51"
2026-05-26T23:33:06.716166,2243,21810000,-0.014,0.013,-1.004,-3.542,0.107,-1.092,30.79,27.8038,-0.134,"27.8038,   -0.134, 26 May 2026, 23:33:01"
2026-05-26T23:33:16.777060,2244,21820000,-0.014,0.012,-0.994,-3.435,0.359,-1.137,30.93,27.7786,-0.135,"27.7786,   -0.135, 26 May 2026, 23:33:11"
2026-05-26T23:33:26.846920,2245,21830000,-0.016,0.013,-1.002,-3.496,0.145,-0.969,30.79,27.7564,-0.134,"27.7564,   -0.134, 26 May 2026, 23:33:21"
2026-05-26T23:33:36.765709,2246,21840000,-0.017,0.016,-0.999,-3.458,0.374,-0.962,30.88,27.74,-0.138,"27.7400,   -0.138, 26 May 2026, 23:33:31"
2026-05-26T23:33:46.764264,2247,21850000,-0.017,0.019,-1.003,-3.71,0.153,-1.122,30.93,27.7159,-0.139,"27.7159,   -0.139, 26 May 2026, 23:33:41"
2026-05-26T23:33:56.779051,2248,21860000,-0.015,0.011,-1.003,-3.496,0.237,-0.947,30.84,27.6769,-0.137,"27.6769,   -0.137, 26 May 2026, 23:33:51"
2026-05-26T23:34:06.764822,2249,21870000,-0.018,0.011,-1.001,-3.695,0.252,-1.038,30.84,27.6505,-0.137,"27.6505,   -0.137, 26 May 2026, 23:34:01"
2026-05-26T23:34:16.763440,2250,21880000,-0.017,0.021,-1.001,-3.519,0.176,-1.092,30.79,27.5859,-0.138,"27.5859,   -0.138, 26 May 2026, 23:34:11"
2026-05-26T23:34:26.765079,2251,21890000,-0.008,0.011,-1.005,-3.527,0.26,-1.038,30.79,27.5541,-0.136,"27.5541,   -0.136, 26 May 2026, 23:34:21"
2026-05-26T23:34:36.765639,2252,21900000,-0.016,0.01,-0.997,-3.504,0.214,-0.931,30.74,27.5359,-0.138,"27.5359,   -0.138, 26 May 2026, 23:34:31"
2026-05-26T23:34:46.777376,2253,21910000,-0.017,0.01,-0.996,-3.542,0.275,-0.931,30.79,27.5374,-0.137,"27.5374,   -0.137, 26 May 2026, 23:34:41"
2026-05-26T23:34:56.766669,2254,21920000,-0.019,0.011,-0.995,-3.473,0.198,-1.221,30.79,27.5109,-0.138,"27.5109,   -0.138, 26 May 2026, 23:34:51"
2026-05-26T23:35:06.777058,2255,21930000,-0.014,0.02,-1.001,-3.542,0.229,-1.053,30.88,27.4931,-0.136,"27.4931,   -0.136, 26 May 2026, 23:35:01"
2026-05-26T23:35:16.777557,2256,21940000,-0.017,0.018,-1.001,-3.58,0.153,-1.145,30.93,27.4776,-0.139,"27.4776,   -0.139, 26 May 2026, 23:35:11"
2026-05-26T23:35:26.766235,2257,21950000,-0.014,0.006,-1.008,-3.595,0.252,-0.954,30.88,27.4493,-0.129,"27.4493,   -0.129, 26 May 2026, 23:35:21"
2026-05-26T23:35:36.770130,2258,21960000,-0.015,0.014,-1.006,-3.565,0.252,-1.244,30.79,27.4531,-0.135,"27.4531,   -0.135, 26 May 2026, 23:35:31"
2026-05-26T23:35:46.770644,2259,21970000,-0.014,0.017,-1.005,-3.427,0.267,-1.099,30.93,27.4834,-0.135,"27.4834,   -0.135, 26 May 2026, 23:35:41"
2026-05-26T23:35:56.768120,2260,21980000,-0.018,0.017,-0.991,-3.557,0.221,-1.282,30.98,27.521,-0.133,"27.5210,   -0.133, 26 May 2026, 23:35:51"
2026-05-26T23:36:06.768808,2261,21990000,-0.015,0.016,-1.0,-3.634,0.115,-0.985,30.84,27.5687,-0.132,"27.5687,   -0.132, 26 May 2026, 23:36:01"
2026-05-26T23:36:16.765083,2262,22000000,-0.016,0.018,-0.998,-3.504,0.29,-1.023,30.88,27.6273,-0.139,"27.6273,   -0.139, 26 May 2026, 23:36:11"
2026-05-26T23:36:26.764991,2263,22010000,-0.017,0.01,-0.993,-3.595,0.267,-1.099,30.79,27.6823,-0.139,"27.6823,   -0.139, 26 May 2026, 23:36:21"
2026-05-26T23:36:36.777088,2264,22020000,-0.016,0.015,-0.994,-3.618,0.298,-0.962,30.84,27.7229,-0.135,"27.7229,   -0.135, 26 May 2026, 23:36:31"
2026-05-26T23:36:46.776411,2265,22030000,-0.017,0.016,-1.0,-3.649,0.252,-0.931,30.84,27.7697,-0.136,"27.7697,   -0.136, 26 May 2026, 23:36:41"
2026-05-26T23:36:56.769246,2266,22040000,-0.021,0.011,-0.998,-3.565,0.092,-0.992,30.84,27.8055,-0.133,"27.8055,   -0.133, 26 May 2026, 23:36:51"
2026-05-26T23:37:06.777967,2267,22050000,-0.015,0.017,-0.995,-3.542,0.244,-1.053,30.79,27.8417,-0.136,"27.8417,   -0.136, 26 May 2026, 23:37:01"
2026-05-26T23:37:16.763635,2268,22060000,-0.011,0.016,-1.002,-3.595,0.099,-0.885,30.84,27.8784,-0.138,"27.8784,   -0.138, 26 May 2026, 23:37:11"
2026-05-26T23:37:26.766479,2269,22070000,-0.014,0.009,-0.999,-3.519,0.305,-1.008,30.79,27.9193,-0.132,"27.9193,   -0.132, 26 May 2026, 23:37:21"
2026-05-26T23:37:36.767040,2270,22080000,-0.013,0.015,-1.005,-3.588,0.267,-1.031,30.79,27.964,-0.138,"27.9640,   -0.138, 26 May 2026, 23:37:31"
2026-05-26T23:37:46.771583,2271,22090000,-0.012,0.016,-0.995,-3.588,0.344,-1.221,30.74,27.9944,-0.139,"27.9944,   -0.139, 26 May 2026, 23:37:41"
2026-05-26T23:37:56.777510,2272,22100000,-0.01,0.014,-1.002,-3.389,0.382,-1.092,30.88,28.0232,-0.137,"28.0232,   -0.137, 26 May 2026, 23:37:51"
2026-05-26T23:38:06.765747,2273,22110000,-0.01,0.013,-1.003,-3.702,0.16,-1.069,30.84,28.0628,-0.137,"28.0628,   -0.137, 26 May 2026, 23:38:01"
2026-05-26T23:38:16.769064,2274,22120000,-0.021,0.012,-1.003,-3.702,0.168,-1.137,30.93,28.0952,-0.137,"28.0952,   -0.137, 26 May 2026, 23:38:11"
2026-05-26T23:38:26.770928,2275,22130000,-0.02,0.013,-0.996,-3.611,0.206,-1.038,30.93,28.1244,-0.135,"28.1244,   -0.135, 26 May 2026, 23:38:21"
2026-05-26T23:38:36.772350,2276,22140000,-0.016,0.015,-1.002,-3.649,0.16,-1.176,30.88,28.16,-0.135,"28.1600,   -0.135, 26 May 2026, 23:38:31"
2026-05-26T23:38:46.778058,2277,22150000,-0.016,0.015,-0.999,-3.527,0.275,-0.939,30.84,28.2006,-0.136,"28.2006,   -0.136, 26 May 2026, 23:38:41"
2026-05-26T23:38:56.778146,2278,22160000,-0.019,0.01,-1.003,-3.542,0.252,-1.0,30.93,28.247,-0.135,"28.2470,   -0.135, 26 May 2026, 23:38:51"
2026-05-26T23:39:06.776558,2279,22170000,-0.013,0.02,-0.991,-3.435,0.298,-1.16,30.88,28.2833,-0.137,"28.2833,   -0.137, 26 May 2026, 23:39:01"
2026-05-26T23:39:16.777252,2280,22180000,-0.012,0.016,-0.996,-3.542,0.275,-1.183,30.93,28.3145,-0.137,"28.3145,   -0.137, 26 May 2026, 23:39:11"
2026-05-26T23:39:26.778634,2281,22190000,-0.012,0.017,-1.005,-3.519,0.183,-0.969,30.93,28.3475,-0.134,"28.3475,   -0.134, 26 May 2026, 23:39:21"
2026-05-26T23:39:36.773134,2282,22200000,-0.017,0.017,-1.0,-3.557,0.374,-1.153,31.02,28.3787,-0.135,"28.3787,   -0.135, 26 May 2026, 23:39:31"
2026-05-26T23:39:46.766182,2283,22210000,-0.008,0.013,-0.994,-3.656,0.0,-1.046,30.98,28.4034,-0.137,"28.4034,   -0.137, 26 May 2026, 23:39:41"
2026-05-26T23:39:56.766989,2284,22220000,-0.01,0.012,-1.007,-3.527,0.252,-1.053,30.98,28.4254,-0.136,"28.4254,   -0.136, 26 May 2026, 23:39:51"
2026-05-26T23:40:06.765450,2285,22230000,-0.017,0.011,-0.994,-3.557,0.221,-1.122,30.93,28.4381,-0.138,"28.4381,   -0.138, 26 May 2026, 23:40:01"
2026-05-26T23:40:16.763717,2286,22240000,-0.021,0.013,-1.003,-3.588,0.366,-1.183,31.02,28.4598,-0.137,"28.4598,   -0.137, 26 May 2026, 23:40:11"
2026-05-26T23:40:26.765418,2287,22250000,-0.015,0.015,-1.004,-3.626,0.298,-1.076,31.02,28.4871,-0.14,"28.4871,   -0.140, 26 May 2026, 23:40:21"
2026-05-26T23:40:36.769671,2288,22260000,-0.016,0.016,-1.005,-3.687,0.305,-0.985,30.98,28.4926,-0.139,"28.4926,   -0.139, 26 May 2026, 23:40:31"
2026-05-26T23:40:46.765851,2289,22270000,-0.018,0.012,-0.989,-3.45,0.321,-1.046,30.98,28.5048,-0.134,"28.5048,   -0.134, 26 May 2026, 23:40:41"
2026-05-26T23:40:56.765594,2290,22280000,-0.013,0.016,-1.009,-3.595,0.321,-0.931,30.98,28.5146,-0.14,"28.5146,   -0.140, 26 May 2026, 23:40:51"
2026-05-26T23:41:06.764684,2291,22290000,-0.014,0.011,-0.998,-3.702,0.168,-1.046,31.07,28.5373,-0.138,"28.5373,   -0.138, 26 May 2026, 23:41:01"
2026-05-26T23:41:16.764942,2292,22300000,-0.013,0.018,-1.0,-3.481,0.267,-0.954,31.02,28.5573,-0.138,"28.5573,   -0.138, 26 May 2026, 23:41:11"
2026-05-26T23:41:26.762932,2293,22310000,-0.018,0.012,-1.012,-3.519,0.244,-1.023,31.02,28.5879,-0.14,"28.5879,   -0.140, 26 May 2026, 23:41:21"
2026-05-26T23:41:36.772772,2294,22320000,-0.013,0.016,-1.0,-3.626,0.16,-1.046,30.98,28.6105,-0.138,"28.6105,   -0.138, 26 May 2026, 23:41:31"
2026-05-26T23:41:46.766059,2295,22330000,-0.012,0.016,-0.998,-3.511,0.176,-0.954,31.07,28.6193,-0.137,"28.6193,   -0.137, 26 May 2026, 23:41:41"
2026-05-26T23:41:56.765421,2296,22340000,-0.017,0.014,-0.997,-3.519,0.229,-0.969,31.02,28.6249,-0.139,"28.6249,   -0.139, 26 May 2026, 23:41:51"
2026-05-26T23:42:06.763359,2297,22350000,-0.018,0.016,-1.0,-3.511,0.298,-0.893,31.07,28.6275,-0.137,"28.6275,   -0.137, 26 May 2026, 23:42:01"
2026-05-26T23:42:16.769051,2298,22360000,-0.018,0.019,-0.997,-3.649,0.137,-0.939,31.07,28.6542,-0.139,"28.6542,   -0.139, 26 May 2026, 23:42:11"
2026-05-26T23:42:26.765193,2299,22370000,-0.015,0.018,-0.997,-3.511,0.099,-0.977,31.12,28.6863,-0.135,"28.6863,   -0.135, 26 May 2026, 23:42:21"
2026-05-26T23:42:36.764336,2300,22380000,-0.019,0.016,-0.997,-3.588,0.328,-1.008,31.07,28.6961,-0.138,"28.6961,   -0.138, 26 May 2026, 23:42:31"
2026-05-26T23:42:46.763478,2301,22390000,-0.016,0.011,-1.002,-3.641,0.16,-0.947,31.07,28.7094,-0.136,"28.7094,   -0.136, 26 May 2026, 23:42:41"
2026-05-26T23:42:56.764268,2302,22400000,-0.012,0.015,-0.994,-3.603,0.084,-0.947,31.17,28.7184,-0.135,"28.7184,   -0.135, 26 May 2026, 23:42:51"
2026-05-26T23:43:06.711201,2303,22410000,-0.017,0.011,-1.006,-3.511,0.153,-1.0,31.12,28.732,-0.139,"28.7320,   -0.139, 26 May 2026, 23:43:01"
2026-05-26T23:43:16.767203,2304,22420000,-0.018,0.015,-0.992,-3.519,0.298,-0.954,30.98,28.7545,-0.135,"28.7545,   -0.135, 26 May 2026, 23:43:11"
2026-05-26T23:43:26.779342,2305,22430000,-0.019,0.016,-1.002,-3.634,0.282,-0.985,31.17,28.7793,-0.134,"28.7793,   -0.134, 26 May 2026, 23:43:21"
2026-05-26T23:43:36.765794,2306,22440000,-0.016,0.011,-0.997,-3.603,0.298,-1.206,31.12,28.8032,-0.138,"28.8032,   -0.138, 26 May 2026, 23:43:31"
2026-05-26T23:43:46.777901,2307,22450000,-0.013,0.009,-1.007,-3.588,0.267,-1.023,31.17,28.826,-0.133,"28.8260,   -0.133, 26 May 2026, 23:43:41"
2026-05-26T23:43:56.765628,2308,22460000,-0.014,0.016,-1.006,-3.687,0.382,-1.16,31.07,28.8225,-0.138,"28.8225,   -0.138, 26 May 2026, 23:43:51"
2026-05-26T23:44:06.763343,2309,22470000,-0.012,0.01,-1.0,-3.405,0.122,-1.053,31.21,28.8325,-0.135,"28.8325,   -0.135, 26 May 2026, 23:44:01"
2026-05-26T23:44:16.772301,2310,22480000,-0.017,0.013,-0.99,-3.55,0.328,-0.977,31.12,28.8418,-0.134,"28.8418,   -0.134, 26 May 2026, 23:44:11"
2026-05-26T23:44:26.770014,2311,22490000,-0.019,0.013,-1.001,-3.656,0.389,-1.115,31.26,28.8546,-0.139,"28.8546,   -0.139, 26 May 2026, 23:44:21"
2026-05-26T23:44:36.777337,2312,22500000,-0.013,0.017,-1.003,-3.664,0.328,-1.076,31.12,28.8616,-0.134,"28.8616,   -0.134, 26 May 2026, 23:44:31"
2026-05-26T23:44:46.777559,2313,22510000,-0.014,0.016,-0.999,-3.45,0.374,-1.061,31.17,28.8608,-0.138,"28.8608,   -0.138, 26 May 2026, 23:44:41"
2026-05-26T23:44:56.774912,2314,22520000,-0.013,0.013,-1.005,-3.573,0.328,-1.153,31.12,28.8674,-0.138,"28.8674,   -0.138, 26 May 2026, 23:44:51"
2026-05-26T23:45:06.765449,2315,22530000,-0.014,0.013,-0.998,-3.504,0.382,-1.405,31.21,28.8777,-0.136,"28.8777,   -0.136, 26 May 2026, 23:45:01"
2026-05-26T23:45:16.779982,2316,22540000,-0.013,0.011,-1.004,-3.45,0.198,-0.969,31.12,28.8846,-0.137,"28.8846,   -0.137, 26 May 2026, 23:45:11"
2026-05-26T23:45:26.766335,2317,22550000,-0.016,0.016,-0.996,-3.435,0.313,-1.076,31.21,28.9149,-0.137,"28.9149,   -0.137, 26 May 2026, 23:45:21"
2026-05-26T23:45:36.765083,2318,22560000,-0.014,0.016,-0.997,-3.626,0.183,-1.0,31.12,28.9347,-0.137,"28.9347,   -0.137, 26 May 2026, 23:45:31"
2026-05-26T23:45:46.766951,2319,22570000,-0.016,0.017,-0.998,-3.595,0.267,-0.908,31.17,28.9489,-0.138,"28.9489,   -0.138, 26 May 2026, 23:45:41"
2026-05-26T23:45:56.778054,2320,22580000,-0.015,0.015,-1.009,-3.618,0.382,-1.0,31.17,28.9632,-0.14,"28.9632,   -0.140, 26 May 2026, 23:45:51"
2026-05-26T23:46:06.770428,2321,22590000,-0.011,0.02,-1.006,-3.603,0.374,-0.954,31.26,28.9592,-0.134,"28.9592,   -0.134, 26 May 2026, 23:46:01"
2026-05-26T23:46:16.778017,2322,22600000,-0.015,0.016,-1.0,-3.55,0.145,-1.099,31.26,28.9628,-0.135,"28.9628,   -0.135, 26 May 2026, 23:46:11"
2026-05-26T23:46:26.775768,2323,22610000,-0.013,0.013,-1.007,-3.595,0.244,-1.099,31.07,28.9768,-0.139,"28.9768,   -0.139, 26 May 2026, 23:46:21"
2026-05-26T23:46:36.777214,2324,22620000,-0.015,0.021,-0.997,-3.374,0.237,-1.015,31.21,28.9841,-0.139,"28.9841,   -0.139, 26 May 2026, 23:46:31"
2026-05-26T23:46:46.770050,2325,22630000,-0.02,0.011,-1.01,-3.58,0.267,-1.008,31.26,29.0235,-0.139,"29.0235,   -0.139, 26 May 2026, 23:46:41"
2026-05-26T23:46:56.764155,2326,22640000,-0.016,0.016,-0.99,-3.634,0.412,-1.023,31.31,29.0385,-0.137,"29.0385,   -0.137, 26 May 2026, 23:46:51"
2026-05-26T23:47:06.778094,2327,22650000,-0.022,0.013,-0.993,-3.519,0.16,-1.107,31.12,29.038,-0.137,"29.0380,   -0.137, 26 May 2026, 23:47:01"
2026-05-26T23:47:16.776708,2328,22660000,-0.015,0.019,-1.003,-3.519,0.321,-1.061,31.26,29.0581,-0.138,"29.0581,   -0.138, 26 May 2026, 23:47:11"
2026-05-26T23:47:26.768621,2329,22670000,-0.015,0.012,-0.996,-3.603,0.267,-1.099,31.26,29.0613,-0.141,"29.0613,   -0.141, 26 May 2026, 23:47:21"
2026-05-26T23:47:36.766157,2330,22680000,-0.021,0.007,-1.009,-3.573,0.145,-1.053,31.31,29.053,-0.136,"29.0530,   -0.136, 26 May 2026, 23:47:31"
2026-05-26T23:47:46.779518,2331,22690000,-0.017,0.015,-1.003,-3.748,0.344,-1.008,31.31,29.073,-0.139,"29.0730,   -0.139, 26 May 2026, 23:47:41"
2026-05-26T23:47:56.765894,2332,22700000,-0.015,0.019,-1.0,-3.611,0.305,-1.015,31.31,29.0934,-0.136,"29.0934,   -0.136, 26 May 2026, 23:47:51"
2026-05-26T23:48:06.765271,2333,22710000,-0.016,0.016,-0.998,-3.496,0.244,-0.954,31.17,29.1158,-0.14,"29.1158,   -0.140, 26 May 2026, 23:48:01"
2026-05-26T23:48:16.771008,2334,22720000,-0.013,0.017,-1.003,-3.489,0.191,-1.061,31.4,29.1331,-0.137,"29.1331,   -0.137, 26 May 2026, 23:48:11"
2026-05-26T23:48:26.778119,2335,22730000,-0.015,0.016,-1.013,-3.603,0.366,-0.992,31.17,29.1484,-0.136,"29.1484,   -0.136, 26 May 2026, 23:48:21"
2026-05-26T23:48:36.772340,2336,22740000,-0.014,0.015,-0.997,-3.565,0.244,-0.947,31.31,29.163,-0.138,"29.1630,   -0.138, 26 May 2026, 23:48:31"
2026-05-26T23:48:46.777757,2337,22750000,-0.01,0.016,-0.999,-3.565,0.214,-1.046,31.26,29.1521,-0.135,"29.1521,   -0.135, 26 May 2026, 23:48:41"
2026-05-26T23:48:56.765882,2338,22760000,-0.015,0.019,-0.999,-3.542,0.412,-0.969,31.31,29.1547,-0.138,"29.1547,   -0.138, 26 May 2026, 23:48:51"
2026-05-26T23:49:06.778316,2339,22770000,-0.018,0.017,-1.003,-3.702,0.267,-1.168,31.31,29.1658,-0.138,"29.1658,   -0.138, 26 May 2026, 23:49:01"
2026-05-26T23:49:16.770738,2340,22780000,-0.018,0.016,-1.005,-3.588,0.237,-1.145,31.31,29.1815,-0.137,"29.1815,   -0.137, 26 May 2026, 23:49:11"
2026-05-26T23:49:26.778592,2341,22790000,-0.015,0.016,-0.991,-3.71,0.26,-1.267,31.4,29.1896,-0.137,"29.1896,   -0.137, 26 May 2026, 23:49:21"
2026-05-26T23:49:36.769119,2342,22800000,-0.012,0.02,-1.009,-3.55,0.198,-1.046,31.26,29.184,-0.14,"29.1840,   -0.140, 26 May 2026, 23:49:31"
2026-05-26T23:49:46.771062,2343,22810000,-0.022,0.014,-0.998,-3.565,0.214,-1.008,31.26,29.1768,-0.137,"29.1768,   -0.137, 26 May 2026, 23:49:41"
2026-05-26T23:49:56.841944,2344,22820000,-0.011,0.02,-1.009,-3.588,0.336,-1.023,31.4,29.1779,-0.138,"29.1779,   -0.138, 26 May 2026, 23:49:51"
2026-05-26T23:50:06.776526,2345,22830000,-0.021,0.018,-1.003,-3.481,0.298,-1.122,31.45,29.1871,-0.137,"29.1871,   -0.137, 26 May 2026, 23:50:01"
2026-05-26T23:50:16.770954,2346,22840000,-0.016,0.016,-1.004,-3.534,0.366,-1.008,31.35,29.194,-0.135,"29.1940,   -0.135, 26 May 2026, 23:50:11"
2026-05-26T23:50:26.770385,2347,22850000,-0.013,0.015,-1.007,-3.504,0.221,-1.145,31.31,29.192,-0.138,"29.1920,   -0.138, 26 May 2026, 23:50:21"
2026-05-26T23:50:36.764946,2348,22860000,-0.014,0.013,-0.999,-3.649,0.198,-1.099,31.4,29.2006,-0.135,"29.2006,   -0.135, 26 May 2026, 23:50:31"
2026-05-26T23:50:46.769391,2349,22870000,-0.013,0.021,-0.997,-3.542,0.206,-1.038,31.35,29.2188,-0.14,"29.2188,   -0.140, 26 May 2026, 23:50:41"
2026-05-26T23:50:56.765134,2350,22880000,-0.016,0.021,-1.0,-3.496,0.26,-1.237,31.31,29.2155,-0.138,"29.2155,   -0.138, 26 May 2026, 23:50:51"
2026-05-26T23:51:06.768856,2351,22890000,-0.016,0.016,-0.998,-3.405,0.29,-1.267,31.4,29.2254,-0.14,"29.2254,   -0.140, 26 May 2026, 23:51:01"
2026-05-26T23:51:16.770734,2352,22900000,-0.005,0.013,-1.005,-3.511,0.29,-1.084,31.4,29.252,-0.137,"29.2520,   -0.137, 26 May 2026, 23:51:11"
2026-05-26T23:51:26.766391,2353,22910000,-0.013,0.013,-1.004,-3.481,0.229,-0.809,31.4,29.2754,-0.138,"29.2754,   -0.138, 26 May 2026, 23:51:21"
2026-05-26T23:51:36.777525,2354,22920000,-0.02,0.007,-0.995,-3.565,0.405,-1.061,31.45,29.2824,-0.137,"29.2824,   -0.137, 26 May 2026, 23:51:31"
2026-05-26T23:51:46.763588,2355,22930000,-0.012,0.013,-1.001,-3.542,0.26,-1.16,31.45,29.2917,-0.137,"29.2917,   -0.137, 26 May 2026, 23:51:41"
2026-05-26T23:51:56.775319,2356,22940000,-0.009,0.015,-1.003,-3.443,0.313,-1.122,31.45,29.3119,-0.136,"29.3119,   -0.136, 26 May 2026, 23:51:51"
2026-05-26T23:52:06.771426,2357,22950000,-0.013,0.014,-1.003,-3.588,0.29,-1.0,31.4,29.3177,-0.14,"29.3177,   -0.140, 26 May 2026, 23:52:01"
2026-05-26T23:52:16.766718,2358,22960000,-0.009,0.015,-0.997,-3.649,0.313,-0.931,31.45,29.3209,-0.135,"29.3209,   -0.135, 26 May 2026, 23:52:11"
2026-05-26T23:52:26.774863,2359,22970000,-0.015,0.013,-0.997,-3.443,0.42,-1.0,31.49,29.3311,-0.137,"29.3311,   -0.137, 26 May 2026, 23:52:21"
2026-05-26T23:52:36.765044,2360,22980000,-0.018,0.015,-0.999,-3.458,0.282,-1.053,31.4,29.3503,-0.138,"29.3503,   -0.138, 26 May 2026, 23:52:31"
2026-05-26T23:52:46.765387,2361,22990000,-0.013,0.015,-1.007,-3.58,0.237,-1.137,31.35,29.3474,-0.139,"29.3474,   -0.139, 26 May 2026, 23:52:41"
2026-05-26T23:52:56.778368,2362,23000000,-0.017,0.013,-1.005,-3.603,0.221,-0.947,31.45,29.3424,-0.136,"29.3424,   -0.136, 26 May 2026, 23:52:51"
2026-05-26T23:53:06.770171,2363,23010000,-0.021,0.014,-0.995,-3.573,0.29,-0.939,31.45,29.3527,-0.136,"29.3527,   -0.136, 26 May 2026, 23:53:01"
2026-05-26T23:53:16.778322,2364,23020000,-0.016,0.022,-1.005,-3.55,0.069,-1.023,31.45,29.3711,-0.14,"29.3711,   -0.140, 26 May 2026, 23:53:11"
2026-05-26T23:53:26.778385,2365,23030000,-0.013,0.011,-1.006,-3.595,0.252,-0.939,31.49,29.392,-0.137,"29.3920,   -0.137, 26 May 2026, 23:53:21"
2026-05-26T23:53:36.777055,2366,23040000,-0.013,0.015,-0.999,-3.611,0.298,-1.069,31.45,29.3956,-0.14,"29.3956,   -0.140, 26 May 2026, 23:53:31"
2026-05-26T23:53:46.768863,2367,23050000,-0.011,0.015,-1.01,-3.489,0.405,-1.069,31.49,29.4037,-0.136,"29.4037,   -0.136, 26 May 2026, 23:53:41"
2026-05-26T23:53:56.766764,2368,23060000,-0.013,0.008,-1.0,-3.496,0.267,-0.969,31.4,29.409,-0.135,"29.4090,   -0.135, 26 May 2026, 23:53:51"
2026-05-26T23:54:06.777999,2369,23070000,-0.012,0.009,-0.996,-3.45,0.282,-0.947,31.49,29.4079,-0.134,"29.4079,   -0.134, 26 May 2026, 23:54:01"
2026-05-26T23:54:16.768861,2370,23080000,-0.015,0.014,-1.004,-3.763,0.168,-0.985,31.49,29.4209,-0.138,"29.4209,   -0.138, 26 May 2026, 23:54:11"
2026-05-26T23:54:26.778169,2371,23090000,-0.01,0.015,-1.003,-3.565,0.168,-1.061,31.49,29.4354,-0.138,"29.4354,   -0.138, 26 May 2026, 23:54:21"
2026-05-26T23:54:36.771129,2372,23100000,-0.016,0.01,-0.994,-3.412,0.443,-1.221,31.49,29.4397,-0.137,"29.4397,   -0.137, 26 May 2026, 23:54:31"
2026-05-26T23:54:46.770728,2373,23110000,-0.011,0.01,-0.989,-3.527,0.298,-1.076,31.45,29.4363,-0.138,"29.4363,   -0.138, 26 May 2026, 23:54:41"
2026-05-26T23:54:56.766341,2374,23120000,-0.016,0.013,-1.007,-3.565,0.298,-0.863,31.54,29.4362,-0.138,"29.4362,   -0.138, 26 May 2026, 23:54:51"
2026-05-26T23:55:06.775532,2375,23130000,-0.013,0.018,-1.002,-3.511,0.305,-0.916,31.35,29.439,-0.139,"29.4390,   -0.139, 26 May 2026, 23:55:01"
2026-05-26T23:55:16.765182,2376,23140000,-0.017,0.014,-0.993,-3.672,0.206,-1.137,31.54,29.457,-0.137,"29.4570,   -0.137, 26 May 2026, 23:55:11"
2026-05-26T23:55:26.765074,2377,23150000,-0.015,0.009,-1.012,-3.588,0.435,-1.237,31.59,29.4606,-0.137,"29.4606,   -0.137, 26 May 2026, 23:55:21"
2026-05-26T23:55:36.768640,2378,23160000,-0.015,0.013,-0.998,-3.55,0.267,-1.0,31.49,29.4441,-0.136,"29.4441,   -0.136, 26 May 2026, 23:55:31"
2026-05-26T23:55:46.765380,2379,23170000,-0.011,0.018,-0.996,-3.511,0.198,-1.206,31.54,29.4396,-0.137,"29.4396,   -0.137, 26 May 2026, 23:55:41"
2026-05-26T23:55:56.766352,2380,23180000,-0.023,0.017,-1.001,-3.504,0.267,-0.969,31.54,29.4304,-0.139,"29.4304,   -0.139, 26 May 2026, 23:55:51"
2026-05-26T23:56:06.777835,2381,23190000,-0.009,0.014,-1.006,-3.519,0.275,-1.229,31.59,29.4314,-0.138,"29.4314,   -0.138, 26 May 2026, 23:56:01"
2026-05-26T23:56:16.777407,2382,23200000,-0.019,0.012,-1.004,-3.55,0.466,-1.084,31.68,29.4385,-0.14,"29.4385,   -0.140, 26 May 2026, 23:56:11"
2026-05-26T23:56:26.777987,2383,23210000,-0.013,0.009,-1.002,-3.618,0.244,-1.038,31.54,29.4434,-0.138,"29.4434,   -0.138, 26 May 2026, 23:56:21"
2026-05-26T23:56:36.776355,2384,23220000,-0.013,0.015,-0.998,-3.702,0.206,-1.122,31.45,29.4518,-0.141,"29.4518,   -0.141, 26 May 2026, 23:56:31"
2026-05-26T23:56:46.765350,2385,23230000,-0.019,0.014,-1.004,-3.603,0.389,-0.992,31.49,29.4594,-0.137,"29.4594,   -0.137, 26 May 2026, 23:56:41"
2026-05-26T23:56:56.765681,2386,23240000,-0.014,0.015,-0.997,-3.588,0.443,-1.053,31.54,29.4789,-0.136,"29.4789,   -0.136, 26 May 2026, 23:56:51"
2026-05-26T23:57:06.765603,2387,23250000,-0.012,0.015,-1.002,-3.634,0.504,-1.26,31.49,29.4949,-0.136,"29.4949,   -0.136, 26 May 2026, 23:57:01"
2026-05-26T23:57:16.777838,2388,23260000,-0.016,0.014,-1.005,-3.489,0.298,-1.084,31.59,29.5034,-0.137,"29.5034,   -0.137, 26 May 2026, 23:57:11"
2026-05-26T23:57:26.763794,2389,23270000,-0.023,0.01,-0.999,-3.725,0.237,-1.076,31.59,29.5049,-0.139,"29.5049,   -0.139, 26 May 2026, 23:57:21"
2026-05-26T23:57:36.764992,2390,23280000,-0.013,0.021,-0.998,-3.542,0.275,-1.008,31.54,29.519,-0.137,"29.5190,   -0.137, 26 May 2026, 23:57:31"
2026-05-26T23:57:46.776378,2391,23290000,-0.011,0.014,-1.0,-3.557,0.145,-1.145,31.64,29.549,-0.138,"29.5490,   -0.138, 26 May 2026, 23:57:41"
2026-05-26T23:57:56.763687,2392,23300000,-0.018,0.015,-1.008,-3.595,0.229,-0.954,31.54,29.541,-0.137,"29.5410,   -0.137, 26 May 2026, 23:57:51"
2026-05-26T23:58:06.764928,2393,23310000,-0.011,0.012,-1.002,-3.55,0.351,-1.053,31.49,29.5367,-0.136,"29.5367,   -0.136, 26 May 2026, 23:58:01"
2026-05-26T23:58:16.777870,2394,23320000,-0.01,0.014,-1.002,-3.634,0.336,-1.046,31.54,29.5471,-0.138,"29.5471,   -0.138, 26 May 2026, 23:58:11"
2026-05-26T23:58:26.763155,2395,23330000,-0.018,0.015,-0.997,-3.687,0.29,-1.053,31.49,29.5633,-0.137,"29.5633,   -0.137, 26 May 2026, 23:58:21"
2026-05-26T23:58:36.834447,2396,23340000,-0.015,0.018,-1.007,-3.443,0.115,-1.084,31.54,29.5643,-0.14,"29.5643,   -0.140, 26 May 2026, 23:58:31"
2026-05-26T23:58:46.777596,2397,23350000,-0.017,0.013,-1.0,-3.496,0.328,-1.038,31.59,29.5712,-0.136,"29.5712,   -0.136, 26 May 2026, 23:58:41"
2026-05-26T23:58:56.778557,2398,23360000,-0.018,0.014,-1.001,-3.588,0.359,-1.214,31.54,29.5955,-0.141,"29.5955,   -0.141, 26 May 2026, 23:58:51"
2026-05-26T23:59:06.780375,2399,23370000,-0.014,0.013,-1.002,-3.573,0.267,-1.069,31.59,29.6046,-0.138,"29.6046,   -0.138, 26 May 2026, 23:59:01"
2026-05-26T23:59:16.771298,2400,23380000,-0.009,0.018,-1.007,-3.641,0.107,-0.84,31.59,29.6125,-0.14,"29.6125,   -0.140, 26 May 2026, 23:59:11"
2026-05-26T23:59:26.779176,2401,23390000,-0.014,0.013,-0.996,-3.634,0.359,-1.107,31.59,29.6201,-0.138,"29.6201,   -0.138, 26 May 2026, 23:59:21"
2026-05-26T23:59:36.764996,2402,23400000,-0.019,0.017,-0.998,-3.374,0.206,-1.053,31.68,29.6257,-0.138,"29.6257,   -0.138, 26 May 2026, 23:59:31"
2026-05-26T23:59:46.770895,2403,23410000,-0.016,0.012,-1.008,-3.656,0.45,-1.023,31.64,29.6389,-0.137,"29.6389,   -0.137, 26 May 2026, 23:59:41"
2026-05-26T23:59:56.777680,2404,23420000,-0.011,0.011,-1.005,-3.557,0.275,-1.099,31.54,29.6333,-0.138,"29.6333,   -0.138, 26 May 2026, 23:59:51"
2026-05-27T00:00:06.765657,2405,23430000,-0.019,0.02,-1.004,-3.656,0.344,-0.977,31.59,29.6452,-0.137,"29.6452,   -0.137, 27 May 2026, 00:00:01"
2026-05-27T00:00:16.765248,2406,23440000,-0.01,0.01,-1.008,-3.634,0.267,-1.206,31.54,29.6486,-0.136,"29.6486,   -0.136, 27 May 2026, 00:00:11"
2026-05-27T00:00:26.778778,2407,23450000,-0.015,0.015,-0.995,-3.504,0.366,-1.092,31.59,29.6572,-0.136,"29.6572,   -0.136, 27 May 2026, 00:00:21"
2026-05-27T00:00:36.777450,2408,23460000,-0.015,0.013,-1.006,-3.626,0.321,-1.069,31.64,29.6649,-0.139,"29.6649,   -0.139, 27 May 2026, 00:00:31"
2026-05-27T00:00:46.763512,2409,23470000,-0.014,0.013,-1.005,-3.573,0.244,-1.168,31.54,29.6682,-0.139,"29.6682,   -0.139, 27 May 2026, 00:00:41"
2026-05-27T00:00:56.763462,2410,23480000,-0.017,0.018,-1.013,-3.557,0.26,-1.084,31.64,29.6753,-0.137,"29.6753,   -0.137, 27 May 2026, 00:00:51"
2026-05-27T00:01:06.762219,2411,23490000,-0.01,0.009,-1.011,-3.496,0.252,-1.153,31.64,29.669,-0.138,"29.6690,   -0.138, 27 May 2026, 00:01:01"
2026-05-27T00:01:16.770604,2412,23500000,-0.017,0.008,-1.0,-3.695,0.275,-1.069,31.68,29.6578,-0.137,"29.6578,   -0.137, 27 May 2026, 00:01:11"
2026-05-27T00:01:26.775269,2413,23510000,-0.015,0.013,-0.997,-3.489,0.252,-0.847,31.64,29.6662,-0.138,"29.6662,   -0.138, 27 May 2026, 00:01:21"
2026-05-27T00:01:36.767288,2414,23520000,-0.013,0.015,-0.996,-3.656,0.305,-1.13,31.68,29.6778,-0.138,"29.6778,   -0.138, 27 May 2026, 00:01:31"
2026-05-27T00:01:46.718313,2415,23530000,-0.013,0.014,-1.0,-3.595,0.176,-1.252,31.68,29.6949,-0.134,"29.6949,   -0.134, 27 May 2026, 00:01:41"
2026-05-27T00:01:56.766048,2416,23540000,-0.015,0.021,-0.998,-3.763,0.282,-0.992,31.68,29.6887,-0.137,"29.6887,   -0.137, 27 May 2026, 00:01:51"
2026-05-27T00:02:06.778035,2417,23550000,-0.015,0.01,-0.999,-3.542,0.374,-0.985,31.68,29.7105,-0.139,"29.7105,   -0.139, 27 May 2026, 00:02:01"
2026-05-27T00:02:16.776671,2418,23560000,-0.014,0.009,-0.996,-3.588,0.298,-0.969,31.68,29.7195,-0.135,"29.7195,   -0.135, 27 May 2026, 00:02:11"
2026-05-27T00:02:26.778919,2419,23570000,-0.013,0.014,-1.009,-3.496,0.145,-1.076,31.73,29.7093,-0.135,"29.7093,   -0.135, 27 May 2026, 00:02:21"
2026-05-27T00:02:36.766033,2420,23580000,-0.009,0.015,-1.007,-3.557,0.183,-1.015,31.68,29.7087,-0.133,"29.7087,   -0.133, 27 May 2026, 00:02:31"
2026-05-27T00:02:46.763176,2421,23590000,-0.014,0.015,-1.005,-3.595,0.305,-1.084,31.73,29.7034,-0.134,"29.7034,   -0.134, 27 May 2026, 00:02:41"
2026-05-27T00:02:56.703751,2422,23600000,-0.012,0.011,-1.01,-3.588,0.328,-0.962,31.68,29.7244,-0.135,"29.7244,   -0.135, 27 May 2026, 00:02:51"
2026-05-27T00:03:06.778092,2423,23610000,-0.009,0.012,-1.005,-3.565,0.206,-1.16,31.78,29.7329,-0.137,"29.7329,   -0.137, 27 May 2026, 00:03:01"
2026-05-27T00:03:16.764357,2424,23620000,-0.011,0.017,-1.002,-3.427,0.305,-1.282,31.64,29.7474,-0.135,"29.7474,   -0.135, 27 May 2026, 00:03:11"
2026-05-27T00:03:26.779623,2425,23630000,-0.011,0.017,-1.002,-3.435,0.244,-1.092,31.59,29.7546,-0.133,"29.7546,   -0.133, 27 May 2026, 00:03:21"
2026-05-27T00:03:36.779104,2426,23640000,-0.013,0.014,-1.013,-3.618,0.359,-1.046,31.64,29.7433,-0.138,"29.7433,   -0.138, 27 May 2026, 00:03:31"
2026-05-27T00:03:46.763708,2427,23650000,-0.013,0.014,-1.002,-3.702,0.244,-1.008,31.68,29.7375,-0.137,"29.7375,   -0.137, 27 May 2026, 00:03:41"
2026-05-27T00:03:56.703998,2428,23660000,-0.02,0.014,-0.993,-3.656,0.359,-1.107,31.64,29.7466,-0.136,"29.7466,   -0.136, 27 May 2026, 00:03:51"
2026-05-27T00:04:06.764307,2429,23670000,-0.011,0.011,-1.011,-3.504,0.244,-1.046,31.73,29.7524,-0.14,"29.7524,   -0.140, 27 May 2026, 00:04:01"
2026-05-27T00:04:16.771990,2430,23680000,-0.015,0.015,-1.006,-3.55,0.282,-0.931,31.73,29.7537,-0.14,"29.7537,   -0.140, 27 May 2026, 00:04:11"
2026-05-27T00:04:26.771365,2431,23690000,-0.012,0.021,-1.004,-3.504,0.107,-0.985,31.78,29.7614,-0.137,"29.7614,   -0.137, 27 May 2026, 00:04:21"
2026-05-27T00:04:36.704985,2432,23700000,-0.019,0.014,-0.997,-3.58,0.168,-1.122,31.64,29.7698,-0.134,"29.7698,   -0.134, 27 May 2026, 00:04:31"
2026-05-27T00:04:46.705409,2433,23710000,-0.016,0.011,-1.004,-3.565,0.252,-1.168,31.73,29.7652,-0.136,"29.7652,   -0.136, 27 May 2026, 00:04:41"
2026-05-27T00:04:56.778996,2434,23720000,-0.012,0.013,-0.995,-3.427,0.389,-0.954,31.78,29.7605,-0.138,"29.7605,   -0.138, 27 May 2026, 00:04:51"
2026-05-27T00:05:06.764807,2435,23730000,-0.019,0.018,-1.004,-3.542,0.229,-1.023,31.78,29.7808,-0.138,"29.7808,   -0.138, 27 May 2026, 00:05:01"
2026-05-27T00:05:16.714119,2436,23740000,-0.014,0.018,-0.998,-3.656,0.267,-0.908,31.73,29.7928,-0.143,"29.7928,   -0.143, 27 May 2026, 00:05:11"
2026-05-27T00:05:26.708773,2437,23750000,-0.013,0.015,-1.006,-3.496,0.298,-1.061,31.87,29.7955,-0.135,"29.7955,   -0.135, 27 May 2026, 00:05:21"
2026-05-27T00:05:36.764968,2438,23760000,-0.017,0.017,-0.999,-3.427,0.252,-0.84,31.82,29.7977,-0.136,"29.7977,   -0.136, 27 May 2026, 00:05:31"
2026-05-27T00:05:46.778507,2439,23770000,-0.01,0.011,-1.0,-3.626,0.176,-1.168,31.78,29.7949,-0.14,"29.7949,   -0.140, 27 May 2026, 00:05:41"
2026-05-27T00:05:56.705554,2440,23780000,-0.01,0.019,-1.018,-3.389,0.29,-1.0,31.73,29.8008,-0.135,"29.8008,   -0.135, 27 May 2026, 00:05:51"
2026-05-27T00:06:06.769486,2441,23790000,-0.013,0.009,-1.008,-3.504,0.389,-1.069,31.68,29.801,-0.136,"29.8010,   -0.136, 27 May 2026, 00:06:01"
2026-05-27T00:06:16.767399,2442,23800000,-0.022,0.016,-1.0,-3.664,0.366,-1.076,31.87,29.8013,-0.139,"29.8013,   -0.139, 27 May 2026, 00:06:11"
2026-05-27T00:06:26.765242,2443,23810000,-0.014,0.018,-1.0,-3.634,0.221,-0.992,31.82,29.8191,-0.136,"29.8191,   -0.136, 27 May 2026, 00:06:21"
2026-05-27T00:06:36.767416,2444,23820000,-0.018,0.014,-0.992,-3.435,0.344,-1.099,31.73,29.8347,-0.137,"29.8347,   -0.137, 27 May 2026, 00:06:31"
2026-05-27T00:06:46.763729,2445,23830000,-0.013,0.005,-1.011,-3.527,0.206,-1.038,31.78,29.8409,-0.142,"29.8409,   -0.142, 27 May 2026, 00:06:41"
2026-05-27T00:06:56.770948,2446,23840000,-0.013,0.013,-1.005,-3.695,0.29,-1.069,31.82,29.8377,-0.139,"29.8377,   -0.139, 27 May 2026, 00:06:51"
2026-05-27T00:07:06.767681,2447,23850000,-0.017,0.014,-1.003,-3.672,0.267,-1.137,31.73,29.8539,-0.135,"29.8539,   -0.135, 27 May 2026, 00:07:01"
2026-05-27T00:07:16.778981,2448,23860000,-0.018,0.014,-0.996,-3.748,0.137,-1.069,31.73,29.8612,-0.138,"29.8612,   -0.138, 27 May 2026, 00:07:11"
2026-05-27T00:07:26.764639,2449,23870000,-0.011,0.007,-0.998,-3.588,0.229,-1.046,31.82,29.87,-0.135,"29.8700,   -0.135, 27 May 2026, 00:07:21"
2026-05-27T00:07:36.777911,2450,23880000,-0.016,0.017,-0.999,-3.618,0.374,-1.069,31.78,29.8731,-0.139,"29.8731,   -0.139, 27 May 2026, 00:07:31"
2026-05-27T00:07:46.779136,2451,23890000,-0.021,0.015,-1.003,-3.466,0.244,-1.13,31.87,29.8879,-0.138,"29.8879,   -0.138, 27 May 2026, 00:07:41"
2026-05-27T00:07:56.778108,2452,23900000,-0.01,0.016,-1.008,-3.511,0.122,-1.107,31.68,29.8952,-0.138,"29.8952,   -0.138, 27 May 2026, 00:07:51"
2026-05-27T00:08:06.765212,2453,23910000,-0.018,0.012,-0.989,-3.45,0.328,-1.16,31.73,29.8976,-0.138,"29.8976,   -0.138, 27 May 2026, 00:08:01"
2026-05-27T00:08:16.765415,2454,23920000,-0.011,0.014,-1.006,-3.466,0.313,-1.115,31.78,29.9078,-0.14,"29.9078,   -0.140, 27 May 2026, 00:08:11"
2026-05-27T00:08:26.770883,2455,23930000,-0.018,0.011,-0.995,-3.489,0.351,-0.992,31.87,29.9264,-0.138,"29.9264,   -0.138, 27 May 2026, 00:08:21"
2026-05-27T00:08:36.778473,2456,23940000,-0.017,0.012,-1.009,-3.634,0.344,-1.237,31.82,29.9307,-0.137,"29.9307,   -0.137, 27 May 2026, 00:08:31"
2026-05-27T00:08:46.763911,2457,23950000,-0.015,0.01,-1.001,-3.595,0.397,-1.176,31.82,29.9408,-0.137,"29.9408,   -0.137, 27 May 2026, 00:08:41"
2026-05-27T00:08:56.765320,2458,23960000,-0.02,0.011,-1.001,-3.603,0.305,-1.115,31.87,29.9521,-0.138,"29.9521,   -0.138, 27 May 2026, 00:08:51"
2026-05-27T00:09:06.706599,2459,23970000,-0.014,0.013,-1.003,-3.374,0.351,-1.046,31.78,29.9679,-0.136,"29.9679,   -0.136, 27 May 2026, 00:09:01"
2026-05-27T00:09:16.763502,2460,23980000,-0.013,0.01,-1.0,-3.656,0.26,-0.954,31.87,29.9571,-0.137,"29.9571,   -0.137, 27 May 2026, 00:09:11"
2026-05-27T00:09:26.778869,2461,23990000,-0.016,0.013,-1.004,-3.565,0.389,-1.015,31.92,29.9431,-0.139,"29.9431,   -0.139, 27 May 2026, 00:09:21"
2026-05-27T00:09:36.767322,2462,24000000,-0.013,0.017,-1.007,-3.618,0.252,-1.107,31.82,29.9567,-0.139,"29.9567,   -0.139, 27 May 2026, 00:09:31"
2026-05-27T00:09:46.765749,2463,24010000,-0.017,0.016,-1.0,-3.435,0.351,-0.977,31.92,29.9572,-0.136,"29.9572,   -0.136, 27 May 2026, 00:09:41"
2026-05-27T00:09:56.770443,2464,24020000,-0.013,0.02,-0.996,-3.748,0.252,-0.954,31.82,29.9402,-0.138,"29.9402,   -0.138, 27 May 2026, 00:09:51"
2026-05-27T00:10:06.778786,2465,24030000,-0.022,0.013,-0.998,-3.557,0.214,-1.115,31.92,29.9391,-0.137,"29.9391,   -0.137, 27 May 2026, 00:10:01"
2026-05-27T00:10:16.779231,2466,24040000,-0.013,0.013,-1.003,-3.611,0.267,-1.13,31.92,29.9339,-0.137,"29.9339,   -0.137, 27 May 2026, 00:10:11"
2026-05-27T00:10:26.763797,2467,24050000,-0.011,0.016,-1.009,-3.565,0.328,-1.115,31.92,29.9403,-0.138,"29.9403,   -0.138, 27 May 2026, 00:10:21"
2026-05-27T00:10:36.778605,2468,24060000,-0.023,0.013,-1.006,-3.641,0.344,-1.237,31.82,29.9491,-0.141,"29.9491,   -0.141, 27 May 2026, 00:10:31"
2026-05-27T00:10:46.766231,2469,24070000,-0.015,0.013,-0.999,-3.359,0.229,-1.122,31.82,29.9357,-0.14,"29.9357,   -0.140, 27 May 2026, 00:10:41"
2026-05-27T00:10:56.778066,2470,24080000,-0.011,0.016,-1.003,-3.504,0.153,-1.168,31.92,29.9412,-0.134,"29.9412,   -0.134, 27 May 2026, 00:10:51"
2026-05-27T00:11:06.772900,2471,24090000,-0.015,0.016,-1.006,-3.511,0.336,-0.924,31.82,29.9446,-0.136,"29.9446,   -0.136, 27 May 2026, 00:11:01"
2026-05-27T00:11:16.778377,2472,24100000,-0.013,0.018,-0.997,-3.672,0.282,-1.084,31.92,29.9523,-0.134,"29.9523,   -0.134, 27 May 2026, 00:11:11"
2026-05-27T00:11:26.764013,2473,24110000,-0.016,0.014,-1.006,-3.557,0.26,-0.901,31.87,29.9726,-0.134,"29.9726,   -0.134, 27 May 2026, 00:11:21"
2026-05-27T00:11:36.778439,2474,24120000,-0.015,0.015,-1.0,-3.588,0.237,-1.038,31.92,29.9708,-0.134,"29.9708,   -0.134, 27 May 2026, 00:11:31"
2026-05-27T00:11:46.763869,2475,24130000,-0.017,0.017,-0.997,-3.55,0.344,-1.038,31.82,29.9573,-0.14,"29.9573,   -0.140, 27 May 2026, 00:11:41"
2026-05-27T00:11:56.778168,2476,24140000,-0.013,0.008,-1.007,-3.634,0.305,-1.115,31.78,29.9452,-0.137,"29.9452,   -0.137, 27 May 2026, 00:11:51"
2026-05-27T00:12:06.763175,2477,24150000,-0.019,0.015,-1.007,-3.634,0.305,-1.046,31.87,29.9402,-0.137,"29.9402,   -0.137, 27 May 2026, 00:12:01"
2026-05-27T00:12:16.763938,2478,24160000,-0.015,0.017,-0.999,-3.527,0.252,-0.794,31.87,29.9494,-0.137,"29.9494,   -0.137, 27 May 2026, 00:12:11"
2026-05-27T00:12:26.778143,2479,24170000,-0.018,0.013,-0.996,-3.504,0.16,-1.038,31.87,29.9601,-0.135,"29.9601,   -0.135, 27 May 2026, 00:12:21"
2026-05-27T00:12:36.772238,2480,24180000,-0.012,0.015,-1.01,-3.573,0.397,-1.13,31.97,29.9765,-0.137,"29.9765,   -0.137, 27 May 2026, 00:12:31"
2026-05-27T00:12:46.762807,2481,24190000,-0.009,0.014,-1.007,-3.618,0.405,-0.947,31.92,29.9916,-0.137,"29.9916,   -0.137, 27 May 2026, 00:12:41"
2026-05-27T00:12:56.766435,2482,24200000,-0.018,0.016,-1.005,-3.458,0.221,-1.015,31.92,29.989,-0.135,"29.9890,   -0.135, 27 May 2026, 00:12:51"
2026-05-27T00:13:06.778754,2483,24210000,-0.019,0.014,-0.994,-3.405,0.122,-1.252,32.01,29.9979,-0.134,"29.9979,   -0.134, 27 May 2026, 00:13:01"
2026-05-27T00:13:16.770301,2484,24220000,-0.009,0.013,-1.0,-3.611,0.305,-1.183,31.87,29.9956,-0.135,"29.9956,   -0.135, 27 May 2026, 00:13:11"
2026-05-27T00:13:26.767622,2485,24230000,-0.015,0.016,-1.001,-3.595,0.252,-1.053,31.82,29.9951,-0.135,"29.9951,   -0.135, 27 May 2026, 00:13:21"
2026-05-27T00:13:36.764883,2486,24240000,-0.015,0.016,-1.006,-3.656,0.359,-1.061,31.92,30.0061,-0.137,"30.0061,   -0.137, 27 May 2026, 00:13:31"
2026-05-27T00:13:46.778043,2487,24250000,-0.019,0.012,-1.004,-3.573,0.26,-0.985,31.92,30.0148,-0.135,"30.0148,   -0.135, 27 May 2026, 00:13:41"
2026-05-27T00:13:56.767820,2488,24260000,-0.014,0.013,-1.005,-3.504,0.298,-0.969,31.92,30.018,-0.139,"30.0180,   -0.139, 27 May 2026, 00:13:51"
2026-05-27T00:14:06.779395,2489,24270000,-0.015,0.016,-1.001,-3.42,0.252,-1.153,31.92,30.0318,-0.139,"30.0318,   -0.139, 27 May 2026, 00:14:01"
2026-05-27T00:14:16.825494,2490,24280000,-0.014,0.009,-0.998,-3.511,0.275,-1.115,32.01,30.0453,-0.134,"30.0453,   -0.134, 27 May 2026, 00:14:11"
2026-05-27T00:14:26.766741,2491,24290000,-0.011,0.015,-1.008,-3.603,0.336,-1.015,31.97,30.0539,-0.135,"30.0539,   -0.135, 27 May 2026, 00:14:21"
2026-05-27T00:14:36.767240,2492,24300000,-0.015,0.017,-1.011,-3.588,0.344,-1.107,32.06,30.0563,-0.139,"30.0563,   -0.139, 27 May 2026, 00:14:31"
2026-05-27T00:14:46.766599,2493,24310000,-0.011,0.012,-1.005,-3.618,0.176,-1.221,31.97,30.0495,-0.138,"30.0495,   -0.138, 27 May 2026, 00:14:41"
2026-05-27T00:14:56.778087,2494,24320000,-0.017,0.012,-1.002,-3.557,0.29,-1.099,31.92,30.0527,-0.134,"30.0527,   -0.134, 27 May 2026, 00:14:51"
2026-05-27T00:15:06.763563,2495,24330000,-0.01,0.017,-1.003,-3.58,0.29,-1.115,31.92,30.0528,-0.14,"30.0528,   -0.140, 27 May 2026, 00:15:01"
2026-05-27T00:15:16.765330,2496,24340000,-0.018,0.014,-0.994,-3.626,0.168,-0.985,32.11,30.0436,-0.134,"30.0436,   -0.134, 27 May 2026, 00:15:11"
2026-05-27T00:15:26.779034,2497,24350000,-0.01,0.017,-0.999,-3.458,0.328,-1.008,32.06,30.0616,-0.137,"30.0616,   -0.137, 27 May 2026, 00:15:21"
2026-05-27T00:15:36.779175,2498,24360000,-0.015,0.017,-1.0,-3.534,0.252,-0.885,31.97,30.0638,-0.134,"30.0638,   -0.134, 27 May 2026, 00:15:31"
2026-05-27T00:15:46.765984,2499,24370000,-0.016,0.018,-1.004,-3.656,0.26,-1.099,32.06,30.0652,-0.132,"30.0652,   -0.132, 27 May 2026, 00:15:41"
2026-05-27T00:15:56.765789,2500,24380000,-0.014,0.012,-1.004,-3.634,0.29,-1.015,32.06,30.0737,-0.133,"30.0737,   -0.133, 27 May 2026, 00:15:51"
2026-05-27T00:16:06.765176,2501,24390000,-0.013,0.01,-0.999,-3.511,0.26,-1.076,32.01,30.0862,-0.138,"30.0862,   -0.138, 27 May 2026, 00:16:01"
2026-05-27T00:16:16.763863,2502,24400000,-0.017,0.016,-0.996,-3.588,0.282,-1.099,32.06,30.1005,-0.133,"30.1005,   -0.133, 27 May 2026, 00:16:11"
2026-05-27T00:16:26.763746,2503,24410000,-0.012,0.01,-0.995,-3.71,0.26,-0.977,32.01,30.1116,-0.134,"30.1116,   -0.134, 27 May 2026, 00:16:21"
2026-05-27T00:16:36.765113,2504,24420000,-0.009,0.017,-1.001,-3.504,0.405,-1.237,32.11,30.1076,-0.136,"30.1076,   -0.136, 27 May 2026, 00:16:31"
2026-05-27T00:16:46.764772,2505,24430000,-0.024,0.013,-1.001,-3.481,0.359,-1.137,32.01,30.1018,-0.134,"30.1018,   -0.134, 27 May 2026, 00:16:41"
2026-05-27T00:16:56.763713,2506,24440000,-0.01,0.018,-1.001,-3.679,0.313,-1.061,32.06,30.1085,-0.135,"30.1085,   -0.135, 27 May 2026, 00:16:51"
2026-05-27T00:17:06.779030,2507,24450000,-0.015,0.013,-1.007,-3.527,0.206,-1.115,32.06,30.1187,-0.138,"30.1187,   -0.138, 27 May 2026, 00:17:01"
2026-05-27T00:17:16.778824,2508,24460000,-0.009,0.014,-1.002,-3.641,0.366,-1.176,31.97,30.1192,-0.135,"30.1192,   -0.135, 27 May 2026, 00:17:11"
2026-05-27T00:17:26.764338,2509,24470000,-0.013,0.014,-0.994,-3.595,0.214,-1.13,32.01,30.1238,-0.138,"30.1238,   -0.138, 27 May 2026, 00:17:21"
2026-05-27T00:17:36.763650,2510,24480000,-0.016,0.014,-1.0,-3.618,0.298,-1.046,32.01,30.1218,-0.138,"30.1218,   -0.138, 27 May 2026, 00:17:31"
2026-05-27T00:17:46.764422,2511,24490000,-0.019,0.015,-1.009,-3.672,0.344,-1.099,32.06,30.1205,-0.138,"30.1205,   -0.138, 27 May 2026, 00:17:41"
2026-05-27T00:17:56.771613,2512,24500000,-0.014,0.018,-1.002,-3.389,0.237,-1.16,32.01,30.1214,-0.134,"30.1214,   -0.134, 27 May 2026, 00:17:51"
2026-05-27T00:18:06.774231,2513,24510000,-0.016,0.015,-0.995,-3.527,0.282,-1.13,32.11,30.1356,-0.138,"30.1356,   -0.138, 27 May 2026, 00:18:01"
2026-05-27T00:18:16.764523,2514,24520000,-0.014,0.011,-1.0,-3.565,0.305,-1.107,32.06,30.1366,-0.137,"30.1366,   -0.137, 27 May 2026, 00:18:11"
2026-05-27T00:18:26.765452,2515,24530000,-0.009,0.014,-0.999,-3.649,0.305,-1.076,32.01,30.1466,-0.136,"30.1466,   -0.136, 27 May 2026, 00:18:21"
2026-05-27T00:18:36.765136,2516,24540000,-0.014,0.018,-0.999,-3.687,0.183,-0.832,32.11,30.1492,-0.137,"30.1492,   -0.137, 27 May 2026, 00:18:31"
2026-05-27T00:18:46.763929,2517,24550000,-0.02,0.012,-1.012,-3.481,0.305,-1.206,32.11,30.1581,-0.135,"30.1581,   -0.135, 27 May 2026, 00:18:41"
2026-05-27T00:18:56.765146,2518,24560000,-0.01,0.013,-1.002,-3.55,0.29,-1.076,32.06,30.1531,-0.136,"30.1531,   -0.136, 27 May 2026, 00:18:51"
2026-05-27T00:19:06.765422,2519,24570000,-0.018,0.01,-1.004,-3.382,0.275,-1.031,32.2,30.1519,-0.137,"30.1519,   -0.137, 27 May 2026, 00:19:01"
2026-05-27T00:19:16.762744,2520,24580000,-0.015,0.017,-1.001,-3.573,0.344,-1.092,32.01,30.1591,-0.137,"30.1591,   -0.137, 27 May 2026, 00:19:11"
2026-05-27T00:19:26.783297,2521,24590000,-0.018,0.014,-1.006,-3.519,0.298,-1.023,32.11,30.1499,-0.136,"30.1499,   -0.136, 27 May 2026, 00:19:21"
2026-05-27T00:19:36.764474,2522,24600000,-0.019,0.011,-1.005,-3.542,0.275,-1.153,32.06,30.1611,-0.135,"30.1611,   -0.135, 27 May 2026, 00:19:31"
2026-05-27T00:19:46.771034,2523,24610000,-0.02,0.016,-1.011,-3.542,0.29,-1.015,32.11,30.1649,-0.135,"30.1649,   -0.135, 27 May 2026, 00:19:41"
2026-05-27T00:19:56.778864,2524,24620000,-0.018,0.011,-1.004,-3.641,0.0,-1.153,32.15,30.1711,-0.136,"30.1711,   -0.136, 27 May 2026, 00:19:51"
2026-05-27T00:20:06.764122,2525,24630000,-0.014,0.011,-0.998,-3.435,0.29,-1.038,32.11,30.1646,-0.137,"30.1646,   -0.137, 27 May 2026, 00:20:01"
2026-05-27T00:20:16.778790,2526,24640000,-0.014,0.018,-1.006,-3.603,0.351,-1.099,32.15,30.1662,-0.139,"30.1662,   -0.139, 27 May 2026, 00:20:11"
2026-05-27T00:20:26.779160,2527,24650000,-0.011,0.016,-1.0,-3.58,0.26,-1.076,32.15,30.1759,-0.136,"30.1759,   -0.136, 27 May 2026, 00:20:21"
2026-05-27T00:20:36.770460,2528,24660000,-0.013,0.01,-1.002,-3.435,0.252,-0.977,32.25,30.1738,-0.133,"30.1738,   -0.133, 27 May 2026, 00:20:31"
2026-05-27T00:20:46.772644,2529,24670000,-0.007,0.018,-1.007,-3.496,0.275,-1.115,32.15,30.1823,-0.137,"30.1823,   -0.137, 27 May 2026, 00:20:41"
2026-05-27T00:20:56.773414,2530,24680000,-0.015,0.016,-1.0,-3.504,0.252,-0.985,32.11,30.1796,-0.138,"30.1796,   -0.138, 27 May 2026, 00:20:51"
2026-05-27T00:21:06.796206,2531,24690000,-0.007,0.012,-0.997,-3.565,0.221,-1.053,32.15,30.171,-0.137,"30.1710,   -0.137, 27 May 2026, 00:21:01"
2026-05-27T00:21:16.778618,2532,24700000,-0.016,0.011,-1.003,-3.557,0.275,-1.137,32.2,30.1584,-0.138,"30.1584,   -0.138, 27 May 2026, 00:21:11"
2026-05-27T00:21:26.778773,2533,24710000,-0.013,0.013,-1.004,-3.573,0.13,-1.008,32.2,30.1479,-0.135,"30.1479,   -0.135, 27 May 2026, 00:21:21"
2026-05-27T00:21:36.778926,2534,24720000,-0.007,0.018,-0.998,-3.55,0.221,-1.092,32.15,30.1472,-0.136,"30.1472,   -0.136, 27 May 2026, 00:21:31"
2026-05-27T00:21:46.778544,2535,24730000,-0.017,0.014,-1.007,-3.534,0.298,-0.985,32.2,30.1706,-0.137,"30.1706,   -0.137, 27 May 2026, 00:21:41"
2026-05-27T00:21:56.771783,2536,24740000,-0.017,0.008,-1.003,-3.55,0.305,-1.084,32.2,30.1658,-0.135,"30.1658,   -0.135, 27 May 2026, 00:21:51"
2026-05-27T00:22:06.777758,2537,24750000,-0.018,0.016,-1.006,-3.634,0.313,-1.13,32.11,30.1764,-0.136,"30.1764,   -0.136, 27 May 2026, 00:22:01"
2026-05-27T00:22:16.778520,2538,24760000,-0.017,0.01,-1.019,-3.565,0.29,-0.947,32.2,30.1736,-0.138,"30.1736,   -0.138, 27 May 2026, 00:22:11"
2026-05-27T00:22:26.765300,2539,24770000,-0.017,0.017,-1.01,-3.565,0.275,-1.076,32.11,30.1748,-0.137,"30.1748,   -0.137, 27 May 2026, 00:22:21"
2026-05-27T00:22:36.779617,2540,24780000,-0.013,0.009,-0.995,-3.634,0.282,-1.015,32.25,30.1816,-0.136,"30.1816,   -0.136, 27 May 2026, 00:22:31"
2026-05-27T00:22:46.778469,2541,24790000,-0.015,0.008,-1.007,-3.511,0.282,-1.061,32.2,30.1921,-0.139,"30.1921,   -0.139, 27 May 2026, 00:22:41"
2026-05-27T00:22:56.763961,2542,24800000,-0.012,0.017,-1.004,-3.603,0.237,-1.046,32.15,30.2014,-0.137,"30.2014,   -0.137, 27 May 2026, 00:22:51"
2026-05-27T00:23:06.779196,2543,24810000,-0.018,0.016,-1.001,-3.664,0.221,-1.084,32.25,30.2038,-0.134,"30.2038,   -0.134, 27 May 2026, 00:23:01"
2026-05-27T00:23:16.773409,2544,24820000,-0.015,0.012,-1.005,-3.656,0.191,-1.084,32.15,30.2094,-0.135,"30.2094,   -0.135, 27 May 2026, 00:23:11"
2026-05-27T00:23:26.763911,2545,24830000,-0.009,0.018,-0.994,-3.489,0.321,-1.198,32.25,30.223,-0.136,"30.2230,   -0.136, 27 May 2026, 00:23:21"
2026-05-27T00:23:36.774981,2546,24840000,-0.017,0.012,-1.009,-3.695,0.305,-1.084,32.2,30.2283,-0.138,"30.2283,   -0.138, 27 May 2026, 00:23:31"
2026-05-27T00:23:46.765298,2547,24850000,-0.01,0.008,-0.991,-3.573,0.13,-1.176,32.25,30.2402,-0.134,"30.2402,   -0.134, 27 May 2026, 00:23:41"
2026-05-27T00:23:56.767928,2548,24860000,-0.016,0.016,-1.005,-3.588,0.244,-0.924,32.2,30.2438,-0.139,"30.2438,   -0.139, 27 May 2026, 00:23:51"
2026-05-27T00:24:06.778625,2549,24870000,-0.017,0.018,-1.003,-3.611,0.29,-0.954,32.2,30.2575,-0.135,"30.2575,   -0.135, 27 May 2026, 00:24:01"
2026-05-27T00:24:16.780092,2550,24880000,-0.015,0.013,-1.005,-3.618,0.466,-0.977,32.2,30.2636,-0.137,"30.2636,   -0.137, 27 May 2026, 00:24:11"
2026-05-27T00:24:26.769343,2551,24890000,-0.014,0.01,-1.008,-3.534,0.458,-1.038,32.2,30.2653,-0.138,"30.2653,   -0.138, 27 May 2026, 00:24:21"
2026-05-27T00:24:36.779867,2552,24900000,-0.018,0.012,-1.003,-3.534,0.275,-1.115,32.2,30.2751,-0.134,"30.2751,   -0.134, 27 May 2026, 00:24:31"
2026-05-27T00:24:46.769369,2553,24910000,-0.016,0.018,-1.0,-3.664,0.29,-1.076,32.2,30.2628,-0.139,"30.2628,   -0.139, 27 May 2026, 00:24:41"
2026-05-27T00:24:56.779297,2554,24920000,-0.015,0.019,-1.001,-3.534,0.321,-1.031,32.2,30.2742,-0.138,"30.2742,   -0.138, 27 May 2026, 00:24:51"
2026-05-27T00:25:06.777583,2555,24930000,-0.016,0.017,-0.998,-3.55,0.229,-1.115,32.2,30.263,-0.138,"30.2630,   -0.138, 27 May 2026, 00:25:01"
2026-05-27T00:25:16.768276,2556,24940000,-0.013,0.016,-1.009,-3.58,0.336,-0.855,32.2,30.2636,-0.136,"30.2636,   -0.136, 27 May 2026, 00:25:11"
2026-05-27T00:25:26.779607,2557,24950000,-0.019,0.011,-1.005,-3.695,0.336,-1.061,32.29,30.2653,-0.135,"30.2653,   -0.135, 27 May 2026, 00:25:21"
2026-05-27T00:25:36.778075,2558,24960000,-0.016,0.012,-1.006,-3.595,0.473,-1.13,32.34,30.2762,-0.137,"30.2762,   -0.137, 27 May 2026, 00:25:31"
2026-05-27T00:25:46.768600,2559,24970000,-0.012,0.011,-1.008,-3.573,0.443,-0.969,32.2,30.2777,-0.141,"30.2777,   -0.141, 27 May 2026, 00:25:41"
2026-05-27T00:25:56.765537,2560,24980000,-0.016,0.011,-0.999,-3.664,0.29,-1.13,32.29,30.2724,-0.135,"30.2724,   -0.135, 27 May 2026, 00:25:51"
2026-05-27T00:26:06.776811,2561,24990000,-0.016,0.015,-1.002,-3.557,0.252,-1.061,32.25,30.2647,-0.136,"30.2647,   -0.136, 27 May 2026, 00:26:01"
2026-05-27T00:26:16.763871,2562,25000000,-0.012,0.018,-1.01,-3.473,0.221,-1.107,32.2,30.2702,-0.136,"30.2702,   -0.136, 27 May 2026, 00:26:11"
2026-05-27T00:26:26.764187,2563,25010000,-0.012,0.015,-0.996,-3.626,0.313,-1.244,32.29,30.2681,-0.135,"30.2681,   -0.135, 27 May 2026, 00:26:21"
2026-05-27T00:26:36.768719,2564,25020000,-0.019,0.015,-1.01,-3.748,0.206,-0.885,32.2,30.2725,-0.137,"30.2725,   -0.137, 27 May 2026, 00:26:31"
2026-05-27T00:26:46.765556,2565,25030000,-0.011,0.013,-1.002,-3.55,0.252,-1.153,32.2,30.2736,-0.137,"30.2736,   -0.137, 27 May 2026, 00:26:41"
2026-05-27T00:26:56.765536,2566,25040000,-0.019,0.015,-1.0,-3.695,0.16,-1.16,32.29,30.276,-0.135,"30.2760,   -0.135, 27 May 2026, 00:26:51"
2026-05-27T00:27:06.767851,2567,25050000,-0.011,0.01,-1.009,-3.573,0.359,-1.298,32.34,30.2917,-0.135,"30.2917,   -0.135, 27 May 2026, 00:27:01"
2026-05-27T00:27:16.762087,2568,25060000,-0.018,0.013,-1.003,-3.649,0.328,-1.099,32.39,30.2865,-0.138,"30.2865,   -0.138, 27 May 2026, 00:27:11"
2026-05-27T00:27:26.765602,2569,25070000,-0.015,0.02,-1.006,-3.626,0.359,-1.145,32.2,30.2934,-0.135,"30.2934,   -0.135, 27 May 2026, 00:27:21"
2026-05-27T00:27:36.763327,2570,25080000,-0.013,0.015,-0.995,-3.725,0.305,-1.137,32.2,30.3053,-0.134,"30.3053,   -0.134, 27 May 2026, 00:27:31"
2026-05-27T00:27:46.762933,2571,25090000,-0.02,0.014,-1.008,-3.412,0.351,-0.885,32.2,30.3085,-0.135,"30.3085,   -0.135, 27 May 2026, 00:27:41"
2026-05-27T00:27:56.784707,2572,25100000,-0.013,0.013,-1.004,-3.595,0.29,-1.122,32.29,30.3162,-0.138,"30.3162,   -0.138, 27 May 2026, 00:27:51"
2026-05-27T00:28:06.779286,2573,25110000,-0.017,0.013,-1.008,-3.527,0.328,-1.168,32.25,30.3179,-0.137,"30.3179,   -0.137, 27 May 2026, 00:28:01"
2026-05-27T00:28:16.778712,2574,25120000,-0.016,0.02,-1.002,-3.588,0.206,-1.038,32.29,30.3228,-0.135,"30.3228,   -0.135, 27 May 2026, 00:28:11"
2026-05-27T00:28:26.777402,2575,25130000,-0.016,0.012,-0.993,-3.42,0.435,-1.099,32.2,30.3298,-0.138,"30.3298,   -0.138, 27 May 2026, 00:28:21"
2026-05-27T00:28:36.764875,2576,25140000,-0.02,0.016,-1.008,-3.588,0.282,-1.183,32.25,30.3353,-0.137,"30.3353,   -0.137, 27 May 2026, 00:28:31"
2026-05-27T00:28:46.771378,2577,25150000,-0.014,0.008,-0.999,-3.603,0.374,-1.031,32.34,30.3448,-0.136,"30.3448,   -0.136, 27 May 2026, 00:28:41"
2026-05-27T00:28:56.780333,2578,25160000,-0.011,0.008,-1.007,-3.595,0.344,-0.962,32.34,30.3542,-0.136,"30.3542,   -0.136, 27 May 2026, 00:28:51"
2026-05-27T00:29:06.765878,2579,25170000,-0.021,0.016,-1.014,-3.405,0.313,-1.015,32.15,30.3556,-0.139,"30.3556,   -0.139, 27 May 2026, 00:29:01"
2026-05-27T00:29:16.764036,2580,25180000,-0.016,0.009,-1.008,-3.511,0.198,-1.206,32.39,30.3426,-0.137,"30.3426,   -0.137, 27 May 2026, 00:29:11"
2026-05-27T00:29:26.776308,2581,25190000,-0.019,0.016,-1.005,-3.634,0.366,-1.023,32.34,30.355,-0.136,"30.3550,   -0.136, 27 May 2026, 00:29:21"
2026-05-27T00:29:36.771812,2582,25200000,-0.016,0.011,-1.008,-3.626,0.176,-1.137,32.39,30.3576,-0.137,"30.3576,   -0.137, 27 May 2026, 00:29:31"
2026-05-27T00:29:46.779080,2583,25210000,-0.016,0.018,-1.009,-3.519,0.115,-1.084,32.34,30.3504,-0.136,"30.3504,   -0.136, 27 May 2026, 00:29:41"
2026-05-27T00:29:56.764234,2584,25220000,-0.014,0.012,-1.007,-3.527,0.328,-0.878,32.39,30.37,-0.139,"30.3700,   -0.139, 27 May 2026, 00:29:51"
2026-05-27T00:30:06.771825,2585,25230000,-0.021,0.013,-1.006,-3.618,0.122,-1.191,32.39,30.3778,-0.137,"30.3778,   -0.137, 27 May 2026, 00:30:01"
2026-05-27T00:30:16.770966,2586,25240000,-0.013,0.015,-1.004,-3.397,0.382,-0.962,32.39,30.3734,-0.139,"30.3734,   -0.139, 27 May 2026, 00:30:11"
2026-05-27T00:30:26.774056,2587,25250000,-0.01,0.016,-1.01,-3.595,0.046,-1.092,32.29,30.3675,-0.139,"30.3675,   -0.139, 27 May 2026, 00:30:21"
2026-05-27T00:30:36.764988,2588,25260000,-0.013,0.015,-1.003,-3.534,0.336,-1.206,32.34,30.3759,-0.138,"30.3759,   -0.138, 27 May 2026, 00:30:31"
2026-05-27T00:30:46.778981,2589,25270000,-0.016,0.01,-1.001,-3.458,0.145,-1.084,32.34,30.3749,-0.138,"30.3749,   -0.138, 27 May 2026, 00:30:41"
2026-05-27T00:30:56.778602,2590,25280000,-0.014,0.018,-1.003,-3.481,0.267,-1.023,32.34,30.3704,-0.135,"30.3704,   -0.135, 27 May 2026, 00:30:51"
2026-05-27T00:31:06.771270,2591,25290000,-0.014,0.009,-1.008,-3.565,0.313,-1.221,32.39,30.3666,-0.135,"30.3666,   -0.135, 27 May 2026, 00:31:01"
2026-05-27T00:31:16.778046,2592,25300000,-0.009,0.011,-1.014,-3.405,0.466,-0.985,32.39,30.3749,-0.136,"30.3749,   -0.136, 27 May 2026, 00:31:11"
2026-05-27T00:31:26.775513,2593,25310000,-0.018,0.011,-1.008,-3.45,0.374,-1.122,32.48,30.3966,-0.137,"30.3966,   -0.137, 27 May 2026, 00:31:21"
2026-05-27T00:31:36.778939,2594,25320000,-0.017,0.018,-1.002,-3.534,0.298,-1.13,32.39,30.3964,-0.138,"30.3964,   -0.138, 27 May 2026, 00:31:31"
2026-05-27T00:31:46.778338,2595,25330000,-0.017,0.015,-1.004,-3.58,0.29,-1.061,32.39,30.3978,-0.139,"30.3978,   -0.139, 27 May 2026, 00:31:41"
2026-05-27T00:31:56.773446,2596,25340000,-0.019,0.013,-1.015,-3.527,0.305,-1.0,32.39,30.4022,-0.137,"30.4022,   -0.137, 27 May 2026, 00:31:51"
2026-05-27T00:32:06.765606,2597,25350000,-0.016,0.014,-1.014,-3.687,0.336,-0.947,32.44,30.4014,-0.136,"30.4014,   -0.136, 27 May 2026, 00:32:01"
2026-05-27T00:32:16.778841,2598,25360000,-0.019,0.015,-1.002,-3.565,0.275,-1.214,32.39,30.4155,-0.135,"30.4155,   -0.135, 27 May 2026, 00:32:11"
2026-05-27T00:32:26.766894,2599,25370000,-0.014,0.012,-1.001,-3.382,0.206,-1.023,32.39,30.4189,-0.135,"30.4189,   -0.135, 27 May 2026, 00:32:21"
2026-05-27T00:32:36.763170,2600,25380000,-0.015,0.015,-0.997,-3.595,0.336,-1.053,32.39,30.41,-0.139,"30.4100,   -0.139, 27 May 2026, 00:32:31"
2026-05-27T00:32:46.765863,2601,25390000,-0.014,0.017,-1.006,-3.672,0.237,-1.137,32.39,30.4013,-0.133,"30.4013,   -0.133, 27 May 2026, 00:32:41"
2026-05-27T00:32:56.835001,2602,25400000,-0.019,0.012,-1.002,-3.634,0.359,-1.061,32.34,30.4161,-0.137,"30.4161,   -0.137, 27 May 2026, 00:32:51"
2026-05-27T00:33:06.773469,2603,25410000,-0.012,0.015,-0.997,-3.565,0.397,-1.015,32.39,30.4013,-0.137,"30.4013,   -0.137, 27 May 2026, 00:33:01"
2026-05-27T00:33:16.779711,2604,25420000,-0.021,0.014,-1.009,-3.595,0.145,-1.13,32.44,30.399,-0.134,"30.3990,   -0.134, 27 May 2026, 00:33:11"
2026-05-27T00:33:26.763798,2605,25430000,-0.01,0.018,-1.007,-3.466,0.305,-0.985,32.34,30.4106,-0.132,"30.4106,   -0.132, 27 May 2026, 00:33:21"
2026-05-27T00:33:36.765256,2606,25440000,-0.012,0.02,-1.002,-3.649,0.282,-1.099,32.34,30.41,-0.135,"30.4100,   -0.135, 27 May 2026, 00:33:31"
2026-05-27T00:33:46.762854,2607,25450000,-0.019,0.009,-1.006,-3.565,0.298,-1.0,32.44,30.4098,-0.132,"30.4098,   -0.132, 27 May 2026, 00:33:41"
2026-05-27T00:33:56.778837,2608,25460000,-0.009,0.012,-1.004,-3.527,0.389,-0.992,32.44,30.4216,-0.137,"30.4216,   -0.137, 27 May 2026, 00:33:51"
2026-05-27T00:34:06.765121,2609,25470000,-0.018,0.01,-1.01,-3.656,0.42,-1.16,32.44,30.4259,-0.136,"30.4259,   -0.136, 27 May 2026, 00:34:01"
2026-05-27T00:34:16.771469,2610,25480000,-0.017,0.016,-0.99,-3.481,0.489,-1.137,32.44,30.4232,-0.134,"30.4232,   -0.134, 27 May 2026, 00:34:11"
2026-05-27T00:34:26.778528,2611,25490000,-0.019,0.015,-1.014,-3.573,0.313,-1.168,32.48,30.4292,-0.14,"30.4292,   -0.140, 27 May 2026, 00:34:21"
2026-05-27T00:34:36.842194,2612,25500000,-0.012,0.009,-0.997,-3.664,0.305,-1.008,32.39,30.4306,-0.136,"30.4306,   -0.136, 27 May 2026, 00:34:31"
2026-05-27T00:34:46.763741,2613,25510000,-0.015,0.012,-1.002,-3.55,0.198,-1.031,32.48,30.4237,-0.138,"30.4237,   -0.138, 27 May 2026, 00:34:41"
2026-05-27T00:34:56.769991,2614,25520000,-0.01,0.017,-0.991,-3.565,0.313,-1.229,32.48,30.4357,-0.137,"30.4357,   -0.137, 27 May 2026, 00:34:51"
2026-05-27T00:35:06.766009,2615,25530000,-0.018,0.006,-1.002,-3.603,0.305,-0.962,32.39,30.428,-0.133,"30.4280,   -0.133, 27 May 2026, 00:35:01"
2026-05-27T00:35:16.765130,2616,25540000,-0.015,0.011,-1.006,-3.641,0.244,-1.221,32.62,30.4232,-0.131,"30.4232,   -0.131, 27 May 2026, 00:35:11"
2026-05-27T00:35:26.763307,2617,25550000,-0.012,0.015,-1.011,-3.58,0.198,-1.107,32.44,30.4212,-0.137,"30.4212,   -0.137, 27 May 2026, 00:35:21"
2026-05-27T00:35:36.764674,2618,25560000,-0.013,0.012,-1.017,-3.687,0.42,-1.145,32.58,30.4255,-0.137,"30.4255,   -0.137, 27 May 2026, 00:35:31"
2026-05-27T00:35:46.764074,2619,25570000,-0.013,0.016,-1.01,-3.55,0.16,-1.046,32.48,30.4498,-0.137,"30.4498,   -0.137, 27 May 2026, 00:35:41"
2026-05-27T00:35:56.778431,2620,25580000,-0.009,0.01,-1.009,-3.718,0.359,-1.069,32.48,30.4565,-0.136,"30.4565,   -0.136, 27 May 2026, 00:35:51"
2026-05-27T00:36:06.765862,2621,25590000,-0.015,0.014,-1.004,-3.542,0.137,-0.901,32.48,30.463,-0.135,"30.4630,   -0.135, 27 May 2026, 00:36:01"
2026-05-27T00:36:16.766832,2622,25600000,-0.013,0.015,-1.007,-3.58,0.336,-1.145,32.58,30.474,-0.136,"30.4740,   -0.136, 27 May 2026, 00:36:11"
2026-05-27T00:36:26.765386,2623,25610000,-0.022,0.012,-0.997,-3.466,0.282,-1.145,32.48,30.4852,-0.134,"30.4852,   -0.134, 27 May 2026, 00:36:21"
2026-05-27T00:36:36.840289,2624,25620000,-0.026,0.009,-1.012,-3.626,0.374,-1.0,32.48,30.4733,-0.137,"30.4733,   -0.137, 27 May 2026, 00:36:31"
2026-05-27T00:36:46.843818,2625,25630000,-0.018,0.012,-1.005,-3.595,0.366,-1.008,32.48,30.4791,-0.137,"30.4791,   -0.137, 27 May 2026, 00:36:41"
2026-05-27T00:36:56.778728,2626,25640000,-0.013,0.011,-1.008,-3.496,0.214,-1.015,32.44,30.4893,-0.135,"30.4893,   -0.135, 27 May 2026, 00:36:51"
2026-05-27T00:37:06.773412,2627,25650000,-0.018,0.013,-1.0,-3.626,0.214,-1.069,32.48,30.4905,-0.133,"30.4905,   -0.133, 27 May 2026, 00:37:01"
2026-05-27T00:37:16.766342,2628,25660000,-0.01,0.016,-1.001,-3.611,0.412,-1.145,32.53,30.478,-0.14,"30.4780,   -0.140, 27 May 2026, 00:37:11"
2026-05-27T00:37:26.844536,2629,25670000,-0.014,0.013,-1.009,-3.45,0.267,-1.183,32.58,30.4681,-0.137,"30.4681,   -0.137, 27 May 2026, 00:37:21"
2026-05-27T00:37:36.831596,2630,25680000,-0.015,0.011,-1.016,-3.573,0.214,-1.053,32.39,30.4783,-0.136,"30.4783,   -0.136, 27 May 2026, 00:37:31"
2026-05-27T00:37:46.834997,2631,25690000,-0.019,0.02,-1.005,-3.656,0.366,-1.13,32.53,30.4788,-0.135,"30.4788,   -0.135, 27 May 2026, 00:37:41"
2026-05-27T00:37:56.847527,2632,25700000,-0.015,0.013,-1.004,-3.489,0.298,-1.107,32.53,30.4763,-0.137,"30.4763,   -0.137, 27 May 2026, 00:37:51"
2026-05-27T00:38:06.768514,2633,25710000,-0.017,0.013,-1.004,-3.58,0.427,-1.069,32.62,30.4792,-0.136,"30.4792,   -0.136, 27 May 2026, 00:38:01"
2026-05-27T00:38:16.833565,2634,25720000,-0.015,0.016,-1.0,-3.588,0.336,-1.053,32.58,30.4851,-0.137,"30.4851,   -0.137, 27 May 2026, 00:38:11"
2026-05-27T00:38:26.829452,2635,25730000,-0.013,0.015,-1.017,-3.542,0.321,-1.084,32.58,30.4889,-0.135,"30.4889,   -0.135, 27 May 2026, 00:38:21"
2026-05-27T00:38:36.834418,2636,25740000,-0.011,0.013,-1.006,-3.679,0.13,-1.137,32.58,30.4916,-0.137,"30.4916,   -0.137, 27 May 2026, 00:38:31"
2026-05-27T00:38:46.843817,2637,25750000,-0.012,0.016,-1.005,-3.626,0.305,-1.229,32.48,30.494,-0.135,"30.4940,   -0.135, 27 May 2026, 00:38:41"
2026-05-27T00:38:56.895131,2638,25760000,-0.012,0.015,-1.01,-3.611,0.237,-1.122,32.53,30.499,-0.135,"30.4990,   -0.135, 27 May 2026, 00:38:51"
2026-05-27T00:39:06.778302,2639,25770000,-0.017,0.016,-1.003,-3.527,0.374,-1.115,32.53,30.493,-0.134,"30.4930,   -0.134, 27 May 2026, 00:39:01"
2026-05-27T00:39:16.830656,2640,25780000,-0.017,0.015,-0.996,-3.695,0.42,-1.046,32.62,30.5117,-0.135,"30.5117,   -0.135, 27 May 2026, 00:39:11"
2026-05-27T00:39:26.848248,2641,25790000,-0.01,0.012,-1.013,-3.504,0.252,-1.038,32.67,30.5218,-0.133,"30.5218,   -0.133, 27 May 2026, 00:39:21"
2026-05-27T00:39:36.849007,2642,25800000,-0.016,0.011,-1.004,-3.71,0.267,-1.031,32.58,30.511,-0.136,"30.5110,   -0.136, 27 May 2026, 00:39:31"
2026-05-27T00:39:46.841527,2643,25810000,-0.017,0.012,-1.017,-3.435,0.336,-0.901,32.58,30.501,-0.136,"30.5010,   -0.136, 27 May 2026, 00:39:41"
2026-05-27T00:39:56.831727,2644,25820000,-0.013,0.014,-1.003,-3.519,0.366,-1.069,32.48,30.4986,-0.137,"30.4986,   -0.137, 27 May 2026, 00:39:51"
2026-05-27T00:40:06.766036,2645,25830000,-0.015,0.014,-1.0,-3.595,0.282,-1.076,32.58,30.5116,-0.132,"30.5116,   -0.132, 27 May 2026, 00:40:01"
2026-05-27T00:40:16.836263,2646,25840000,-0.016,0.013,-1.013,-3.611,0.427,-1.183,32.48,30.5119,-0.139,"30.5119,   -0.139, 27 May 2026, 00:40:11"
2026-05-27T00:40:26.839701,2647,25850000,-0.015,0.013,-1.002,-3.519,0.374,-1.008,32.58,30.5104,-0.136,"30.5104,   -0.136, 27 May 2026, 00:40:21"
2026-05-27T00:40:36.840908,2648,25860000,-0.01,0.012,-1.009,-3.458,0.382,-1.107,32.53,30.5212,-0.134,"30.5212,   -0.134, 27 May 2026, 00:40:31"
2026-05-27T00:40:46.848037,2649,25870000,-0.012,0.008,-0.996,-3.603,0.328,-1.13,32.48,30.5256,-0.135,"30.5256,   -0.135, 27 May 2026, 00:40:41"
2026-05-27T00:40:56.841488,2650,25880000,-0.015,0.017,-1.005,-3.595,0.412,-1.137,32.53,30.5362,-0.134,"30.5362,   -0.134, 27 May 2026, 00:40:51"
2026-05-27T00:41:06.778554,2651,25890000,-0.016,0.018,-1.006,-3.718,0.389,-1.046,32.48,30.5346,-0.135,"30.5346,   -0.135, 27 May 2026, 00:41:01"
2026-05-27T00:41:16.831199,2652,25900000,-0.016,0.017,-1.004,-3.634,0.374,-1.275,32.58,30.5335,-0.136,"30.5335,   -0.136, 27 May 2026, 00:41:11"
2026-05-27T00:41:26.845286,2653,25910000,-0.016,0.014,-1.0,-3.649,0.427,-0.901,32.53,30.5363,-0.136,"30.5363,   -0.136, 27 May 2026, 00:41:21"
2026-05-27T00:41:36.834302,2654,25920000,-0.015,0.007,-1.002,-3.481,0.351,-1.336,32.62,30.5511,-0.136,"30.5511,   -0.136, 27 May 2026, 00:41:31"
2026-05-27T00:41:46.833940,2655,25930000,-0.015,0.011,-1.008,-3.603,0.412,-1.267,32.58,30.5585,-0.136,"30.5585,   -0.136, 27 May 2026, 00:41:41"
2026-05-27T00:41:56.832501,2656,25940000,-0.01,0.015,-1.007,-3.687,0.305,-0.992,32.58,30.5565,-0.137,"30.5565,   -0.137, 27 May 2026, 00:41:51"
2026-05-27T00:42:06.765743,2657,25950000,-0.019,0.013,-1.006,-3.58,0.344,-1.015,32.62,30.5482,-0.137,"30.5482,   -0.137, 27 May 2026, 00:42:01"
2026-05-27T00:42:16.835436,2658,25960000,-0.011,0.015,-1.003,-3.496,0.275,-0.939,32.67,30.5506,-0.133,"30.5506,   -0.133, 27 May 2026, 00:42:11"
2026-05-27T00:42:26.848525,2659,25970000,-0.018,0.013,-1.004,-3.466,0.198,-1.237,32.58,30.5724,-0.136,"30.5724,   -0.136, 27 May 2026, 00:42:21"
2026-05-27T00:42:36.840726,2660,25980000,-0.016,0.011,-1.004,-3.641,0.321,-1.191,32.62,30.5774,-0.136,"30.5774,   -0.136, 27 May 2026, 00:42:31"
2026-05-27T00:42:46.902493,2661,25990000,-0.02,0.015,-1.0,-3.466,0.534,-1.206,32.58,30.5687,-0.14,"30.5687,   -0.140, 27 May 2026, 00:42:41"
2026-05-27T00:42:56.895984,2662,26000000,-0.019,0.014,-1.006,-3.733,0.458,-1.237,32.67,30.5873,-0.136,"30.5873,   -0.136, 27 May 2026, 00:42:51"
2026-05-27T00:43:06.765715,2663,26010000,-0.014,0.011,-1.005,-3.702,0.229,-1.038,32.62,30.5932,-0.136,"30.5932,   -0.136, 27 May 2026, 00:43:01"
2026-05-27T00:43:16.833601,2664,26020000,-0.009,0.011,-1.003,-3.679,0.275,-1.145,32.58,30.5905,-0.136,"30.5905,   -0.136, 27 May 2026, 00:43:11"
2026-05-27T00:43:26.849809,2665,26030000,-0.006,0.012,-1.004,-3.45,0.496,-1.16,32.67,30.5955,-0.133,"30.5955,   -0.133, 27 May 2026, 00:43:21"
2026-05-27T00:43:36.839327,2666,26040000,-0.022,0.018,-1.004,-3.542,0.115,-1.061,32.58,30.5932,-0.136,"30.5932,   -0.136, 27 May 2026, 00:43:31"
2026-05-27T00:43:46.836743,2667,26050000,-0.01,0.015,-1.01,-3.55,0.237,-1.076,32.58,30.6008,-0.132,"30.6008,   -0.132, 27 May 2026, 00:43:41"
2026-05-27T00:43:56.846931,2668,26060000,-0.014,0.016,-1.01,-3.511,0.321,-1.099,32.58,30.5923,-0.14,"30.5923,   -0.140, 27 May 2026, 00:43:51"
2026-05-27T00:44:06.763904,2669,26070000,-0.017,0.009,-1.006,-3.443,0.435,-1.061,32.67,30.6035,-0.136,"30.6035,   -0.136, 27 May 2026, 00:44:01"
2026-05-27T00:44:16.835136,2670,26080000,-0.019,0.015,-0.995,-3.649,0.336,-1.069,32.67,30.6086,-0.136,"30.6086,   -0.136, 27 May 2026, 00:44:11"
2026-05-27T00:44:26.894143,2671,26090000,-0.013,0.01,-1.007,-3.588,0.328,-1.046,32.62,30.5984,-0.136,"30.5984,   -0.136, 27 May 2026, 00:44:21"
2026-05-27T00:44:36.847487,2672,26100000,-0.013,0.014,-1.0,-3.573,0.267,-1.191,32.62,30.589,-0.133,"30.5890,   -0.133, 27 May 2026, 00:44:31"
2026-05-27T00:44:46.894906,2673,26110000,-0.018,0.012,-1.006,-3.588,0.275,-1.099,32.67,30.593,-0.138,"30.5930,   -0.138, 27 May 2026, 00:44:41"
2026-05-27T00:44:56.845044,2674,26120000,-0.018,0.013,-1.014,-3.672,0.275,-1.107,32.67,30.6025,-0.138,"30.6025,   -0.138, 27 May 2026, 00:44:51"
2026-05-27T00:45:06.765449,2675,26130000,-0.018,0.016,-1.007,-3.626,0.313,-1.031,32.67,30.5976,-0.138,"30.5976,   -0.138, 27 May 2026, 00:45:01"
2026-05-27T00:45:16.836497,2676,26140000,-0.018,0.012,-1.001,-3.695,0.183,-1.031,32.67,30.5929,-0.139,"30.5929,   -0.139, 27 May 2026, 00:45:11"
2026-05-27T00:45:26.848490,2677,26150000,-0.013,0.015,-1.009,-3.58,0.382,-1.084,32.58,30.6027,-0.136,"30.6027,   -0.136, 27 May 2026, 00:45:21"
2026-05-27T00:45:36.832169,2678,26160000,-0.013,0.014,-1.005,-3.611,0.298,-1.26,32.62,30.6009,-0.138,"30.6009,   -0.138, 27 May 2026, 00:45:31"
2026-05-27T00:45:46.891871,2679,26170000,-0.018,0.014,-1.003,-3.458,0.176,-1.069,32.62,30.6074,-0.137,"30.6074,   -0.137, 27 May 2026, 00:45:41"
2026-05-27T00:45:56.908230,2680,26180000,-0.017,0.013,-1.009,-3.466,0.397,-0.985,32.77,30.6215,-0.135,"30.6215,   -0.135, 27 May 2026, 00:45:51"
2026-05-27T00:46:06.778802,2681,26190000,-0.014,0.011,-1.004,-3.672,0.214,-1.26,32.67,30.6267,-0.134,"30.6267,   -0.134, 27 May 2026, 00:46:01"
2026-05-27T00:46:16.842707,2682,26200000,-0.017,0.01,-1.0,-3.595,0.374,-1.069,32.67,30.6212,-0.134,"30.6212,   -0.134, 27 May 2026, 00:46:11"
2026-05-27T00:46:26.849931,2683,26210000,-0.014,0.013,-1.007,-3.405,0.382,-1.069,32.72,30.6203,-0.134,"30.6203,   -0.134, 27 May 2026, 00:46:21"
2026-05-27T00:46:36.893452,2684,26220000,-0.016,0.013,-1.009,-3.626,0.229,-1.053,32.58,30.6367,-0.139,"30.6367,   -0.139, 27 May 2026, 00:46:31"
2026-05-27T00:46:46.828333,2685,26230000,-0.014,0.015,-1.005,-3.58,0.397,-1.092,32.58,30.6386,-0.139,"30.6386,   -0.139, 27 May 2026, 00:46:41"
2026-05-27T00:46:56.890713,2686,26240000,-0.013,0.011,-1.005,-3.557,0.244,-1.053,32.72,30.6423,-0.135,"30.6423,   -0.135, 27 May 2026, 00:46:51"
2026-05-27T00:47:06.765658,2687,26250000,-0.021,0.014,-1.005,-3.542,0.359,-0.992,32.72,30.6424,-0.137,"30.6424,   -0.137, 27 May 2026, 00:47:01"
2026-05-27T00:47:16.848440,2688,26260000,-0.014,0.016,-1.01,-3.611,0.427,-1.061,32.62,30.6312,-0.137,"30.6312,   -0.137, 27 May 2026, 00:47:11"
2026-05-27T00:47:26.847762,2689,26270000,-0.017,0.018,-1.008,-3.557,0.206,-1.069,32.58,30.6337,-0.135,"30.6337,   -0.135, 27 May 2026, 00:47:21"
2026-05-27T00:47:36.901264,2690,26280000,-0.02,0.014,-0.998,-3.542,0.252,-1.221,32.62,30.6299,-0.135,"30.6299,   -0.135, 27 May 2026, 00:47:31"
2026-05-27T00:47:46.902443,2691,26290000,-0.013,0.018,-1.004,-3.519,0.214,-1.122,32.72,30.6308,-0.137,"30.6308,   -0.137, 27 May 2026, 00:47:41"
2026-05-27T00:47:56.841285,2692,26300000,-0.016,0.011,-1.008,-3.679,0.397,-1.145,32.62,30.6439,-0.135,"30.6439,   -0.135, 27 May 2026, 00:47:51"
2026-05-27T00:48:06.768653,2693,26310000,-0.017,0.013,-1.007,-3.542,0.397,-1.145,32.67,30.6414,-0.135,"30.6414,   -0.135, 27 May 2026, 00:48:01"
2026-05-27T00:48:16.833738,2694,26320000,-0.011,0.01,-1.012,-3.527,0.282,-1.084,32.62,30.6562,-0.136,"30.6562,   -0.136, 27 May 2026, 00:48:11"
2026-05-27T00:48:26.907397,2695,26330000,-0.014,0.017,-1.015,-3.649,0.298,-1.046,32.62,30.6602,-0.136,"30.6602,   -0.136, 27 May 2026, 00:48:21"
2026-05-27T00:48:36.842649,2696,26340000,-0.016,0.011,-0.998,-3.641,0.298,-1.183,32.62,30.66,-0.136,"30.6600,   -0.136, 27 May 2026, 00:48:31"
2026-05-27T00:48:46.896131,2697,26350000,-0.019,0.017,-1.001,-3.534,0.382,-0.939,32.67,30.6548,-0.135,"30.6548,   -0.135, 27 May 2026, 00:48:41"
2026-05-27T00:48:56.835513,2698,26360000,-0.012,0.014,-1.002,-3.618,0.237,-0.962,32.77,30.6529,-0.135,"30.6529,   -0.135, 27 May 2026, 00:48:51"
2026-05-27T00:49:06.778271,2699,26370000,-0.013,0.01,-1.008,-3.573,0.389,-1.092,32.67,30.6532,-0.136,"30.6532,   -0.136, 27 May 2026, 00:49:01"
2026-05-27T00:49:16.843243,2700,26380000,-0.013,0.016,-0.994,-3.634,0.282,-1.038,32.77,30.6495,-0.137,"30.6495,   -0.137, 27 May 2026, 00:49:11"
2026-05-27T00:49:26.834759,2701,26390000,-0.006,0.014,-1.004,-3.565,0.122,-1.046,32.72,30.6576,-0.137,"30.6576,   -0.137, 27 May 2026, 00:49:21"
2026-05-27T00:49:36.906678,2702,26400000,-0.019,0.013,-1.006,-3.504,0.389,-1.214,32.72,30.6694,-0.138,"30.6694,   -0.138, 27 May 2026, 00:49:31"
2026-05-27T00:49:46.840753,2703,26410000,-0.015,0.012,-1.012,-3.679,0.366,-0.954,32.67,30.661,-0.136,"30.6610,   -0.136, 27 May 2026, 00:49:41"
2026-05-27T00:49:56.905348,2704,26420000,-0.013,0.011,-1.001,-3.58,0.382,-1.061,32.77,30.6635,-0.134,"30.6635,   -0.134, 27 May 2026, 00:49:51"
2026-05-27T00:50:06.767495,2705,26430000,-0.018,0.015,-0.999,-3.511,0.305,-1.008,32.77,30.6788,-0.135,"30.6788,   -0.135, 27 May 2026, 00:50:01"
2026-05-27T00:50:16.847815,2706,26440000,-0.013,0.017,-0.999,-3.611,0.275,-1.069,32.77,30.6868,-0.136,"30.6868,   -0.136, 27 May 2026, 00:50:11"
2026-05-27T00:50:26.891361,2707,26450000,-0.014,0.015,-1.014,-3.595,0.397,-1.031,32.77,30.6927,-0.136,"30.6927,   -0.136, 27 May 2026, 00:50:21"
2026-05-27T00:50:36.908699,2708,26460000,-0.011,0.013,-1.01,-3.634,0.328,-1.046,32.77,30.694,-0.138,"30.6940,   -0.138, 27 May 2026, 00:50:31"
2026-05-27T00:50:46.903085,2709,26470000,-0.011,0.02,-1.008,-3.565,0.237,-1.069,32.77,30.6896,-0.134,"30.6896,   -0.134, 27 May 2026, 00:50:41"
2026-05-27T00:50:56.903712,2710,26480000,-0.014,0.012,-1.01,-3.687,0.244,-1.015,32.77,30.6764,-0.134,"30.6764,   -0.134, 27 May 2026, 00:50:51"
2026-05-27T00:51:06.770244,2711,26490000,-0.015,0.014,-0.991,-3.427,0.359,-1.153,32.81,30.6867,-0.135,"30.6867,   -0.135, 27 May 2026, 00:51:01"
2026-05-27T00:51:16.905687,2712,26500000,-0.016,0.01,-1.004,-3.504,0.405,-0.924,32.81,30.6876,-0.137,"30.6876,   -0.137, 27 May 2026, 00:51:11"
2026-05-27T00:51:26.840729,2713,26510000,-0.019,0.012,-1.005,-3.435,0.344,-1.061,32.77,30.7011,-0.135,"30.7011,   -0.135, 27 May 2026, 00:51:21"
2026-05-27T00:51:36.904252,2714,26520000,-0.014,0.018,-1.008,-3.55,0.221,-1.107,32.95,30.7006,-0.136,"30.7006,   -0.136, 27 May 2026, 00:51:31"
2026-05-27T00:51:46.835285,2715,26530000,-0.012,0.016,-1.001,-3.481,0.267,-1.069,32.81,30.7034,-0.135,"30.7034,   -0.135, 27 May 2026, 00:51:41"
2026-05-27T00:51:56.848458,2716,26540000,-0.011,0.013,-1.011,-3.618,0.519,-1.137,32.72,30.7106,-0.136,"30.7106,   -0.136, 27 May 2026, 00:51:51"
2026-05-27T00:52:06.778244,2717,26550000,-0.018,0.015,-1.008,-3.458,0.397,-1.13,32.81,30.7096,-0.138,"30.7096,   -0.138, 27 May 2026, 00:52:01"
2026-05-27T00:52:16.835190,2718,26560000,-0.01,0.013,-1.004,-3.466,0.405,-1.099,32.86,30.7152,-0.136,"30.7152,   -0.136, 27 May 2026, 00:52:11"
2026-05-27T00:52:26.896842,2719,26570000,-0.015,0.013,-1.009,-3.595,0.137,-1.191,32.77,30.7237,-0.134,"30.7237,   -0.134, 27 May 2026, 00:52:21"
2026-05-27T00:52:36.891239,2720,26580000,-0.021,0.01,-1.006,-3.618,0.366,-1.221,32.72,30.7161,-0.137,"30.7161,   -0.137, 27 May 2026, 00:52:31"
2026-05-27T00:52:46.841586,2721,26590000,-0.02,0.012,-1.005,-3.481,0.511,-1.16,32.86,30.7166,-0.137,"30.7166,   -0.137, 27 May 2026, 00:52:41"
2026-05-27T00:52:56.847347,2722,26600000,-0.017,0.02,-1.015,-3.557,0.282,-1.038,32.77,30.7206,-0.137,"30.7206,   -0.137, 27 May 2026, 00:52:51"
2026-05-27T00:53:06.845899,2723,26610000,-0.013,0.02,-0.997,-3.664,0.214,-1.176,32.77,30.7222,-0.138,"30.7222,   -0.138, 27 May 2026, 00:53:01"
2026-05-27T00:53:16.835924,2724,26620000,-0.01,0.012,-1.0,-3.565,0.305,-1.046,32.81,30.7308,-0.139,"30.7308,   -0.139, 27 May 2026, 00:53:11"
2026-05-27T00:53:26.835160,2725,26630000,-0.01,0.015,-1.008,-3.649,0.115,-1.115,32.81,30.7283,-0.136,"30.7283,   -0.136, 27 May 2026, 00:53:21"
2026-05-27T00:53:36.847751,2726,26640000,-0.015,0.017,-1.006,-3.802,0.328,-0.969,32.77,30.7291,-0.135,"30.7291,   -0.135, 27 May 2026, 00:53:31"
2026-05-27T00:53:46.909559,2727,26650000,-0.012,0.011,-1.006,-3.511,0.282,-1.008,32.81,30.7381,-0.14,"30.7381,   -0.140, 27 May 2026, 00:53:41"
2026-05-27T00:53:56.895640,2728,26660000,-0.013,0.016,-1.002,-3.557,0.16,-1.084,32.72,30.7404,-0.135,"30.7404,   -0.135, 27 May 2026, 00:53:51"
2026-05-27T00:54:06.765365,2729,26670000,-0.016,0.014,-1.008,-3.527,0.313,-0.863,32.81,30.7408,-0.135,"30.7408,   -0.135, 27 May 2026, 00:54:01"
2026-05-27T00:54:16.843836,2730,26680000,-0.012,0.011,-1.005,-3.573,0.313,-1.153,32.81,30.7311,-0.137,"30.7311,   -0.137, 27 May 2026, 00:54:11"
2026-05-27T00:54:26.897060,2731,26690000,-0.008,0.012,-1.001,-3.542,0.382,-1.153,32.86,30.7336,-0.133,"30.7336,   -0.133, 27 May 2026, 00:54:21"
2026-05-27T00:54:36.893319,2732,26700000,-0.012,0.014,-1.007,-3.366,0.198,-1.008,32.86,30.7331,-0.138,"30.7331,   -0.138, 27 May 2026, 00:54:31"
2026-05-27T00:54:46.848091,2733,26710000,-0.008,0.013,-1.002,-3.504,0.221,-0.977,32.91,30.7391,-0.136,"30.7391,   -0.136, 27 May 2026, 00:54:41"
2026-05-27T00:54:56.847991,2734,26720000,-0.016,0.012,-1.002,-3.611,0.389,-1.031,32.72,30.7464,-0.138,"30.7464,   -0.138, 27 May 2026, 00:54:51"
2026-05-27T00:55:06.766399,2735,26730000,-0.019,0.013,-1.009,-3.573,0.473,-0.969,32.81,30.7524,-0.137,"30.7524,   -0.137, 27 May 2026, 00:55:01"
2026-05-27T00:55:16.841766,2736,26740000,-0.015,0.016,-1.0,-3.443,0.351,-1.084,32.77,30.7523,-0.133,"30.7523,   -0.133, 27 May 2026, 00:55:11"
2026-05-27T00:55:26.848390,2737,26750000,-0.012,0.007,-1.008,-3.588,0.214,-1.069,32.81,30.7555,-0.134,"30.7555,   -0.134, 27 May 2026, 00:55:21"
2026-05-27T00:55:36.848373,2738,26760000,-0.011,0.017,-1.009,-3.443,0.16,-1.13,32.86,30.7618,-0.137,"30.7618,   -0.137, 27 May 2026, 00:55:31"
2026-05-27T00:55:46.839533,2739,26770000,-0.012,0.006,-1.006,-3.427,0.351,-0.916,32.86,30.7645,-0.135,"30.7645,   -0.135, 27 May 2026, 00:55:41"
2026-05-27T00:55:56.897391,2740,26780000,-0.009,0.011,-1.005,-3.595,0.252,-1.115,32.81,30.7564,-0.133,"30.7564,   -0.133, 27 May 2026, 00:55:51"
2026-05-27T00:56:06.844911,2741,26790000,-0.009,0.015,-1.001,-3.481,0.214,-0.977,32.95,30.7528,-0.137,"30.7528,   -0.137, 27 May 2026, 00:56:01"
2026-05-27T00:56:16.894684,2742,26800000,-0.014,0.012,-1.001,-3.481,0.298,-1.046,32.77,30.7527,-0.135,"30.7527,   -0.135, 27 May 2026, 00:56:11"
2026-05-27T00:56:26.907113,2743,26810000,-0.012,0.014,-1.001,-3.382,0.344,-1.061,32.86,30.758,-0.136,"30.7580,   -0.136, 27 May 2026, 00:56:21"
2026-05-27T00:56:36.848199,2744,26820000,-0.019,0.011,-1.018,-3.588,0.473,-1.221,32.95,30.7663,-0.137,"30.7663,   -0.137, 27 May 2026, 00:56:31"
2026-05-27T00:56:46.893855,2745,26830000,-0.019,0.017,-1.006,-3.496,0.412,-1.053,32.81,30.776,-0.137,"30.7760,   -0.137, 27 May 2026, 00:56:41"
2026-05-27T00:56:56.832020,2746,26840000,-0.019,0.014,-1.015,-3.626,0.298,-1.099,32.86,30.7795,-0.134,"30.7795,   -0.134, 27 May 2026, 00:56:51"
2026-05-27T00:57:06.842815,2747,26850000,-0.015,0.014,-1.01,-3.725,0.328,-0.969,32.91,30.7797,-0.135,"30.7797,   -0.135, 27 May 2026, 00:57:01"
2026-05-27T00:57:16.833332,2748,26860000,-0.018,0.014,-1.008,-3.489,0.412,-1.069,32.86,30.7858,-0.136,"30.7858,   -0.136, 27 May 2026, 00:57:11"
2026-05-27T00:57:26.833880,2749,26870000,-0.016,0.014,-1.006,-3.588,0.374,-1.137,32.95,30.7871,-0.136,"30.7871,   -0.136, 27 May 2026, 00:57:21"
2026-05-27T00:57:36.834418,2750,26880000,-0.014,0.013,-1.003,-3.504,0.229,-0.969,32.86,30.7832,-0.137,"30.7832,   -0.137, 27 May 2026, 00:57:31"
2026-05-27T00:57:46.833505,2751,26890000,-0.016,0.015,-1.006,-3.618,0.244,-1.137,32.91,30.7872,-0.136,"30.7872,   -0.136, 27 May 2026, 00:57:41"
2026-05-27T00:57:56.907399,2752,26900000,-0.011,0.012,-1.015,-3.664,0.435,-0.985,32.95,30.789,-0.136,"30.7890,   -0.136, 27 May 2026, 00:57:51"
2026-05-27T00:58:06.785203,2753,26910000,-0.017,0.013,-1.013,-3.534,0.42,-1.122,32.86,30.8028,-0.136,"30.8028,   -0.136, 27 May 2026, 00:58:01"
2026-05-27T00:58:16.911568,2754,26920000,-0.01,0.01,-1.006,-3.481,0.389,-1.038,32.86,30.8115,-0.134,"30.8115,   -0.134, 27 May 2026, 00:58:11"
2026-05-27T00:58:26.843002,2755,26930000,-0.015,0.012,-1.008,-3.595,0.305,-1.176,32.95,30.8133,-0.137,"30.8133,   -0.137, 27 May 2026, 00:58:21"
2026-05-27T00:58:36.846387,2756,26940000,-0.013,0.018,-1.002,-3.595,0.275,-1.115,32.95,30.8113,-0.137,"30.8113,   -0.137, 27 May 2026, 00:58:31"
2026-05-27T00:58:46.919835,2757,26950000,-0.022,0.018,-1.008,-3.611,0.252,-0.847,32.81,30.8008,-0.138,"30.8008,   -0.138, 27 May 2026, 00:58:41"
2026-05-27T00:58:56.904979,2758,26960000,-0.02,0.014,-1.011,-3.595,0.282,-1.008,32.91,30.8045,-0.134,"30.8045,   -0.134, 27 May 2026, 00:58:51"
2026-05-27T00:59:06.784691,2759,26970000,-0.014,0.011,-1.007,-3.71,0.26,-1.153,32.86,30.8064,-0.133,"30.8064,   -0.133, 27 May 2026, 00:59:01"
2026-05-27T00:59:16.911355,2760,26980000,-0.013,0.018,-1.0,-3.649,0.366,-1.031,33.0,30.8103,-0.134,"30.8103,   -0.134, 27 May 2026, 00:59:11"
2026-05-27T00:59:26.848055,2761,26990000,-0.017,0.016,-1.014,-3.656,0.366,-1.13,32.91,30.8051,-0.134,"30.8051,   -0.134, 27 May 2026, 00:59:21"
2026-05-27T00:59:36.905595,2762,27000000,-0.02,0.013,-0.993,-3.611,0.366,-1.115,33.0,30.8081,-0.134,"30.8081,   -0.134, 27 May 2026, 00:59:31"
2026-05-27T00:59:46.905997,2763,27010000,-0.018,0.012,-1.008,-3.489,0.344,-1.16,33.0,30.812,-0.137,"30.8120,   -0.137, 27 May 2026, 00:59:41"
2026-05-27T00:59:56.918575,2764,27020000,-0.014,0.006,-1.007,-3.55,0.351,-1.198,32.95,30.8113,-0.136,"30.8113,   -0.136, 27 May 2026, 00:59:51"
2026-05-27T01:00:06.785288,2765,27030000,-0.016,0.012,-1.009,-3.557,0.344,-0.954,32.91,30.8124,-0.134,"30.8124,   -0.134, 27 May 2026, 01:00:01"
2026-05-27T01:00:16.780947,2766,27040000,-0.015,0.016,-1.005,-3.595,0.321,-1.092,32.86,30.8213,-0.133,"30.8213,   -0.133, 27 May 2026, 01:00:11"
2026-05-27T01:00:26.793352,2767,27050000,-0.009,0.011,-1.0,-3.649,0.366,-1.008,32.91,30.8208,-0.137,"30.8208,   -0.137, 27 May 2026, 01:00:21"
2026-05-27T01:00:36.786814,2768,27060000,-0.011,0.014,-1.009,-3.542,0.153,-1.26,33.0,30.8148,-0.137,"30.8148,   -0.137, 27 May 2026, 01:00:31"
2026-05-27T01:00:46.793809,2769,27070000,-0.013,0.011,-1.004,-3.603,0.298,-1.046,33.0,30.8097,-0.136,"30.8097,   -0.136, 27 May 2026, 01:00:41"
2026-05-27T01:00:56.796498,2770,27080000,-0.013,0.014,-1.01,-3.573,0.229,-1.168,32.95,30.803,-0.139,"30.8030,   -0.139, 27 May 2026, 01:00:51"
2026-05-27T01:01:06.786206,2771,27090000,-0.015,0.012,-0.998,-3.542,0.351,-1.061,32.95,30.8018,-0.135,"30.8018,   -0.135, 27 May 2026, 01:01:01"
2026-05-27T01:01:16.798836,2772,27100000,-0.015,0.01,-1.002,-3.443,0.168,-1.061,33.0,30.8076,-0.138,"30.8076,   -0.138, 27 May 2026, 01:01:11"
2026-05-27T01:01:26.786204,2773,27110000,-0.013,0.019,-1.004,-3.55,0.298,-1.084,32.95,30.8257,-0.135,"30.8257,   -0.135, 27 May 2026, 01:01:21"
2026-05-27T01:01:36.785887,2774,27120000,-0.017,0.011,-1.002,-3.634,0.405,-1.145,33.05,30.8246,-0.136,"30.8246,   -0.136, 27 May 2026, 01:01:31"
2026-05-27T01:01:46.785100,2775,27130000,-0.012,0.016,-1.014,-3.565,0.42,-1.115,32.91,30.8212,-0.137,"30.8212,   -0.137, 27 May 2026, 01:01:41"
2026-05-27T01:01:56.783562,2776,27140000,-0.016,0.015,-1.008,-3.626,0.275,-1.183,33.05,30.8304,-0.141,"30.8304,   -0.141, 27 May 2026, 01:01:51"
2026-05-27T01:02:06.785604,2777,27150000,-0.012,0.009,-1.006,-3.664,0.336,-1.092,33.09,30.8271,-0.132,"30.8271,   -0.132, 27 May 2026, 01:02:01"
2026-05-27T01:02:16.799243,2778,27160000,-0.014,0.016,-1.007,-3.664,0.344,-0.916,32.95,30.8343,-0.136,"30.8343,   -0.136, 27 May 2026, 01:02:11"
2026-05-27T01:02:26.781899,2779,27170000,-0.011,0.014,-0.991,-3.527,0.351,-1.244,32.95,30.836,-0.134,"30.8360,   -0.134, 27 May 2026, 01:02:21"
2026-05-27T01:02:36.783247,2780,27180000,-0.023,0.009,-1.006,-3.298,0.191,-0.84,33.09,30.827,-0.136,"30.8270,   -0.136, 27 May 2026, 01:02:31"
2026-05-27T01:02:46.791779,2781,27190000,-0.018,0.01,-1.009,-3.473,0.13,-0.87,33.0,30.8291,-0.133,"30.8291,   -0.133, 27 May 2026, 01:02:41"
2026-05-27T01:02:56.780406,2782,27200000,-0.015,0.011,-1.006,-3.504,0.237,-1.153,33.0,30.8331,-0.137,"30.8331,   -0.137, 27 May 2026, 01:02:51"
2026-05-27T01:03:06.785441,2783,27210000,-0.013,0.017,-1.013,-3.565,0.214,-1.023,32.95,30.8382,-0.139,"30.8382,   -0.139, 27 May 2026, 01:03:01"
2026-05-27T01:03:16.785522,2784,27220000,-0.01,0.013,-1.01,-3.565,0.282,-1.115,32.91,30.8342,-0.137,"30.8342,   -0.137, 27 May 2026, 01:03:11"
2026-05-27T01:03:26.795575,2785,27230000,-0.014,0.018,-1.005,-3.649,0.321,-0.985,33.0,30.8349,-0.132,"30.8349,   -0.132, 27 May 2026, 01:03:21"
2026-05-27T01:03:36.798880,2786,27240000,-0.01,0.019,-1.0,-3.656,0.397,-1.092,32.95,30.8403,-0.136,"30.8403,   -0.136, 27 May 2026, 01:03:31"
2026-05-27T01:03:46.784463,2787,27250000,-0.018,0.014,-1.01,-3.511,0.244,-1.046,32.95,30.851,-0.136,"30.8510,   -0.136, 27 May 2026, 01:03:41"
2026-05-27T01:03:56.787551,2788,27260000,-0.014,0.017,-1.007,-3.427,0.061,-1.168,33.05,30.8606,-0.136,"30.8606,   -0.136, 27 May 2026, 01:03:51"
2026-05-27T01:04:06.790037,2789,27270000,-0.01,0.011,-1.014,-3.58,0.16,-0.977,32.95,30.8679,-0.136,"30.8679,   -0.136, 27 May 2026, 01:04:01"
2026-05-27T01:04:16.786618,2790,27280000,-0.02,0.011,-1.006,-3.496,0.237,-1.053,33.0,30.8661,-0.139,"30.8661,   -0.139, 27 May 2026, 01:04:11"
2026-05-27T01:04:26.845793,2791,27290000,-0.017,0.018,-1.01,-3.542,0.328,-0.908,33.05,30.8734,-0.137,"30.8734,   -0.137, 27 May 2026, 01:04:21"
2026-05-27T01:04:36.788025,2792,27300000,-0.013,0.015,-1.002,-3.55,0.198,-1.153,33.0,30.8758,-0.135,"30.8758,   -0.135, 27 May 2026, 01:04:31"
2026-05-27T01:04:46.784238,2793,27310000,-0.017,0.014,-1.009,-3.542,0.191,-1.076,33.0,30.8738,-0.134,"30.8738,   -0.134, 27 May 2026, 01:04:41"
2026-05-27T01:04:56.785279,2794,27320000,-0.014,0.011,-1.007,-3.511,0.26,-0.992,33.0,30.8769,-0.139,"30.8769,   -0.139, 27 May 2026, 01:04:51"
2026-05-27T01:05:06.779751,2795,27330000,-0.011,0.011,-1.002,-3.534,0.305,-0.969,33.09,30.87,-0.135,"30.8700,   -0.135, 27 May 2026, 01:05:01"
2026-05-27T01:05:16.784046,2796,27340000,-0.019,0.018,-1.01,-3.443,0.481,-1.023,33.09,30.8732,-0.137,"30.8732,   -0.137, 27 May 2026, 01:05:11"
2026-05-27T01:05:26.797151,2797,27350000,-0.012,0.016,-1.011,-3.489,0.321,-1.0,33.0,30.8714,-0.135,"30.8714,   -0.135, 27 May 2026, 01:05:21"
2026-05-27T01:05:36.784842,2798,27360000,-0.014,0.011,-0.998,-3.565,0.16,-1.031,33.05,30.8678,-0.135,"30.8678,   -0.135, 27 May 2026, 01:05:31"
2026-05-27T01:05:46.783725,2799,27370000,-0.013,0.01,-0.996,-3.466,0.298,-1.168,33.05,30.8643,-0.138,"30.8643,   -0.138, 27 May 2026, 01:05:41"
2026-05-27T01:05:56.781906,2800,27380000,-0.012,0.019,-1.008,-3.649,0.374,-1.084,33.09,30.8766,-0.135,"30.8766,   -0.135, 27 May 2026, 01:05:51"
2026-05-27T01:06:06.805575,2801,27390000,-0.017,0.015,-1.013,-3.595,0.344,-1.038,33.0,30.8838,-0.138,"30.8838,   -0.138, 27 May 2026, 01:06:01"
2026-05-27T01:06:16.798859,2802,27400000,-0.019,0.014,-1.001,-3.542,0.374,-0.901,32.95,30.8941,-0.137,"30.8941,   -0.137, 27 May 2026, 01:06:11"
2026-05-27T01:06:26.799826,2803,27410000,-0.015,0.01,-1.003,-3.565,0.168,-1.038,33.0,30.9005,-0.134,"30.9005,   -0.134, 27 May 2026, 01:06:21"
2026-05-27T01:06:36.800427,2804,27420000,-0.014,0.013,-1.006,-3.534,0.405,-0.954,33.09,30.9087,-0.134,"30.9087,   -0.134, 27 May 2026, 01:06:31"
2026-05-27T01:06:46.790227,2805,27430000,-0.012,0.012,-1.017,-3.573,0.435,-0.908,33.05,30.9223,-0.134,"30.9223,   -0.134, 27 May 2026, 01:06:41"
2026-05-27T01:06:56.798828,2806,27440000,-0.011,0.01,-1.005,-3.542,0.282,-1.244,33.05,30.9254,-0.131,"30.9254,   -0.131, 27 May 2026, 01:06:51"
2026-05-27T01:07:06.786010,2807,27450000,-0.014,0.014,-1.008,-3.573,0.328,-1.145,33.14,30.9271,-0.14,"30.9271,   -0.140, 27 May 2026, 01:07:01"
2026-05-27T01:07:16.781773,2808,27460000,-0.006,0.013,-1.013,-3.634,0.336,-1.145,33.05,30.9268,-0.137,"30.9268,   -0.137, 27 May 2026, 01:07:11"
2026-05-27T01:07:26.793623,2809,27470000,-0.015,0.015,-1.005,-3.71,0.366,-0.977,33.14,30.9457,-0.137,"30.9457,   -0.137, 27 May 2026, 01:07:21"
2026-05-27T01:07:36.786106,2810,27480000,-0.011,0.011,-0.997,-3.641,0.198,-1.076,33.14,30.944,-0.135,"30.9440,   -0.135, 27 May 2026, 01:07:31"
2026-05-27T01:07:46.799705,2811,27490000,-0.014,0.014,-1.004,-3.603,0.29,-1.191,33.09,30.9331,-0.135,"30.9331,   -0.135, 27 May 2026, 01:07:41"
2026-05-27T01:07:56.786660,2812,27500000,-0.013,0.016,-1.012,-3.588,0.389,-0.924,33.05,30.9249,-0.136,"30.9249,   -0.136, 27 May 2026, 01:07:51"
2026-05-27T01:08:06.791589,2813,27510000,-0.018,0.016,-1.011,-3.626,0.206,-1.069,33.09,30.9171,-0.133,"30.9171,   -0.133, 27 May 2026, 01:08:01"
2026-05-27T01:08:16.859405,2814,27520000,-0.019,0.01,-1.009,-3.603,0.191,-1.038,33.09,30.9085,-0.139,"30.9085,   -0.139, 27 May 2026, 01:08:11"
2026-05-27T01:08:26.787529,2815,27530000,-0.016,0.012,-0.999,-3.702,0.473,-1.237,33.09,30.8985,-0.138,"30.8985,   -0.138, 27 May 2026, 01:08:21"
2026-05-27T01:08:36.852307,2816,27540000,-0.019,0.01,-1.001,-3.527,0.107,-1.046,33.05,30.9091,-0.137,"30.9091,   -0.137, 27 May 2026, 01:08:31"
2026-05-27T01:08:46.845285,2817,27550000,-0.006,0.014,-1.003,-3.573,0.252,-1.092,33.0,30.9157,-0.136,"30.9157,   -0.136, 27 May 2026, 01:08:41"
2026-05-27T01:08:56.849329,2818,27560000,-0.01,0.013,-1.005,-3.595,0.42,-0.863,33.05,30.9217,-0.139,"30.9217,   -0.139, 27 May 2026, 01:08:51"
2026-05-27T01:09:06.785490,2819,27570000,-0.014,0.018,-0.997,-3.55,0.214,-0.847,33.09,30.9176,-0.134,"30.9176,   -0.134, 27 May 2026, 01:09:01"
2026-05-27T01:09:16.856936,2820,27580000,-0.009,0.01,-1.01,-3.55,0.412,-0.824,33.09,30.911,-0.139,"30.9110,   -0.139, 27 May 2026, 01:09:11"
2026-05-27T01:09:26.855456,2821,27590000,-0.012,0.017,-0.998,-3.641,0.366,-1.099,33.05,30.9123,-0.139,"30.9123,   -0.139, 27 May 2026, 01:09:21"
2026-05-27T01:09:36.859568,2822,27600000,-0.015,0.012,-1.01,-3.511,0.374,-1.229,33.0,30.9182,-0.138,"30.9182,   -0.138, 27 May 2026, 01:09:31"
2026-05-27T01:09:46.844235,2823,27610000,-0.017,0.014,-1.004,-3.466,0.298,-1.214,33.0,30.9258,-0.135,"30.9258,   -0.135, 27 May 2026, 01:09:41"
2026-05-27T01:09:56.849520,2824,27620000,-0.016,0.018,-1.0,-3.672,0.374,-1.015,33.09,30.9176,-0.138,"30.9176,   -0.138, 27 May 2026, 01:09:51"
2026-05-27T01:10:06.859101,2825,27630000,-0.013,0.015,-1.004,-3.58,0.344,-1.191,33.14,30.9212,-0.134,"30.9212,   -0.134, 27 May 2026, 01:10:01"
2026-05-27T01:10:16.912510,2826,27640000,-0.011,0.014,-1.006,-3.55,0.351,-1.008,33.09,30.9211,-0.135,"30.9211,   -0.135, 27 May 2026, 01:10:11"
2026-05-27T01:10:26.906001,2827,27650000,-0.01,0.015,-1.007,-3.664,0.244,-1.107,33.09,30.9211,-0.137,"30.9211,   -0.137, 27 May 2026, 01:10:21"
2026-05-27T01:10:36.906309,2828,27660000,-0.017,0.014,-1.01,-3.542,0.443,-1.076,33.14,30.9264,-0.136,"30.9264,   -0.136, 27 May 2026, 01:10:31"
2026-05-27T01:10:46.906887,2829,27670000,-0.019,0.011,-1.004,-3.534,0.405,-1.412,33.09,30.9245,-0.137,"30.9245,   -0.137, 27 May 2026, 01:10:41"
2026-05-27T01:10:56.908390,2830,27680000,-0.01,0.018,-1.003,-3.573,0.351,-1.145,33.14,30.9285,-0.134,"30.9285,   -0.134, 27 May 2026, 01:10:51"
2026-05-27T01:11:06.849224,2831,27690000,-0.013,0.022,-1.005,-3.595,0.351,-1.053,33.05,30.9433,-0.136,"30.9433,   -0.136, 27 May 2026, 01:11:01"
2026-05-27T01:11:16.909070,2832,27700000,-0.017,0.015,-1.006,-3.626,0.366,-1.107,33.09,30.9436,-0.134,"30.9436,   -0.134, 27 May 2026, 01:11:11"
2026-05-27T01:11:26.863051,2833,27710000,-0.015,0.016,-1.005,-3.595,0.389,-1.061,33.14,30.9453,-0.135,"30.9453,   -0.135, 27 May 2026, 01:11:21"
2026-05-27T01:11:36.845614,2834,27720000,-0.015,0.014,-1.001,-3.519,0.275,-0.947,33.09,30.9508,-0.137,"30.9508,   -0.137, 27 May 2026, 01:11:31"
2026-05-27T01:11:46.907540,2835,27730000,-0.01,0.015,-1.001,-3.458,0.275,-1.145,33.14,30.9632,-0.138,"30.9632,   -0.138, 27 May 2026, 01:11:41"
2026-05-27T01:11:56.905199,2836,27740000,-0.018,0.013,-1.001,-3.733,0.405,-1.069,33.05,30.967,-0.138,"30.9670,   -0.138, 27 May 2026, 01:11:51"
2026-05-27T01:12:06.843963,2837,27750000,-0.016,0.015,-1.007,-3.565,0.321,-1.122,33.05,30.9721,-0.136,"30.9721,   -0.136, 27 May 2026, 01:12:01"
2026-05-27T01:12:16.918427,2838,27760000,-0.011,0.01,-1.002,-3.489,0.305,-1.191,33.19,30.972,-0.136,"30.9720,   -0.136, 27 May 2026, 01:12:11"
2026-05-27T01:12:26.858903,2839,27770000,-0.015,0.015,-1.007,-3.374,0.237,-1.023,33.05,30.9651,-0.137,"30.9651,   -0.137, 27 May 2026, 01:12:21"
2026-05-27T01:12:36.913150,2840,27780000,-0.016,0.01,-1.008,-3.595,0.389,-1.031,33.05,30.9666,-0.134,"30.9666,   -0.134, 27 May 2026, 01:12:31"
2026-05-27T01:12:46.845989,2841,27790000,-0.016,0.014,-0.997,-3.458,0.328,-0.985,33.09,30.965,-0.136,"30.9650,   -0.136, 27 May 2026, 01:12:41"
2026-05-27T01:12:56.906565,2842,27800000,-0.025,0.011,-1.004,-3.634,0.305,-1.099,33.09,30.967,-0.137,"30.9670,   -0.137, 27 May 2026, 01:12:51"
2026-05-27T01:13:06.843764,2843,27810000,-0.015,0.008,-1.0,-3.611,0.298,-1.221,33.14,30.9724,-0.137,"30.9724,   -0.137, 27 May 2026, 01:13:01"
2026-05-27T01:13:16.906233,2844,27820000,-0.011,0.016,-1.016,-3.565,0.382,-1.145,33.19,30.9644,-0.139,"30.9644,   -0.139, 27 May 2026, 01:13:11"
2026-05-27T01:13:26.906627,2845,27830000,-0.01,0.018,-1.007,-3.466,0.321,-0.962,33.0,30.968,-0.139,"30.9680,   -0.139, 27 May 2026, 01:13:21"
2026-05-27T01:13:36.911126,2846,27840000,-0.013,0.016,-1.014,-3.58,0.382,-1.198,33.19,30.9692,-0.132,"30.9692,   -0.132, 27 May 2026, 01:13:31"
2026-05-27T01:13:46.906210,2847,27850000,-0.022,0.017,-0.998,-3.496,0.29,-1.145,33.14,30.9671,-0.135,"30.9671,   -0.135, 27 May 2026, 01:13:41"
2026-05-27T01:13:56.919105,2848,27860000,-0.016,0.018,-1.0,-3.565,0.344,-1.168,33.09,30.9731,-0.134,"30.9731,   -0.134, 27 May 2026, 01:13:51"
2026-05-27T01:14:06.845566,2849,27870000,-0.01,0.019,-1.003,-3.618,0.336,-1.069,33.05,30.98,-0.139,"30.9800,   -0.139, 27 May 2026, 01:14:01"
2026-05-27T01:14:16.918969,2850,27880000,-0.011,0.019,-1.002,-3.443,0.313,-1.023,33.14,30.9785,-0.134,"30.9785,   -0.134, 27 May 2026, 01:14:11"
2026-05-27T01:14:26.918692,2851,27890000,-0.014,0.009,-1.004,-3.542,0.328,-1.298,33.19,30.9831,-0.141,"30.9831,   -0.141, 27 May 2026, 01:14:21"
2026-05-27T01:14:36.912642,2852,27900000,-0.018,0.014,-1.005,-3.504,0.107,-1.031,33.19,30.9832,-0.135,"30.9832,   -0.135, 27 May 2026, 01:14:31"
2026-05-27T01:14:46.911227,2853,27910000,-0.016,0.012,-1.009,-3.427,0.427,-1.053,33.19,30.9851,-0.137,"30.9851,   -0.137, 27 May 2026, 01:14:41"
2026-05-27T01:14:56.858943,2854,27920000,-0.012,0.013,-1.007,-3.641,0.29,-1.092,33.14,30.9922,-0.134,"30.9922,   -0.134, 27 May 2026, 01:14:51"
2026-05-27T01:15:06.903121,2855,27930000,-0.014,0.01,-1.003,-3.595,0.382,-1.099,33.19,30.9903,-0.138,"30.9903,   -0.138, 27 May 2026, 01:15:01"
2026-05-27T01:15:16.903335,2856,27940000,-0.012,0.015,-1.008,-3.565,0.328,-1.053,33.24,30.988,-0.138,"30.9880,   -0.138, 27 May 2026, 01:15:11"
2026-05-27T01:15:26.903744,2857,27950000,-0.017,0.011,-1.008,-3.786,0.298,-1.023,33.14,30.9914,-0.138,"30.9914,   -0.138, 27 May 2026, 01:15:21"
2026-05-27T01:15:36.907865,2858,27960000,-0.013,0.013,-1.004,-3.542,0.305,-1.023,33.14,30.9916,-0.136,"30.9916,   -0.136, 27 May 2026, 01:15:31"
2026-05-27T01:15:46.855930,2859,27970000,-0.013,0.017,-1.001,-3.557,0.366,-1.099,33.24,30.9915,-0.138,"30.9915,   -0.138, 27 May 2026, 01:15:41"
2026-05-27T01:15:56.844659,2860,27980000,-0.014,0.013,-1.005,-3.679,0.397,-0.969,33.14,30.9894,-0.138,"30.9894,   -0.138, 27 May 2026, 01:15:51"
2026-05-27T01:16:06.858900,2861,27990000,-0.014,0.015,-1.009,-3.725,0.29,-1.046,33.14,30.9927,-0.137,"30.9927,   -0.137, 27 May 2026, 01:16:01"
2026-05-27T01:16:16.917422,2862,28000000,-0.012,0.013,-1.005,-3.489,0.275,-1.061,33.14,30.9969,-0.134,"30.9969,   -0.134, 27 May 2026, 01:16:11"
2026-05-27T01:16:26.907555,2863,28010000,-0.014,0.014,-1.019,-3.664,0.229,-0.908,33.09,31.0007,-0.132,"31.0007,   -0.132, 27 May 2026, 01:16:21"
2026-05-27T01:16:36.919315,2864,28020000,-0.016,0.015,-0.997,-3.618,0.427,-0.885,33.24,31.0067,-0.134,"31.0067,   -0.134, 27 May 2026, 01:16:31"
2026-05-27T01:16:46.858730,2865,28030000,-0.021,0.011,-1.01,-3.565,0.359,-1.0,33.24,31.0018,-0.138,"31.0018,   -0.138, 27 May 2026, 01:16:41"
2026-05-27T01:16:56.909694,2866,28040000,-0.023,0.013,-1.004,-3.527,0.336,-1.008,33.05,31.0042,-0.136,"31.0042,   -0.136, 27 May 2026, 01:16:51"
2026-05-27T01:17:06.917277,2867,28050000,-0.012,0.01,-1.002,-3.466,0.427,-1.069,33.14,31.0177,-0.133,"31.0177,   -0.133, 27 May 2026, 01:17:01"
2026-05-27T01:17:16.905381,2868,28060000,-0.014,0.016,-1.008,-3.55,0.214,-1.0,33.14,31.0173,-0.132,"31.0173,   -0.132, 27 May 2026, 01:17:11"
2026-05-27T01:17:26.918123,2869,28070000,-0.012,0.016,-1.004,-3.55,0.443,-1.183,33.28,31.0116,-0.14,"31.0116,   -0.140, 27 May 2026, 01:17:21"
2026-05-27T01:17:36.905140,2870,28080000,-0.013,0.015,-1.009,-3.603,0.397,-1.13,33.14,31.0304,-0.138,"31.0304,   -0.138, 27 May 2026, 01:17:31"
2026-05-27T01:17:46.904167,2871,28090000,-0.016,0.016,-1.014,-3.481,0.427,-1.099,33.28,31.0324,-0.134,"31.0324,   -0.134, 27 May 2026, 01:17:41"
2026-05-27T01:17:56.905625,2872,28100000,-0.018,0.011,-1.009,-3.557,0.366,-0.939,33.24,31.0316,-0.136,"31.0316,   -0.136, 27 May 2026, 01:17:51"
2026-05-27T01:18:06.918326,2873,28110000,-0.012,0.016,-1.012,-3.611,0.359,-1.122,33.19,31.0429,-0.135,"31.0429,   -0.135, 27 May 2026, 01:18:01"
2026-05-27T01:18:16.854732,2874,28120000,-0.017,0.007,-1.002,-3.588,0.405,-1.053,33.09,31.0353,-0.138,"31.0353,   -0.138, 27 May 2026, 01:18:11"
2026-05-27T01:18:26.859096,2875,28130000,-0.012,0.011,-1.01,-3.565,0.176,-1.137,33.24,31.0347,-0.136,"31.0347,   -0.136, 27 May 2026, 01:18:21"
2026-05-27T01:18:36.904981,2876,28140000,-0.015,0.012,-0.997,-3.55,0.397,-0.962,33.28,31.0395,-0.136,"31.0395,   -0.136, 27 May 2026, 01:18:31"
2026-05-27T01:18:46.845082,2877,28150000,-0.02,0.021,-1.003,-3.702,0.275,-0.969,33.24,31.0403,-0.139,"31.0403,   -0.139, 27 May 2026, 01:18:41"
2026-05-27T01:18:56.845132,2878,28160000,-0.017,0.018,-1.015,-3.489,0.336,-1.076,33.28,31.0321,-0.137,"31.0321,   -0.137, 27 May 2026, 01:18:51"
2026-05-27T01:19:06.906409,2879,28170000,-0.014,0.012,-0.999,-3.573,0.252,-1.137,33.28,31.0429,-0.137,"31.0429,   -0.137, 27 May 2026, 01:19:01"
2026-05-27T01:19:16.918582,2880,28180000,-0.007,0.01,-0.993,-3.557,0.191,-0.924,33.19,31.0447,-0.134,"31.0447,   -0.134, 27 May 2026, 01:19:11"
2026-05-27T01:19:26.909050,2881,28190000,-0.013,0.009,-1.006,-3.519,0.321,-1.061,33.19,31.0474,-0.135,"31.0474,   -0.135, 27 May 2026, 01:19:21"
2026-05-27T01:19:36.907135,2882,28200000,-0.017,0.016,-1.009,-3.42,0.29,-1.084,33.24,31.0493,-0.135,"31.0493,   -0.135, 27 May 2026, 01:19:31"
2026-05-27T01:19:46.912224,2883,28210000,-0.018,0.014,-1.011,-3.397,0.214,-0.939,33.14,31.052,-0.136,"31.0520,   -0.136, 27 May 2026, 01:19:41"
2026-05-27T01:19:56.906472,2884,28220000,-0.015,0.013,-1.012,-3.527,0.344,-1.122,33.24,31.053,-0.139,"31.0530,   -0.139, 27 May 2026, 01:19:51"
2026-05-27T01:20:06.909335,2885,28230000,-0.017,0.012,-1.006,-3.534,0.389,-1.053,33.24,31.0526,-0.136,"31.0526,   -0.136, 27 May 2026, 01:20:01"
2026-05-27T01:20:16.919722,2886,28240000,-0.014,0.02,-1.012,-3.557,0.321,-1.137,33.24,31.051,-0.131,"31.0510,   -0.131, 27 May 2026, 01:20:11"
2026-05-27T01:20:26.858620,2887,28250000,-0.01,0.013,-1.007,-3.565,0.298,-1.26,33.19,31.0473,-0.138,"31.0473,   -0.138, 27 May 2026, 01:20:21"
2026-05-27T01:20:36.843602,2888,28260000,-0.01,0.009,-0.99,-3.641,0.29,-1.069,33.33,31.0472,-0.137,"31.0472,   -0.137, 27 May 2026, 01:20:31"
2026-05-27T01:20:46.920260,2889,28270000,-0.019,0.019,-1.006,-3.458,0.313,-1.053,33.28,31.0518,-0.135,"31.0518,   -0.135, 27 May 2026, 01:20:41"
2026-05-27T01:20:56.846821,2890,28280000,-0.018,0.007,-1.015,-3.481,0.282,-1.122,33.24,31.0494,-0.141,"31.0494,   -0.141, 27 May 2026, 01:20:51"
2026-05-27T01:21:06.907431,2891,28290000,-0.013,0.011,-1.003,-3.565,0.29,-1.099,33.28,31.0501,-0.134,"31.0501,   -0.134, 27 May 2026, 01:21:01"
2026-05-27T01:21:16.906866,2892,28300000,-0.013,0.012,-1.009,-3.679,0.26,-1.0,33.28,31.0516,-0.137,"31.0516,   -0.137, 27 May 2026, 01:21:11"
2026-05-27T01:21:26.920163,2893,28310000,-0.012,0.01,-1.01,-3.443,0.412,-0.863,33.33,31.054,-0.138,"31.0540,   -0.138, 27 May 2026, 01:21:21"
2026-05-27T01:21:36.911385,2894,28320000,-0.012,0.016,-1.005,-3.573,0.252,-1.092,33.33,31.0547,-0.136,"31.0547,   -0.136, 27 May 2026, 01:21:31"
2026-05-27T01:21:46.903965,2895,28330000,-0.013,0.01,-1.006,-3.618,0.443,-1.153,33.09,31.0687,-0.138,"31.0687,   -0.138, 27 May 2026, 01:21:41"
2026-05-27T01:21:56.919478,2896,28340000,-0.015,0.008,-1.01,-3.588,0.382,-1.153,33.19,31.0754,-0.136,"31.0754,   -0.136, 27 May 2026, 01:21:51"
2026-05-27T01:22:06.919310,2897,28350000,-0.013,0.01,-1.008,-3.687,0.305,-1.191,33.24,31.0757,-0.135,"31.0757,   -0.135, 27 May 2026, 01:22:01"
2026-05-27T01:22:16.905283,2898,28360000,-0.013,0.01,-1.008,-3.695,0.382,-1.069,33.19,31.0679,-0.137,"31.0679,   -0.137, 27 May 2026, 01:22:11"
2026-05-27T01:22:26.920391,2899,28370000,-0.013,0.017,-1.013,-3.527,0.282,-1.237,33.24,31.0611,-0.136,"31.0611,   -0.136, 27 May 2026, 01:22:21"
2026-05-27T01:22:36.909367,2900,28380000,-0.016,0.013,-1.006,-3.595,0.305,-1.122,33.28,31.0676,-0.138,"31.0676,   -0.138, 27 May 2026, 01:22:31"
2026-05-27T01:22:46.848909,2901,28390000,-0.013,0.011,-1.008,-3.489,0.351,-1.13,33.24,31.0584,-0.136,"31.0584,   -0.136, 27 May 2026, 01:22:41"
2026-05-27T01:22:56.905969,2902,28400000,-0.013,0.012,-1.012,-3.534,0.321,-0.939,33.24,31.0694,-0.137,"31.0694,   -0.137, 27 May 2026, 01:22:51"
2026-05-27T01:23:06.903380,2903,28410000,-0.013,0.011,-1.01,-3.611,0.214,-1.015,33.33,31.0717,-0.139,"31.0717,   -0.139, 27 May 2026, 01:23:01"
2026-05-27T01:23:16.843948,2904,28420000,-0.013,0.018,-1.017,-3.58,0.275,-0.901,33.33,31.085,-0.139,"31.0850,   -0.139, 27 May 2026, 01:23:11"
2026-05-27T01:23:26.918769,2905,28430000,-0.016,0.011,-1.016,-3.527,0.244,-1.0,33.38,31.0845,-0.137,"31.0845,   -0.137, 27 May 2026, 01:23:21"
2026-05-27T01:23:36.911685,2906,28440000,-0.017,0.01,-1.008,-3.55,0.237,-1.046,33.38,31.0814,-0.138,"31.0814,   -0.138, 27 May 2026, 01:23:31"
2026-05-27T01:23:46.906677,2907,28450000,-0.013,0.019,-1.004,-3.595,0.275,-1.198,33.19,31.0831,-0.138,"31.0831,   -0.138, 27 May 2026, 01:23:41"
2026-05-27T01:23:56.845877,2908,28460000,-0.017,0.02,-1.012,-3.534,0.275,-1.137,33.28,31.0787,-0.135,"31.0787,   -0.135, 27 May 2026, 01:23:51"
2026-05-27T01:24:06.918547,2909,28470000,-0.014,0.016,-1.01,-3.634,0.389,-1.168,33.24,31.0777,-0.136,"31.0777,   -0.136, 27 May 2026, 01:24:01"
2026-05-27T01:24:16.859761,2910,28480000,-0.018,0.016,-1.009,-3.603,0.397,-1.015,33.38,31.0877,-0.134,"31.0877,   -0.134, 27 May 2026, 01:24:11"
2026-05-27T01:24:26.905317,2911,28490000,-0.019,0.011,-1.014,-3.466,0.282,-1.107,33.24,31.0873,-0.134,"31.0873,   -0.134, 27 May 2026, 01:24:21"
2026-05-27T01:24:36.906471,2912,28500000,-0.019,0.013,-1.003,-3.718,0.344,-1.099,33.28,31.0876,-0.138,"31.0876,   -0.138, 27 May 2026, 01:24:31"
2026-05-27T01:24:46.905811,2913,28510000,-0.014,0.015,-1.009,-3.573,0.366,-1.076,33.24,31.0964,-0.138,"31.0964,   -0.138, 27 May 2026, 01:24:41"
2026-05-27T01:24:56.905567,2914,28520000,-0.015,0.013,-1.001,-3.611,0.397,-1.282,33.28,31.0975,-0.133,"31.0975,   -0.133, 27 May 2026, 01:24:51"
2026-05-27T01:25:06.906165,2915,28530000,-0.009,0.013,-1.002,-3.588,0.252,-1.046,33.33,31.0969,-0.138,"31.0969,   -0.138, 27 May 2026, 01:25:01"
2026-05-27T01:25:16.846437,2916,28540000,-0.018,0.014,-1.003,-3.695,0.389,-1.084,33.38,31.0997,-0.135,"31.0997,   -0.135, 27 May 2026, 01:25:11"
2026-05-27T01:25:26.918251,2917,28550000,-0.017,0.012,-1.012,-3.702,0.321,-0.924,33.28,31.103,-0.137,"31.1030,   -0.137, 27 May 2026, 01:25:21"
2026-05-27T01:25:36.918983,2918,28560000,-0.013,0.01,-1.003,-3.595,0.42,-1.069,33.33,31.0983,-0.136,"31.0983,   -0.136, 27 May 2026, 01:25:31"
2026-05-27T01:25:46.904351,2919,28570000,-0.014,0.013,-1.001,-3.611,0.198,-1.015,33.28,31.1038,-0.138,"31.1038,   -0.138, 27 May 2026, 01:25:41"
2026-05-27T01:25:56.906177,2920,28580000,-0.013,0.009,-1.004,-3.656,0.191,-0.962,33.24,31.1067,-0.138,"31.1067,   -0.138, 27 May 2026, 01:25:51"
2026-05-27T01:26:06.913261,2921,28590000,-0.015,0.015,-1.01,-3.672,0.198,-1.298,33.28,31.1134,-0.137,"31.1134,   -0.137, 27 May 2026, 01:26:01"
2026-05-27T01:26:16.843848,2922,28600000,-0.018,0.01,-1.0,-3.58,0.267,-1.145,33.33,31.112,-0.139,"31.1120,   -0.139, 27 May 2026, 01:26:11"
2026-05-27T01:26:26.859856,2923,28610000,-0.016,0.014,-1.007,-3.458,0.229,-1.13,33.33,31.1046,-0.134,"31.1046,   -0.134, 27 May 2026, 01:26:21"
2026-05-27T01:26:36.854574,2924,28620000,-0.017,0.011,-1.003,-3.511,0.374,-1.031,33.33,31.1104,-0.136,"31.1104,   -0.136, 27 May 2026, 01:26:31"
2026-05-27T01:26:46.909498,2925,28630000,-0.014,0.01,-1.005,-3.588,0.16,-1.115,33.28,31.1212,-0.137,"31.1212,   -0.137, 27 May 2026, 01:26:41"
2026-05-27T01:26:56.919055,2926,28640000,-0.019,0.01,-1.008,-3.519,0.107,-0.985,33.33,31.1131,-0.135,"31.1131,   -0.135, 27 May 2026, 01:26:51"
2026-05-27T01:27:06.848393,2927,28650000,-0.018,0.011,-1.008,-3.695,0.534,-1.137,33.38,31.0993,-0.135,"31.0993,   -0.135, 27 May 2026, 01:27:01"
2026-05-27T01:27:16.918962,2928,28660000,-0.013,0.013,-1.008,-3.649,0.267,-0.924,33.38,31.1028,-0.133,"31.1028,   -0.133, 27 May 2026, 01:27:11"
2026-05-27T01:27:26.919177,2929,28670000,-0.017,0.012,-1.006,-3.641,0.466,-1.191,33.33,31.1126,-0.137,"31.1126,   -0.137, 27 May 2026, 01:27:21"
2026-05-27T01:27:36.851878,2930,28680000,-0.016,0.016,-1.007,-3.511,0.275,-1.282,33.38,31.1164,-0.135,"31.1164,   -0.135, 27 May 2026, 01:27:31"
2026-05-27T01:27:46.911590,2931,28690000,-0.017,0.009,-1.008,-3.519,0.397,-1.153,33.28,31.1157,-0.133,"31.1157,   -0.133, 27 May 2026, 01:27:41"
2026-05-27T01:27:56.845372,2932,28700000,-0.02,0.01,-1.011,-3.618,0.229,-1.092,33.33,31.1228,-0.139,"31.1228,   -0.139, 27 May 2026, 01:27:51"
2026-05-27T01:28:06.919578,2933,28710000,-0.011,0.013,-0.998,-3.435,0.275,-0.916,33.28,31.1291,-0.137,"31.1291,   -0.137, 27 May 2026, 01:28:01"
2026-05-27T01:28:16.906258,2934,28720000,-0.02,0.018,-1.012,-3.573,0.298,-1.053,33.28,31.1251,-0.137,"31.1251,   -0.137, 27 May 2026, 01:28:11"
2026-05-27T01:28:26.842966,2935,28730000,-0.013,0.013,-0.997,-3.534,0.389,-0.916,33.38,31.1225,-0.137,"31.1225,   -0.137, 27 May 2026, 01:28:21"
2026-05-27T01:28:36.918776,2936,28740000,-0.017,0.015,-0.999,-3.374,0.328,-1.061,33.28,31.1296,-0.134,"31.1296,   -0.134, 27 May 2026, 01:28:31"
2026-05-27T01:28:46.845765,2937,28750000,-0.014,0.02,-1.001,-3.473,0.366,-1.084,33.28,31.1256,-0.137,"31.1256,   -0.137, 27 May 2026, 01:28:41"
2026-05-27T01:28:56.906972,2938,28760000,-0.013,0.013,-0.998,-3.473,0.427,-0.977,33.28,31.1293,-0.135,"31.1293,   -0.135, 27 May 2026, 01:28:51"
2026-05-27T01:29:06.913871,2939,28770000,-0.016,0.014,-1.004,-3.519,0.267,-0.985,33.42,31.145,-0.134,"31.1450,   -0.134, 27 May 2026, 01:29:01"
2026-05-27T01:29:16.906051,2940,28780000,-0.02,0.014,-1.004,-3.588,0.443,-1.099,33.33,31.143,-0.135,"31.1430,   -0.135, 27 May 2026, 01:29:11"
2026-05-27T01:29:26.854588,2941,28790000,-0.015,0.02,-1.003,-3.458,0.374,-1.038,33.33,31.1405,-0.138,"31.1405,   -0.138, 27 May 2026, 01:29:21"
2026-05-27T01:29:36.906596,2942,28800000,-0.01,0.01,-1.0,-3.58,0.313,-0.977,33.33,31.1454,-0.134,"31.1454,   -0.134, 27 May 2026, 01:29:31"
2026-05-27T01:29:46.903849,2943,28810000,-0.013,0.014,-1.015,-3.534,0.366,-1.183,33.33,31.1557,-0.135,"31.1557,   -0.135, 27 May 2026, 01:29:41"
2026-05-27T01:29:56.904100,2944,28820000,-0.018,0.013,-1.005,-3.58,0.252,-1.122,33.33,31.1485,-0.138,"31.1485,   -0.138, 27 May 2026, 01:29:51"
2026-05-27T01:30:06.906024,2945,28830000,-0.02,0.017,-1.012,-3.565,0.344,-1.023,33.38,31.1469,-0.138,"31.1469,   -0.138, 27 May 2026, 01:30:01"
2026-05-27T01:30:16.912467,2946,28840000,-0.017,0.015,-1.01,-3.573,0.206,-1.198,33.38,31.1438,-0.137,"31.1438,   -0.137, 27 May 2026, 01:30:11"
2026-05-27T01:30:26.908406,2947,28850000,-0.018,0.01,-1.012,-3.634,0.29,-1.229,33.28,31.1304,-0.135,"31.1304,   -0.135, 27 May 2026, 01:30:21"
2026-05-27T01:30:36.843926,2948,28860000,-0.015,0.014,-0.999,-3.71,0.321,-1.015,33.33,31.1357,-0.139,"31.1357,   -0.139, 27 May 2026, 01:30:31"
2026-05-27T01:30:46.904489,2949,28870000,-0.014,0.015,-1.007,-3.42,0.328,-1.0,33.42,31.1344,-0.138,"31.1344,   -0.138, 27 May 2026, 01:30:41"
2026-05-27T01:30:56.920287,2950,28880000,-0.014,0.017,-1.0,-3.55,0.565,-1.115,33.28,31.1301,-0.134,"31.1301,   -0.134, 27 May 2026, 01:30:51"
2026-05-27T01:31:06.912111,2951,28890000,-0.015,0.014,-1.006,-3.641,0.397,-1.137,33.33,31.1295,-0.138,"31.1295,   -0.138, 27 May 2026, 01:31:01"
2026-05-27T01:31:16.845776,2952,28900000,-0.019,0.01,-0.992,-3.458,0.42,-1.137,33.42,31.1342,-0.137,"31.1342,   -0.137, 27 May 2026, 01:31:11"
2026-05-27T01:31:26.907361,2953,28910000,-0.018,0.01,-1.01,-3.679,0.443,-1.061,33.33,31.1384,-0.137,"31.1384,   -0.137, 27 May 2026, 01:31:21"
2026-05-27T01:31:36.920420,2954,28920000,-0.015,0.008,-1.019,-3.496,0.298,-0.878,33.47,31.1448,-0.135,"31.1448,   -0.135, 27 May 2026, 01:31:31"
2026-05-27T01:31:46.910547,2955,28930000,-0.018,0.017,-1.011,-3.611,0.344,-1.16,33.33,31.1543,-0.137,"31.1543,   -0.137, 27 May 2026, 01:31:41"
2026-05-27T01:31:56.920030,2956,28940000,-0.015,0.016,-1.005,-3.58,0.252,-1.061,33.33,31.1594,-0.133,"31.1594,   -0.133, 27 May 2026, 01:31:51"
2026-05-27T01:32:06.849385,2957,28950000,-0.015,0.013,-1.0,-3.649,0.359,-1.008,33.47,31.1595,-0.139,"31.1595,   -0.139, 27 May 2026, 01:32:01"
2026-05-27T01:32:16.919810,2958,28960000,-0.021,0.01,-1.012,-3.611,0.221,-1.061,33.38,31.1516,-0.134,"31.1516,   -0.134, 27 May 2026, 01:32:11"
2026-05-27T01:32:26.906765,2959,28970000,-0.015,0.016,-1.006,-3.603,0.29,-1.122,33.38,31.1522,-0.134,"31.1522,   -0.134, 27 May 2026, 01:32:21"
2026-05-27T01:32:36.847976,2960,28980000,-0.012,0.013,-1.0,-3.664,0.412,-1.298,33.38,31.1587,-0.136,"31.1587,   -0.136, 27 May 2026, 01:32:31"
2026-05-27T01:32:46.919881,2961,28990000,-0.015,0.017,-1.006,-3.626,0.282,-1.046,33.42,31.1514,-0.134,"31.1514,   -0.134, 27 May 2026, 01:32:41"
2026-05-27T01:32:56.903780,2962,29000000,-0.014,0.018,-1.012,-3.534,0.145,-1.244,33.52,31.1508,-0.135,"31.1508,   -0.135, 27 May 2026, 01:32:51"
2026-05-27T01:33:06.919459,2963,29010000,-0.013,0.01,-1.002,-3.611,0.26,-1.084,33.52,31.1495,-0.134,"31.1495,   -0.134, 27 May 2026, 01:33:01"
2026-05-27T01:33:16.920194,2964,29020000,-0.013,0.012,-1.011,-3.641,0.282,-1.168,33.42,31.1536,-0.135,"31.1536,   -0.135, 27 May 2026, 01:33:11"
2026-05-27T01:33:26.845941,2965,29030000,-0.012,0.012,-1.004,-3.565,0.267,-1.13,33.42,31.1574,-0.139,"31.1574,   -0.139, 27 May 2026, 01:33:21"
2026-05-27T01:33:36.854553,2966,29040000,-0.012,0.009,-1.009,-3.519,0.321,-1.137,33.38,31.1644,-0.136,"31.1644,   -0.136, 27 May 2026, 01:33:31"
2026-05-27T01:33:46.843338,2967,29050000,-0.013,0.015,-1.017,-3.679,0.351,-1.16,33.38,31.1654,-0.132,"31.1654,   -0.132, 27 May 2026, 01:33:41"
2026-05-27T01:33:56.851634,2968,29060000,-0.021,0.009,-1.015,-3.359,0.313,-1.038,33.42,31.163,-0.136,"31.1630,   -0.136, 27 May 2026, 01:33:51"
2026-05-27T01:34:06.920273,2969,29070000,-0.013,0.009,-1.007,-3.542,0.29,-1.053,33.42,31.1648,-0.139,"31.1648,   -0.139, 27 May 2026, 01:34:01"
2026-05-27T01:34:16.920240,2970,29080000,-0.014,0.009,-1.01,-3.504,0.542,-1.115,33.42,31.1677,-0.138,"31.1677,   -0.138, 27 May 2026, 01:34:11"
2026-05-27T01:34:26.907739,2971,29090000,-0.016,0.009,-1.008,-3.687,0.282,-0.977,33.38,31.1785,-0.137,"31.1785,   -0.137, 27 May 2026, 01:34:21"
2026-05-27T01:34:36.845702,2972,29100000,-0.016,0.009,-1.005,-3.573,0.458,-1.038,33.28,31.1727,-0.137,"31.1727,   -0.137, 27 May 2026, 01:34:31"
2026-05-27T01:34:46.859640,2973,29110000,-0.012,0.017,-1.007,-3.527,0.267,-1.015,33.42,31.1757,-0.136,"31.1757,   -0.136, 27 May 2026, 01:34:41"
2026-05-27T01:34:56.905813,2974,29120000,-0.01,0.019,-1.002,-3.519,0.435,-0.916,33.47,31.1784,-0.134,"31.1784,   -0.134, 27 May 2026, 01:34:51"
2026-05-27T01:35:06.907003,2975,29130000,-0.016,0.014,-1.006,-3.55,0.42,-1.084,33.47,31.1712,-0.136,"31.1712,   -0.136, 27 May 2026, 01:35:01"
2026-05-27T01:35:16.859977,2976,29140000,-0.014,0.014,-1.002,-3.458,0.29,-0.969,33.42,31.1752,-0.136,"31.1752,   -0.136, 27 May 2026, 01:35:11"
2026-05-27T01:35:26.905734,2977,29150000,-0.014,0.012,-1.005,-3.542,0.275,-1.252,33.42,31.1835,-0.137,"31.1835,   -0.137, 27 May 2026, 01:35:21"
2026-05-27T01:35:36.846488,2978,29160000,-0.017,0.013,-1.0,-3.672,0.313,-1.046,33.52,31.1814,-0.138,"31.1814,   -0.138, 27 May 2026, 01:35:31"
2026-05-27T01:35:46.904053,2979,29170000,-0.022,0.021,-1.009,-3.435,0.359,-1.183,33.33,31.179,-0.138,"31.1790,   -0.138, 27 May 2026, 01:35:41"
2026-05-27T01:35:56.906499,2980,29180000,-0.015,0.015,-1.014,-3.771,0.359,-0.992,33.42,31.1745,-0.134,"31.1745,   -0.134, 27 May 2026, 01:35:51"
2026-05-27T01:36:06.915873,2981,29190000,-0.017,0.012,-1.008,-3.466,0.244,-1.168,33.47,31.1778,-0.138,"31.1778,   -0.138, 27 May 2026, 01:36:01"
2026-05-27T01:36:16.906412,2982,29200000,-0.013,0.017,-1.005,-3.496,0.374,-1.061,33.42,31.1777,-0.137,"31.1777,   -0.137, 27 May 2026, 01:36:11"
2026-05-27T01:36:26.846908,2983,29210000,-0.006,0.014,-1.0,-3.565,0.244,-1.023,33.42,31.176,-0.136,"31.1760,   -0.136, 27 May 2026, 01:36:21"
2026-05-27T01:36:36.919038,2984,29220000,-0.013,0.012,-1.009,-3.527,0.351,-1.221,33.38,31.1763,-0.137,"31.1763,   -0.137, 27 May 2026, 01:36:31"
2026-05-27T01:36:46.859406,2985,29230000,-0.018,0.009,-1.008,-3.573,0.382,-1.137,33.42,31.1882,-0.14,"31.1882,   -0.140, 27 May 2026, 01:36:41"
2026-05-27T01:36:56.906032,2986,29240000,-0.012,0.014,-1.01,-3.42,0.267,-1.008,33.47,31.1862,-0.139,"31.1862,   -0.139, 27 May 2026, 01:36:51"
2026-05-27T01:37:06.846030,2987,29250000,-0.015,0.015,-1.007,-3.573,0.435,-0.939,33.52,31.1909,-0.135,"31.1909,   -0.135, 27 May 2026, 01:37:01"
2026-05-27T01:37:16.859787,2988,29260000,-0.007,0.014,-1.007,-3.634,0.351,-0.992,33.52,31.1943,-0.135,"31.1943,   -0.135, 27 May 2026, 01:37:11"
2026-05-27T01:37:26.905457,2989,29270000,-0.015,0.008,-1.006,-3.443,0.405,-1.069,33.38,31.1971,-0.136,"31.1971,   -0.136, 27 May 2026, 01:37:21"
2026-05-27T01:37:36.905873,2990,29280000,-0.014,0.013,-1.013,-3.71,0.191,-1.084,33.42,31.1924,-0.137,"31.1924,   -0.137, 27 May 2026, 01:37:31"
2026-05-27T01:37:46.919365,2991,29290000,-0.01,0.008,-1.011,-3.481,0.458,-1.176,33.47,31.1935,-0.138,"31.1935,   -0.138, 27 May 2026, 01:37:41"
2026-05-27T01:37:56.908325,2992,29300000,-0.016,0.016,-1.007,-3.527,0.267,-0.893,33.52,31.2043,-0.137,"31.2043,   -0.137, 27 May 2026, 01:37:51"
2026-05-27T01:38:06.905542,2993,29310000,-0.009,0.015,-1.003,-3.481,0.481,-1.076,33.42,31.21,-0.138,"31.2100,   -0.138, 27 May 2026, 01:38:01"
2026-05-27T01:38:16.906343,2994,29320000,-0.015,0.009,-1.001,-3.466,0.374,-1.145,33.47,31.2098,-0.136,"31.2098,   -0.136, 27 May 2026, 01:38:11"
2026-05-27T01:38:26.918557,2995,29330000,-0.013,0.015,-1.01,-3.672,0.374,-1.084,33.38,31.205,-0.134,"31.2050,   -0.134, 27 May 2026, 01:38:21"
2026-05-27T01:38:36.905520,2996,29340000,-0.014,0.015,-1.01,-3.481,0.45,-1.038,33.52,31.205,-0.137,"31.2050,   -0.137, 27 May 2026, 01:38:31"
2026-05-27T01:38:46.918855,2997,29350000,-0.014,0.016,-1.0,-3.672,0.275,-1.282,33.42,31.2016,-0.136,"31.2016,   -0.136, 27 May 2026, 01:38:41"
2026-05-27T01:38:56.920429,2998,29360000,-0.015,0.017,-1.006,-3.573,0.191,-0.992,33.42,31.1972,-0.139,"31.1972,   -0.139, 27 May 2026, 01:38:51"
2026-05-27T01:39:06.905322,2999,29370000,-0.011,0.017,-1.018,-3.588,0.351,-0.931,33.42,31.2048,-0.141,"31.2048,   -0.141, 27 May 2026, 01:39:01"
2026-05-27T01:39:16.920524,3000,29380000,-0.013,0.012,-1.008,-3.443,0.389,-1.137,33.38,31.2066,-0.139,"31.2066,   -0.139, 27 May 2026, 01:39:11"
2026-05-27T01:39:26.918805,3001,29390000,-0.015,0.012,-1.008,-3.695,0.29,-1.122,33.42,31.2048,-0.137,"31.2048,   -0.137, 27 May 2026, 01:39:21"
2026-05-27T01:39:36.905432,3002,29400000,-0.018,0.017,-1.005,-3.626,0.267,-1.023,33.47,31.1998,-0.138,"31.1998,   -0.138, 27 May 2026, 01:39:31"
2026-05-27T01:39:46.905525,3003,29410000,-0.015,0.013,-1.005,-3.481,0.366,-1.084,33.47,31.2063,-0.135,"31.2063,   -0.135, 27 May 2026, 01:39:41"
2026-05-27T01:39:56.919764,3004,29420000,-0.015,0.015,-1.009,-3.458,0.466,-0.916,33.47,31.212,-0.138,"31.2120,   -0.138, 27 May 2026, 01:39:51"
2026-05-27T01:40:06.912826,3005,29430000,-0.015,0.014,-1.006,-3.595,0.305,-1.191,33.42,31.2089,-0.133,"31.2089,   -0.133, 27 May 2026, 01:40:01"
2026-05-27T01:40:16.919955,3006,29440000,-0.017,0.015,-1.0,-3.588,0.366,-1.053,33.47,31.2046,-0.136,"31.2046,   -0.136, 27 May 2026, 01:40:11"
2026-05-27T01:40:26.905696,3007,29450000,-0.014,0.011,-1.007,-3.588,0.328,-1.023,33.47,31.2015,-0.134,"31.2015,   -0.134, 27 May 2026, 01:40:21"
2026-05-27T01:40:36.919245,3008,29460000,-0.012,0.016,-1.001,-3.603,0.29,-1.046,33.61,31.1996,-0.135,"31.1996,   -0.135, 27 May 2026, 01:40:31"
2026-05-27T01:40:46.989522,3009,29470000,-0.01,0.018,-1.01,-3.473,0.214,-0.962,33.38,31.2056,-0.136,"31.2056,   -0.136, 27 May 2026, 01:40:41"
2026-05-27T01:40:56.920056,3010,29480000,-0.015,0.011,-1.01,-3.519,0.504,-1.061,33.52,31.212,-0.137,"31.2120,   -0.137, 27 May 2026, 01:40:51"
2026-05-27T01:41:06.905725,3011,29490000,-0.02,0.016,-1.005,-3.779,0.282,-1.015,33.47,31.2137,-0.137,"31.2137,   -0.137, 27 May 2026, 01:41:01"
2026-05-27T01:41:16.912063,3012,29500000,-0.007,0.016,-1.007,-3.679,0.336,-1.267,33.38,31.2181,-0.137,"31.2181,   -0.137, 27 May 2026, 01:41:11"
2026-05-27T01:41:26.919788,3013,29510000,-0.014,0.015,-1.002,-3.496,0.458,-1.0,33.42,31.2319,-0.133,"31.2319,   -0.133, 27 May 2026, 01:41:21"
2026-05-27T01:41:36.920075,3014,29520000,-0.012,0.011,-1.008,-3.534,0.351,-1.16,33.52,31.2376,-0.137,"31.2376,   -0.137, 27 May 2026, 01:41:31"
2026-05-27T01:41:46.919981,3015,29530000,-0.011,0.017,-1.003,-3.534,0.397,-1.176,33.42,31.2466,-0.137,"31.2466,   -0.137, 27 May 2026, 01:41:41"
2026-05-27T01:41:56.908906,3016,29540000,-0.011,0.011,-1.013,-3.58,0.412,-1.038,33.52,31.2514,-0.135,"31.2514,   -0.135, 27 May 2026, 01:41:51"
2026-05-27T01:42:06.905460,3017,29550000,-0.014,0.016,-1.014,-3.672,0.298,-1.099,33.47,31.2593,-0.137,"31.2593,   -0.137, 27 May 2026, 01:42:01"
2026-05-27T01:42:16.905945,3018,29560000,-0.012,0.014,-1.0,-3.588,0.458,-1.069,33.47,31.2639,-0.139,"31.2639,   -0.139, 27 May 2026, 01:42:11"
2026-05-27T01:42:26.918985,3019,29570000,-0.013,0.013,-1.012,-3.489,0.298,-1.015,33.42,31.2593,-0.14,"31.2593,   -0.140, 27 May 2026, 01:42:21"
2026-05-27T01:42:36.907844,3020,29580000,-0.017,0.016,-1.009,-3.58,0.389,-1.038,33.42,31.2527,-0.138,"31.2527,   -0.138, 27 May 2026, 01:42:31"
2026-05-27T01:42:46.911592,3021,29590000,-0.014,0.013,-1.006,-3.626,0.298,-1.008,33.52,31.2432,-0.137,"31.2432,   -0.137, 27 May 2026, 01:42:41"
2026-05-27T01:42:56.905178,3022,29600000,-0.016,0.011,-1.016,-3.672,0.267,-1.046,33.52,31.2437,-0.135,"31.2437,   -0.135, 27 May 2026, 01:42:51"
2026-05-27T01:43:06.920106,3023,29610000,-0.008,0.017,-1.013,-3.656,0.366,-1.115,33.42,31.2437,-0.135,"31.2437,   -0.135, 27 May 2026, 01:43:01"
2026-05-27T01:43:16.914260,3024,29620000,-0.012,0.014,-1.009,-3.473,0.344,-1.16,33.57,31.255,-0.135,"31.2550,   -0.135, 27 May 2026, 01:43:11"
2026-05-27T01:43:26.905895,3025,29630000,-0.007,0.015,-1.015,-3.542,0.29,-1.015,33.47,31.256,-0.134,"31.2560,   -0.134, 27 May 2026, 01:43:21"
2026-05-27T01:43:36.988565,3026,29640000,-0.019,0.013,-1.014,-3.527,0.443,-0.992,33.42,31.2488,-0.136,"31.2488,   -0.136, 27 May 2026, 01:43:31"
2026-05-27T01:43:46.910753,3027,29650000,-0.017,0.01,-1.007,-3.412,0.244,-1.0,33.47,31.2599,-0.137,"31.2599,   -0.137, 27 May 2026, 01:43:41"
2026-05-27T01:43:56.908867,3028,29660000,-0.017,0.017,-1.005,-3.504,0.389,-1.168,33.57,31.2606,-0.137,"31.2606,   -0.137, 27 May 2026, 01:43:51"
2026-05-27T01:44:06.841367,3029,29670000,-0.013,0.013,-1.009,-3.504,0.359,-1.183,33.47,31.2661,-0.137,"31.2661,   -0.137, 27 May 2026, 01:44:01"
2026-05-27T01:44:16.919536,3030,29680000,-0.015,0.012,-0.997,-3.573,0.443,-1.038,33.52,31.2703,-0.134,"31.2703,   -0.134, 27 May 2026, 01:44:11"
2026-05-27T01:44:26.909738,3031,29690000,-0.015,0.014,-1.006,-3.641,0.328,-1.092,33.57,31.2652,-0.135,"31.2652,   -0.135, 27 May 2026, 01:44:21"
2026-05-27T01:44:36.907479,3032,29700000,-0.021,0.005,-1.007,-3.473,0.275,-1.023,33.52,31.2745,-0.137,"31.2745,   -0.137, 27 May 2026, 01:44:31"
2026-05-27T01:44:46.907451,3033,29710000,-0.014,0.011,-1.008,-3.763,0.321,-1.069,33.52,31.2666,-0.136,"31.2666,   -0.136, 27 May 2026, 01:44:41"
2026-05-27T01:44:56.906926,3034,29720000,-0.015,0.018,-1.012,-3.702,0.252,-0.87,33.47,31.263,-0.138,"31.2630,   -0.138, 27 May 2026, 01:44:51"
2026-05-27T01:45:06.856219,3035,29730000,-0.015,0.013,-1.006,-3.588,0.29,-1.107,33.47,31.254,-0.136,"31.2540,   -0.136, 27 May 2026, 01:45:01"
2026-05-27T01:45:16.919046,3036,29740000,-0.01,0.008,-1.001,-3.634,0.458,-1.015,33.52,31.2527,-0.135,"31.2527,   -0.135, 27 May 2026, 01:45:11"
2026-05-27T01:45:26.911357,3037,29750000,-0.015,0.01,-1.004,-3.405,0.519,-1.076,33.47,31.2556,-0.136,"31.2556,   -0.136, 27 May 2026, 01:45:21"
2026-05-27T01:45:36.907785,3038,29760000,-0.012,0.016,-1.002,-3.611,0.45,-0.954,33.52,31.2701,-0.136,"31.2701,   -0.136, 27 May 2026, 01:45:31"
2026-05-27T01:45:46.914180,3039,29770000,-0.017,0.013,-1.013,-3.573,0.359,-1.198,33.57,31.2837,-0.137,"31.2837,   -0.137, 27 May 2026, 01:45:41"
2026-05-27T01:45:56.907196,3040,29780000,-0.015,0.013,-1.01,-3.618,0.328,-1.16,33.52,31.2846,-0.138,"31.2846,   -0.138, 27 May 2026, 01:45:51"
2026-05-27T01:46:06.905914,3041,29790000,-0.012,0.016,-1.01,-3.641,0.229,-0.87,33.47,31.2877,-0.139,"31.2877,   -0.139, 27 May 2026, 01:46:01"
2026-05-27T01:46:16.920337,3042,29800000,-0.017,0.02,-1.006,-3.519,0.313,-1.122,33.52,31.2854,-0.138,"31.2854,   -0.138, 27 May 2026, 01:46:11"
2026-05-27T01:46:26.919777,3043,29810000,-0.015,0.014,-1.009,-3.687,0.412,-1.115,33.42,31.2816,-0.138,"31.2816,   -0.138, 27 May 2026, 01:46:21"
2026-05-27T01:46:36.915216,3044,29820000,-0.017,0.02,-1.014,-3.496,0.305,-1.145,33.47,31.2741,-0.136,"31.2741,   -0.136, 27 May 2026, 01:46:31"
2026-05-27T01:46:46.912287,3045,29830000,-0.012,0.013,-1.015,-3.664,0.427,-1.031,33.52,31.2912,-0.137,"31.2912,   -0.137, 27 May 2026, 01:46:41"
2026-05-27T01:46:56.906529,3046,29840000,-0.01,0.008,-1.014,-3.55,0.282,-0.969,33.57,31.2922,-0.135,"31.2922,   -0.135, 27 May 2026, 01:46:51"
2026-05-27T01:47:06.907878,3047,29850000,-0.016,0.011,-1.009,-3.695,0.443,-1.115,33.57,31.2899,-0.136,"31.2899,   -0.136, 27 May 2026, 01:47:01"
2026-05-27T01:47:16.909638,3048,29860000,-0.016,0.017,-1.007,-3.496,0.366,-1.061,33.61,31.2842,-0.14,"31.2842,   -0.140, 27 May 2026, 01:47:11"
2026-05-27T01:47:26.906696,3049,29870000,-0.017,0.01,-1.011,-3.466,0.336,-1.115,33.61,31.279,-0.139,"31.2790,   -0.139, 27 May 2026, 01:47:21"
2026-05-27T01:47:36.906242,3050,29880000,-0.015,0.012,-1.01,-3.649,0.557,-0.878,33.57,31.2785,-0.135,"31.2785,   -0.135, 27 May 2026, 01:47:31"
2026-05-27T01:47:46.905285,3051,29890000,-0.013,0.015,-1.006,-3.527,0.511,-1.069,33.57,31.2759,-0.136,"31.2759,   -0.136, 27 May 2026, 01:47:41"
2026-05-27T01:47:56.903131,3052,29900000,-0.012,0.013,-1.007,-3.519,0.267,-1.206,33.47,31.2733,-0.137,"31.2733,   -0.137, 27 May 2026, 01:47:51"
2026-05-27T01:48:06.906473,3053,29910000,-0.006,0.009,-1.002,-3.573,0.275,-1.115,33.52,31.2738,-0.135,"31.2738,   -0.135, 27 May 2026, 01:48:01"
2026-05-27T01:48:16.919666,3054,29920000,-0.016,0.009,-1.009,-3.481,0.267,-1.008,33.61,31.2805,-0.133,"31.2805,   -0.133, 27 May 2026, 01:48:11"
2026-05-27T01:48:26.922799,3055,29930000,-0.016,0.008,-1.006,-3.588,0.382,-1.16,33.52,31.2775,-0.138,"31.2775,   -0.138, 27 May 2026, 01:48:21"
2026-05-27T01:48:36.913902,3056,29940000,-0.02,0.009,-1.002,-3.702,0.344,-1.0,33.52,31.2801,-0.138,"31.2801,   -0.138, 27 May 2026, 01:48:31"
2026-05-27T01:48:46.919812,3057,29950000,-0.016,0.013,-1.006,-3.557,0.366,-1.214,33.61,31.2776,-0.135,"31.2776,   -0.135, 27 May 2026, 01:48:41"
2026-05-27T01:48:56.909581,3058,29960000,-0.013,0.013,-1.002,-3.672,0.26,-1.084,33.47,31.2813,-0.136,"31.2813,   -0.136, 27 May 2026, 01:48:51"
2026-05-27T01:49:06.847658,3059,29970000,-0.018,0.015,-1.015,-3.641,0.481,-1.008,33.61,31.2758,-0.137,"31.2758,   -0.137, 27 May 2026, 01:49:01"
2026-05-27T01:49:16.907366,3060,29980000,-0.021,0.015,-1.008,-3.45,0.443,-1.145,33.61,31.2756,-0.14,"31.2756,   -0.140, 27 May 2026, 01:49:11"
2026-05-27T01:49:26.912121,3061,29990000,-0.017,0.012,-1.009,-3.534,0.229,-1.26,33.57,31.2785,-0.137,"31.2785,   -0.137, 27 May 2026, 01:49:21"
2026-05-27T01:49:36.905373,3062,30000000,-0.02,0.01,-1.012,-3.679,0.336,-0.985,33.57,31.2922,-0.137,"31.2922,   -0.137, 27 May 2026, 01:49:31"
2026-05-27T01:49:46.905655,3063,30010000,-0.02,0.012,-1.006,-3.542,0.252,-0.855,33.52,31.2894,-0.135,"31.2894,   -0.135, 27 May 2026, 01:49:41"
2026-05-27T01:49:56.906833,3064,30020000,-0.013,0.014,-1.004,-3.618,0.206,-0.931,33.61,31.3018,-0.13,"31.3018,   -0.130, 27 May 2026, 01:49:51"
2026-05-27T01:50:06.904842,3065,30030000,-0.011,0.017,-1.007,-3.573,0.313,-1.229,33.57,31.299,-0.137,"31.2990,   -0.137, 27 May 2026, 01:50:01"
2026-05-27T01:50:16.911624,3066,30040000,-0.017,0.01,-1.011,-3.557,0.26,-1.053,33.61,31.3023,-0.135,"31.3023,   -0.135, 27 May 2026, 01:50:11"
2026-05-27T01:50:26.910119,3067,30050000,-0.017,0.013,-1.002,-3.756,0.382,-1.168,33.52,31.2982,-0.139,"31.2982,   -0.139, 27 May 2026, 01:50:21"
2026-05-27T01:50:36.906083,3068,30060000,-0.015,0.015,-1.007,-3.565,0.122,-0.969,33.57,31.2955,-0.135,"31.2955,   -0.135, 27 May 2026, 01:50:31"
2026-05-27T01:50:46.912218,3069,30070000,-0.01,0.016,-1.01,-3.557,0.145,-1.191,33.57,31.3025,-0.136,"31.3025,   -0.136, 27 May 2026, 01:50:41"
2026-05-27T01:50:56.919671,3070,30080000,-0.017,0.016,-1.016,-3.557,0.366,-1.031,33.52,31.3092,-0.138,"31.3092,   -0.138, 27 May 2026, 01:50:51"
2026-05-27T01:51:06.845966,3071,30090000,-0.013,0.007,-1.01,-3.565,0.496,-1.099,33.66,31.3059,-0.135,"31.3059,   -0.135, 27 May 2026, 01:51:01"
2026-05-27T01:51:16.920257,3072,30100000,-0.01,0.012,-1.009,-3.389,0.42,-1.168,33.61,31.3058,-0.138,"31.3058,   -0.138, 27 May 2026, 01:51:11"
2026-05-27T01:51:26.905447,3073,30110000,-0.021,0.01,-1.006,-3.595,0.45,-1.015,33.61,31.3101,-0.139,"31.3101,   -0.139, 27 May 2026, 01:51:21"
2026-05-27T01:51:36.916969,3074,30120000,-0.017,0.017,-1.014,-3.42,0.374,-1.191,33.61,31.3061,-0.135,"31.3061,   -0.135, 27 May 2026, 01:51:31"
2026-05-27T01:51:46.903112,3075,30130000,-0.019,0.013,-1.005,-3.702,0.336,-1.076,33.61,31.3037,-0.136,"31.3037,   -0.136, 27 May 2026, 01:51:41"
2026-05-27T01:51:56.903114,3076,30140000,-0.015,0.017,-1.0,-3.473,0.351,-0.939,33.61,31.2989,-0.136,"31.2989,   -0.136, 27 May 2026, 01:51:51"
2026-05-27T01:52:06.921466,3077,30150000,-0.017,0.008,-1.011,-3.466,0.214,-1.076,33.66,31.2973,-0.133,"31.2973,   -0.133, 27 May 2026, 01:52:01"
2026-05-27T01:52:16.905978,3078,30160000,-0.015,0.014,-1.004,-3.611,0.328,-1.053,33.61,31.2957,-0.136,"31.2957,   -0.136, 27 May 2026, 01:52:11"
2026-05-27T01:52:26.911691,3079,30170000,-0.009,0.013,-1.009,-3.573,0.305,-1.092,33.66,31.2962,-0.137,"31.2962,   -0.137, 27 May 2026, 01:52:21"
2026-05-27T01:52:36.920576,3080,30180000,-0.015,0.011,-1.009,-3.618,0.13,-0.916,33.66,31.2992,-0.135,"31.2992,   -0.135, 27 May 2026, 01:52:31"
2026-05-27T01:52:46.905565,3081,30190000,-0.012,0.017,-1.004,-3.58,0.244,-1.015,33.66,31.3062,-0.139,"31.3062,   -0.139, 27 May 2026, 01:52:41"
2026-05-27T01:52:56.912344,3082,30200000,-0.015,0.018,-1.008,-3.573,0.328,-1.183,33.61,31.3134,-0.137,"31.3134,   -0.137, 27 May 2026, 01:52:51"
2026-05-27T01:53:06.920263,3083,30210000,-0.017,0.008,-1.002,-3.557,0.397,-1.099,33.57,31.3118,-0.132,"31.3118,   -0.132, 27 May 2026, 01:53:01"
2026-05-27T01:53:16.919602,3084,30220000,-0.011,0.015,-1.012,-3.664,0.328,-1.115,33.57,31.312,-0.14,"31.3120,   -0.140, 27 May 2026, 01:53:11"
2026-05-27T01:53:26.905748,3085,30230000,-0.015,0.012,-1.012,-3.588,0.206,-0.931,33.71,31.3099,-0.138,"31.3099,   -0.138, 27 May 2026, 01:53:21"
2026-05-27T01:53:36.920120,3086,30240000,-0.022,0.015,-1.013,-3.489,0.267,-0.977,33.66,31.3118,-0.138,"31.3118,   -0.138, 27 May 2026, 01:53:31"
2026-05-27T01:53:46.905502,3087,30250000,-0.02,0.014,-1.01,-3.702,0.206,-1.229,33.61,31.3224,-0.137,"31.3224,   -0.137, 27 May 2026, 01:53:41"
2026-05-27T01:53:56.904470,3088,30260000,-0.016,0.01,-1.01,-3.634,0.435,-1.031,33.61,31.3237,-0.135,"31.3237,   -0.135, 27 May 2026, 01:53:51"
2026-05-27T01:54:06.910476,3089,30270000,-0.01,0.013,-0.999,-3.504,0.29,-0.977,33.8,31.3275,-0.138,"31.3275,   -0.138, 27 May 2026, 01:54:01"
2026-05-27T01:54:16.911591,3090,30280000,-0.012,0.014,-1.003,-3.649,0.26,-1.084,33.66,31.3307,-0.139,"31.3307,   -0.139, 27 May 2026, 01:54:11"
2026-05-27T01:54:26.911514,3091,30290000,-0.014,0.015,-1.011,-3.656,0.206,-1.084,33.71,31.3309,-0.139,"31.3309,   -0.139, 27 May 2026, 01:54:21"
2026-05-27T01:54:36.919781,3092,30300000,-0.018,0.018,-1.006,-3.588,0.397,-1.183,33.61,31.3274,-0.137,"31.3274,   -0.137, 27 May 2026, 01:54:31"
2026-05-27T01:54:46.905439,3093,30310000,-0.018,0.012,-1.0,-3.557,0.252,-1.206,33.61,31.3288,-0.133,"31.3288,   -0.133, 27 May 2026, 01:54:41"
2026-05-27T01:54:56.905846,3094,30320000,-0.021,0.014,-1.012,-3.634,0.527,-1.092,33.66,31.3236,-0.137,"31.3236,   -0.137, 27 May 2026, 01:54:51"
2026-05-27T01:55:06.906015,3095,30330000,-0.018,0.009,-1.009,-3.763,0.305,-1.183,33.71,31.3199,-0.136,"31.3199,   -0.136, 27 May 2026, 01:55:01"
2026-05-27T01:55:16.905340,3096,30340000,-0.015,0.014,-1.009,-3.611,0.305,-0.962,33.66,31.3282,-0.137,"31.3282,   -0.137, 27 May 2026, 01:55:11"
2026-05-27T01:55:26.986584,3097,30350000,-0.015,0.016,-1.007,-3.595,0.466,-1.275,33.71,31.3313,-0.137,"31.3313,   -0.137, 27 May 2026, 01:55:21"
2026-05-27T01:55:36.908200,3098,30360000,-0.014,0.017,-1.005,-3.634,0.275,-1.305,33.57,31.3405,-0.136,"31.3405,   -0.136, 27 May 2026, 01:55:31"
2026-05-27T01:55:46.906208,3099,30370000,-0.016,0.016,-1.002,-3.435,0.443,-1.206,33.61,31.3357,-0.136,"31.3357,   -0.136, 27 May 2026, 01:55:41"
2026-05-27T01:55:56.906653,3100,30380000,-0.011,0.01,-0.999,-3.595,0.16,-1.008,33.57,31.3288,-0.139,"31.3288,   -0.139, 27 May 2026, 01:55:51"
2026-05-27T01:56:06.914468,3101,30390000,-0.009,0.011,-1.008,-3.634,0.298,-0.985,33.66,31.3308,-0.137,"31.3308,   -0.137, 27 May 2026, 01:56:01"
2026-05-27T01:56:16.912259,3102,30400000,-0.013,0.015,-1.01,-3.534,0.29,-1.053,33.66,31.3452,-0.136,"31.3452,   -0.136, 27 May 2026, 01:56:11"
2026-05-27T01:56:26.909109,3103,30410000,-0.013,0.011,-1.007,-3.504,0.389,-1.084,33.61,31.3467,-0.14,"31.3467,   -0.140, 27 May 2026, 01:56:21"
2026-05-27T01:56:36.905781,3104,30420000,-0.013,0.015,-1.003,-3.504,0.382,-1.015,33.75,31.3529,-0.137,"31.3529,   -0.137, 27 May 2026, 01:56:31"
2026-05-27T01:56:46.905998,3105,30430000,-0.016,0.01,-1.005,-3.656,0.351,-1.099,33.71,31.3509,-0.137,"31.3509,   -0.137, 27 May 2026, 01:56:41"
2026-05-27T01:56:56.905782,3106,30440000,-0.016,0.019,-1.008,-3.511,0.29,-1.084,33.66,31.3639,-0.136,"31.3639,   -0.136, 27 May 2026, 01:56:51"
2026-05-27T01:57:06.914031,3107,30450000,-0.014,0.012,-1.007,-3.832,0.252,-1.115,33.71,31.3712,-0.131,"31.3712,   -0.131, 27 May 2026, 01:57:01"
2026-05-27T01:57:16.919418,3108,30460000,-0.019,0.009,-1.007,-3.573,0.443,-1.198,33.66,31.3766,-0.134,"31.3766,   -0.134, 27 May 2026, 01:57:11"
2026-05-27T01:57:26.918832,3109,30470000,-0.019,0.014,-1.011,-3.458,0.351,-1.206,33.71,31.3781,-0.137,"31.3781,   -0.137, 27 May 2026, 01:57:21"
2026-05-27T01:57:36.907952,3110,30480000,-0.019,0.018,-1.011,-3.588,0.244,-1.374,33.75,31.3712,-0.136,"31.3712,   -0.136, 27 May 2026, 01:57:31"
2026-05-27T01:57:46.905582,3111,30490000,-0.02,0.01,-1.011,-3.603,0.26,-1.008,33.66,31.3674,-0.134,"31.3674,   -0.134, 27 May 2026, 01:57:41"
2026-05-27T01:57:56.905760,3112,30500000,-0.016,0.014,-1.0,-3.504,0.282,-1.198,33.66,31.3674,-0.137,"31.3674,   -0.137, 27 May 2026, 01:57:51"
2026-05-27T01:58:06.905425,3113,30510000,-0.012,0.009,-1.002,-3.565,0.427,-1.122,33.61,31.3722,-0.134,"31.3722,   -0.134, 27 May 2026, 01:58:01"
2026-05-27T01:58:16.907118,3114,30520000,-0.01,0.023,-1.007,-3.603,0.389,-1.115,33.75,31.3722,-0.136,"31.3722,   -0.136, 27 May 2026, 01:58:11"
2026-05-27T01:58:26.920165,3115,30530000,-0.019,0.009,-1.011,-3.679,0.359,-1.069,33.57,31.3704,-0.136,"31.3704,   -0.136, 27 May 2026, 01:58:21"
2026-05-27T01:58:36.922839,3116,30540000,-0.016,0.019,-1.003,-3.55,0.153,-1.069,33.66,31.3712,-0.132,"31.3712,   -0.132, 27 May 2026, 01:58:31"
2026-05-27T01:58:46.919403,3117,30550000,-0.013,0.009,-1.009,-3.695,0.313,-1.183,33.71,31.3655,-0.135,"31.3655,   -0.135, 27 May 2026, 01:58:41"
2026-05-27T01:58:56.920783,3118,30560000,-0.02,0.016,-1.012,-3.511,0.313,-1.038,33.66,31.3773,-0.137,"31.3773,   -0.137, 27 May 2026, 01:58:51"
2026-05-27T01:59:06.915694,3119,30570000,-0.013,0.011,-1.001,-3.565,0.42,-1.137,33.71,31.38,-0.137,"31.3800,   -0.137, 27 May 2026, 01:59:01"
2026-05-27T01:59:16.905535,3120,30580000,-0.013,0.008,-1.012,-3.588,0.321,-1.107,33.75,31.3743,-0.138,"31.3743,   -0.138, 27 May 2026, 01:59:11"
2026-05-27T01:59:26.919488,3121,30590000,-0.019,0.015,-1.002,-3.557,0.198,-1.053,33.66,31.3667,-0.136,"31.3667,   -0.136, 27 May 2026, 01:59:21"
2026-05-27T01:59:36.905790,3122,30600000,-0.015,0.014,-1.003,-3.565,0.275,-1.168,33.66,31.3637,-0.138,"31.3637,   -0.138, 27 May 2026, 01:59:31"
2026-05-27T01:59:46.920164,3123,30610000,-0.014,0.009,-1.009,-3.603,0.305,-1.046,33.71,31.37,-0.139,"31.3700,   -0.139, 27 May 2026, 01:59:41"
2026-05-27T01:59:56.907059,3124,30620000,-0.018,0.012,-0.997,-3.519,0.382,-0.977,33.75,31.3741,-0.136,"31.3741,   -0.136, 27 May 2026, 01:59:51"
2026-05-27T02:00:06.920521,3125,30630000,-0.015,0.019,-1.002,-3.504,0.214,-1.206,33.71,31.3794,-0.136,"31.3794,   -0.136, 27 May 2026, 02:00:01"
2026-05-27T02:00:16.919989,3126,30640000,-0.012,0.015,-1.001,-3.42,0.321,-1.153,33.61,31.3826,-0.134,"31.3826,   -0.134, 27 May 2026, 02:00:11"
2026-05-27T02:00:26.920389,3127,30650000,-0.016,0.014,-1.003,-3.634,0.336,-1.0,33.66,31.3925,-0.137,"31.3925,   -0.137, 27 May 2026, 02:00:21"
2026-05-27T02:00:36.911153,3128,30660000,-0.025,0.01,-1.006,-3.664,0.443,-1.183,33.75,31.3934,-0.137,"31.3934,   -0.137, 27 May 2026, 02:00:31"
2026-05-27T02:00:46.919843,3129,30670000,-0.016,0.015,-1.007,-3.595,0.374,-0.962,33.71,31.39,-0.137,"31.3900,   -0.137, 27 May 2026, 02:00:41"
2026-05-27T02:00:56.908078,3130,30680000,-0.012,0.01,-1.011,-3.588,0.405,-1.191,33.8,31.3911,-0.137,"31.3911,   -0.137, 27 May 2026, 02:00:51"
2026-05-27T02:01:06.920168,3131,30690000,-0.014,0.007,-1.013,-3.603,0.397,-1.053,33.75,31.3877,-0.137,"31.3877,   -0.137, 27 May 2026, 02:01:01"
2026-05-27T02:01:16.909104,3132,30700000,-0.017,0.011,-1.003,-3.679,0.519,-1.0,33.71,31.3848,-0.135,"31.3848,   -0.135, 27 May 2026, 02:01:11"
2026-05-27T02:01:26.919014,3133,30710000,-0.015,0.014,-1.008,-3.58,0.137,-0.962,33.8,31.3869,-0.141,"31.3869,   -0.141, 27 May 2026, 02:01:21"
2026-05-27T02:01:36.906588,3134,30720000,-0.012,0.019,-1.004,-3.573,0.351,-1.061,33.75,31.3998,-0.137,"31.3998,   -0.137, 27 May 2026, 02:01:31"
2026-05-27T02:01:46.916579,3135,30730000,-0.01,0.012,-1.006,-3.557,0.206,-1.069,33.66,31.3998,-0.135,"31.3998,   -0.135, 27 May 2026, 02:01:41"
2026-05-27T02:01:56.909319,3136,30740000,-0.013,0.018,-1.0,-3.527,0.237,-1.031,33.66,31.3973,-0.137,"31.3973,   -0.137, 27 May 2026, 02:01:51"
2026-05-27T02:02:06.904254,3137,30750000,-0.01,0.015,-1.006,-3.725,0.328,-1.031,33.71,31.3976,-0.136,"31.3976,   -0.136, 27 May 2026, 02:02:01"
2026-05-27T02:02:16.918538,3138,30760000,-0.01,0.017,-1.01,-3.611,0.305,-1.008,33.71,31.3983,-0.137,"31.3983,   -0.137, 27 May 2026, 02:02:11"
2026-05-27T02:02:26.920930,3139,30770000,-0.013,0.017,-1.008,-3.641,0.359,-1.153,33.71,31.4014,-0.139,"31.4014,   -0.139, 27 May 2026, 02:02:21"
2026-05-27T02:02:36.912606,3140,30780000,-0.019,0.013,-1.005,-3.588,0.328,-1.313,33.66,31.4023,-0.138,"31.4023,   -0.138, 27 May 2026, 02:02:31"
2026-05-27T02:02:46.907088,3141,30790000,-0.017,0.019,-1.001,-3.527,0.412,-1.206,33.66,31.4151,-0.137,"31.4151,   -0.137, 27 May 2026, 02:02:41"
2026-05-27T02:02:56.903893,3142,30800000,-0.012,0.012,-1.016,-3.565,0.42,-1.0,33.66,31.4158,-0.138,"31.4158,   -0.138, 27 May 2026, 02:02:51"
2026-05-27T02:03:06.911803,3143,30810000,-0.018,0.012,-1.004,-3.511,0.359,-1.038,33.66,31.429,-0.137,"31.4290,   -0.137, 27 May 2026, 02:03:01"
2026-05-27T02:03:16.905779,3144,30820000,-0.015,0.009,-1.011,-3.489,0.107,-0.962,33.66,31.433,-0.135,"31.4330,   -0.135, 27 May 2026, 02:03:11"
2026-05-27T02:03:26.908741,3145,30830000,-0.018,0.019,-1.001,-3.588,0.382,-0.954,33.8,31.4312,-0.136,"31.4312,   -0.136, 27 May 2026, 02:03:21"
2026-05-27T02:03:36.905830,3146,30840000,-0.015,0.014,-1.008,-3.511,0.351,-0.84,33.71,31.4255,-0.136,"31.4255,   -0.136, 27 May 2026, 02:03:31"
2026-05-27T02:03:46.908297,3147,30850000,-0.015,0.015,-1.01,-3.634,0.397,-0.939,33.75,31.4133,-0.139,"31.4133,   -0.139, 27 May 2026, 02:03:41"
2026-05-27T02:03:56.905846,3148,30860000,-0.014,0.017,-1.002,-3.435,0.305,-1.107,33.71,31.407,-0.133,"31.4070,   -0.133, 27 May 2026, 02:03:51"
2026-05-27T02:04:06.912660,3149,30870000,-0.015,0.016,-1.015,-3.542,0.29,-1.084,33.66,31.4005,-0.14,"31.4005,   -0.140, 27 May 2026, 02:04:01"
2026-05-27T02:04:16.905519,3150,30880000,-0.018,0.013,-1.008,-3.511,0.397,-1.023,33.8,31.4016,-0.137,"31.4016,   -0.137, 27 May 2026, 02:04:11"
2026-05-27T02:04:26.982538,3151,30890000,-0.011,0.012,-1.01,-3.679,0.214,-0.977,33.71,31.4059,-0.14,"31.4059,   -0.140, 27 May 2026, 02:04:21"
2026-05-27T02:04:36.909640,3152,30900000,-0.01,0.014,-1.009,-3.595,0.244,-0.962,33.75,31.4112,-0.138,"31.4112,   -0.138, 27 May 2026, 02:04:31"
2026-05-27T02:04:46.906290,3153,30910000,-0.015,0.009,-0.995,-3.565,0.496,-1.115,33.71,31.42,-0.139,"31.4200,   -0.139, 27 May 2026, 02:04:41"
2026-05-27T02:04:56.907260,3154,30920000,-0.012,0.01,-1.012,-3.672,0.366,-1.107,33.75,31.4243,-0.14,"31.4243,   -0.140, 27 May 2026, 02:04:51"
2026-05-27T02:05:06.906459,3155,30930000,-0.018,0.017,-1.008,-3.534,0.344,-1.122,33.8,31.4279,-0.137,"31.4279,   -0.137, 27 May 2026, 02:05:01"
2026-05-27T02:05:16.905515,3156,30940000,-0.013,0.015,-1.004,-3.45,0.26,-1.115,33.66,31.431,-0.137,"31.4310,   -0.137, 27 May 2026, 02:05:11"
2026-05-27T02:05:26.906953,3157,30950000,-0.02,0.011,-1.012,-3.55,0.305,-1.107,33.71,31.4272,-0.141,"31.4272,   -0.141, 27 May 2026, 02:05:21"
2026-05-27T02:05:36.908797,3158,30960000,-0.013,0.015,-1.002,-3.573,0.214,-1.099,33.8,31.4214,-0.137,"31.4214,   -0.137, 27 May 2026, 02:05:31"
2026-05-27T02:05:46.905874,3159,30970000,-0.011,0.022,-1.006,-3.55,0.229,-1.0,33.8,31.4258,-0.136,"31.4258,   -0.136, 27 May 2026, 02:05:41"
2026-05-27T02:05:56.915094,3160,30980000,-0.016,0.009,-1.001,-3.542,0.244,-1.168,33.8,31.4255,-0.139,"31.4255,   -0.139, 27 May 2026, 02:05:51"
2026-05-27T02:06:06.906381,3161,30990000,-0.011,0.015,-1.014,-3.557,0.427,-1.122,33.8,31.4284,-0.139,"31.4284,   -0.139, 27 May 2026, 02:06:01"
2026-05-27T02:06:16.906610,3162,31000000,-0.016,0.009,-1.006,-3.55,0.382,-1.176,33.61,31.4197,-0.136,"31.4197,   -0.136, 27 May 2026, 02:06:11"
2026-05-27T02:06:26.906356,3163,31010000,-0.013,0.014,-1.009,-3.626,0.313,-1.092,33.71,31.42,-0.136,"31.4200,   -0.136, 27 May 2026, 02:06:21"
2026-05-27T02:06:36.920708,3164,31020000,-0.017,0.014,-1.008,-3.595,0.313,-1.244,33.8,31.4192,-0.14,"31.4192,   -0.140, 27 May 2026, 02:06:31"
2026-05-27T02:06:46.914331,3165,31030000,-0.017,0.014,-1.01,-3.534,0.214,-1.305,33.75,31.4313,-0.137,"31.4313,   -0.137, 27 May 2026, 02:06:41"
2026-05-27T02:06:56.907216,3166,31040000,-0.019,0.007,-1.005,-3.595,0.305,-1.107,33.8,31.4309,-0.138,"31.4309,   -0.138, 27 May 2026, 02:06:51"
2026-05-27T02:07:06.904840,3167,31050000,-0.019,0.014,-1.019,-3.489,0.359,-1.145,33.71,31.4331,-0.143,"31.4331,   -0.143, 27 May 2026, 02:07:01"
2026-05-27T02:07:16.905979,3168,31060000,-0.012,0.015,-1.006,-3.649,0.282,-0.962,33.71,31.4415,-0.138,"31.4415,   -0.138, 27 May 2026, 02:07:11"
2026-05-27T02:07:26.907757,3169,31070000,-0.016,0.012,-1.001,-3.496,0.214,-0.962,33.8,31.4367,-0.136,"31.4367,   -0.136, 27 May 2026, 02:07:21"
2026-05-27T02:07:36.905819,3170,31080000,-0.011,0.011,-1.013,-3.588,0.42,-1.122,33.75,31.436,-0.138,"31.4360,   -0.138, 27 May 2026, 02:07:31"
2026-05-27T02:07:46.920284,3171,31090000,-0.013,0.013,-1.018,-3.542,0.328,-1.16,33.75,31.4347,-0.14,"31.4347,   -0.140, 27 May 2026, 02:07:41"
2026-05-27T02:07:56.910614,3172,31100000,-0.012,0.017,-1.011,-3.389,0.267,-1.061,33.75,31.4336,-0.137,"31.4336,   -0.137, 27 May 2026, 02:07:51"
2026-05-27T02:08:06.919542,3173,31110000,-0.015,0.016,-1.007,-3.672,0.29,-1.031,33.71,31.4232,-0.139,"31.4232,   -0.139, 27 May 2026, 02:08:01"
2026-05-27T02:08:16.905603,3174,31120000,-0.019,0.011,-1.012,-3.374,0.481,-1.107,33.71,31.426,-0.134,"31.4260,   -0.134, 27 May 2026, 02:08:11"
2026-05-27T02:08:26.912532,3175,31130000,-0.01,0.015,-1.016,-3.557,0.244,-1.092,33.66,31.4295,-0.138,"31.4295,   -0.138, 27 May 2026, 02:08:21"
2026-05-27T02:08:36.905908,3176,31140000,-0.017,0.013,-1.004,-3.45,0.275,-1.038,33.71,31.437,-0.138,"31.4370,   -0.138, 27 May 2026, 02:08:31"
2026-05-27T02:08:46.906661,3177,31150000,-0.011,0.017,-1.003,-3.527,0.252,-0.969,33.71,31.441,-0.14,"31.4410,   -0.140, 27 May 2026, 02:08:41"
2026-05-27T02:08:56.911460,3178,31160000,-0.011,0.017,-1.008,-3.527,0.282,-1.069,33.75,31.4459,-0.14,"31.4459,   -0.140, 27 May 2026, 02:08:51"
2026-05-27T02:09:06.909643,3179,31170000,-0.014,0.013,-1.005,-3.595,0.542,-1.176,33.71,31.4472,-0.137,"31.4472,   -0.137, 27 May 2026, 02:09:01"
2026-05-27T02:09:16.921016,3180,31180000,-0.014,0.017,-1.007,-3.55,0.298,-1.107,33.8,31.4409,-0.137,"31.4409,   -0.137, 27 May 2026, 02:09:11"
2026-05-27T02:09:26.912214,3181,31190000,-0.016,0.008,-1.015,-3.489,0.55,-1.046,33.8,31.4446,-0.138,"31.4446,   -0.138, 27 May 2026, 02:09:21"
2026-05-27T02:09:36.905954,3182,31200000,-0.017,0.015,-1.01,-3.58,0.267,-1.069,33.8,31.4432,-0.14,"31.4432,   -0.140, 27 May 2026, 02:09:31"
2026-05-27T02:09:46.905503,3183,31210000,-0.013,0.01,-1.018,-3.641,0.29,-1.16,33.75,31.4586,-0.14,"31.4586,   -0.140, 27 May 2026, 02:09:41"
2026-05-27T02:09:56.920130,3184,31220000,-0.014,0.008,-1.014,-3.634,0.198,-0.924,33.8,31.464,-0.137,"31.4640,   -0.137, 27 May 2026, 02:09:51"
2026-05-27T02:10:06.905506,3185,31230000,-0.016,0.015,-1.009,-3.656,0.397,-1.229,33.71,31.4698,-0.136,"31.4698,   -0.136, 27 May 2026, 02:10:01"
2026-05-27T02:10:16.905661,3186,31240000,-0.02,0.015,-1.005,-3.641,0.405,-1.031,33.8,31.4784,-0.139,"31.4784,   -0.139, 27 May 2026, 02:10:11"
2026-05-27T02:10:26.906702,3187,31250000,-0.01,0.014,-1.016,-3.626,0.45,-0.985,33.8,31.4802,-0.139,"31.4802,   -0.139, 27 May 2026, 02:10:21"
2026-05-27T02:10:36.906916,3188,31260000,-0.014,0.015,-0.999,-3.481,0.42,-0.901,33.71,31.4811,-0.134,"31.4811,   -0.134, 27 May 2026, 02:10:31"
2026-05-27T02:10:46.917207,3189,31270000,-0.014,0.013,-1.001,-3.649,0.382,-1.069,33.75,31.4754,-0.14,"31.4754,   -0.140, 27 May 2026, 02:10:41"
2026-05-27T02:10:56.906522,3190,31280000,-0.016,0.014,-1.016,-3.511,0.252,-1.038,33.8,31.4731,-0.138,"31.4731,   -0.138, 27 May 2026, 02:10:51"
2026-05-27T02:11:06.905671,3191,31290000,-0.016,0.012,-1.005,-3.626,0.328,-1.115,33.8,31.4742,-0.135,"31.4742,   -0.135, 27 May 2026, 02:11:01"
2026-05-27T02:11:16.906060,3192,31300000,-0.013,0.013,-1.009,-3.618,0.267,-0.977,33.75,31.4728,-0.136,"31.4728,   -0.136, 27 May 2026, 02:11:11"
2026-05-27T02:11:26.919518,3193,31310000,-0.015,0.013,-1.006,-3.489,0.42,-0.893,33.8,31.4667,-0.138,"31.4667,   -0.138, 27 May 2026, 02:11:21"
2026-05-27T02:11:36.907119,3194,31320000,-0.019,0.01,-1.008,-3.527,0.252,-1.076,33.75,31.4544,-0.137,"31.4544,   -0.137, 27 May 2026, 02:11:31"
2026-05-27T02:11:46.903690,3195,31330000,-0.008,0.017,-1.003,-3.374,0.313,-1.122,33.71,31.448,-0.141,"31.4480,   -0.141, 27 May 2026, 02:11:41"
2026-05-27T02:11:56.920679,3196,31340000,-0.014,0.014,-1.012,-3.641,0.183,-1.168,33.8,31.4446,-0.134,"31.4446,   -0.134, 27 May 2026, 02:11:51"
2026-05-27T02:12:06.913827,3197,31350000,-0.01,0.013,-1.0,-3.481,0.397,-1.0,33.89,31.4492,-0.134,"31.4492,   -0.134, 27 May 2026, 02:12:01"
2026-05-27T02:12:16.920008,3198,31360000,-0.011,0.011,-1.017,-3.626,0.405,-1.153,33.85,31.4485,-0.14,"31.4485,   -0.140, 27 May 2026, 02:12:11"
2026-05-27T02:12:26.903106,3199,31370000,-0.018,0.012,-1.003,-3.618,0.26,-1.183,33.8,31.45,-0.137,"31.4500,   -0.137, 27 May 2026, 02:12:21"
2026-05-27T02:12:36.920538,3200,31380000,-0.019,0.014,-1.013,-3.427,0.282,-0.939,33.89,31.454,-0.137,"31.4540,   -0.137, 27 May 2026, 02:12:31"
2026-05-27T02:12:46.904359,3201,31390000,-0.014,0.016,-1.005,-3.649,0.298,-1.153,33.85,31.4587,-0.136,"31.4587,   -0.136, 27 May 2026, 02:12:41"
2026-05-27T02:12:56.915665,3202,31400000,-0.014,0.01,-1.01,-3.618,0.397,-1.008,33.85,31.4568,-0.138,"31.4568,   -0.138, 27 May 2026, 02:12:51"
2026-05-27T02:13:06.913014,3203,31410000,-0.019,0.013,-1.002,-3.611,0.389,-1.046,33.89,31.4602,-0.142,"31.4602,   -0.142, 27 May 2026, 02:13:01"
2026-05-27T02:13:16.906408,3204,31420000,-0.008,0.014,-1.013,-3.534,0.366,-1.183,33.8,31.4608,-0.139,"31.4608,   -0.139, 27 May 2026, 02:13:11"
2026-05-27T02:13:26.905830,3205,31430000,-0.012,0.011,-1.007,-3.542,0.366,-1.076,33.85,31.4619,-0.137,"31.4619,   -0.137, 27 May 2026, 02:13:21"
2026-05-27T02:13:36.920571,3206,31440000,-0.01,0.009,-1.012,-3.618,0.275,-1.122,33.75,31.4763,-0.139,"31.4763,   -0.139, 27 May 2026, 02:13:31"
2026-05-27T02:13:46.905723,3207,31450000,-0.018,0.014,-1.009,-3.504,0.389,-1.107,33.75,31.4775,-0.135,"31.4775,   -0.135, 27 May 2026, 02:13:41"
2026-05-27T02:13:56.905586,3208,31460000,-0.017,0.012,-1.005,-3.565,0.13,-1.038,33.8,31.4802,-0.136,"31.4802,   -0.136, 27 May 2026, 02:13:51"
2026-05-27T02:14:06.921720,3209,31470000,-0.015,0.01,-1.001,-3.687,0.237,-1.145,33.85,31.48,-0.136,"31.4800,   -0.136, 27 May 2026, 02:14:01"
2026-05-27T02:14:16.920707,3210,31480000,-0.012,0.008,-1.006,-3.58,0.321,-1.076,33.8,31.487,-0.138,"31.4870,   -0.138, 27 May 2026, 02:14:11"
2026-05-27T02:14:26.920501,3211,31490000,-0.016,0.017,-1.002,-3.756,0.351,-1.206,33.8,31.4875,-0.138,"31.4875,   -0.138, 27 May 2026, 02:14:21"
2026-05-27T02:14:36.906312,3212,31500000,-0.014,0.012,-1.009,-3.679,0.252,-1.183,33.8,31.4966,-0.136,"31.4966,   -0.136, 27 May 2026, 02:14:31"
2026-05-27T02:14:46.918636,3213,31510000,-0.017,0.009,-1.002,-3.458,0.389,-0.924,33.75,31.501,-0.133,"31.5010,   -0.133, 27 May 2026, 02:14:41"
2026-05-27T02:14:56.905611,3214,31520000,-0.014,0.014,-1.008,-3.565,0.344,-1.076,33.85,31.503,-0.133,"31.5030,   -0.133, 27 May 2026, 02:14:51"
2026-05-27T02:15:06.908281,3215,31530000,-0.015,0.01,-1.012,-3.58,0.275,-1.13,33.71,31.5001,-0.137,"31.5001,   -0.137, 27 May 2026, 02:15:01"
2026-05-27T02:15:16.919660,3216,31540000,-0.014,0.012,-1.008,-3.565,0.382,-1.115,33.8,31.4897,-0.135,"31.4897,   -0.135, 27 May 2026, 02:15:11"
2026-05-27T02:15:26.920968,3217,31550000,-0.016,0.02,-1.007,-3.427,0.26,-1.061,33.85,31.485,-0.138,"31.4850,   -0.138, 27 May 2026, 02:15:21"
2026-05-27T02:15:36.917434,3218,31560000,-0.019,0.016,-1.004,-3.595,0.397,-0.908,33.75,31.481,-0.139,"31.4810,   -0.139, 27 May 2026, 02:15:31"
2026-05-27T02:15:46.905691,3219,31570000,-0.021,0.014,-1.017,-3.45,0.366,-1.115,33.8,31.4773,-0.14,"31.4773,   -0.140, 27 May 2026, 02:15:41"
2026-05-27T02:15:56.904276,3220,31580000,-0.015,0.01,-0.996,-3.55,0.351,-1.015,33.94,31.4802,-0.136,"31.4802,   -0.136, 27 May 2026, 02:15:51"
2026-05-27T02:16:06.905929,3221,31590000,-0.021,0.012,-1.01,-3.511,0.336,-1.183,33.85,31.4747,-0.135,"31.4747,   -0.135, 27 May 2026, 02:16:01"
2026-05-27T02:16:16.905803,3222,31600000,-0.017,0.01,-1.01,-3.565,0.328,-1.191,33.85,31.4744,-0.135,"31.4744,   -0.135, 27 May 2026, 02:16:11"
2026-05-27T02:16:26.903405,3223,31610000,-0.011,0.01,-1.01,-3.71,0.389,-1.13,33.8,31.4795,-0.137,"31.4795,   -0.137, 27 May 2026, 02:16:21"
2026-05-27T02:16:36.906590,3224,31620000,-0.01,0.011,-1.01,-3.557,0.168,-1.214,33.8,31.4804,-0.141,"31.4804,   -0.141, 27 May 2026, 02:16:31"
2026-05-27T02:16:46.919952,3225,31630000,-0.02,0.01,-1.004,-3.542,0.221,-1.046,33.8,31.4755,-0.137,"31.4755,   -0.137, 27 May 2026, 02:16:41"
2026-05-27T02:16:56.905703,3226,31640000,-0.018,0.013,-1.016,-3.412,0.328,-1.122,33.85,31.4789,-0.14,"31.4789,   -0.140, 27 May 2026, 02:16:51"
2026-05-27T02:17:06.920545,3227,31650000,-0.011,0.009,-1.019,-3.618,0.481,-1.099,33.8,31.478,-0.136,"31.4780,   -0.136, 27 May 2026, 02:17:01"
2026-05-27T02:17:16.911995,3228,31660000,-0.019,0.011,-1.008,-3.534,0.412,-1.153,33.85,31.4792,-0.136,"31.4792,   -0.136, 27 May 2026, 02:17:11"
2026-05-27T02:17:26.920141,3229,31670000,-0.017,0.013,-1.013,-3.641,0.397,-0.992,33.85,31.4792,-0.136,"31.4792,   -0.136, 27 May 2026, 02:17:21"
2026-05-27T02:17:36.907099,3230,31680000,-0.015,0.017,-1.005,-3.366,0.397,-1.145,33.85,31.4763,-0.137,"31.4763,   -0.137, 27 May 2026, 02:17:31"
2026-05-27T02:17:46.912630,3231,31690000,-0.015,0.013,-1.003,-3.626,0.313,-1.16,33.89,31.4769,-0.138,"31.4769,   -0.138, 27 May 2026, 02:17:41"
2026-05-27T02:17:56.921039,3232,31700000,-0.011,0.019,-1.002,-3.603,0.275,-1.206,33.89,31.4744,-0.138,"31.4744,   -0.138, 27 May 2026, 02:17:51"
2026-05-27T02:18:06.920204,3233,31710000,-0.015,0.01,-1.007,-3.466,0.344,-1.191,33.89,31.4902,-0.134,"31.4902,   -0.134, 27 May 2026, 02:18:01"
2026-05-27T02:18:16.912526,3234,31720000,-0.011,0.016,-1.008,-3.382,0.489,-1.061,33.85,31.5006,-0.135,"31.5006,   -0.135, 27 May 2026, 02:18:11"
2026-05-27T02:18:26.909838,3235,31730000,-0.017,0.006,-1.006,-3.618,0.305,-1.0,33.89,31.5006,-0.136,"31.5006,   -0.136, 27 May 2026, 02:18:21"
2026-05-27T02:18:36.905730,3236,31740000,-0.016,0.012,-1.016,-3.557,0.45,-1.244,33.85,31.4928,-0.137,"31.4928,   -0.137, 27 May 2026, 02:18:31"
2026-05-27T02:18:46.911202,3237,31750000,-0.011,0.011,-1.011,-3.725,0.321,-1.137,33.85,31.4903,-0.138,"31.4903,   -0.138, 27 May 2026, 02:18:41"
2026-05-27T02:18:56.907215,3238,31760000,-0.014,0.008,-1.013,-3.649,0.321,-0.992,33.85,31.4896,-0.139,"31.4896,   -0.139, 27 May 2026, 02:18:51"
2026-05-27T02:19:06.906318,3239,31770000,-0.009,0.014,-1.016,-3.58,0.458,-1.076,33.89,31.4933,-0.138,"31.4933,   -0.138, 27 May 2026, 02:19:01"
2026-05-27T02:19:16.904425,3240,31780000,-0.016,0.013,-1.02,-3.565,0.489,-1.092,33.85,31.4926,-0.135,"31.4926,   -0.135, 27 May 2026, 02:19:11"
2026-05-27T02:19:26.921004,3241,31790000,-0.013,0.015,-1.003,-3.473,0.267,-1.183,33.89,31.4959,-0.138,"31.4959,   -0.138, 27 May 2026, 02:19:21"
2026-05-27T02:19:36.905700,3242,31800000,-0.02,0.015,-1.012,-3.573,0.496,-1.053,33.8,31.489,-0.14,"31.4890,   -0.140, 27 May 2026, 02:19:31"
2026-05-27T02:19:46.906328,3243,31810000,-0.02,0.013,-1.008,-3.527,0.45,-1.015,33.89,31.4865,-0.139,"31.4865,   -0.139, 27 May 2026, 02:19:41"
2026-05-27T02:19:56.906330,3244,31820000,-0.015,0.012,-1.009,-3.58,0.458,-0.939,33.94,31.489,-0.138,"31.4890,   -0.138, 27 May 2026, 02:19:51"
2026-05-27T02:20:06.920460,3245,31830000,-0.011,0.015,-1.004,-3.519,0.427,-0.947,33.89,31.4848,-0.137,"31.4848,   -0.137, 27 May 2026, 02:20:01"
2026-05-27T02:20:16.906731,3246,31840000,-0.013,0.018,-1.016,-3.588,0.389,-1.214,33.89,31.4856,-0.14,"31.4856,   -0.140, 27 May 2026, 02:20:11"
2026-05-27T02:20:26.912352,3247,31850000,-0.015,0.018,-1.008,-3.443,0.389,-1.046,33.89,31.4958,-0.135,"31.4958,   -0.135, 27 May 2026, 02:20:21"
2026-05-27T02:20:36.906056,3248,31860000,-0.012,0.016,-1.006,-3.74,0.374,-1.0,33.99,31.5076,-0.14,"31.5076,   -0.140, 27 May 2026, 02:20:31"
2026-05-27T02:20:46.906232,3249,31870000,-0.011,0.007,-1.014,-3.412,0.321,-1.229,33.89,31.5027,-0.139,"31.5027,   -0.139, 27 May 2026, 02:20:41"
2026-05-27T02:20:56.905898,3250,31880000,-0.014,0.013,-1.011,-3.542,0.42,-1.084,33.85,31.4989,-0.136,"31.4989,   -0.136, 27 May 2026, 02:20:51"
2026-05-27T02:21:06.905896,3251,31890000,-0.017,0.009,-1.008,-3.412,0.214,-1.061,33.8,31.5001,-0.139,"31.5001,   -0.139, 27 May 2026, 02:21:01"
2026-05-27T02:21:16.911860,3252,31900000,-0.015,0.012,-1.006,-3.565,0.336,-1.145,33.8,31.5062,-0.137,"31.5062,   -0.137, 27 May 2026, 02:21:11"
2026-05-27T02:21:26.906750,3253,31910000,-0.019,0.012,-1.005,-3.565,0.366,-1.237,33.89,31.4991,-0.138,"31.4991,   -0.138, 27 May 2026, 02:21:21"
2026-05-27T02:21:36.912999,3254,31920000,-0.009,0.013,-1.02,-3.595,0.458,-1.16,33.85,31.5055,-0.132,"31.5055,   -0.132, 27 May 2026, 02:21:31"
2026-05-27T02:21:46.920588,3255,31930000,-0.01,0.016,-1.021,-3.511,0.42,-1.092,33.8,31.5171,-0.139,"31.5171,   -0.139, 27 May 2026, 02:21:41"
2026-05-27T02:21:56.916896,3256,31940000,-0.013,0.014,-1.007,-3.519,0.275,-0.985,33.8,31.5177,-0.135,"31.5177,   -0.135, 27 May 2026, 02:21:51"
2026-05-27T02:22:06.914534,3257,31950000,-0.018,0.011,-1.01,-3.458,0.481,-1.183,33.94,31.5253,-0.137,"31.5253,   -0.137, 27 May 2026, 02:22:01"
2026-05-27T02:22:16.921554,3258,31960000,-0.013,0.015,-1.009,-3.527,0.313,-0.939,33.89,31.5216,-0.139,"31.5216,   -0.139, 27 May 2026, 02:22:11"
2026-05-27T02:22:26.981927,3259,31970000,-0.017,0.012,-1.011,-3.588,0.229,-1.16,33.89,31.5192,-0.14,"31.5192,   -0.140, 27 May 2026, 02:22:21"
2026-05-27T02:22:36.911427,3260,31980000,-0.013,0.017,-1.015,-3.489,0.366,-1.092,33.85,31.5269,-0.136,"31.5269,   -0.136, 27 May 2026, 02:22:31"
2026-05-27T02:22:46.919678,3261,31990000,-0.013,0.017,-1.006,-3.557,0.405,-1.061,33.89,31.5209,-0.137,"31.5209,   -0.137, 27 May 2026, 02:22:41"
2026-05-27T02:22:56.910818,3262,32000000,-0.018,0.013,-1.006,-3.496,0.328,-0.939,33.89,31.5146,-0.14,"31.5146,   -0.140, 27 May 2026, 02:22:51"
2026-05-27T02:23:06.908469,3263,32010000,-0.019,0.012,-1.016,-3.588,0.305,-1.252,33.85,31.5136,-0.14,"31.5136,   -0.140, 27 May 2026, 02:23:01"
2026-05-27T02:23:16.907594,3264,32020000,-0.017,0.016,-1.005,-3.71,0.313,-1.0,33.85,31.5123,-0.139,"31.5123,   -0.139, 27 May 2026, 02:23:11"
2026-05-27T02:23:26.975170,3265,32030000,-0.019,0.011,-1.004,-3.534,0.321,-1.038,33.89,31.5124,-0.137,"31.5124,   -0.137, 27 May 2026, 02:23:21"
2026-05-27T02:23:36.908556,3266,32040000,-0.011,0.011,-1.009,-3.733,0.42,-1.168,33.94,31.51,-0.135,"31.5100,   -0.135, 27 May 2026, 02:23:31"
2026-05-27T02:23:46.911660,3267,32050000,-0.013,0.013,-1.017,-3.679,0.229,-1.099,33.8,31.5052,-0.136,"31.5052,   -0.136, 27 May 2026, 02:23:41"
2026-05-27T02:23:56.975108,3268,32060000,-0.014,0.015,-1.007,-3.55,0.267,-1.069,33.85,31.5082,-0.141,"31.5082,   -0.141, 27 May 2026, 02:23:51"
2026-05-27T02:24:06.913930,3269,32070000,-0.015,0.011,-1.004,-3.618,0.382,-1.076,33.8,31.5045,-0.137,"31.5045,   -0.137, 27 May 2026, 02:24:01"
2026-05-27T02:24:16.977582,3270,32080000,-0.017,0.014,-1.011,-3.74,0.244,-1.023,33.85,31.5052,-0.138,"31.5052,   -0.138, 27 May 2026, 02:24:11"
2026-05-27T02:24:26.981973,3271,32090000,-0.014,0.018,-1.007,-3.626,0.359,-1.214,33.99,31.5015,-0.137,"31.5015,   -0.137, 27 May 2026, 02:24:21"
2026-05-27T02:24:36.910237,3272,32100000,-0.016,0.014,-1.017,-3.695,0.351,-0.962,33.94,31.5016,-0.14,"31.5016,   -0.140, 27 May 2026, 02:24:31"
2026-05-27T02:24:46.975357,3273,32110000,-0.017,0.01,-1.007,-3.473,0.427,-1.183,33.85,31.514,-0.137,"31.5140,   -0.137, 27 May 2026, 02:24:41"
2026-05-27T02:24:56.988965,3274,32120000,-0.014,0.016,-1.006,-3.58,0.26,-1.16,33.94,31.5218,-0.137,"31.5218,   -0.137, 27 May 2026, 02:24:51"
2026-05-27T02:25:06.920522,3275,32130000,-0.013,0.015,-1.01,-3.557,0.298,-1.0,33.89,31.5334,-0.14,"31.5334,   -0.140, 27 May 2026, 02:25:01"
2026-05-27T02:25:16.973746,3276,32140000,-0.016,0.012,-1.009,-3.557,0.275,-1.137,33.85,31.5402,-0.137,"31.5402,   -0.137, 27 May 2026, 02:25:11"
2026-05-27T02:25:26.977571,3277,32150000,-0.014,0.01,-1.007,-3.519,0.305,-0.992,33.99,31.5398,-0.138,"31.5398,   -0.138, 27 May 2026, 02:25:21"
2026-05-27T02:25:36.984079,3278,32160000,-0.02,0.014,-1.015,-3.641,0.321,-1.16,33.89,31.5364,-0.139,"31.5364,   -0.139, 27 May 2026, 02:25:31"
2026-05-27T02:25:46.990170,3279,32170000,-0.017,0.01,-1.01,-3.634,0.282,-1.107,33.99,31.5355,-0.138,"31.5355,   -0.138, 27 May 2026, 02:25:41"
2026-05-27T02:25:56.974839,3280,32180000,-0.015,0.018,-1.013,-3.641,0.244,-1.122,33.89,31.5335,-0.137,"31.5335,   -0.137, 27 May 2026, 02:25:51"
2026-05-27T02:26:06.909829,3281,32190000,-0.012,0.013,-0.996,-3.702,0.344,-1.214,33.89,31.5397,-0.138,"31.5397,   -0.138, 27 May 2026, 02:26:01"
2026-05-27T02:26:16.972705,3282,32200000,-0.012,0.014,-1.006,-3.496,0.351,-1.145,33.8,31.5315,-0.139,"31.5315,   -0.139, 27 May 2026, 02:26:11"
2026-05-27T02:26:26.982499,3283,32210000,-0.012,0.019,-1.02,-3.603,0.328,-1.015,33.8,31.5322,-0.141,"31.5322,   -0.141, 27 May 2026, 02:26:21"
2026-05-27T02:26:36.982006,3284,32220000,-0.015,0.014,-1.012,-3.359,0.267,-1.061,33.89,31.5323,-0.139,"31.5323,   -0.139, 27 May 2026, 02:26:31"
2026-05-27T02:26:46.973227,3285,32230000,-0.015,0.011,-1.01,-3.695,0.427,-1.046,33.85,31.5309,-0.136,"31.5309,   -0.136, 27 May 2026, 02:26:41"
2026-05-27T02:26:56.976256,3286,32240000,-0.014,0.011,-1.01,-3.702,0.359,-1.244,33.94,31.5356,-0.136,"31.5356,   -0.136, 27 May 2026, 02:26:51"
2026-05-27T02:27:06.914603,3287,32250000,-0.017,0.015,-1.006,-3.618,0.229,-0.924,33.94,31.536,-0.141,"31.5360,   -0.141, 27 May 2026, 02:27:01"
2026-05-27T02:27:16.969784,3288,32260000,-0.014,0.013,-1.008,-3.679,0.321,-1.137,33.94,31.548,-0.133,"31.5480,   -0.133, 27 May 2026, 02:27:11"
2026-05-27T02:27:26.991224,3289,32270000,-0.013,0.013,-1.012,-3.496,0.405,-1.168,33.94,31.5527,-0.138,"31.5527,   -0.138, 27 May 2026, 02:27:21"
2026-05-27T02:27:36.979671,3290,32280000,-0.012,0.011,-1.001,-3.58,0.336,-1.122,33.85,31.545,-0.139,"31.5450,   -0.139, 27 May 2026, 02:27:31"
2026-05-27T02:27:46.991422,3291,32290000,-0.022,0.016,-1.016,-3.511,0.344,-1.191,33.8,31.5432,-0.139,"31.5432,   -0.139, 27 May 2026, 02:27:41"
2026-05-27T02:27:56.989038,3292,32300000,-0.013,0.009,-1.005,-3.656,0.557,-0.969,33.85,31.5429,-0.137,"31.5429,   -0.137, 27 May 2026, 02:27:51"
2026-05-27T02:28:06.906680,3293,32310000,-0.012,0.02,-1.01,-3.481,0.397,-1.176,33.85,31.545,-0.137,"31.5450,   -0.137, 27 May 2026, 02:28:01"
2026-05-27T02:28:16.976009,3294,32320000,-0.015,0.012,-1.008,-3.603,0.405,-0.985,33.85,31.5401,-0.142,"31.5401,   -0.142, 27 May 2026, 02:28:11"
2026-05-27T02:28:26.990954,3295,32330000,-0.013,0.011,-1.003,-3.534,0.237,-1.282,33.99,31.5459,-0.136,"31.5459,   -0.136, 27 May 2026, 02:28:21"
2026-05-27T02:28:36.978452,3296,32340000,-0.018,0.015,-0.997,-3.656,0.397,-1.061,33.89,31.5493,-0.135,"31.5493,   -0.135, 27 May 2026, 02:28:31"
2026-05-27T02:28:47.035684,3297,32350000,-0.017,0.01,-1.007,-3.489,0.397,-1.069,33.85,31.545,-0.14,"31.5450,   -0.140, 27 May 2026, 02:28:41"
2026-05-27T02:28:56.973514,3298,32360000,-0.016,0.009,-1.006,-3.748,0.344,-0.954,33.85,31.5432,-0.136,"31.5432,   -0.136, 27 May 2026, 02:28:51"
2026-05-27T02:29:06.920941,3299,32370000,-0.015,0.008,-1.011,-3.511,0.366,-1.069,33.89,31.5414,-0.136,"31.5414,   -0.136, 27 May 2026, 02:29:01"
2026-05-27T02:29:16.977638,3300,32380000,-0.015,0.018,-1.01,-3.565,0.344,-1.069,33.85,31.5418,-0.137,"31.5418,   -0.137, 27 May 2026, 02:29:11"
2026-05-27T02:29:27.030646,3301,32390000,-0.013,0.01,-1.012,-3.603,0.473,-1.389,33.89,31.5461,-0.141,"31.5461,   -0.141, 27 May 2026, 02:29:21"
2026-05-27T02:29:36.991012,3302,32400000,-0.012,0.016,-1.019,-3.573,0.382,-1.137,33.89,31.5507,-0.138,"31.5507,   -0.138, 27 May 2026, 02:29:31"
2026-05-27T02:29:47.035244,3303,32410000,-0.015,0.011,-1.005,-3.626,0.351,-1.099,33.99,31.5479,-0.139,"31.5479,   -0.139, 27 May 2026, 02:29:41"
2026-05-27T02:29:57.050605,3304,32420000,-0.012,0.015,-1.006,-3.382,0.313,-0.947,33.85,31.5511,-0.141,"31.5511,   -0.141, 27 May 2026, 02:29:51"
2026-05-27T02:30:06.911912,3305,32430000,-0.015,0.018,-1.013,-3.573,0.443,-1.13,33.89,31.5527,-0.136,"31.5527,   -0.136, 27 May 2026, 02:30:01"
2026-05-27T02:30:16.976693,3306,32440000,-0.016,0.005,-1.006,-3.687,0.282,-1.26,33.85,31.5605,-0.137,"31.5605,   -0.137, 27 May 2026, 02:30:11"
2026-05-27T02:30:27.049847,3307,32450000,-0.018,0.019,-1.0,-3.473,0.359,-1.176,33.99,31.5599,-0.138,"31.5599,   -0.138, 27 May 2026, 02:30:21"
2026-05-27T02:30:36.974598,3308,32460000,-0.017,0.012,-1.01,-3.481,0.351,-1.145,34.04,31.5607,-0.138,"31.5607,   -0.138, 27 May 2026, 02:30:31"
2026-05-27T02:30:46.976405,3309,32470000,-0.02,0.011,-1.007,-3.603,0.382,-1.183,33.89,31.5652,-0.137,"31.5652,   -0.137, 27 May 2026, 02:30:41"
2026-05-27T02:30:57.032550,3310,32480000,-0.014,0.011,-1.011,-3.618,0.183,-0.985,33.99,31.5723,-0.141,"31.5723,   -0.141, 27 May 2026, 02:30:51"
2026-05-27T02:31:06.909760,3311,32490000,-0.016,0.013,-1.008,-3.534,0.229,-0.992,33.89,31.5771,-0.133,"31.5771,   -0.133, 27 May 2026, 02:31:01"
2026-05-27T02:31:17.034646,3312,32500000,-0.017,0.012,-1.01,-3.496,0.359,-1.29,33.85,31.5792,-0.14,"31.5792,   -0.140, 27 May 2026, 02:31:11"
2026-05-27T02:31:26.979997,3313,32510000,-0.011,0.011,-1.013,-3.519,0.275,-1.267,34.08,31.5784,-0.136,"31.5784,   -0.136, 27 May 2026, 02:31:21"
2026-05-27T02:31:36.975816,3314,32520000,-0.012,0.015,-1.014,-3.504,0.389,-1.26,33.85,31.579,-0.141,"31.5790,   -0.141, 27 May 2026, 02:31:31"
2026-05-27T02:31:46.975064,3315,32530000,-0.013,0.014,-1.014,-3.695,0.29,-1.206,33.94,31.5797,-0.137,"31.5797,   -0.137, 27 May 2026, 02:31:41"
2026-05-27T02:31:56.977062,3316,32540000,-0.009,0.01,-1.006,-3.634,0.305,-1.008,33.99,31.5774,-0.136,"31.5774,   -0.136, 27 May 2026, 02:31:51"
2026-05-27T02:32:07.004798,3317,32550000,-0.009,0.014,-1.001,-3.519,0.359,-1.092,33.85,31.5782,-0.141,"31.5782,   -0.141, 27 May 2026, 02:32:01"
2026-05-27T02:32:16.990428,3318,32560000,-0.007,0.008,-1.009,-3.473,0.328,-1.076,33.94,31.5791,-0.139,"31.5791,   -0.139, 27 May 2026, 02:32:11"
2026-05-27T02:32:26.978169,3319,32570000,-0.019,0.011,-1.004,-3.489,0.527,-0.947,33.85,31.5711,-0.139,"31.5711,   -0.139, 27 May 2026, 02:32:21"
2026-05-27T02:32:36.979398,3320,32580000,-0.017,0.019,-1.004,-3.511,0.374,-1.176,33.85,31.5678,-0.14,"31.5678,   -0.140, 27 May 2026, 02:32:31"
2026-05-27T02:32:46.976146,3321,32590000,-0.014,0.013,-1.004,-3.58,0.412,-1.145,33.89,31.5661,-0.14,"31.5661,   -0.140, 27 May 2026, 02:32:41"
2026-05-27T02:32:57.032873,3322,32600000,-0.011,0.01,-1.008,-3.473,0.29,-1.084,33.94,31.5693,-0.14,"31.5693,   -0.140, 27 May 2026, 02:32:51"
2026-05-27T02:33:06.912360,3323,32610000,-0.017,0.014,-1.003,-3.58,0.45,-1.038,33.99,31.5639,-0.139,"31.5639,   -0.139, 27 May 2026, 02:33:01"
2026-05-27T02:33:16.990882,3324,32620000,-0.013,0.014,-1.008,-3.466,0.313,-1.092,33.99,31.5688,-0.136,"31.5688,   -0.136, 27 May 2026, 02:33:11"
2026-05-27T02:33:26.980269,3325,32630000,-0.02,0.016,-1.004,-3.611,0.397,-1.099,33.89,31.5699,-0.132,"31.5699,   -0.132, 27 May 2026, 02:33:21"
2026-05-27T02:33:36.988986,3326,32640000,-0.017,0.016,-1.007,-3.618,0.374,-1.053,33.99,31.5723,-0.139,"31.5723,   -0.139, 27 May 2026, 02:33:31"
2026-05-27T02:33:47.036540,3327,32650000,-0.018,0.016,-1.007,-3.511,0.275,-1.137,33.99,31.5734,-0.14,"31.5734,   -0.140, 27 May 2026, 02:33:41"
2026-05-27T02:33:57.033174,3328,32660000,-0.021,0.009,-1.012,-3.595,0.328,-1.191,33.85,31.5699,-0.138,"31.5699,   -0.138, 27 May 2026, 02:33:51"
2026-05-27T02:34:06.916497,3329,32670000,-0.013,0.011,-1.002,-3.641,0.298,-1.053,33.89,31.5659,-0.137,"31.5659,   -0.137, 27 May 2026, 02:34:01"
2026-05-27T02:34:17.035929,3330,32680000,-0.013,0.009,-1.006,-3.679,0.443,-1.176,34.04,31.5729,-0.137,"31.5729,   -0.137, 27 May 2026, 02:34:11"
2026-05-27T02:34:27.052419,3331,32690000,-0.013,0.011,-0.998,-3.504,0.366,-1.099,33.99,31.578,-0.141,"31.5780,   -0.141, 27 May 2026, 02:34:21"
2026-05-27T02:34:37.050137,3332,32700000,-0.02,0.014,-1.016,-3.687,0.328,-1.031,34.04,31.574,-0.14,"31.5740,   -0.140, 27 May 2026, 02:34:31"
2026-05-27T02:34:46.990576,3333,32710000,-0.011,0.013,-1.01,-3.557,0.427,-1.168,33.89,31.5776,-0.141,"31.5776,   -0.141, 27 May 2026, 02:34:41"
2026-05-27T02:34:57.044915,3334,32720000,-0.017,0.014,-1.002,-3.565,0.489,-1.29,33.99,31.5793,-0.138,"31.5793,   -0.138, 27 May 2026, 02:34:51"
2026-05-27T02:35:06.906256,3335,32730000,-0.012,0.013,-1.0,-3.519,0.313,-1.031,33.99,31.5798,-0.138,"31.5798,   -0.138, 27 May 2026, 02:35:01"
2026-05-27T02:35:16.991207,3336,32740000,-0.014,0.012,-1.005,-3.412,0.504,-1.244,33.99,31.5846,-0.138,"31.5846,   -0.138, 27 May 2026, 02:35:11"
2026-05-27T02:35:26.989878,3337,32750000,-0.016,0.017,-1.004,-3.595,0.29,-1.099,33.99,31.5857,-0.139,"31.5857,   -0.139, 27 May 2026, 02:35:21"
2026-05-27T02:35:37.045418,3338,32760000,-0.016,0.009,-1.005,-3.603,0.412,-1.16,33.94,31.5847,-0.14,"31.5847,   -0.140, 27 May 2026, 02:35:31"
2026-05-27T02:35:47.031919,3339,32770000,-0.01,0.014,-1.001,-3.565,0.282,-1.183,33.89,31.5775,-0.142,"31.5775,   -0.142, 27 May 2026, 02:35:41"
2026-05-27T02:35:57.049411,3340,32780000,-0.012,0.013,-1.01,-3.618,0.389,-1.267,33.99,31.58,-0.139,"31.5800,   -0.139, 27 May 2026, 02:35:51"
2026-05-27T02:36:06.920218,3341,32790000,-0.016,0.011,-1.005,-3.542,0.282,-1.122,33.94,31.5905,-0.139,"31.5905,   -0.139, 27 May 2026, 02:36:01"
2026-05-27T02:36:16.990577,3342,32800000,-0.022,0.015,-1.009,-3.656,0.244,-1.053,33.89,31.6002,-0.139,"31.6002,   -0.139, 27 May 2026, 02:36:11"
2026-05-27T02:36:26.982061,3343,32810000,-0.017,0.012,-1.009,-3.695,0.443,-0.962,33.94,31.6056,-0.138,"31.6056,   -0.138, 27 May 2026, 02:36:21"
2026-05-27T02:36:36.976802,3344,32820000,-0.013,0.013,-1.013,-3.466,0.351,-1.053,33.89,31.6102,-0.14,"31.6102,   -0.140, 27 May 2026, 02:36:31"
2026-05-27T02:36:46.990286,3345,32830000,-0.011,0.008,-1.005,-3.641,0.466,-1.13,33.89,31.6062,-0.138,"31.6062,   -0.138, 27 May 2026, 02:36:41"
2026-05-27T02:36:56.973442,3346,32840000,-0.008,0.011,-1.004,-3.588,0.351,-0.962,33.94,31.5995,-0.136,"31.5995,   -0.136, 27 May 2026, 02:36:51"
2026-05-27T02:37:06.915439,3347,32850000,-0.016,0.012,-1.013,-3.527,0.412,-0.969,33.99,31.5939,-0.14,"31.5939,   -0.140, 27 May 2026, 02:37:01"
2026-05-27T02:37:17.035528,3348,32860000,-0.013,0.01,-1.007,-3.618,0.458,-1.206,33.89,31.5868,-0.14,"31.5868,   -0.140, 27 May 2026, 02:37:11"
2026-05-27T02:37:27.031953,3349,32870000,-0.007,0.013,-1.011,-3.489,0.275,-1.145,33.94,31.5843,-0.135,"31.5843,   -0.135, 27 May 2026, 02:37:21"
2026-05-27T02:37:37.034770,3350,32880000,-0.015,0.009,-1.008,-3.435,0.153,-0.863,33.89,31.5821,-0.141,"31.5821,   -0.141, 27 May 2026, 02:37:31"
2026-05-27T02:37:46.979484,3351,32890000,-0.016,0.012,-0.999,-3.519,0.305,-1.153,33.85,31.5812,-0.139,"31.5812,   -0.139, 27 May 2026, 02:37:41"
2026-05-27T02:37:56.975230,3352,32900000,-0.018,0.013,-1.007,-3.603,0.29,-1.13,33.94,31.5747,-0.14,"31.5747,   -0.140, 27 May 2026, 02:37:51"
2026-05-27T02:38:06.909053,3353,32910000,-0.017,0.018,-1.02,-3.534,0.443,-1.069,33.94,31.5736,-0.135,"31.5736,   -0.135, 27 May 2026, 02:38:01"
2026-05-27T02:38:16.982024,3354,32920000,-0.018,0.015,-1.005,-3.45,0.267,-0.924,33.99,31.5753,-0.135,"31.5753,   -0.135, 27 May 2026, 02:38:11"
2026-05-27T02:38:27.031715,3355,32930000,-0.011,0.008,-1.0,-3.58,0.397,-1.015,33.89,31.5793,-0.135,"31.5793,   -0.135, 27 May 2026, 02:38:21"
2026-05-27T02:38:36.976779,3356,32940000,-0.019,0.012,-1.015,-3.641,0.427,-1.069,33.94,31.5795,-0.137,"31.5795,   -0.137, 27 May 2026, 02:38:31"
2026-05-27T02:38:46.976083,3357,32950000,-0.015,0.014,-1.004,-3.489,0.344,-1.107,33.94,31.574,-0.135,"31.5740,   -0.135, 27 May 2026, 02:38:41"
2026-05-27T02:38:57.031068,3358,32960000,-0.016,0.013,-1.012,-3.389,0.412,-1.107,33.99,31.5841,-0.137,"31.5841,   -0.137, 27 May 2026, 02:38:51"
2026-05-27T02:39:06.906627,3359,32970000,-0.019,0.018,-1.006,-3.664,0.29,-1.046,33.99,31.594,-0.14,"31.5940,   -0.140, 27 May 2026, 02:39:01"
2026-05-27T02:39:16.988056,3360,32980000,-0.019,0.014,-1.01,-3.672,0.366,-1.015,33.99,31.6021,-0.137,"31.6021,   -0.137, 27 May 2026, 02:39:11"
2026-05-27T02:39:26.982891,3361,32990000,-0.012,0.016,-1.006,-3.55,0.351,-1.168,33.94,31.6082,-0.137,"31.6082,   -0.137, 27 May 2026, 02:39:21"
2026-05-27T02:39:37.050379,3362,33000000,-0.011,0.014,-1.01,-3.511,0.389,-1.015,33.99,31.603,-0.137,"31.6030,   -0.137, 27 May 2026, 02:39:31"
2026-05-27T02:39:47.046172,3363,33010000,-0.019,0.013,-1.004,-3.664,0.374,-1.008,34.08,31.6012,-0.14,"31.6012,   -0.140, 27 May 2026, 02:39:41"
2026-05-27T02:39:56.990303,3364,33020000,-0.013,0.009,-1.006,-3.626,0.321,-1.038,33.99,31.6005,-0.137,"31.6005,   -0.137, 27 May 2026, 02:39:51"
2026-05-27T02:40:06.920397,3365,33030000,-0.015,0.01,-1.011,-3.58,0.321,-1.084,33.94,31.5985,-0.136,"31.5985,   -0.136, 27 May 2026, 02:40:01"
2026-05-27T02:40:16.979752,3366,33040000,-0.014,0.012,-1.006,-3.626,0.099,-1.061,33.89,31.6038,-0.135,"31.6038,   -0.135, 27 May 2026, 02:40:11"
2026-05-27T02:40:26.981293,3367,33050000,-0.019,0.011,-1.009,-3.527,0.206,-1.031,33.99,31.6083,-0.136,"31.6083,   -0.136, 27 May 2026, 02:40:21"
2026-05-27T02:40:36.992283,3368,33060000,-0.015,0.011,-1.0,-3.504,0.282,-1.13,33.85,31.6064,-0.138,"31.6064,   -0.138, 27 May 2026, 02:40:31"
2026-05-27T02:40:46.986050,3369,33070000,-0.015,0.015,-1.006,-3.473,0.366,-1.084,34.08,31.6084,-0.137,"31.6084,   -0.137, 27 May 2026, 02:40:41"
2026-05-27T02:40:56.990517,3370,33080000,-0.012,0.015,-1.012,-3.542,0.328,-1.137,33.89,31.6139,-0.134,"31.6139,   -0.134, 27 May 2026, 02:40:51"
2026-05-27T02:41:06.920534,3371,33090000,-0.016,0.015,-1.008,-3.481,0.29,-1.031,33.94,31.6198,-0.138,"31.6198,   -0.138, 27 May 2026, 02:41:01"
2026-05-27T02:41:16.977895,3372,33100000,-0.021,0.017,-1.015,-3.511,0.42,-1.16,33.99,31.6301,-0.139,"31.6301,   -0.139, 27 May 2026, 02:41:11"
2026-05-27T02:41:27.039164,3373,33110000,-0.014,0.014,-1.003,-3.511,0.366,-1.092,33.94,31.6326,-0.137,"31.6326,   -0.137, 27 May 2026, 02:41:21"
2026-05-27T02:41:36.975809,3374,33120000,-0.006,0.014,-1.009,-3.603,0.29,-1.115,33.94,31.6363,-0.137,"31.6363,   -0.137, 27 May 2026, 02:41:31"
2026-05-27T02:41:46.990314,3375,33130000,-0.016,0.011,-1.006,-3.489,0.267,-1.122,33.99,31.641,-0.137,"31.6410,   -0.137, 27 May 2026, 02:41:41"
2026-05-27T02:41:57.046180,3376,33140000,-0.019,0.018,-1.009,-3.489,0.321,-1.038,34.04,31.642,-0.137,"31.6420,   -0.137, 27 May 2026, 02:41:51"
2026-05-27T02:42:06.905777,3377,33150000,-0.021,0.012,-1.011,-3.42,0.313,-1.137,34.13,31.6337,-0.136,"31.6337,   -0.136, 27 May 2026, 02:42:01"
2026-05-27T02:42:16.974581,3378,33160000,-0.022,0.013,-1.004,-3.267,0.336,-1.252,34.04,31.6341,-0.137,"31.6341,   -0.137, 27 May 2026, 02:42:11"
2026-05-27T02:42:26.974004,3379,33170000,-0.021,0.014,-1.008,-3.443,0.267,-1.099,33.89,31.6376,-0.138,"31.6376,   -0.138, 27 May 2026, 02:42:21"
2026-05-27T02:42:37.045601,3380,33180000,-0.013,0.01,-1.005,-3.534,0.321,-1.061,33.94,31.6301,-0.138,"31.6301,   -0.138, 27 May 2026, 02:42:31"
2026-05-27T02:42:46.981732,3381,33190000,-0.014,0.008,-1.0,-3.641,0.435,-1.031,33.85,31.6187,-0.141,"31.6187,   -0.141, 27 May 2026, 02:42:41"
2026-05-27T02:42:56.976068,3382,33200000,-0.017,0.017,-1.007,-3.565,0.351,-1.053,33.94,31.6133,-0.136,"31.6133,   -0.136, 27 May 2026, 02:42:51"
2026-05-27T02:43:06.916634,3383,33210000,-0.02,0.018,-1.002,-3.55,0.466,-1.023,34.04,31.6185,-0.139,"31.6185,   -0.139, 27 May 2026, 02:43:01"
2026-05-27T02:43:16.990962,3384,33220000,-0.014,0.011,-1.006,-3.519,0.351,-1.221,34.04,31.6205,-0.137,"31.6205,   -0.137, 27 May 2026, 02:43:11"
2026-05-27T02:43:27.046898,3385,33230000,-0.013,0.018,-1.013,-3.618,0.26,-1.084,34.04,31.6198,-0.138,"31.6198,   -0.138, 27 May 2026, 02:43:21"
2026-05-27T02:43:37.049161,3386,33240000,-0.014,0.016,-1.006,-3.58,0.489,-1.015,34.08,31.618,-0.134,"31.6180,   -0.134, 27 May 2026, 02:43:31"
2026-05-27T02:43:47.051525,3387,33250000,-0.02,0.011,-1.004,-3.664,0.359,-1.237,33.89,31.6158,-0.139,"31.6158,   -0.139, 27 May 2026, 02:43:41"
2026-05-27T02:43:56.974345,3388,33260000,-0.014,0.008,-1.012,-3.542,0.29,-1.069,34.04,31.6153,-0.138,"31.6153,   -0.138, 27 May 2026, 02:43:51"
2026-05-27T02:44:06.969897,3389,33270000,-0.013,0.019,-1.008,-3.618,0.366,-1.008,34.04,31.6218,-0.141,"31.6218,   -0.141, 27 May 2026, 02:44:01"
2026-05-27T02:44:17.037530,3390,33280000,-0.012,0.011,-0.997,-3.55,0.252,-1.198,33.99,31.6224,-0.134,"31.6224,   -0.134, 27 May 2026, 02:44:11"
2026-05-27T02:44:26.974588,3391,33290000,-0.013,0.014,-1.004,-3.718,0.198,-1.153,33.89,31.6244,-0.138,"31.6244,   -0.138, 27 May 2026, 02:44:21"
2026-05-27T02:44:36.982992,3392,33300000,-0.008,0.009,-1.014,-3.519,0.397,-1.053,33.94,31.6335,-0.136,"31.6335,   -0.136, 27 May 2026, 02:44:31"
2026-05-27T02:44:47.038925,3393,33310000,-0.018,0.011,-1.01,-3.641,0.313,-1.061,34.08,31.6346,-0.132,"31.6346,   -0.132, 27 May 2026, 02:44:41"
2026-05-27T02:44:56.990829,3394,33320000,-0.016,0.013,-1.009,-3.656,0.26,-1.107,34.08,31.6313,-0.138,"31.6313,   -0.138, 27 May 2026, 02:44:51"
2026-05-27T02:45:06.970468,3395,33330000,-0.017,0.011,-1.02,-3.58,0.229,-1.13,33.99,31.6306,-0.137,"31.6306,   -0.137, 27 May 2026, 02:45:01"
2026-05-27T02:45:16.974865,3396,33340000,-0.015,0.014,-1.0,-3.664,0.344,-1.061,34.04,31.6269,-0.137,"31.6269,   -0.137, 27 May 2026, 02:45:11"
2026-05-27T02:45:26.986901,3397,33350000,-0.019,0.015,-1.011,-3.557,0.374,-1.092,34.04,31.6354,-0.139,"31.6354,   -0.139, 27 May 2026, 02:45:21"
2026-05-27T02:45:36.984422,3398,33360000,-0.016,0.014,-1.01,-3.504,0.29,-1.015,34.04,31.6346,-0.137,"31.6346,   -0.137, 27 May 2026, 02:45:31"
2026-05-27T02:45:46.990371,3399,33370000,-0.015,0.01,-1.013,-3.481,0.344,-1.145,33.99,31.6338,-0.135,"31.6338,   -0.135, 27 May 2026, 02:45:41"
2026-05-27T02:45:56.990498,3400,33380000,-0.021,0.012,-1.008,-3.55,0.344,-1.275,34.08,31.6327,-0.142,"31.6327,   -0.142, 27 May 2026, 02:45:51"
2026-05-27T02:46:06.986734,3401,33390000,-0.01,0.013,-1.009,-3.443,0.397,-1.023,34.04,31.6308,-0.139,"31.6308,   -0.139, 27 May 2026, 02:46:01"
2026-05-27T02:46:16.990118,3402,33400000,-0.016,0.015,-1.006,-3.427,0.183,-0.962,33.89,31.6172,-0.137,"31.6172,   -0.137, 27 May 2026, 02:46:11"
2026-05-27T02:46:26.976270,3403,33410000,-0.009,0.009,-1.005,-3.527,0.42,-1.023,34.04,31.6192,-0.138,"31.6192,   -0.138, 27 May 2026, 02:46:21"
2026-05-27T02:46:36.990761,3404,33420000,-0.016,0.015,-1.016,-3.481,0.45,-1.183,34.04,31.6167,-0.135,"31.6167,   -0.135, 27 May 2026, 02:46:31"
2026-05-27T02:46:46.980077,3405,33430000,-0.013,0.017,-1.005,-3.58,0.351,-1.13,33.99,31.6168,-0.137,"31.6168,   -0.137, 27 May 2026, 02:46:41"
2026-05-27T02:46:56.983417,3406,33440000,-0.019,0.015,-1.013,-3.55,0.405,-1.16,34.04,31.6182,-0.136,"31.6182,   -0.136, 27 May 2026, 02:46:51"
2026-05-27T02:47:07.035933,3407,33450000,-0.021,0.013,-1.001,-3.71,0.244,-1.015,34.08,31.6278,-0.138,"31.6278,   -0.138, 27 May 2026, 02:47:01"
2026-05-27T02:47:17.040220,3408,33460000,-0.015,0.013,-1.002,-3.557,0.443,-0.992,33.99,31.6328,-0.14,"31.6328,   -0.140, 27 May 2026, 02:47:11"
2026-05-27T02:47:26.977967,3409,33470000,-0.017,0.021,-1.015,-3.534,0.466,-1.053,33.94,31.6363,-0.136,"31.6363,   -0.136, 27 May 2026, 02:47:21"
2026-05-27T02:47:37.040719,3410,33480000,-0.013,0.013,-1.008,-3.618,0.321,-1.145,33.99,31.6379,-0.138,"31.6379,   -0.138, 27 May 2026, 02:47:31"
2026-05-27T02:47:46.977907,3411,33490000,-0.012,0.012,-1.011,-3.588,0.382,-1.16,33.94,31.641,-0.137,"31.6410,   -0.137, 27 May 2026, 02:47:41"
2026-05-27T02:47:56.977869,3412,33500000,-0.014,0.011,-1.011,-3.527,0.382,-0.969,33.99,31.6544,-0.139,"31.6544,   -0.139, 27 May 2026, 02:47:51"
2026-05-27T02:48:06.982397,3413,33510000,-0.017,0.018,-1.014,-3.519,0.321,-1.023,33.99,31.6634,-0.138,"31.6634,   -0.138, 27 May 2026, 02:48:01"
2026-05-27T02:48:17.044987,3414,33520000,-0.015,0.009,-1.004,-3.702,0.42,-1.183,34.04,31.6649,-0.139,"31.6649,   -0.139, 27 May 2026, 02:48:11"
2026-05-27T02:48:27.050454,3415,33530000,-0.013,0.006,-1.01,-3.473,0.344,-1.26,34.04,31.6691,-0.142,"31.6691,   -0.142, 27 May 2026, 02:48:21"
2026-05-27T02:48:36.989496,3416,33540000,-0.016,0.013,-1.013,-3.649,0.435,-1.038,33.99,31.6672,-0.139,"31.6672,   -0.139, 27 May 2026, 02:48:31"
2026-05-27T02:48:46.989799,3417,33550000,-0.019,0.014,-1.018,-3.504,0.267,-1.229,33.99,31.6626,-0.137,"31.6626,   -0.137, 27 May 2026, 02:48:41"
2026-05-27T02:48:56.977485,3418,33560000,-0.016,0.012,-1.016,-3.626,0.229,-1.084,33.99,31.6537,-0.14,"31.6537,   -0.140, 27 May 2026, 02:48:51"
2026-05-27T02:49:07.033125,3419,33570000,-0.019,0.014,-1.005,-3.725,0.45,-1.092,33.94,31.6587,-0.139,"31.6587,   -0.139, 27 May 2026, 02:49:01"
2026-05-27T02:49:17.034131,3420,33580000,-0.009,0.015,-1.005,-3.626,0.321,-1.023,33.99,31.6553,-0.141,"31.6553,   -0.141, 27 May 2026, 02:49:11"
2026-05-27T02:49:27.047704,3421,33590000,-0.015,0.013,-1.007,-3.55,0.26,-1.145,33.94,31.648,-0.135,"31.6480,   -0.135, 27 May 2026, 02:49:21"
2026-05-27T02:49:36.990942,3422,33600000,-0.013,0.014,-1.006,-3.58,0.359,-1.084,34.04,31.6405,-0.136,"31.6405,   -0.136, 27 May 2026, 02:49:31"
2026-05-27T02:49:46.975266,3423,33610000,-0.016,0.011,-1.008,-3.527,0.244,-1.183,33.99,31.6411,-0.14,"31.6411,   -0.140, 27 May 2026, 02:49:41"
2026-05-27T02:49:56.977055,3424,33620000,-0.013,0.015,-1.011,-3.634,0.198,-1.061,33.89,31.6471,-0.14,"31.6471,   -0.140, 27 May 2026, 02:49:51"
2026-05-27T02:50:06.976527,3425,33630000,-0.013,0.017,-1.005,-3.588,0.397,-0.947,34.08,31.6515,-0.139,"31.6515,   -0.139, 27 May 2026, 02:50:01"
2026-05-27T02:50:17.048092,3426,33640000,-0.011,0.01,-1.002,-3.641,0.351,-1.206,34.08,31.6505,-0.138,"31.6505,   -0.138, 27 May 2026, 02:50:11"
2026-05-27T02:50:27.035628,3427,33650000,-0.012,0.01,-1.014,-3.458,0.305,-1.107,34.13,31.6538,-0.137,"31.6538,   -0.137, 27 May 2026, 02:50:21"
2026-05-27T02:50:36.986582,3428,33660000,-0.013,0.017,-1.011,-3.45,0.267,-1.038,34.08,31.6577,-0.14,"31.6577,   -0.140, 27 May 2026, 02:50:31"
2026-05-27T02:50:47.051191,3429,33670000,-0.016,0.017,-1.01,-3.573,0.382,-1.092,34.08,31.6572,-0.139,"31.6572,   -0.139, 27 May 2026, 02:50:41"
2026-05-27T02:50:57.047453,3430,33680000,-0.012,0.016,-0.999,-3.763,0.321,-1.252,33.99,31.6593,-0.138,"31.6593,   -0.138, 27 May 2026, 02:50:51"
2026-05-27T02:51:07.039950,3431,33690000,-0.01,0.017,-1.025,-3.603,0.313,-1.183,34.08,31.6631,-0.134,"31.6631,   -0.134, 27 May 2026, 02:51:01"
2026-05-27T02:51:16.992006,3432,33700000,-0.015,0.015,-1.007,-3.626,0.252,-1.061,34.13,31.6681,-0.137,"31.6681,   -0.137, 27 May 2026, 02:51:11"
2026-05-27T02:51:26.979021,3433,33710000,-0.01,0.011,-1.005,-3.42,0.237,-1.214,34.04,31.6691,-0.137,"31.6691,   -0.137, 27 May 2026, 02:51:21"
2026-05-27T02:51:37.032361,3434,33720000,-0.018,0.015,-1.011,-3.634,0.435,-1.13,33.99,31.6799,-0.137,"31.6799,   -0.137, 27 May 2026, 02:51:31"
2026-05-27T02:51:46.982315,3435,33730000,-0.022,0.013,-1.008,-3.603,0.382,-1.137,34.08,31.6763,-0.137,"31.6763,   -0.137, 27 May 2026, 02:51:41"
2026-05-27T02:51:56.991499,3436,33740000,-0.018,0.013,-1.011,-3.626,0.298,-1.198,34.08,31.6685,-0.14,"31.6685,   -0.140, 27 May 2026, 02:51:51"
2026-05-27T02:52:06.991454,3437,33750000,-0.017,0.016,-1.01,-3.527,0.305,-1.153,34.04,31.6669,-0.136,"31.6669,   -0.136, 27 May 2026, 02:52:01"
2026-05-27T02:52:16.975280,3438,33760000,-0.015,0.012,-1.001,-3.664,0.382,-1.008,34.08,31.6748,-0.138,"31.6748,   -0.138, 27 May 2026, 02:52:11"
2026-05-27T02:52:26.990556,3439,33770000,-0.016,0.014,-1.011,-3.458,0.351,-0.947,34.08,31.678,-0.139,"31.6780,   -0.139, 27 May 2026, 02:52:21"
2026-05-27T02:52:36.990980,3440,33780000,-0.014,0.015,-1.016,-3.534,0.42,-0.908,33.99,31.678,-0.14,"31.6780,   -0.140, 27 May 2026, 02:52:31"
2026-05-27T02:52:47.051328,3441,33790000,-0.016,0.014,-0.998,-3.55,0.206,-1.038,34.04,31.6699,-0.14,"31.6699,   -0.140, 27 May 2026, 02:52:41"
2026-05-27T02:52:56.982807,3442,33800000,-0.013,0.015,-1.02,-3.634,0.344,-1.13,34.08,31.6611,-0.136,"31.6611,   -0.136, 27 May 2026, 02:52:51"
2026-05-27T02:53:07.049966,3443,33810000,-0.017,0.012,-1.006,-3.664,0.206,-1.267,34.04,31.6625,-0.138,"31.6625,   -0.138, 27 May 2026, 02:53:01"
2026-05-27T02:53:16.974324,3444,33820000,-0.012,0.02,-1.004,-3.687,0.313,-1.237,34.08,31.6662,-0.139,"31.6662,   -0.139, 27 May 2026, 02:53:11"
2026-05-27T02:53:27.037204,3445,33830000,-0.012,0.013,-1.014,-3.595,0.298,-1.107,34.04,31.6743,-0.139,"31.6743,   -0.139, 27 May 2026, 02:53:21"
2026-05-27T02:53:36.976205,3446,33840000,-0.016,0.009,-1.01,-3.58,0.313,-1.168,34.04,31.6752,-0.136,"31.6752,   -0.136, 27 May 2026, 02:53:31"
2026-05-27T02:53:46.984919,3447,33850000,-0.013,0.014,-1.007,-3.664,0.366,-1.053,34.04,31.6872,-0.14,"31.6872,   -0.140, 27 May 2026, 02:53:41"
2026-05-27T02:53:56.989599,3448,33860000,-0.017,0.007,-1.008,-3.496,0.298,-1.13,34.08,31.6905,-0.137,"31.6905,   -0.137, 27 May 2026, 02:53:51"
2026-05-27T02:54:07.042749,3449,33870000,-0.012,0.02,-1.015,-3.687,0.321,-0.924,34.08,31.6853,-0.137,"31.6853,   -0.137, 27 May 2026, 02:54:01"
2026-05-27T02:54:17.046119,3450,33880000,-0.011,0.012,-1.009,-3.427,0.29,-1.206,33.99,31.6933,-0.137,"31.6933,   -0.137, 27 May 2026, 02:54:11"
2026-05-27T02:54:27.051881,3451,33890000,-0.01,0.007,-1.004,-3.534,0.237,-1.084,33.99,31.6889,-0.138,"31.6889,   -0.138, 27 May 2026, 02:54:21"
2026-05-27T02:54:36.985411,3452,33900000,-0.005,0.015,-1.007,-3.611,0.282,-0.985,34.04,31.6841,-0.139,"31.6841,   -0.139, 27 May 2026, 02:54:31"
2026-05-27T02:54:47.034997,3453,33910000,-0.019,0.019,-1.015,-3.496,0.252,-0.985,34.04,31.684,-0.137,"31.6840,   -0.137, 27 May 2026, 02:54:41"
2026-05-27T02:54:56.990049,3454,33920000,-0.018,0.01,-1.012,-3.565,0.435,-1.061,34.08,31.6874,-0.14,"31.6874,   -0.140, 27 May 2026, 02:54:51"
2026-05-27T02:55:07.033678,3455,33930000,-0.017,0.007,-1.011,-3.412,0.229,-1.115,34.04,31.6977,-0.139,"31.6977,   -0.139, 27 May 2026, 02:55:01"
2026-05-27T02:55:17.046690,3456,33940000,-0.008,0.016,-1.0,-3.519,0.221,-1.191,34.08,31.6993,-0.136,"31.6993,   -0.136, 27 May 2026, 02:55:11"
2026-05-27T02:55:26.991844,3457,33950000,-0.009,0.014,-1.013,-3.71,0.366,-1.031,34.04,31.7076,-0.14,"31.7076,   -0.140, 27 May 2026, 02:55:21"
2026-05-27T02:55:37.035858,3458,33960000,-0.015,0.012,-1.013,-3.473,0.336,-1.214,33.99,31.7061,-0.137,"31.7061,   -0.137, 27 May 2026, 02:55:31"
2026-05-27T02:55:46.990185,3459,33970000,-0.017,0.011,-1.007,-3.527,0.389,-0.916,34.04,31.6999,-0.136,"31.6999,   -0.136, 27 May 2026, 02:55:41"
2026-05-27T02:55:57.038542,3460,33980000,-0.015,0.013,-1.008,-3.542,0.29,-1.008,33.99,31.6906,-0.133,"31.6906,   -0.133, 27 May 2026, 02:55:51"
2026-05-27T02:56:06.975016,3461,33990000,-0.019,0.014,-1.008,-3.55,0.351,-0.992,34.08,31.6884,-0.139,"31.6884,   -0.139, 27 May 2026, 02:56:01"
2026-05-27T02:56:16.991316,3462,34000000,-0.011,0.012,-1.006,-3.573,0.344,-1.122,34.08,31.6857,-0.14,"31.6857,   -0.140, 27 May 2026, 02:56:11"
2026-05-27T02:56:27.050683,3463,34010000,-0.017,0.013,-1.015,-3.71,0.137,-1.321,34.04,31.6875,-0.14,"31.6875,   -0.140, 27 May 2026, 02:56:21"
2026-05-27T02:56:37.051712,3464,34020000,-0.018,0.015,-1.002,-3.496,0.389,-1.237,34.04,31.6857,-0.137,"31.6857,   -0.137, 27 May 2026, 02:56:31"
2026-05-27T02:56:47.033760,3465,34030000,-0.01,0.01,-1.015,-3.511,0.336,-1.053,34.08,31.6872,-0.141,"31.6872,   -0.141, 27 May 2026, 02:56:41"
2026-05-27T02:56:56.978090,3466,34040000,-0.025,0.009,-1.006,-3.649,0.534,-1.076,33.89,31.6877,-0.14,"31.6877,   -0.140, 27 May 2026, 02:56:51"
2026-05-27T02:57:06.975485,3467,34050000,-0.013,0.012,-1.01,-3.42,0.298,-1.145,34.18,31.682,-0.14,"31.6820,   -0.140, 27 May 2026, 02:57:01"
2026-05-27T02:57:16.975558,3468,34060000,-0.017,0.012,-1.011,-3.702,0.42,-1.313,34.08,31.694,-0.141,"31.6940,   -0.141, 27 May 2026, 02:57:11"
2026-05-27T02:57:26.979511,3469,34070000,-0.013,0.009,-1.015,-3.443,0.351,-1.16,34.04,31.6949,-0.136,"31.6949,   -0.136, 27 May 2026, 02:57:21"
2026-05-27T02:57:37.036538,3470,34080000,-0.015,0.016,-1.012,-3.573,0.321,-0.954,34.08,31.6962,-0.141,"31.6962,   -0.141, 27 May 2026, 02:57:31"
2026-05-27T02:57:46.990929,3471,34090000,-0.012,0.01,-1.002,-3.504,0.282,-1.13,34.13,31.6979,-0.14,"31.6979,   -0.140, 27 May 2026, 02:57:41"
2026-05-27T02:57:57.048517,3472,34100000,-0.017,0.014,-1.018,-3.519,0.29,-1.069,33.94,31.6985,-0.139,"31.6985,   -0.139, 27 May 2026, 02:57:51"
2026-05-27T02:58:06.975807,3473,34110000,-0.018,0.01,-1.01,-3.443,0.336,-1.076,34.08,31.7037,-0.141,"31.7037,   -0.141, 27 May 2026, 02:58:01"
2026-05-27T02:58:17.049941,3474,34120000,-0.009,0.012,-1.011,-3.542,0.534,-1.092,34.13,31.7033,-0.138,"31.7033,   -0.138, 27 May 2026, 02:58:11"
2026-05-27T02:58:27.052400,3475,34130000,-0.018,0.015,-1.01,-3.534,0.405,-1.214,33.99,31.7035,-0.136,"31.7035,   -0.136, 27 May 2026, 02:58:21"
2026-05-27T02:58:36.976359,3476,34140000,-0.014,0.015,-1.001,-3.45,0.313,-1.16,34.13,31.7067,-0.141,"31.7067,   -0.141, 27 May 2026, 02:58:31"
2026-05-27T02:58:46.989122,3477,34150000,-0.016,0.014,-1.016,-3.611,0.481,-1.16,34.08,31.7065,-0.139,"31.7065,   -0.139, 27 May 2026, 02:58:41"
2026-05-27T02:58:56.976231,3478,34160000,-0.01,0.018,-1.004,-3.542,0.344,-0.931,34.04,31.7115,-0.136,"31.7115,   -0.136, 27 May 2026, 02:58:51"
2026-05-27T02:59:07.032498,3479,34170000,-0.022,0.018,-1.007,-3.573,0.542,-1.229,34.13,31.7086,-0.138,"31.7086,   -0.138, 27 May 2026, 02:59:01"
2026-05-27T02:59:16.990877,3480,34180000,-0.017,0.009,-1.013,-3.481,0.344,-0.977,34.08,31.7103,-0.139,"31.7103,   -0.139, 27 May 2026, 02:59:11"
2026-05-27T02:59:26.984387,3481,34190000,-0.013,0.017,-1.018,-3.496,0.374,-1.153,34.08,31.7066,-0.139,"31.7066,   -0.139, 27 May 2026, 02:59:21"
2026-05-27T02:59:37.051177,3482,34200000,-0.014,0.015,-1.014,-3.489,0.366,-1.031,34.04,31.7083,-0.136,"31.7083,   -0.136, 27 May 2026, 02:59:31"
2026-05-27T02:59:46.990524,3483,34210000,-0.012,0.012,-1.011,-3.534,0.275,-1.069,33.99,31.7019,-0.138,"31.7019,   -0.138, 27 May 2026, 02:59:41"
2026-05-27T02:59:56.977267,3484,34220000,-0.017,0.016,-1.014,-3.55,0.489,-1.13,34.04,31.7044,-0.136,"31.7044,   -0.136, 27 May 2026, 02:59:51"
2026-05-27T03:00:06.904143,3485,34230000,-0.017,0.013,-1.007,-3.481,0.313,-1.053,34.18,31.6995,-0.14,"31.6995,   -0.140, 27 May 2026, 03:00:01"
2026-05-27T03:00:17.030578,3486,34240000,-0.012,0.014,-1.005,-3.687,0.244,-1.16,34.04,31.7031,-0.139,"31.7031,   -0.139, 27 May 2026, 03:00:11"
2026-05-27T03:00:27.040369,3487,34250000,-0.021,0.019,-1.024,-3.603,0.252,-1.13,34.04,31.7076,-0.138,"31.7076,   -0.138, 27 May 2026, 03:00:21"
2026-05-27T03:00:36.990654,3488,34260000,-0.013,0.01,-1.001,-3.458,0.313,-1.137,34.08,31.7054,-0.136,"31.7054,   -0.136, 27 May 2026, 03:00:31"
2026-05-27T03:00:46.991392,3489,34270000,-0.016,0.016,-1.005,-3.473,0.351,-1.13,34.13,31.709,-0.139,"31.7090,   -0.139, 27 May 2026, 03:00:41"
2026-05-27T03:00:56.975521,3490,34280000,-0.022,0.008,-1.011,-3.481,0.435,-0.916,34.08,31.7077,-0.14,"31.7077,   -0.140, 27 May 2026, 03:00:51"
2026-05-27T03:01:06.910513,3491,34290000,-0.009,0.015,-1.008,-3.405,0.366,-1.214,34.18,31.7057,-0.138,"31.7057,   -0.138, 27 May 2026, 03:01:01"
2026-05-27T03:01:17.046595,3492,34300000,-0.017,0.015,-1.012,-3.588,0.435,-1.115,34.08,31.7095,-0.138,"31.7095,   -0.138, 27 May 2026, 03:01:11"
2026-05-27T03:01:27.042732,3493,34310000,-0.014,0.017,-1.006,-3.542,0.344,-1.13,34.13,31.716,-0.14,"31.7160,   -0.140, 27 May 2026, 03:01:21"
2026-05-27T03:01:36.983641,3494,34320000,-0.015,0.013,-1.004,-3.435,0.435,-0.977,34.04,31.7208,-0.139,"31.7208,   -0.139, 27 May 2026, 03:01:31"
2026-05-27T03:01:47.030757,3495,34330000,-0.013,0.013,-1.023,-3.42,0.221,-0.992,34.08,31.7162,-0.136,"31.7162,   -0.136, 27 May 2026, 03:01:41"
2026-05-27T03:01:57.043308,3496,34340000,-0.019,0.016,-1.017,-3.511,0.092,-1.038,34.08,31.7096,-0.139,"31.7096,   -0.139, 27 May 2026, 03:01:51"
2026-05-27T03:02:06.906507,3497,34350000,-0.014,0.014,-1.004,-3.435,0.397,-0.893,33.99,31.7029,-0.141,"31.7029,   -0.141, 27 May 2026, 03:02:01"
2026-05-27T03:02:16.991290,3498,34360000,-0.013,0.013,-1.004,-3.611,0.42,-1.153,34.13,31.702,-0.141,"31.7020,   -0.141, 27 May 2026, 03:02:11"
2026-05-27T03:02:27.050358,3499,34370000,-0.018,0.014,-1.006,-3.687,0.313,-1.084,34.08,31.7104,-0.138,"31.7104,   -0.138, 27 May 2026, 03:02:21"
2026-05-27T03:02:36.971448,3500,34380000,-0.016,0.015,-1.009,-3.466,0.382,-1.061,34.13,31.7094,-0.139,"31.7094,   -0.139, 27 May 2026, 03:02:31"
2026-05-27T03:02:46.978546,3501,34390000,-0.013,0.017,-1.005,-3.573,0.321,-1.168,34.04,31.713,-0.139,"31.7130,   -0.139, 27 May 2026, 03:02:41"
2026-05-27T03:02:57.032973,3502,34400000,-0.016,0.009,-1.002,-3.557,0.389,-1.084,34.08,31.7202,-0.14,"31.7202,   -0.140, 27 May 2026, 03:02:51"
2026-05-27T03:03:06.991814,3503,34410000,-0.013,0.013,-1.008,-3.641,0.496,-1.031,34.04,31.7192,-0.136,"31.7192,   -0.136, 27 May 2026, 03:03:01"
2026-05-27T03:03:16.978071,3504,34420000,-0.016,0.011,-1.005,-3.458,0.229,-1.145,34.08,31.717,-0.14,"31.7170,   -0.140, 27 May 2026, 03:03:11"
2026-05-27T03:03:27.035513,3505,34430000,-0.01,0.014,-1.023,-3.557,0.229,-1.16,34.13,31.7166,-0.137,"31.7166,   -0.137, 27 May 2026, 03:03:21"
2026-05-27T03:03:36.978643,3506,34440000,-0.016,0.016,-1.01,-3.496,0.336,-0.985,34.08,31.7108,-0.135,"31.7108,   -0.135, 27 May 2026, 03:03:31"
2026-05-27T03:03:46.990903,3507,34450000,-0.013,0.013,-1.0,-3.626,0.359,-1.16,34.08,31.718,-0.139,"31.7180,   -0.139, 27 May 2026, 03:03:41"
2026-05-27T03:03:56.973343,3508,34460000,-0.017,0.014,-1.0,-3.702,0.26,-1.076,34.08,31.7192,-0.137,"31.7192,   -0.137, 27 May 2026, 03:03:51"
2026-05-27T03:04:06.968480,3509,34470000,-0.014,0.016,-1.005,-3.641,0.321,-1.115,34.18,31.715,-0.138,"31.7150,   -0.138, 27 May 2026, 03:04:01"
2026-05-27T03:04:16.982590,3510,34480000,-0.016,0.013,-1.003,-3.466,0.473,-1.031,33.99,31.7128,-0.133,"31.7128,   -0.133, 27 May 2026, 03:04:11"
2026-05-27T03:04:27.033233,3511,34490000,-0.011,0.014,-1.006,-3.611,0.519,-1.198,34.18,31.7209,-0.137,"31.7209,   -0.137, 27 May 2026, 03:04:21"
2026-05-27T03:04:36.992788,3512,34500000,-0.02,0.016,-1.014,-3.71,0.412,-1.046,34.08,31.7221,-0.136,"31.7221,   -0.136, 27 May 2026, 03:04:31"
2026-05-27T03:04:46.978162,3513,34510000,-0.013,0.013,-1.003,-3.595,0.214,-1.008,34.13,31.7335,-0.136,"31.7335,   -0.136, 27 May 2026, 03:04:41"
2026-05-27T03:04:56.976000,3514,34520000,-0.015,0.012,-1.009,-3.611,0.275,-0.969,34.04,31.7448,-0.138,"31.7448,   -0.138, 27 May 2026, 03:04:51"
2026-05-27T03:05:06.972209,3515,34530000,-0.015,0.017,-1.015,-3.565,0.183,-1.115,34.04,31.7524,-0.141,"31.7524,   -0.141, 27 May 2026, 03:05:01"
2026-05-27T03:05:16.974613,3516,34540000,-0.011,0.013,-1.011,-3.55,0.237,-1.038,34.08,31.7528,-0.14,"31.7528,   -0.140, 27 May 2026, 03:05:11"
2026-05-27T03:05:27.037442,3517,34550000,-0.013,0.014,-1.004,-3.595,0.13,-1.13,34.04,31.7529,-0.136,"31.7529,   -0.136, 27 May 2026, 03:05:21"
2026-05-27T03:05:36.992072,3518,34560000,-0.014,0.014,-1.018,-3.511,0.382,-1.168,34.13,31.7523,-0.134,"31.7523,   -0.134, 27 May 2026, 03:05:31"
2026-05-27T03:05:47.036838,3519,34570000,-0.016,0.012,-1.013,-3.542,0.244,-1.122,34.08,31.7589,-0.137,"31.7589,   -0.137, 27 May 2026, 03:05:41"
2026-05-27T03:05:57.043109,3520,34580000,-0.019,0.013,-1.011,-3.496,0.351,-1.122,34.08,31.7647,-0.136,"31.7647,   -0.136, 27 May 2026, 03:05:51"
2026-05-27T03:06:06.973787,3521,34590000,-0.012,0.013,-1.001,-3.634,0.359,-1.137,34.08,31.7579,-0.141,"31.7579,   -0.141, 27 May 2026, 03:06:01"
2026-05-27T03:06:17.047279,3522,34600000,-0.016,0.017,-1.002,-3.626,0.29,-1.0,34.08,31.7502,-0.135,"31.7502,   -0.135, 27 May 2026, 03:06:11"
2026-05-27T03:06:26.972568,3523,34610000,-0.012,0.014,-1.008,-3.55,0.382,-0.947,34.13,31.7452,-0.138,"31.7452,   -0.138, 27 May 2026, 03:06:21"
2026-05-27T03:06:37.034595,3524,34620000,-0.015,0.013,-1.01,-3.435,0.229,-1.107,34.13,31.7492,-0.137,"31.7492,   -0.137, 27 May 2026, 03:06:31"
2026-05-27T03:06:47.035753,3525,34630000,-0.016,0.017,-1.009,-3.664,0.321,-1.275,34.18,31.7528,-0.134,"31.7528,   -0.134, 27 May 2026, 03:06:41"
2026-05-27T03:06:56.975982,3526,34640000,-0.019,0.011,-1.001,-3.504,0.496,-1.137,34.13,31.7665,-0.137,"31.7665,   -0.137, 27 May 2026, 03:06:51"
2026-05-27T03:07:06.975839,3527,34650000,-0.01,0.009,-1.014,-3.634,0.336,-1.153,34.13,31.7706,-0.14,"31.7706,   -0.140, 27 May 2026, 03:07:01"
2026-05-27T03:07:17.033042,3528,34660000,-0.017,0.009,-1.01,-3.527,0.366,-1.031,34.18,31.7793,-0.137,"31.7793,   -0.137, 27 May 2026, 03:07:11"
2026-05-27T03:07:27.036746,3529,34670000,-0.015,0.013,-1.011,-3.496,0.344,-1.015,34.22,31.781,-0.137,"31.7810,   -0.137, 27 May 2026, 03:07:21"
2026-05-27T03:07:36.974248,3530,34680000,-0.011,0.013,-1.006,-3.626,0.359,-1.107,34.04,31.782,-0.136,"31.7820,   -0.136, 27 May 2026, 03:07:31"
2026-05-27T03:07:46.993345,3531,34690000,-0.012,0.012,-1.01,-3.603,0.313,-1.16,34.08,31.7827,-0.136,"31.7827,   -0.136, 27 May 2026, 03:07:41"
2026-05-27T03:07:57.033903,3532,34700000,-0.009,0.014,-1.009,-3.55,0.534,-1.031,34.13,31.7847,-0.14,"31.7847,   -0.140, 27 May 2026, 03:07:51"
2026-05-27T03:08:06.971520,3533,34710000,-0.013,0.017,-1.009,-3.458,0.26,-1.221,34.13,31.7784,-0.137,"31.7784,   -0.137, 27 May 2026, 03:08:01"
2026-05-27T03:08:17.051044,3534,34720000,-0.015,0.014,-1.003,-3.473,0.29,-1.0,34.18,31.7752,-0.139,"31.7752,   -0.139, 27 May 2026, 03:08:11"
2026-05-27T03:08:27.035941,3535,34730000,-0.019,0.008,-1.006,-3.588,0.405,-1.046,34.18,31.7823,-0.132,"31.7823,   -0.132, 27 May 2026, 03:08:21"
2026-05-27T03:08:37.034710,3536,34740000,-0.014,0.013,-1.012,-3.626,0.412,-1.107,34.08,31.7859,-0.141,"31.7859,   -0.141, 27 May 2026, 03:08:31"
2026-05-27T03:08:47.051302,3537,34750000,-0.013,0.013,-1.009,-3.557,0.336,-1.053,34.18,31.7824,-0.14,"31.7824,   -0.140, 27 May 2026, 03:08:41"
2026-05-27T03:08:57.036188,3538,34760000,-0.015,0.012,-1.018,-3.557,0.55,-1.115,34.22,31.7712,-0.138,"31.7712,   -0.138, 27 May 2026, 03:08:51"
2026-05-27T03:09:06.990209,3539,34770000,-0.013,0.013,-1.008,-3.473,0.397,-0.985,34.18,31.7705,-0.136,"31.7705,   -0.136, 27 May 2026, 03:09:01"
2026-05-27T03:09:16.990893,3540,34780000,-0.01,0.017,-1.009,-3.504,0.366,-1.092,34.08,31.7707,-0.139,"31.7707,   -0.139, 27 May 2026, 03:09:11"
2026-05-27T03:09:26.992056,3541,34790000,-0.009,0.014,-1.008,-3.603,0.183,-1.183,34.04,31.7674,-0.138,"31.7674,   -0.138, 27 May 2026, 03:09:21"
2026-05-27T03:09:36.976215,3542,34800000,-0.017,0.012,-1.01,-3.496,0.458,-1.13,34.04,31.7722,-0.138,"31.7722,   -0.138, 27 May 2026, 03:09:31"
2026-05-27T03:09:46.975975,3543,34810000,-0.01,0.013,-1.013,-3.71,0.298,-0.969,34.13,31.7688,-0.137,"31.7688,   -0.137, 27 May 2026, 03:09:41"
2026-05-27T03:09:56.982414,3544,34820000,-0.01,0.018,-1.002,-3.519,0.443,-1.214,34.13,31.7623,-0.139,"31.7623,   -0.139, 27 May 2026, 03:09:51"
2026-05-27T03:10:06.974359,3545,34830000,-0.007,0.01,-1.003,-3.458,0.351,-1.053,34.13,31.764,-0.14,"31.7640,   -0.140, 27 May 2026, 03:10:01"
2026-05-27T03:10:16.980182,3546,34840000,-0.021,0.011,-1.009,-3.58,0.351,-1.076,34.18,31.7633,-0.136,"31.7633,   -0.136, 27 May 2026, 03:10:11"
2026-05-27T03:10:26.979081,3547,34850000,-0.015,0.011,-1.003,-3.756,0.275,-1.206,34.18,31.7685,-0.139,"31.7685,   -0.139, 27 May 2026, 03:10:21"
2026-05-27T03:10:37.034233,3548,34860000,-0.012,0.017,-1.024,-3.656,0.344,-1.115,34.08,31.771,-0.137,"31.7710,   -0.137, 27 May 2026, 03:10:31"
2026-05-27T03:10:47.036512,3549,34870000,-0.012,0.021,-1.014,-3.679,0.298,-1.084,34.18,31.7703,-0.139,"31.7703,   -0.139, 27 May 2026, 03:10:41"
2026-05-27T03:10:57.044586,3550,34880000,-0.016,0.01,-1.009,-3.519,0.244,-1.16,34.18,31.7656,-0.137,"31.7656,   -0.137, 27 May 2026, 03:10:51"
2026-05-27T03:11:07.029462,3551,34890000,-0.012,0.008,-1.003,-3.458,0.374,-1.076,34.18,31.7796,-0.138,"31.7796,   -0.138, 27 May 2026, 03:11:01"
2026-05-27T03:11:17.048038,3552,34900000,-0.013,0.012,-1.006,-3.679,0.305,-1.145,34.08,31.7879,-0.138,"31.7879,   -0.138, 27 May 2026, 03:11:11"
2026-05-27T03:11:27.034382,3553,34910000,-0.014,0.015,-1.0,-3.435,0.328,-1.168,34.18,31.7942,-0.139,"31.7942,   -0.139, 27 May 2026, 03:11:21"
2026-05-27T03:11:37.039547,3554,34920000,-0.014,0.014,-1.01,-3.618,0.374,-1.115,34.18,31.7969,-0.135,"31.7969,   -0.135, 27 May 2026, 03:11:31"
2026-05-27T03:11:47.038741,3555,34930000,-0.014,0.011,-1.011,-3.649,0.267,-1.145,34.13,31.8047,-0.136,"31.8047,   -0.136, 27 May 2026, 03:11:41"
2026-05-27T03:11:57.042257,3556,34940000,-0.013,0.017,-1.0,-3.641,0.313,-1.145,34.13,31.7959,-0.136,"31.7959,   -0.136, 27 May 2026, 03:11:51"
2026-05-27T03:12:06.975348,3557,34950000,-0.008,0.012,-1.01,-3.603,0.359,-0.985,34.13,31.7926,-0.136,"31.7926,   -0.136, 27 May 2026, 03:12:01"
2026-05-27T03:12:17.050347,3558,34960000,-0.011,0.007,-1.003,-3.397,0.145,-1.137,34.18,31.7926,-0.135,"31.7926,   -0.135, 27 May 2026, 03:12:11"
2026-05-27T03:12:27.043754,3559,34970000,-0.015,0.01,-1.007,-3.496,0.489,-1.115,34.22,31.7926,-0.135,"31.7926,   -0.135, 27 May 2026, 03:12:21"
2026-05-27T03:12:37.051457,3560,34980000,-0.018,0.016,-1.016,-3.412,0.206,-1.038,34.18,31.7867,-0.133,"31.7867,   -0.133, 27 May 2026, 03:12:31"
2026-05-27T03:12:47.051323,3561,34990000,-0.015,0.012,-1.008,-3.672,0.511,-1.115,34.08,31.787,-0.136,"31.7870,   -0.136, 27 May 2026, 03:12:41"
2026-05-27T03:12:57.050913,3562,35000000,-0.013,0.01,-1.014,-3.603,0.275,-0.977,34.18,31.7836,-0.136,"31.7836,   -0.136, 27 May 2026, 03:12:51"
2026-05-27T03:13:06.991435,3563,35010000,-0.012,0.015,-1.016,-3.573,0.282,-1.229,34.18,31.7886,-0.134,"31.7886,   -0.134, 27 May 2026, 03:13:01"
2026-05-27T03:13:17.035991,3564,35020000,-0.013,0.015,-1.014,-3.519,0.206,-1.038,34.18,31.7827,-0.138,"31.7827,   -0.138, 27 May 2026, 03:13:11"
2026-05-27T03:13:27.036373,3565,35030000,-0.013,0.009,-1.006,-3.603,0.565,-1.267,34.22,31.7916,-0.136,"31.7916,   -0.136, 27 May 2026, 03:13:21"
2026-05-27T03:13:37.034143,3566,35040000,-0.013,0.013,-1.008,-3.534,0.344,-1.176,34.27,31.7956,-0.137,"31.7956,   -0.137, 27 May 2026, 03:13:31"
2026-05-27T03:13:47.037093,3567,35050000,-0.01,0.009,-1.006,-3.725,0.389,-1.008,34.08,31.7909,-0.139,"31.7909,   -0.139, 27 May 2026, 03:13:41"
2026-05-27T03:13:57.033717,3568,35060000,-0.018,0.012,-1.006,-3.504,0.298,-1.092,34.27,31.7864,-0.138,"31.7864,   -0.138, 27 May 2026, 03:13:51"
2026-05-27T03:14:07.045889,3569,35070000,-0.018,0.013,-1.009,-3.489,0.351,-1.145,34.04,31.7907,-0.137,"31.7907,   -0.137, 27 May 2026, 03:14:01"
2026-05-27T03:14:17.035955,3570,35080000,-0.015,0.017,-1.0,-3.511,0.42,-1.198,34.18,31.7916,-0.137,"31.7916,   -0.137, 27 May 2026, 03:14:11"
2026-05-27T03:14:27.051446,3571,35090000,-0.013,0.017,-1.003,-3.679,0.344,-1.092,34.13,31.7957,-0.135,"31.7957,   -0.135, 27 May 2026, 03:14:21"
2026-05-27T03:14:37.032118,3572,35100000,-0.019,0.013,-1.01,-3.534,0.214,-1.198,34.18,31.792,-0.137,"31.7920,   -0.137, 27 May 2026, 03:14:31"
2026-05-27T03:14:47.051915,3573,35110000,-0.015,0.01,-1.007,-3.58,0.321,-1.069,34.13,31.784,-0.137,"31.7840,   -0.137, 27 May 2026, 03:14:41"
2026-05-27T03:14:57.034474,3574,35120000,-0.016,0.017,-1.007,-3.458,0.221,-1.107,34.13,31.7871,-0.132,"31.7871,   -0.132, 27 May 2026, 03:14:51"
2026-05-27T03:15:07.034544,3575,35130000,-0.014,0.008,-1.019,-3.58,0.489,-1.008,34.18,31.7918,-0.139,"31.7918,   -0.139, 27 May 2026, 03:15:01"
2026-05-27T03:15:17.052266,3576,35140000,-0.01,0.011,-1.008,-3.557,0.405,-1.191,34.18,31.7864,-0.137,"31.7864,   -0.137, 27 May 2026, 03:15:11"
2026-05-27T03:15:27.037255,3577,35150000,-0.018,0.013,-1.01,-3.634,0.344,-1.229,34.18,31.7868,-0.137,"31.7868,   -0.137, 27 May 2026, 03:15:21"
2026-05-27T03:15:37.037992,3578,35160000,-0.012,0.015,-1.015,-3.473,0.427,-0.977,34.08,31.7965,-0.135,"31.7965,   -0.135, 27 May 2026, 03:15:31"
2026-05-27T03:15:47.050996,3579,35170000,-0.018,0.013,-1.01,-3.504,0.389,-1.145,34.22,31.8001,-0.139,"31.8001,   -0.139, 27 May 2026, 03:15:41"
2026-05-27T03:15:57.036878,3580,35180000,-0.017,0.013,-1.008,-3.542,0.405,-1.145,34.18,31.7963,-0.133,"31.7963,   -0.133, 27 May 2026, 03:15:51"
2026-05-27T03:16:06.982722,3581,35190000,-0.02,0.016,-1.004,-3.58,0.351,-0.969,34.27,31.7992,-0.137,"31.7992,   -0.137, 27 May 2026, 03:16:01"
2026-05-27T03:16:17.035975,3582,35200000,-0.014,0.008,-1.009,-3.626,0.328,-1.115,34.18,31.8059,-0.137,"31.8059,   -0.137, 27 May 2026, 03:16:11"
2026-05-27T03:16:27.036420,3583,35210000,-0.014,0.014,-1.006,-3.557,0.244,-1.038,34.08,31.7975,-0.137,"31.7975,   -0.137, 27 May 2026, 03:16:21"
2026-05-27T03:16:37.038760,3584,35220000,-0.019,0.012,-1.021,-3.595,0.405,-1.145,34.27,31.79,-0.138,"31.7900,   -0.138, 27 May 2026, 03:16:31"
2026-05-27T03:16:47.043056,3585,35230000,-0.019,0.011,-1.012,-3.534,0.092,-1.183,34.22,31.7925,-0.134,"31.7925,   -0.134, 27 May 2026, 03:16:41"
2026-05-27T03:16:57.035017,3586,35240000,-0.012,0.015,-1.006,-3.511,0.389,-1.053,34.22,31.7845,-0.138,"31.7845,   -0.138, 27 May 2026, 03:16:51"
2026-05-27T03:17:07.037225,3587,35250000,-0.012,0.015,-1.021,-3.588,0.328,-1.13,34.22,31.7789,-0.135,"31.7789,   -0.135, 27 May 2026, 03:17:01"
2026-05-27T03:17:17.050790,3588,35260000,-0.013,0.014,-1.004,-3.443,0.26,-1.076,34.18,31.7849,-0.136,"31.7849,   -0.136, 27 May 2026, 03:17:11"
2026-05-27T03:17:27.045615,3589,35270000,-0.019,0.012,-1.01,-3.664,0.244,-1.145,34.22,31.799,-0.134,"31.7990,   -0.134, 27 May 2026, 03:17:21"
2026-05-27T03:17:37.044812,3590,35280000,-0.017,0.012,-0.998,-3.42,0.313,-1.115,34.18,31.8109,-0.134,"31.8109,   -0.134, 27 May 2026, 03:17:31"
2026-05-27T03:17:47.041918,3591,35290000,-0.025,0.015,-1.016,-3.527,0.321,-1.122,34.18,31.8141,-0.136,"31.8141,   -0.136, 27 May 2026, 03:17:41"
2026-05-27T03:17:57.035003,3592,35300000,-0.016,0.013,-1.008,-3.511,0.183,-1.107,34.13,31.8152,-0.137,"31.8152,   -0.137, 27 May 2026, 03:17:51"
2026-05-27T03:18:06.991859,3593,35310000,-0.017,0.01,-1.012,-3.771,0.321,-1.053,34.22,31.8116,-0.137,"31.8116,   -0.137, 27 May 2026, 03:18:01"
2026-05-27T03:18:17.034182,3594,35320000,-0.008,0.017,-1.002,-3.504,0.443,-1.198,34.04,31.8031,-0.135,"31.8031,   -0.135, 27 May 2026, 03:18:11"
2026-05-27T03:18:27.102083,3595,35330000,-0.013,0.016,-1.003,-3.351,0.328,-1.206,34.13,31.7994,-0.135,"31.7994,   -0.135, 27 May 2026, 03:18:21"
2026-05-27T03:18:37.037038,3596,35340000,-0.014,0.013,-1.011,-3.534,0.344,-1.061,34.08,31.8069,-0.135,"31.8069,   -0.135, 27 May 2026, 03:18:31"
2026-05-27T03:18:47.044390,3597,35350000,-0.016,0.015,-1.01,-3.573,0.328,-1.061,34.18,31.8217,-0.135,"31.8217,   -0.135, 27 May 2026, 03:18:41"
2026-05-27T03:18:57.038563,3598,35360000,-0.013,0.011,-1.012,-3.481,0.412,-1.031,34.22,31.8216,-0.135,"31.8216,   -0.135, 27 May 2026, 03:18:51"
2026-05-27T03:19:07.033428,3599,35370000,-0.022,0.017,-1.002,-3.573,0.405,-1.115,34.13,31.8231,-0.138,"31.8231,   -0.138, 27 May 2026, 03:19:01"
2026-05-27T03:19:17.036291,3600,35380000,-0.017,0.007,-1.015,-3.504,0.252,-1.008,34.18,31.8327,-0.135,"31.8327,   -0.135, 27 May 2026, 03:19:11"
2026-05-27T03:19:27.053817,3601,35390000,-0.016,0.013,-1.005,-3.405,0.443,-1.115,34.18,31.8344,-0.136,"31.8344,   -0.136, 27 May 2026, 03:19:21"
2026-05-27T03:19:37.037189,3602,35400000,-0.014,0.017,-1.01,-3.557,0.366,-1.099,34.18,31.8384,-0.137,"31.8384,   -0.137, 27 May 2026, 03:19:31"
2026-05-27T03:19:47.034184,3603,35410000,-0.015,0.011,-1.006,-3.58,0.42,-1.076,34.22,31.8409,-0.136,"31.8409,   -0.136, 27 May 2026, 03:19:41"
2026-05-27T03:19:57.051065,3604,35420000,-0.01,0.016,-1.011,-3.542,0.282,-1.107,34.13,31.833,-0.137,"31.8330,   -0.137, 27 May 2026, 03:19:51"
2026-05-27T03:20:06.979791,3605,35430000,-0.014,0.017,-1.008,-3.656,0.351,-0.962,34.18,31.826,-0.136,"31.8260,   -0.136, 27 May 2026, 03:20:01"
2026-05-27T03:20:17.039222,3606,35440000,-0.013,0.013,-1.012,-3.641,0.427,-1.069,34.13,31.8303,-0.138,"31.8303,   -0.138, 27 May 2026, 03:20:11"
2026-05-27T03:20:27.037227,3607,35450000,-0.01,0.013,-1.012,-3.702,0.359,-1.122,34.18,31.8344,-0.136,"31.8344,   -0.136, 27 May 2026, 03:20:21"
2026-05-27T03:20:37.046250,3608,35460000,-0.016,0.015,-1.006,-3.588,0.176,-1.099,34.18,31.8349,-0.138,"31.8349,   -0.138, 27 May 2026, 03:20:31"
2026-05-27T03:20:47.034248,3609,35470000,-0.016,0.013,-1.009,-3.725,0.427,-1.061,34.22,31.8375,-0.137,"31.8375,   -0.137, 27 May 2026, 03:20:41"
2026-05-27T03:20:57.043059,3610,35480000,-0.015,0.013,-1.008,-3.412,0.42,-0.947,34.22,31.8473,-0.135,"31.8473,   -0.135, 27 May 2026, 03:20:51"
2026-05-27T03:21:06.976130,3611,35490000,-0.012,0.016,-1.018,-3.55,0.237,-1.046,34.18,31.8393,-0.138,"31.8393,   -0.138, 27 May 2026, 03:21:01"
2026-05-27T03:21:17.042594,3612,35500000,-0.013,0.013,-1.009,-3.542,0.328,-1.008,34.18,31.8349,-0.137,"31.8349,   -0.137, 27 May 2026, 03:21:11"
2026-05-27T03:21:27.038404,3613,35510000,-0.013,0.013,-1.017,-3.557,0.466,-1.046,34.13,31.8285,-0.136,"31.8285,   -0.136, 27 May 2026, 03:21:21"
2026-05-27T03:21:37.052265,3614,35520000,-0.017,0.017,-1.014,-3.595,0.305,-0.985,34.18,31.8286,-0.136,"31.8286,   -0.136, 27 May 2026, 03:21:31"
2026-05-27T03:21:47.041317,3615,35530000,-0.015,0.014,-1.003,-3.74,0.336,-0.939,34.27,31.8271,-0.135,"31.8271,   -0.135, 27 May 2026, 03:21:41"
2026-05-27T03:21:57.042416,3616,35540000,-0.012,0.013,-1.007,-3.679,0.26,-0.977,34.18,31.8303,-0.136,"31.8303,   -0.136, 27 May 2026, 03:21:51"
2026-05-27T03:22:06.975186,3617,35550000,-0.01,0.015,-1.01,-3.45,0.298,-1.015,34.22,31.8346,-0.135,"31.8346,   -0.135, 27 May 2026, 03:22:01"
2026-05-27T03:22:17.044687,3618,35560000,-0.022,0.016,-1.009,-3.489,0.321,-1.084,34.18,31.8332,-0.138,"31.8332,   -0.138, 27 May 2026, 03:22:11"
2026-05-27T03:22:27.043192,3619,35570000,-0.014,0.015,-0.997,-3.565,0.275,-1.015,34.27,31.838,-0.137,"31.8380,   -0.137, 27 May 2026, 03:22:21"
2026-05-27T03:22:37.036716,3620,35580000,-0.006,0.009,-1.009,-3.641,0.389,-1.076,34.22,31.8412,-0.138,"31.8412,   -0.138, 27 May 2026, 03:22:31"
2026-05-27T03:22:47.034314,3621,35590000,-0.019,0.013,-1.006,-3.634,0.389,-1.061,34.18,31.8467,-0.137,"31.8467,   -0.137, 27 May 2026, 03:22:41"
2026-05-27T03:22:57.038863,3622,35600000,-0.02,0.007,-1.008,-3.641,0.389,-1.0,34.18,31.8516,-0.134,"31.8516,   -0.134, 27 May 2026, 03:22:51"
2026-05-27T03:23:06.977034,3623,35610000,-0.02,0.008,-1.012,-3.489,0.305,-1.008,34.08,31.8559,-0.136,"31.8559,   -0.136, 27 May 2026, 03:23:01"
2026-05-27T03:23:17.039560,3624,35620000,-0.017,0.012,-1.015,-3.542,0.191,-1.122,34.13,31.8571,-0.136,"31.8571,   -0.136, 27 May 2026, 03:23:11"
2026-05-27T03:23:27.033959,3625,35630000,-0.009,0.011,-1.012,-3.649,0.275,-1.145,34.18,31.8557,-0.139,"31.8557,   -0.139, 27 May 2026, 03:23:21"
2026-05-27T03:23:37.036001,3626,35640000,-0.018,0.013,-1.007,-3.458,0.405,-1.252,34.18,31.8477,-0.138,"31.8477,   -0.138, 27 May 2026, 03:23:31"
2026-05-27T03:23:47.043060,3627,35650000,-0.01,0.013,-1.016,-3.58,0.481,-1.053,34.22,31.8391,-0.136,"31.8391,   -0.136, 27 May 2026, 03:23:41"
2026-05-27T03:23:57.033573,3628,35660000,-0.014,0.019,-1.01,-3.443,0.374,-1.061,34.18,31.8364,-0.137,"31.8364,   -0.137, 27 May 2026, 03:23:51"
2026-05-27T03:24:07.033396,3629,35670000,-0.017,0.013,-1.01,-3.542,0.382,-1.183,34.22,31.8295,-0.135,"31.8295,   -0.135, 27 May 2026, 03:24:01"
2026-05-27T03:24:17.034455,3630,35680000,-0.015,0.018,-1.007,-3.45,0.237,-1.16,34.13,31.8287,-0.131,"31.8287,   -0.131, 27 May 2026, 03:24:11"
2026-05-27T03:24:27.038485,3631,35690000,-0.023,0.013,-1.014,-3.519,0.435,-0.939,34.18,31.8295,-0.135,"31.8295,   -0.135, 27 May 2026, 03:24:21"
2026-05-27T03:24:37.032958,3632,35700000,-0.013,0.017,-1.005,-3.641,0.397,-1.031,34.27,31.8257,-0.138,"31.8257,   -0.138, 27 May 2026, 03:24:31"
2026-05-27T03:24:47.038419,3633,35710000,-0.013,0.015,-1.014,-3.588,0.374,-1.031,34.18,31.8343,-0.135,"31.8343,   -0.135, 27 May 2026, 03:24:41"
2026-05-27T03:24:57.035455,3634,35720000,-0.018,0.014,-1.007,-3.366,0.389,-0.855,34.22,31.834,-0.139,"31.8340,   -0.139, 27 May 2026, 03:24:51"
2026-05-27T03:25:06.979189,3635,35730000,-0.015,0.014,-1.01,-3.527,0.351,-1.275,34.32,31.8308,-0.134,"31.8308,   -0.134, 27 May 2026, 03:25:01"
2026-05-27T03:25:17.029029,3636,35740000,-0.015,0.008,-1.005,-3.71,0.344,-1.092,34.22,31.8387,-0.133,"31.8387,   -0.133, 27 May 2026, 03:25:11"
2026-05-27T03:25:27.039584,3637,35750000,-0.016,0.015,-1.006,-3.527,0.359,-1.092,34.18,31.8509,-0.135,"31.8509,   -0.135, 27 May 2026, 03:25:21"
2026-05-27T03:25:37.050201,3638,35760000,-0.012,0.015,-1.018,-3.534,0.214,-1.153,34.18,31.8557,-0.134,"31.8557,   -0.134, 27 May 2026, 03:25:31"
2026-05-27T03:25:47.034217,3639,35770000,-0.017,0.014,-1.01,-3.634,0.458,-1.099,34.18,31.8535,-0.133,"31.8535,   -0.133, 27 May 2026, 03:25:41"
2026-05-27T03:25:57.043220,3640,35780000,-0.009,0.015,-1.012,-3.611,0.313,-1.099,34.18,31.851,-0.136,"31.8510,   -0.136, 27 May 2026, 03:25:51"
2026-05-27T03:26:06.976112,3641,35790000,-0.018,0.014,-1.005,-3.458,0.282,-0.977,34.13,31.8423,-0.136,"31.8423,   -0.136, 27 May 2026, 03:26:01"
2026-05-27T03:26:17.037152,3642,35800000,-0.016,0.011,-1.014,-3.55,0.374,-0.947,34.18,31.8445,-0.136,"31.8445,   -0.136, 27 May 2026, 03:26:11"
2026-05-27T03:26:27.052353,3643,35810000,-0.018,0.017,-1.009,-3.466,0.366,-0.947,34.13,31.8457,-0.133,"31.8457,   -0.133, 27 May 2026, 03:26:21"
2026-05-27T03:26:37.031546,3644,35820000,-0.022,0.013,-1.001,-3.473,0.336,-1.176,34.18,31.8521,-0.139,"31.8521,   -0.139, 27 May 2026, 03:26:31"
2026-05-27T03:26:47.039628,3645,35830000,-0.016,0.018,-1.012,-3.481,0.405,-1.221,34.13,31.848,-0.136,"31.8480,   -0.136, 27 May 2026, 03:26:41"
2026-05-27T03:26:57.051398,3646,35840000,-0.016,0.012,-1.006,-3.473,0.282,-1.038,34.18,31.8439,-0.135,"31.8439,   -0.135, 27 May 2026, 03:26:51"
2026-05-27T03:27:06.979555,3647,35850000,-0.012,0.01,-1.004,-3.542,0.328,-1.0,34.22,31.8439,-0.135,"31.8439,   -0.135, 27 May 2026, 03:27:01"
2026-05-27T03:27:17.033174,3648,35860000,-0.018,0.009,-1.004,-3.611,0.275,-1.351,34.08,31.8537,-0.138,"31.8537,   -0.138, 27 May 2026, 03:27:11"
2026-05-27T03:27:27.051969,3649,35870000,-0.012,0.012,-1.011,-3.595,0.443,-1.137,34.18,31.8592,-0.136,"31.8592,   -0.136, 27 May 2026, 03:27:21"
2026-05-27T03:27:37.046942,3650,35880000,-0.011,0.012,-0.999,-3.473,0.252,-1.176,34.18,31.8587,-0.135,"31.8587,   -0.135, 27 May 2026, 03:27:31"
2026-05-27T03:27:47.036319,3651,35890000,-0.013,0.013,-1.012,-3.389,0.29,-1.16,34.27,31.8521,-0.136,"31.8521,   -0.136, 27 May 2026, 03:27:41"
2026-05-27T03:27:57.036109,3652,35900000,-0.01,0.02,-1.005,-3.405,0.382,-1.053,34.22,31.853,-0.133,"31.8530,   -0.133, 27 May 2026, 03:27:51"
2026-05-27T03:28:07.042539,3653,35910000,-0.012,0.012,-1.007,-3.573,0.466,-0.985,34.18,31.851,-0.134,"31.8510,   -0.134, 27 May 2026, 03:28:01"
2026-05-27T03:28:17.039205,3654,35920000,-0.006,0.007,-1.016,-3.466,0.374,-1.023,34.18,31.8486,-0.136,"31.8486,   -0.136, 27 May 2026, 03:28:11"
2026-05-27T03:28:27.052106,3655,35930000,-0.015,0.017,-1.006,-3.519,0.366,-1.244,34.18,31.8455,-0.137,"31.8455,   -0.137, 27 May 2026, 03:28:21"
2026-05-27T03:28:37.040410,3656,35940000,-0.016,0.008,-1.011,-3.542,0.282,-0.969,34.08,31.843,-0.135,"31.8430,   -0.135, 27 May 2026, 03:28:31"
2026-05-27T03:28:47.048711,3657,35950000,-0.007,0.021,-1.003,-3.588,0.351,-1.084,34.18,31.8422,-0.134,"31.8422,   -0.134, 27 May 2026, 03:28:41"
2026-05-27T03:28:57.034162,3658,35960000,-0.017,0.012,-1.005,-3.511,0.29,-1.145,34.22,31.8418,-0.135,"31.8418,   -0.135, 27 May 2026, 03:28:51"
2026-05-27T03:29:07.049044,3659,35970000,-0.016,0.011,-1.01,-3.359,0.374,-0.977,34.18,31.8385,-0.136,"31.8385,   -0.136, 27 May 2026, 03:29:01"
2026-05-27T03:29:17.051837,3660,35980000,-0.012,0.015,-1.009,-3.542,0.344,-1.229,34.32,31.8388,-0.131,"31.8388,   -0.131, 27 May 2026, 03:29:11"
2026-05-27T03:29:27.037802,3661,35990000,-0.017,0.016,-1.007,-3.466,0.16,-1.198,34.18,31.8415,-0.138,"31.8415,   -0.138, 27 May 2026, 03:29:21"
2026-05-27T03:29:37.051809,3662,36000000,-0.013,0.016,-1.005,-3.481,0.344,-1.0,34.27,31.8491,-0.136,"31.8491,   -0.136, 27 May 2026, 03:29:31"
2026-05-27T03:29:47.031328,3663,36010000,-0.014,0.016,-1.008,-3.458,0.42,-1.183,34.22,31.8556,-0.135,"31.8556,   -0.135, 27 May 2026, 03:29:41"
2026-05-27T03:29:57.037877,3664,36020000,-0.015,0.018,-1.009,-3.672,0.359,-1.214,34.27,31.8611,-0.136,"31.8611,   -0.136, 27 May 2026, 03:29:51"
2026-05-27T03:30:06.991291,3665,36030000,-0.015,0.018,-1.006,-3.519,0.481,-0.947,34.27,31.8579,-0.134,"31.8579,   -0.134, 27 May 2026, 03:30:01"
2026-05-27T03:30:17.031936,3666,36040000,-0.02,0.012,-1.01,-3.573,0.435,-1.168,34.18,31.8553,-0.138,"31.8553,   -0.138, 27 May 2026, 03:30:11"
2026-05-27T03:30:27.036639,3667,36050000,-0.01,0.015,-1.009,-3.565,0.427,-0.969,34.18,31.8506,-0.135,"31.8506,   -0.135, 27 May 2026, 03:30:21"
2026-05-27T03:30:37.036110,3668,36060000,-0.019,0.011,-1.014,-3.603,0.58,-1.099,34.18,31.8495,-0.132,"31.8495,   -0.132, 27 May 2026, 03:30:31"
2026-05-27T03:30:47.045300,3669,36070000,-0.02,0.015,-1.011,-3.626,0.313,-1.115,34.18,31.8477,-0.134,"31.8477,   -0.134, 27 May 2026, 03:30:41"
2026-05-27T03:30:57.042284,3670,36080000,-0.016,0.012,-1.006,-3.473,0.282,-1.038,34.18,31.843,-0.132,"31.8430,   -0.132, 27 May 2026, 03:30:51"
2026-05-27T03:31:06.991697,3671,36090000,-0.015,0.012,-1.004,-3.527,0.397,-1.214,34.27,31.8473,-0.135,"31.8473,   -0.135, 27 May 2026, 03:31:01"
2026-05-27T03:31:17.033509,3672,36100000,-0.013,0.016,-1.015,-3.527,0.382,-1.115,34.22,31.8495,-0.134,"31.8495,   -0.134, 27 May 2026, 03:31:11"
2026-05-27T03:31:27.052427,3673,36110000,-0.014,0.016,-1.005,-3.573,0.267,-1.084,34.22,31.8576,-0.138,"31.8576,   -0.138, 27 May 2026, 03:31:21"
2026-05-27T03:31:37.039589,3674,36120000,-0.011,0.016,-1.006,-3.481,0.298,-1.115,34.22,31.8596,-0.135,"31.8596,   -0.135, 27 May 2026, 03:31:31"
2026-05-27T03:31:47.042673,3675,36130000,-0.009,0.009,-1.013,-3.595,0.252,-1.122,34.18,31.8633,-0.134,"31.8633,   -0.134, 27 May 2026, 03:31:41"
2026-05-27T03:31:57.043025,3676,36140000,-0.012,0.01,-1.01,-3.588,0.397,-1.115,34.18,31.8689,-0.138,"31.8689,   -0.138, 27 May 2026, 03:31:51"
2026-05-27T03:32:07.043358,3677,36150000,-0.012,0.012,-1.013,-3.618,0.382,-1.13,34.22,31.869,-0.132,"31.8690,   -0.132, 27 May 2026, 03:32:01"
2026-05-27T03:32:17.047305,3678,36160000,-0.017,0.011,-1.011,-3.634,0.305,-1.153,34.18,31.8743,-0.134,"31.8743,   -0.134, 27 May 2026, 03:32:11"
2026-05-27T03:32:27.034960,3679,36170000,-0.012,0.007,-1.006,-3.382,0.374,-1.145,34.27,31.8812,-0.137,"31.8812,   -0.137, 27 May 2026, 03:32:21"
2026-05-27T03:32:37.046814,3680,36180000,-0.011,0.016,-1.002,-3.695,0.443,-1.168,34.27,31.8846,-0.133,"31.8846,   -0.133, 27 May 2026, 03:32:31"
2026-05-27T03:32:47.035997,3681,36190000,-0.011,0.016,-1.01,-3.58,0.397,-0.954,34.08,31.886,-0.135,"31.8860,   -0.135, 27 May 2026, 03:32:41"
2026-05-27T03:32:57.051403,3682,36200000,-0.013,0.016,-1.022,-3.595,0.427,-1.26,34.18,31.8865,-0.134,"31.8865,   -0.134, 27 May 2026, 03:32:51"
2026-05-27T03:33:07.042573,3683,36210000,-0.016,0.017,-1.008,-3.519,0.282,-1.099,34.18,31.8835,-0.137,"31.8835,   -0.137, 27 May 2026, 03:33:01"
2026-05-27T03:33:17.045470,3684,36220000,-0.016,0.016,-1.004,-3.534,0.405,-1.038,34.18,31.8763,-0.138,"31.8763,   -0.138, 27 May 2026, 03:33:11"
2026-05-27T03:33:27.046193,3685,36230000,-0.023,0.014,-1.011,-3.443,0.321,-1.153,34.22,31.8703,-0.134,"31.8703,   -0.134, 27 May 2026, 03:33:21"
2026-05-27T03:33:37.051806,3686,36240000,-0.013,0.009,-1.012,-3.588,0.328,-1.153,34.27,31.8732,-0.131,"31.8732,   -0.131, 27 May 2026, 03:33:31"
2026-05-27T03:33:47.029536,3687,36250000,-0.012,0.015,-1.006,-3.45,0.275,-1.328,34.22,31.8747,-0.135,"31.8747,   -0.135, 27 May 2026, 03:33:41"
2026-05-27T03:33:57.051179,3688,36260000,-0.008,0.013,-1.005,-3.634,0.328,-1.191,34.27,31.8799,-0.129,"31.8799,   -0.129, 27 May 2026, 03:33:51"
2026-05-27T03:34:07.036485,3689,36270000,-0.008,0.018,-1.005,-3.565,0.321,-1.061,34.32,31.8828,-0.135,"31.8828,   -0.135, 27 May 2026, 03:34:01"
2026-05-27T03:34:17.042966,3690,36280000,-0.011,0.01,-1.016,-3.679,0.282,-1.107,34.22,31.888,-0.134,"31.8880,   -0.134, 27 May 2026, 03:34:11"
2026-05-27T03:34:27.045196,3691,36290000,-0.011,0.014,-1.017,-3.473,0.504,-1.13,34.22,31.8822,-0.134,"31.8822,   -0.134, 27 May 2026, 03:34:21"
2026-05-27T03:34:37.052721,3692,36300000,-0.019,0.019,-1.014,-3.649,0.374,-0.977,34.27,31.8791,-0.136,"31.8791,   -0.136, 27 May 2026, 03:34:31"
2026-05-27T03:34:47.092368,3693,36310000,-0.017,0.015,-1.018,-3.527,0.336,-1.221,34.22,31.882,-0.138,"31.8820,   -0.138, 27 May 2026, 03:34:41"
2026-05-27T03:34:57.036558,3694,36320000,-0.02,0.008,-1.018,-3.496,0.252,-1.069,34.32,31.8748,-0.136,"31.8748,   -0.136, 27 May 2026, 03:34:51"
2026-05-27T03:35:07.036355,3695,36330000,-0.015,0.016,-1.013,-3.649,0.221,-1.115,34.27,31.8693,-0.138,"31.8693,   -0.138, 27 May 2026, 03:35:01"
2026-05-27T03:35:17.034786,3696,36340000,-0.011,0.02,-1.013,-3.588,0.351,-1.328,34.27,31.8644,-0.135,"31.8644,   -0.135, 27 May 2026, 03:35:11"
2026-05-27T03:35:27.039234,3697,36350000,-0.012,0.009,-1.004,-3.504,0.229,-1.038,34.22,31.8697,-0.136,"31.8697,   -0.136, 27 May 2026, 03:35:21"
2026-05-27T03:35:37.037368,3698,36360000,-0.021,0.012,-1.01,-3.687,0.443,-1.008,34.32,31.8676,-0.132,"31.8676,   -0.132, 27 May 2026, 03:35:31"
2026-05-27T03:35:47.042764,3699,36370000,-0.015,0.019,-1.009,-3.595,0.198,-1.015,34.22,31.8829,-0.134,"31.8829,   -0.134, 27 May 2026, 03:35:41"
2026-05-27T03:35:57.032862,3700,36380000,-0.02,0.02,-1.01,-3.718,0.359,-1.053,34.27,31.8849,-0.132,"31.8849,   -0.132, 27 May 2026, 03:35:51"
2026-05-27T03:36:07.034906,3701,36390000,-0.01,0.012,-1.008,-3.595,0.282,-1.053,34.32,31.889,-0.133,"31.8890,   -0.133, 27 May 2026, 03:36:01"
2026-05-27T03:36:17.039722,3702,36400000,-0.01,0.014,-1.006,-3.534,0.313,-1.137,34.32,31.8866,-0.138,"31.8866,   -0.138, 27 May 2026, 03:36:11"
2026-05-27T03:36:27.041754,3703,36410000,-0.018,0.014,-1.006,-3.595,0.359,-1.099,34.27,31.8884,-0.133,"31.8884,   -0.133, 27 May 2026, 03:36:21"
2026-05-27T03:36:37.035139,3704,36420000,-0.016,0.017,-1.014,-3.519,0.397,-0.947,34.22,31.8936,-0.136,"31.8936,   -0.136, 27 May 2026, 03:36:31"
2026-05-27T03:36:47.043229,3705,36430000,-0.015,0.013,-0.997,-3.55,0.16,-1.115,34.22,31.8987,-0.135,"31.8987,   -0.135, 27 May 2026, 03:36:41"
2026-05-27T03:36:57.051588,3706,36440000,-0.015,0.015,-1.012,-3.58,0.359,-1.298,34.27,31.9052,-0.135,"31.9052,   -0.135, 27 May 2026, 03:36:51"
2026-05-27T03:37:07.046535,3707,36450000,-0.013,0.015,-1.014,-3.519,0.168,-1.023,34.22,31.9063,-0.134,"31.9063,   -0.134, 27 May 2026, 03:37:01"
2026-05-27T03:37:17.034809,3708,36460000,-0.01,0.019,-1.01,-3.55,0.328,-1.183,34.32,31.8959,-0.138,"31.8959,   -0.138, 27 May 2026, 03:37:11"
2026-05-27T03:37:27.036000,3709,36470000,-0.016,0.016,-1.006,-3.595,0.221,-0.977,34.37,31.8924,-0.134,"31.8924,   -0.134, 27 May 2026, 03:37:21"
2026-05-27T03:37:37.047488,3710,36480000,-0.011,0.01,-1.005,-3.496,0.427,-1.168,34.27,31.8893,-0.136,"31.8893,   -0.136, 27 May 2026, 03:37:31"
2026-05-27T03:37:47.047194,3711,36490000,-0.009,0.012,-1.003,-3.55,0.221,-1.214,34.32,31.8992,-0.138,"31.8992,   -0.138, 27 May 2026, 03:37:41"
2026-05-27T03:37:57.044768,3712,36500000,-0.014,0.006,-1.008,-3.664,0.458,-1.107,34.32,31.8988,-0.134,"31.8988,   -0.134, 27 May 2026, 03:37:51"
2026-05-27T03:38:07.029750,3713,36510000,-0.02,0.016,-1.011,-3.687,0.458,-1.061,34.27,31.9013,-0.135,"31.9013,   -0.135, 27 May 2026, 03:38:01"
2026-05-27T03:38:17.063011,3714,36520000,-0.011,0.012,-1.005,-3.557,0.321,-1.076,34.27,31.8966,-0.136,"31.8966,   -0.136, 27 May 2026, 03:38:11"
2026-05-27T03:38:27.038421,3715,36530000,-0.014,0.013,-1.006,-3.336,0.267,-1.153,34.13,31.8967,-0.138,"31.8967,   -0.138, 27 May 2026, 03:38:21"
2026-05-27T03:38:37.051896,3716,36540000,-0.018,0.013,-1.015,-3.595,0.42,-1.198,34.22,31.9096,-0.134,"31.9096,   -0.134, 27 May 2026, 03:38:31"
2026-05-27T03:38:47.037104,3717,36550000,-0.015,0.015,-1.001,-3.489,0.206,-1.008,34.22,31.9112,-0.137,"31.9112,   -0.137, 27 May 2026, 03:38:41"
2026-05-27T03:38:57.036916,3718,36560000,-0.014,0.019,-1.005,-3.611,0.374,-1.389,34.18,31.9045,-0.135,"31.9045,   -0.135, 27 May 2026, 03:38:51"
2026-05-27T03:39:07.051980,3719,36570000,-0.019,0.019,-1.005,-3.519,0.366,-1.244,34.37,31.9031,-0.136,"31.9031,   -0.136, 27 May 2026, 03:39:01"
2026-05-27T03:39:17.038076,3720,36580000,-0.025,0.015,-1.001,-3.466,0.313,-1.023,34.22,31.8947,-0.135,"31.8947,   -0.135, 27 May 2026, 03:39:11"
2026-05-27T03:39:27.049822,3721,36590000,-0.013,0.016,-1.009,-3.519,0.305,-1.084,34.18,31.9026,-0.135,"31.9026,   -0.135, 27 May 2026, 03:39:21"
2026-05-27T03:39:37.051841,3722,36600000,-0.013,0.018,-0.999,-3.496,0.275,-1.046,34.18,31.9004,-0.134,"31.9004,   -0.134, 27 May 2026, 03:39:31"
2026-05-27T03:39:47.040688,3723,36610000,-0.012,0.012,-1.01,-3.496,0.344,-1.145,34.22,31.9003,-0.133,"31.9003,   -0.133, 27 May 2026, 03:39:41"
2026-05-27T03:39:57.036807,3724,36620000,-0.014,0.015,-1.005,-3.55,0.435,-1.198,34.27,31.9073,-0.135,"31.9073,   -0.135, 27 May 2026, 03:39:51"
2026-05-27T03:40:07.048972,3725,36630000,-0.014,0.015,-1.011,-3.519,0.42,-1.206,34.27,31.9011,-0.134,"31.9011,   -0.134, 27 May 2026, 03:40:01"
2026-05-27T03:40:17.036078,3726,36640000,-0.018,0.012,-1.003,-3.656,0.435,-0.985,34.18,31.9047,-0.138,"31.9047,   -0.138, 27 May 2026, 03:40:11"
2026-05-27T03:40:27.041463,3727,36650000,-0.015,0.013,-1.007,-3.55,0.26,-1.153,34.37,31.9197,-0.134,"31.9197,   -0.134, 27 May 2026, 03:40:21"
2026-05-27T03:40:37.036858,3728,36660000,-0.014,0.014,-1.017,-3.458,0.45,-0.962,34.22,31.919,-0.135,"31.9190,   -0.135, 27 May 2026, 03:40:31"
2026-05-27T03:40:47.036347,3729,36670000,-0.011,0.016,-1.016,-3.481,0.267,-1.061,34.18,31.92,-0.137,"31.9200,   -0.137, 27 May 2026, 03:40:41"
2026-05-27T03:40:57.046786,3730,36680000,-0.014,0.016,-1.009,-3.527,0.305,-1.038,34.32,31.9124,-0.137,"31.9124,   -0.137, 27 May 2026, 03:40:51"
2026-05-27T03:41:07.049651,3731,36690000,-0.015,0.01,-1.006,-3.496,0.328,-1.099,34.22,31.9141,-0.137,"31.9141,   -0.137, 27 May 2026, 03:41:01"
2026-05-27T03:41:17.030537,3732,36700000,-0.022,0.013,-1.011,-3.588,0.397,-1.008,34.27,31.9211,-0.135,"31.9211,   -0.135, 27 May 2026, 03:41:11"
2026-05-27T03:41:27.035733,3733,36710000,-0.015,0.011,-1.015,-3.519,0.405,-1.031,34.27,31.9129,-0.136,"31.9129,   -0.136, 27 May 2026, 03:41:21"
2026-05-27T03:41:37.050890,3734,36720000,-0.013,0.017,-1.007,-3.481,0.389,-1.153,34.32,31.9045,-0.131,"31.9045,   -0.131, 27 May 2026, 03:41:31"
2026-05-27T03:41:47.042945,3735,36730000,-0.013,0.012,-1.012,-3.519,0.321,-1.069,34.32,31.9074,-0.135,"31.9074,   -0.135, 27 May 2026, 03:41:41"
2026-05-27T03:41:57.038315,3736,36740000,-0.011,0.014,-1.004,-3.427,0.412,-1.015,34.32,31.9099,-0.136,"31.9099,   -0.136, 27 May 2026, 03:41:51"
2026-05-27T03:42:07.034511,3737,36750000,-0.02,0.013,-1.0,-3.611,0.183,-1.107,34.22,31.9071,-0.132,"31.9071,   -0.132, 27 May 2026, 03:42:01"
2026-05-27T03:42:17.051113,3738,36760000,-0.017,0.015,-1.01,-3.519,0.29,-1.267,34.18,31.9086,-0.135,"31.9086,   -0.135, 27 May 2026, 03:42:11"
2026-05-27T03:42:27.036692,3739,36770000,-0.012,0.015,-1.018,-3.481,0.405,-0.931,34.22,31.9115,-0.132,"31.9115,   -0.132, 27 May 2026, 03:42:21"
2026-05-27T03:42:37.036171,3740,36780000,-0.015,0.013,-1.007,-3.58,0.366,-1.099,34.27,31.9166,-0.134,"31.9166,   -0.134, 27 May 2026, 03:42:31"
2026-05-27T03:42:47.049261,3741,36790000,-0.012,0.018,-1.009,-3.695,0.237,-1.015,34.27,31.9162,-0.137,"31.9162,   -0.137, 27 May 2026, 03:42:41"
2026-05-27T03:42:57.042625,3742,36800000,-0.016,0.015,-1.017,-3.634,0.351,-1.122,34.22,31.9081,-0.131,"31.9081,   -0.131, 27 May 2026, 03:42:51"
2026-05-27T03:43:07.049628,3743,36810000,-0.012,0.014,-1.012,-3.542,0.366,-1.008,34.27,31.9025,-0.136,"31.9025,   -0.136, 27 May 2026, 03:43:01"
2026-05-27T03:43:17.035757,3744,36820000,-0.018,0.011,-1.014,-3.527,0.145,-0.908,34.27,31.8996,-0.136,"31.8996,   -0.136, 27 May 2026, 03:43:11"
2026-05-27T03:43:27.040865,3745,36830000,-0.014,0.013,-1.008,-3.672,0.45,-1.0,34.27,31.9057,-0.135,"31.9057,   -0.135, 27 May 2026, 03:43:21"
2026-05-27T03:43:37.039163,3746,36840000,-0.008,0.015,-1.01,-3.641,0.29,-1.0,34.37,31.9089,-0.134,"31.9089,   -0.134, 27 May 2026, 03:43:31"
2026-05-27T03:43:47.037138,3747,36850000,-0.017,0.013,-1.012,-3.542,0.427,-1.198,34.32,31.9176,-0.136,"31.9176,   -0.136, 27 May 2026, 03:43:41"
2026-05-27T03:43:57.036372,3748,36860000,-0.012,0.013,-1.002,-3.527,0.405,-1.061,34.32,31.92,-0.14,"31.9200,   -0.140, 27 May 2026, 03:43:51"
2026-05-27T03:44:07.031349,3749,36870000,-0.017,0.011,-1.001,-3.55,0.282,-1.115,34.27,31.9115,-0.134,"31.9115,   -0.134, 27 May 2026, 03:44:01"
2026-05-27T03:44:17.048028,3750,36880000,-0.005,0.015,-1.014,-3.603,0.282,-1.023,34.22,31.9102,-0.135,"31.9102,   -0.135, 27 May 2026, 03:44:11"
2026-05-27T03:44:27.031006,3751,36890000,-0.013,0.01,-1.017,-3.458,0.282,-0.771,34.32,31.9098,-0.135,"31.9098,   -0.135, 27 May 2026, 03:44:21"
2026-05-27T03:44:37.051960,3752,36900000,-0.011,0.018,-1.013,-3.565,0.282,-1.122,34.32,31.905,-0.136,"31.9050,   -0.136, 27 May 2026, 03:44:31"
2026-05-27T03:44:47.032687,3753,36910000,-0.011,0.013,-1.011,-3.611,0.443,-1.076,34.32,31.9018,-0.136,"31.9018,   -0.136, 27 May 2026, 03:44:41"
2026-05-27T03:44:57.038422,3754,36920000,-0.006,0.01,-1.01,-3.511,0.366,-1.092,34.22,31.911,-0.134,"31.9110,   -0.134, 27 May 2026, 03:44:51"
2026-05-27T03:45:07.036634,3755,36930000,-0.016,0.014,-1.015,-3.473,0.405,-1.176,34.37,31.9112,-0.133,"31.9112,   -0.133, 27 May 2026, 03:45:01"
2026-05-27T03:45:17.050956,3756,36940000,-0.016,0.017,-1.014,-3.771,0.458,-1.176,34.32,31.9127,-0.138,"31.9127,   -0.138, 27 May 2026, 03:45:11"
2026-05-27T03:45:27.043150,3757,36950000,-0.017,0.012,-1.009,-3.588,0.344,-1.092,34.32,31.9149,-0.136,"31.9149,   -0.136, 27 May 2026, 03:45:21"
2026-05-27T03:45:37.036069,3758,36960000,-0.015,0.017,-1.016,-3.626,0.198,-1.015,34.27,31.9235,-0.135,"31.9235,   -0.135, 27 May 2026, 03:45:31"
2026-05-27T03:45:47.036091,3759,36970000,-0.011,0.015,-1.007,-3.679,0.313,-1.13,34.27,31.9207,-0.135,"31.9207,   -0.135, 27 May 2026, 03:45:41"
2026-05-27T03:45:57.036330,3760,36980000,-0.013,0.012,-1.011,-3.466,0.282,-1.183,34.18,31.919,-0.136,"31.9190,   -0.136, 27 May 2026, 03:45:51"
2026-05-27T03:46:07.049070,3761,36990000,-0.015,0.014,-1.004,-3.557,0.313,-1.069,34.18,31.921,-0.135,"31.9210,   -0.135, 27 May 2026, 03:46:01"
2026-05-27T03:46:17.036918,3762,37000000,-0.009,0.011,-1.003,-3.626,0.344,-1.198,34.27,31.9227,-0.133,"31.9227,   -0.133, 27 May 2026, 03:46:11"
2026-05-27T03:46:27.035011,3763,37010000,-0.021,0.015,-1.015,-3.511,0.328,-1.275,34.27,31.9309,-0.135,"31.9309,   -0.135, 27 May 2026, 03:46:21"
2026-05-27T03:46:37.041202,3764,37020000,-0.013,0.011,-1.02,-3.534,0.336,-0.969,34.37,31.9305,-0.133,"31.9305,   -0.133, 27 May 2026, 03:46:31"
2026-05-27T03:46:47.051375,3765,37030000,-0.014,0.013,-1.017,-3.389,0.26,-0.916,34.32,31.9308,-0.134,"31.9308,   -0.134, 27 May 2026, 03:46:41"
2026-05-27T03:46:57.041681,3766,37040000,-0.015,0.014,-1.006,-3.626,0.389,-1.084,34.32,31.9349,-0.134,"31.9349,   -0.134, 27 May 2026, 03:46:51"
2026-05-27T03:47:07.032043,3767,37050000,-0.013,0.013,-1.005,-3.718,0.267,-1.244,34.27,31.9354,-0.131,"31.9354,   -0.131, 27 May 2026, 03:47:01"
2026-05-27T03:47:17.042810,3768,37060000,-0.016,0.011,-1.01,-3.542,0.351,-1.099,34.37,31.9424,-0.139,"31.9424,   -0.139, 27 May 2026, 03:47:11"
2026-05-27T03:47:27.032346,3769,37070000,-0.009,0.018,-0.99,-3.58,0.351,-0.947,34.37,31.9397,-0.134,"31.9397,   -0.134, 27 May 2026, 03:47:21"
2026-05-27T03:47:37.037179,3770,37080000,-0.018,0.014,-1.004,-3.511,0.389,-1.107,34.37,31.9347,-0.136,"31.9347,   -0.136, 27 May 2026, 03:47:31"
2026-05-27T03:47:47.043018,3771,37090000,-0.012,0.012,-1.005,-3.756,0.282,-1.053,34.32,31.9297,-0.134,"31.9297,   -0.134, 27 May 2026, 03:47:41"
2026-05-27T03:47:57.042990,3772,37100000,-0.014,0.009,-1.003,-3.489,0.29,-1.061,34.18,31.9287,-0.136,"31.9287,   -0.136, 27 May 2026, 03:47:51"
2026-05-27T03:48:07.041875,3773,37110000,-0.016,0.014,-1.014,-3.672,0.328,-1.084,34.37,31.9298,-0.137,"31.9298,   -0.137, 27 May 2026, 03:48:01"
2026-05-27T03:48:17.051999,3774,37120000,-0.014,0.015,-1.016,-3.649,0.328,-1.244,34.37,31.9275,-0.138,"31.9275,   -0.138, 27 May 2026, 03:48:11"
2026-05-27T03:48:27.033147,3775,37130000,-0.014,0.014,-1.008,-3.542,0.366,-1.046,34.32,31.9256,-0.137,"31.9256,   -0.137, 27 May 2026, 03:48:21"
2026-05-27T03:48:37.043816,3776,37140000,-0.019,0.011,-1.01,-3.473,0.275,-1.092,34.27,31.9309,-0.133,"31.9309,   -0.133, 27 May 2026, 03:48:31"
2026-05-27T03:48:47.034822,3777,37150000,-0.017,0.016,-1.0,-3.618,0.351,-1.214,34.27,31.9419,-0.134,"31.9419,   -0.134, 27 May 2026, 03:48:41"
2026-05-27T03:48:57.052361,3778,37160000,-0.021,0.012,-1.006,-3.58,0.237,-1.115,34.27,31.9418,-0.137,"31.9418,   -0.137, 27 May 2026, 03:48:51"
2026-05-27T03:49:07.035190,3779,37170000,-0.017,0.012,-1.01,-3.58,0.153,-1.198,34.27,31.9412,-0.135,"31.9412,   -0.135, 27 May 2026, 03:49:01"
2026-05-27T03:49:17.052163,3780,37180000,-0.019,0.016,-1.008,-3.458,0.382,-1.153,34.37,31.942,-0.134,"31.9420,   -0.134, 27 May 2026, 03:49:11"
2026-05-27T03:49:27.030488,3781,37190000,-0.02,0.013,-1.009,-3.527,0.366,-1.153,34.22,31.9407,-0.135,"31.9407,   -0.135, 27 May 2026, 03:49:21"
2026-05-27T03:49:37.051645,3782,37200000,-0.012,0.013,-1.012,-3.557,0.412,-1.069,34.32,31.9412,-0.136,"31.9412,   -0.136, 27 May 2026, 03:49:31"
2026-05-27T03:49:47.037396,3783,37210000,-0.012,0.013,-1.012,-3.489,0.496,-1.122,34.27,31.9419,-0.136,"31.9419,   -0.136, 27 May 2026, 03:49:41"
2026-05-27T03:49:57.106839,3784,37220000,-0.014,0.012,-1.009,-3.611,0.344,-1.038,34.32,31.9401,-0.134,"31.9401,   -0.134, 27 May 2026, 03:49:51"
2026-05-27T03:50:07.038376,3785,37230000,-0.02,0.01,-1.009,-3.595,0.092,-1.122,34.27,31.9401,-0.134,"31.9401,   -0.134, 27 May 2026, 03:50:01"
2026-05-27T03:50:17.031655,3786,37240000,-0.013,0.02,-1.011,-3.466,0.351,-1.084,34.37,31.9459,-0.135,"31.9459,   -0.135, 27 May 2026, 03:50:11"
2026-05-27T03:50:27.036766,3787,37250000,-0.014,0.014,-1.01,-3.565,0.214,-1.099,34.27,31.9434,-0.135,"31.9434,   -0.135, 27 May 2026, 03:50:21"
2026-05-27T03:50:37.053449,3788,37260000,-0.015,0.014,-1.009,-3.611,0.443,-1.282,34.22,31.9385,-0.132,"31.9385,   -0.132, 27 May 2026, 03:50:31"
2026-05-27T03:50:47.041580,3789,37270000,-0.015,0.01,-1.006,-3.573,0.45,-1.084,34.27,31.9307,-0.136,"31.9307,   -0.136, 27 May 2026, 03:50:41"
2026-05-27T03:50:57.047475,3790,37280000,-0.017,0.01,-1.004,-3.786,0.206,-1.298,34.41,31.9292,-0.136,"31.9292,   -0.136, 27 May 2026, 03:50:51"
2026-05-27T03:51:07.037497,3791,37290000,-0.012,0.014,-1.015,-3.641,0.191,-0.977,34.27,31.9258,-0.137,"31.9258,   -0.137, 27 May 2026, 03:51:01"
2026-05-27T03:51:17.051216,3792,37300000,-0.016,0.02,-1.015,-3.527,0.389,-1.115,34.27,31.9331,-0.138,"31.9331,   -0.138, 27 May 2026, 03:51:11"
2026-05-27T03:51:27.036117,3793,37310000,-0.014,0.01,-1.007,-3.565,0.351,-1.176,34.27,31.9438,-0.134,"31.9438,   -0.134, 27 May 2026, 03:51:21"
2026-05-27T03:51:37.032713,3794,37320000,-0.014,0.015,-1.0,-3.534,0.275,-1.092,34.27,31.9456,-0.134,"31.9456,   -0.134, 27 May 2026, 03:51:31"
2026-05-27T03:51:47.052211,3795,37330000,-0.017,0.012,-0.999,-3.496,0.359,-1.237,34.32,31.9525,-0.138,"31.9525,   -0.138, 27 May 2026, 03:51:41"
2026-05-27T03:51:57.051748,3796,37340000,-0.018,0.01,-1.013,-3.626,0.282,-0.954,34.27,31.9694,-0.135,"31.9694,   -0.135, 27 May 2026, 03:51:51"
2026-05-27T03:52:07.052831,3797,37350000,-0.017,0.009,-1.004,-3.641,0.29,-1.092,34.27,31.9712,-0.135,"31.9712,   -0.135, 27 May 2026, 03:52:01"
2026-05-27T03:52:17.037130,3798,37360000,-0.012,0.01,-1.003,-3.397,0.13,-1.229,34.27,31.9692,-0.135,"31.9692,   -0.135, 27 May 2026, 03:52:11"
2026-05-27T03:52:27.035562,3799,37370000,-0.015,0.012,-1.015,-3.565,0.458,-1.13,34.37,31.9629,-0.135,"31.9629,   -0.135, 27 May 2026, 03:52:21"
2026-05-27T03:52:37.036236,3800,37380000,-0.01,0.013,-1.01,-3.466,0.29,-1.076,34.27,31.9612,-0.136,"31.9612,   -0.136, 27 May 2026, 03:52:31"
2026-05-27T03:52:47.042992,3801,37390000,-0.015,0.014,-1.011,-3.511,0.382,-1.061,34.27,31.9622,-0.134,"31.9622,   -0.134, 27 May 2026, 03:52:41"
2026-05-27T03:52:57.042816,3802,37400000,-0.012,0.011,-1.011,-3.443,0.244,-1.115,34.32,31.9672,-0.136,"31.9672,   -0.136, 27 May 2026, 03:52:51"
2026-05-27T03:53:07.035474,3803,37410000,-0.013,0.012,-1.004,-3.573,0.42,-1.168,34.37,31.9609,-0.134,"31.9609,   -0.134, 27 May 2026, 03:53:01"
2026-05-27T03:53:17.050748,3804,37420000,-0.017,0.01,-1.005,-3.618,0.298,-1.0,34.37,31.9662,-0.134,"31.9662,   -0.134, 27 May 2026, 03:53:11"
2026-05-27T03:53:27.035982,3805,37430000,-0.012,0.016,-1.011,-3.557,0.214,-1.115,34.27,31.9631,-0.134,"31.9631,   -0.134, 27 May 2026, 03:53:21"
2026-05-27T03:53:37.032111,3806,37440000,-0.017,0.012,-1.013,-3.557,0.397,-1.122,34.27,31.9772,-0.133,"31.9772,   -0.133, 27 May 2026, 03:53:31"
2026-05-27T03:53:47.043824,3807,37450000,-0.016,0.014,-1.009,-3.595,0.267,-1.031,34.27,31.9786,-0.137,"31.9786,   -0.137, 27 May 2026, 03:53:41"
2026-05-27T03:53:57.043290,3808,37460000,-0.016,0.017,-0.998,-3.489,0.237,-1.099,34.27,31.9751,-0.136,"31.9751,   -0.136, 27 May 2026, 03:53:51"
2026-05-27T03:54:07.034235,3809,37470000,-0.014,0.013,-1.014,-3.611,0.374,-1.023,34.37,31.9694,-0.133,"31.9694,   -0.133, 27 May 2026, 03:54:01"
2026-05-27T03:54:17.037921,3810,37480000,-0.015,0.016,-1.017,-3.534,0.237,-1.031,34.32,31.957,-0.135,"31.9570,   -0.135, 27 May 2026, 03:54:11"
2026-05-27T03:54:27.052045,3811,37490000,-0.018,0.01,-1.016,-3.611,0.405,-1.115,34.41,31.9569,-0.132,"31.9569,   -0.132, 27 May 2026, 03:54:21"
2026-05-27T03:54:37.034438,3812,37500000,-0.017,0.016,-1.008,-3.603,0.122,-1.221,34.32,31.9517,-0.134,"31.9517,   -0.134, 27 May 2026, 03:54:31"
2026-05-27T03:54:47.051704,3813,37510000,-0.014,0.012,-1.004,-3.634,0.29,-1.198,34.37,31.9534,-0.132,"31.9534,   -0.132, 27 May 2026, 03:54:41"
2026-05-27T03:54:57.052482,3814,37520000,-0.006,0.014,-1.009,-3.527,0.282,-0.969,34.37,31.9537,-0.133,"31.9537,   -0.133, 27 May 2026, 03:54:51"
2026-05-27T03:55:07.105485,3815,37530000,-0.014,0.013,-1.001,-3.58,0.344,-0.893,34.27,31.9489,-0.132,"31.9489,   -0.132, 27 May 2026, 03:55:01"
2026-05-27T03:55:17.032411,3816,37540000,-0.015,0.019,-1.007,-3.634,0.298,-1.015,34.37,31.9587,-0.135,"31.9587,   -0.135, 27 May 2026, 03:55:11"
2026-05-27T03:55:27.047682,3817,37550000,-0.013,0.015,-1.012,-3.504,0.359,-1.176,34.41,31.9643,-0.135,"31.9643,   -0.135, 27 May 2026, 03:55:21"
2026-05-27T03:55:37.044029,3818,37560000,-0.018,0.013,-1.011,-3.74,0.328,-1.084,34.37,31.9711,-0.137,"31.9711,   -0.137, 27 May 2026, 03:55:31"
2026-05-27T03:55:47.036436,3819,37570000,-0.014,0.011,-1.009,-3.534,0.298,-1.176,34.37,31.9763,-0.138,"31.9763,   -0.138, 27 May 2026, 03:55:41"
2026-05-27T03:55:57.038383,3820,37580000,-0.013,0.015,-1.013,-3.504,0.336,-1.046,34.32,31.9817,-0.135,"31.9817,   -0.135, 27 May 2026, 03:55:51"
2026-05-27T03:56:07.036489,3821,37590000,-0.016,0.016,-1.007,-3.519,0.313,-1.046,34.37,31.9856,-0.134,"31.9856,   -0.134, 27 May 2026, 03:56:01"
2026-05-27T03:56:17.037163,3822,37600000,-0.013,0.015,-1.011,-3.481,0.534,-0.962,34.46,31.9835,-0.135,"31.9835,   -0.135, 27 May 2026, 03:56:11"
2026-05-27T03:56:27.036067,3823,37610000,-0.015,0.017,-1.018,-3.458,0.405,-1.183,34.27,31.9769,-0.137,"31.9769,   -0.137, 27 May 2026, 03:56:21"
2026-05-27T03:56:37.037783,3824,37620000,-0.014,0.014,-1.014,-3.374,0.305,-1.008,34.37,31.9783,-0.136,"31.9783,   -0.136, 27 May 2026, 03:56:31"
2026-05-27T03:56:47.043306,3825,37630000,-0.018,0.011,-1.007,-3.496,0.168,-1.168,34.37,31.9706,-0.133,"31.9706,   -0.133, 27 May 2026, 03:56:41"
2026-05-27T03:56:57.034823,3826,37640000,-0.012,0.01,-1.006,-3.382,0.099,-1.198,34.37,31.9694,-0.133,"31.9694,   -0.133, 27 May 2026, 03:56:51"
2026-05-27T03:57:07.036129,3827,37650000,-0.014,0.015,-1.0,-3.595,0.153,-1.13,34.41,31.9648,-0.133,"31.9648,   -0.133, 27 May 2026, 03:57:01"
2026-05-27T03:57:17.096225,3828,37660000,-0.013,0.018,-1.01,-3.534,0.366,-1.084,34.37,31.9635,-0.132,"31.9635,   -0.132, 27 May 2026, 03:57:11"
2026-05-27T03:57:27.053015,3829,37670000,-0.013,0.011,-1.006,-3.504,0.427,-0.992,34.27,31.9558,-0.132,"31.9558,   -0.132, 27 May 2026, 03:57:21"
2026-05-27T03:57:37.033564,3830,37680000,-0.013,0.013,-1.012,-3.542,0.252,-1.107,34.32,31.9524,-0.138,"31.9524,   -0.138, 27 May 2026, 03:57:31"
2026-05-27T03:57:47.036437,3831,37690000,-0.021,0.004,-1.014,-3.557,0.427,-1.053,34.32,31.9558,-0.136,"31.9558,   -0.136, 27 May 2026, 03:57:41"
2026-05-27T03:57:57.048956,3832,37700000,-0.014,0.014,-1.007,-3.519,0.427,-1.061,34.32,31.9652,-0.131,"31.9652,   -0.131, 27 May 2026, 03:57:51"
2026-05-27T03:58:07.047113,3833,37710000,-0.01,0.011,-0.999,-3.466,0.412,-1.145,34.37,31.9583,-0.137,"31.9583,   -0.137, 27 May 2026, 03:58:01"
2026-05-27T03:58:17.036638,3834,37720000,-0.017,0.018,-1.02,-3.504,0.153,-0.969,34.46,31.956,-0.137,"31.9560,   -0.137, 27 May 2026, 03:58:11"
2026-05-27T03:58:27.035781,3835,37730000,-0.014,0.016,-1.009,-3.489,0.412,-1.153,34.37,31.9604,-0.136,"31.9604,   -0.136, 27 May 2026, 03:58:21"
2026-05-27T03:58:37.097608,3836,37740000,-0.017,0.01,-1.01,-3.443,0.221,-0.992,34.41,31.9638,-0.131,"31.9638,   -0.131, 27 May 2026, 03:58:31"
2026-05-27T03:58:47.031975,3837,37750000,-0.009,0.015,-1.021,-3.542,0.466,-1.16,34.37,31.9671,-0.134,"31.9671,   -0.134, 27 May 2026, 03:58:41"
2026-05-27T03:58:57.036280,3838,37760000,-0.015,0.012,-1.007,-3.55,0.275,-0.947,34.32,31.9645,-0.131,"31.9645,   -0.131, 27 May 2026, 03:58:51"
2026-05-27T03:59:07.051221,3839,37770000,-0.013,0.013,-1.005,-3.534,0.298,-1.168,34.41,31.9655,-0.135,"31.9655,   -0.135, 27 May 2026, 03:59:01"
2026-05-27T03:59:17.052870,3840,37780000,-0.014,0.013,-1.012,-3.603,0.282,-1.183,34.32,31.9646,-0.132,"31.9646,   -0.132, 27 May 2026, 03:59:11"
2026-05-27T03:59:27.031290,3841,37790000,-0.019,0.015,-1.011,-3.496,0.412,-1.168,34.41,31.9579,-0.133,"31.9579,   -0.133, 27 May 2026, 03:59:21"
2026-05-27T03:59:37.037495,3842,37800000,-0.011,0.011,-1.009,-3.618,0.405,-1.13,34.32,31.9713,-0.134,"31.9713,   -0.134, 27 May 2026, 03:59:31"
2026-05-27T03:59:47.033535,3843,37810000,-0.011,0.018,-1.008,-3.435,0.351,-0.947,34.37,31.9872,-0.134,"31.9872,   -0.134, 27 May 2026, 03:59:41"
2026-05-27T03:59:57.034042,3844,37820000,-0.019,0.01,-0.999,-3.557,0.29,-1.046,34.37,31.9893,-0.133,"31.9893,   -0.133, 27 May 2026, 03:59:51"
2026-05-27T04:00:07.036793,3845,37830000,-0.009,0.017,-1.014,-3.634,0.397,-1.061,34.27,31.987,-0.139,"31.9870,   -0.139, 27 May 2026, 04:00:01"
2026-05-27T04:00:17.035850,3846,37840000,-0.014,0.009,-1.009,-3.458,0.267,-1.084,34.37,31.9916,-0.135,"31.9916,   -0.135, 27 May 2026, 04:00:11"
2026-05-27T04:00:27.036160,3847,37850000,-0.01,0.013,-1.009,-3.519,0.458,-1.076,34.32,31.9903,-0.135,"31.9903,   -0.135, 27 May 2026, 04:00:21"
2026-05-27T04:00:37.035362,3848,37860000,-0.013,0.016,-1.013,-3.557,0.458,-1.153,34.27,31.9933,-0.132,"31.9933,   -0.132, 27 May 2026, 04:00:31"
2026-05-27T04:00:47.036305,3849,37870000,-0.016,0.013,-1.017,-3.397,0.046,-1.076,34.37,31.9931,-0.133,"31.9931,   -0.133, 27 May 2026, 04:00:41"
2026-05-27T04:00:57.052031,3850,37880000,-0.017,0.014,-1.012,-3.618,0.405,-1.038,34.37,31.9959,-0.134,"31.9959,   -0.134, 27 May 2026, 04:00:51"
2026-05-27T04:01:07.037062,3851,37890000,-0.019,0.013,-1.008,-3.626,0.351,-1.16,34.37,32.0007,-0.134,"32.0007,   -0.134, 27 May 2026, 04:01:01"
2026-05-27T04:01:17.041289,3852,37900000,-0.011,0.013,-1.009,-3.626,0.344,-1.26,34.37,31.9922,-0.132,"31.9922,   -0.132, 27 May 2026, 04:01:11"
2026-05-27T04:01:27.038778,3853,37910000,-0.013,0.011,-1.008,-3.473,0.473,-0.969,34.32,31.9897,-0.136,"31.9897,   -0.136, 27 May 2026, 04:01:21"
2026-05-27T04:01:37.052309,3854,37920000,-0.015,0.016,-1.011,-3.588,0.321,-0.985,34.32,31.9879,-0.132,"31.9879,   -0.132, 27 May 2026, 04:01:31"
2026-05-27T04:01:47.034528,3855,37930000,-0.014,0.012,-1.008,-3.534,0.359,-1.107,34.32,31.9888,-0.134,"31.9888,   -0.134, 27 May 2026, 04:01:41"
2026-05-27T04:01:57.032427,3856,37940000,-0.016,0.018,-1.008,-3.55,0.252,-1.046,34.41,31.9912,-0.135,"31.9912,   -0.135, 27 May 2026, 04:01:51"
2026-05-27T04:02:07.036826,3857,37950000,-0.012,0.01,-1.011,-3.412,0.504,-1.023,34.37,31.9888,-0.133,"31.9888,   -0.133, 27 May 2026, 04:02:01"
2026-05-27T04:02:17.041885,3858,37960000,-0.009,0.014,-0.996,-3.664,0.29,-0.992,34.41,31.9935,-0.133,"31.9935,   -0.133, 27 May 2026, 04:02:11"
2026-05-27T04:02:27.047877,3859,37970000,-0.013,0.019,-1.016,-3.534,0.26,-0.947,34.46,31.9957,-0.133,"31.9957,   -0.133, 27 May 2026, 04:02:21"
2026-05-27T04:02:37.041830,3860,37980000,-0.017,0.013,-1.013,-3.481,0.359,-1.115,34.37,32.0012,-0.13,"32.0012,   -0.130, 27 May 2026, 04:02:31"
2026-05-27T04:02:47.034762,3861,37990000,-0.018,0.011,-1.008,-3.58,0.298,-1.076,34.37,32.0042,-0.132,"32.0042,   -0.132, 27 May 2026, 04:02:41"
2026-05-27T04:02:57.033935,3862,38000000,-0.017,0.017,-1.006,-3.557,0.435,-1.26,34.32,32.0064,-0.135,"32.0064,   -0.135, 27 May 2026, 04:02:51"
2026-05-27T04:03:07.031277,3863,38010000,-0.016,0.014,-1.01,-3.534,0.305,-1.122,34.46,32.0109,-0.133,"32.0109,   -0.133, 27 May 2026, 04:03:01"
2026-05-27T04:03:17.051777,3864,38020000,-0.021,0.013,-1.014,-3.565,0.366,-1.053,34.32,32.0116,-0.132,"32.0116,   -0.132, 27 May 2026, 04:03:11"
2026-05-27T04:03:27.035233,3865,38030000,-0.008,0.012,-1.003,-3.664,0.275,-1.038,34.32,32.0142,-0.134,"32.0142,   -0.134, 27 May 2026, 04:03:21"
2026-05-27T04:03:37.036566,3866,38040000,-0.011,0.015,-1.007,-3.458,0.198,-1.046,34.37,32.0083,-0.135,"32.0083,   -0.135, 27 May 2026, 04:03:31"
2026-05-27T04:03:47.037476,3867,38050000,-0.016,0.012,-0.997,-3.466,0.328,-1.084,34.46,32.0047,-0.133,"32.0047,   -0.133, 27 May 2026, 04:03:41"
2026-05-27T04:03:57.033972,3868,38060000,-0.013,0.013,-1.015,-3.595,0.26,-0.985,34.37,32.0055,-0.133,"32.0055,   -0.133, 27 May 2026, 04:03:51"
2026-05-27T04:04:07.036647,3869,38070000,-0.012,0.011,-1.007,-3.565,0.344,-0.931,34.37,32.0039,-0.133,"32.0039,   -0.133, 27 May 2026, 04:04:01"
2026-05-27T04:04:17.035964,3870,38080000,-0.014,0.016,-1.01,-3.58,0.145,-1.176,34.41,32.0088,-0.134,"32.0088,   -0.134, 27 May 2026, 04:04:11"
2026-05-27T04:04:27.038722,3871,38090000,-0.017,0.014,-1.01,-3.557,0.29,-0.939,34.46,32.0108,-0.132,"32.0108,   -0.132, 27 May 2026, 04:04:21"
2026-05-27T04:04:37.043496,3872,38100000,-0.016,0.014,-1.005,-3.542,0.298,-1.115,34.41,32.0119,-0.136,"32.0119,   -0.136, 27 May 2026, 04:04:31"
2026-05-27T04:04:47.046088,3873,38110000,-0.009,0.01,-1.018,-3.458,0.366,-1.023,34.41,32.0051,-0.13,"32.0051,   -0.130, 27 May 2026, 04:04:41"
2026-05-27T04:04:57.053023,3874,38120000,-0.013,0.017,-1.004,-3.45,0.351,-0.809,34.41,31.9983,-0.136,"31.9983,   -0.136, 27 May 2026, 04:04:51"
2026-05-27T04:05:07.032765,3875,38130000,-0.013,0.016,-1.006,-3.458,0.267,-0.931,34.32,31.9979,-0.135,"31.9979,   -0.135, 27 May 2026, 04:05:01"
2026-05-27T04:05:17.052557,3876,38140000,-0.014,0.015,-1.008,-3.496,0.29,-1.031,34.37,31.9885,-0.132,"31.9885,   -0.132, 27 May 2026, 04:05:11"
2026-05-27T04:05:27.052253,3877,38150000,-0.017,0.011,-1.013,-3.557,0.389,-1.153,34.37,31.9879,-0.131,"31.9879,   -0.131, 27 May 2026, 04:05:21"
2026-05-27T04:05:37.096745,3878,38160000,-0.013,0.014,-1.004,-3.473,0.489,-1.267,34.41,31.9955,-0.134,"31.9955,   -0.134, 27 May 2026, 04:05:31"
2026-05-27T04:05:47.031975,3879,38170000,-0.011,0.016,-1.018,-3.473,0.382,-1.038,34.37,31.9988,-0.133,"31.9988,   -0.133, 27 May 2026, 04:05:41"
2026-05-27T04:05:57.113326,3880,38180000,-0.013,0.015,-1.01,-3.695,0.351,-1.183,34.41,31.9955,-0.133,"31.9955,   -0.133, 27 May 2026, 04:05:51"
2026-05-27T04:06:07.043278,3881,38190000,-0.019,0.011,-1.012,-3.557,0.527,-1.023,34.37,31.9966,-0.134,"31.9966,   -0.134, 27 May 2026, 04:06:01"
2026-05-27T04:06:17.033845,3882,38200000,-0.015,0.011,-1.014,-3.519,0.374,-0.947,34.46,31.9962,-0.134,"31.9962,   -0.134, 27 May 2026, 04:06:11"
2026-05-27T04:06:27.045553,3883,38210000,-0.014,0.01,-1.006,-3.374,0.252,-1.038,34.37,31.9978,-0.132,"31.9978,   -0.132, 27 May 2026, 04:06:21"
2026-05-27T04:06:37.045864,3884,38220000,-0.019,0.011,-1.014,-3.557,0.351,-0.916,34.32,31.9941,-0.134,"31.9941,   -0.134, 27 May 2026, 04:06:31"
2026-05-27T04:06:47.037282,3885,38230000,-0.021,0.013,-1.01,-3.374,0.405,-1.031,34.32,31.9965,-0.132,"31.9965,   -0.132, 27 May 2026, 04:06:41"
2026-05-27T04:06:57.036190,3886,38240000,-0.014,0.017,-1.008,-3.542,0.206,-1.16,34.41,31.9931,-0.133,"31.9931,   -0.133, 27 May 2026, 04:06:51"
2026-05-27T04:07:07.050281,3887,38250000,-0.013,0.019,-1.003,-3.504,0.282,-0.939,34.41,31.9932,-0.137,"31.9932,   -0.137, 27 May 2026, 04:07:01"
2026-05-27T04:07:17.048035,3888,38260000,-0.011,0.011,-1.007,-3.511,0.359,-1.115,34.41,31.9956,-0.13,"31.9956,   -0.130, 27 May 2026, 04:07:11"
2026-05-27T04:07:27.034402,3889,38270000,-0.015,0.008,-1.008,-3.534,0.26,-1.069,34.37,31.9952,-0.133,"31.9952,   -0.133, 27 May 2026, 04:07:21"
2026-05-27T04:07:37.053304,3890,38280000,-0.015,0.014,-1.012,-3.763,0.336,-1.107,34.32,31.9977,-0.135,"31.9977,   -0.135, 27 May 2026, 04:07:31"
2026-05-27T04:07:47.038056,3891,38290000,-0.014,0.011,-1.009,-3.519,0.252,-1.191,34.32,31.9928,-0.133,"31.9928,   -0.133, 27 May 2026, 04:07:41"
2026-05-27T04:07:57.032402,3892,38300000,-0.016,0.015,-1.016,-3.443,0.351,-1.115,34.41,32.0071,-0.134,"32.0071,   -0.134, 27 May 2026, 04:07:51"
2026-05-27T04:08:07.051858,3893,38310000,-0.016,0.018,-1.004,-3.496,0.29,-0.969,34.41,32.0138,-0.135,"32.0138,   -0.135, 27 May 2026, 04:08:01"
2026-05-27T04:08:17.040409,3894,38320000,-0.016,0.016,-1.009,-3.603,0.321,-1.107,34.37,32.0171,-0.133,"32.0171,   -0.133, 27 May 2026, 04:08:11"
2026-05-27T04:08:27.034611,3895,38330000,-0.014,0.018,-1.007,-3.618,0.42,-1.229,34.32,32.0064,-0.132,"32.0064,   -0.132, 27 May 2026, 04:08:21"
2026-05-27T04:08:37.040771,3896,38340000,-0.015,0.018,-1.017,-3.641,0.26,-1.053,34.41,31.9991,-0.132,"31.9991,   -0.132, 27 May 2026, 04:08:31"
2026-05-27T04:08:47.036478,3897,38350000,-0.012,0.02,-1.001,-3.496,0.305,-1.176,34.46,31.9975,-0.135,"31.9975,   -0.135, 27 May 2026, 04:08:41"
2026-05-27T04:08:57.050314,3898,38360000,-0.011,0.013,-1.015,-3.534,0.183,-1.053,34.32,31.9915,-0.134,"31.9915,   -0.134, 27 May 2026, 04:08:51"
2026-05-27T04:09:07.052194,3899,38370000,-0.013,0.007,-1.013,-3.557,0.397,-0.992,34.37,31.9928,-0.133,"31.9928,   -0.133, 27 May 2026, 04:09:01"
2026-05-27T04:09:17.034554,3900,38380000,-0.02,0.008,-1.009,-3.542,0.481,-1.038,34.46,32.0033,-0.13,"32.0033,   -0.130, 27 May 2026, 04:09:11"
2026-05-27T04:09:27.035355,3901,38390000,-0.018,0.011,-1.005,-3.466,0.221,-1.13,34.37,32.0037,-0.133,"32.0037,   -0.133, 27 May 2026, 04:09:21"
2026-05-27T04:09:37.036990,3902,38400000,-0.012,0.013,-1.008,-3.397,0.351,-1.145,34.41,32.0035,-0.133,"32.0035,   -0.133, 27 May 2026, 04:09:31"
2026-05-27T04:09:47.049194,3903,38410000,-0.018,0.016,-1.017,-3.58,0.26,-1.244,34.41,32.0113,-0.131,"32.0113,   -0.131, 27 May 2026, 04:09:41"
2026-05-27T04:09:57.036300,3904,38420000,-0.009,0.012,-1.003,-3.679,0.435,-1.206,34.41,32.0143,-0.136,"32.0143,   -0.136, 27 May 2026, 04:09:51"
2026-05-27T04:10:07.039436,3905,38430000,-0.008,0.019,-1.012,-3.595,0.397,-1.099,34.41,32.0206,-0.136,"32.0206,   -0.136, 27 May 2026, 04:10:01"
2026-05-27T04:10:17.093944,3906,38440000,-0.017,0.012,-1.009,-3.55,0.229,-1.023,34.51,32.0146,-0.131,"32.0146,   -0.131, 27 May 2026, 04:10:11"
2026-05-27T04:10:27.096362,3907,38450000,-0.016,0.011,-1.013,-3.626,0.168,-1.107,34.46,32.011,-0.134,"32.0110,   -0.134, 27 May 2026, 04:10:21"
2026-05-27T04:10:37.172511,3908,38460000,-0.011,0.013,-1.002,-3.557,0.359,-0.954,34.46,32.0177,-0.136,"32.0177,   -0.136, 27 May 2026, 04:10:31"
2026-05-27T04:10:47.157047,3909,38470000,-0.015,0.011,-1.009,-3.45,0.176,-1.046,34.37,32.0211,-0.133,"32.0211,   -0.133, 27 May 2026, 04:10:41"
2026-05-27T04:10:57.173909,3910,38480000,-0.02,0.017,-1.007,-3.481,0.42,-0.954,34.51,32.0102,-0.132,"32.0102,   -0.132, 27 May 2026, 04:10:51"
2026-05-27T04:11:07.052925,3911,38490000,-0.017,0.012,-1.003,-3.466,0.359,-1.069,34.37,32.009,-0.132,"32.0090,   -0.132, 27 May 2026, 04:11:01"
2026-05-27T04:11:17.163406,3912,38500000,-0.021,0.007,-1.007,-3.45,0.359,-1.229,34.32,32.0089,-0.133,"32.0089,   -0.133, 27 May 2026, 04:11:11"
2026-05-27T04:11:27.154222,3913,38510000,-0.018,0.01,-1.011,-3.687,0.336,-1.031,34.32,32.013,-0.133,"32.0130,   -0.133, 27 May 2026, 04:11:21"
2026-05-27T04:11:37.097574,3914,38520000,-0.02,0.016,-1.017,-3.55,0.282,-1.092,34.37,32.0204,-0.135,"32.0204,   -0.135, 27 May 2026, 04:11:31"
2026-05-27T04:11:47.096184,3915,38530000,-0.008,0.011,-1.003,-3.664,0.397,-1.031,34.27,32.027,-0.132,"32.0270,   -0.132, 27 May 2026, 04:11:41"
2026-05-27T04:11:57.156758,3916,38540000,-0.012,0.013,-1.002,-3.809,0.328,-1.023,34.37,32.0336,-0.133,"32.0336,   -0.133, 27 May 2026, 04:11:51"
2026-05-27T04:12:07.036883,3917,38550000,-0.011,0.011,-1.012,-3.542,0.252,-1.137,34.41,32.0426,-0.131,"32.0426,   -0.131, 27 May 2026, 04:12:01"
2026-05-27T04:12:17.156860,3918,38560000,-0.013,0.013,-1.008,-3.481,0.389,-1.023,34.46,32.0476,-0.131,"32.0476,   -0.131, 27 May 2026, 04:12:11"
2026-05-27T04:12:27.096767,3919,38570000,-0.017,0.015,-1.002,-3.588,0.412,-1.13,34.41,32.0381,-0.133,"32.0381,   -0.133, 27 May 2026, 04:12:21"
2026-05-27T04:12:37.156948,3920,38580000,-0.021,0.016,-1.025,-3.634,0.374,-1.206,34.32,32.0362,-0.132,"32.0362,   -0.132, 27 May 2026, 04:12:31"
2026-05-27T04:12:47.096905,3921,38590000,-0.015,0.012,-1.008,-3.496,0.313,-1.145,34.37,32.0396,-0.136,"32.0396,   -0.136, 27 May 2026, 04:12:41"
2026-05-27T04:12:57.156421,3922,38600000,-0.018,0.014,-1.012,-3.45,0.359,-1.023,34.46,32.0386,-0.134,"32.0386,   -0.134, 27 May 2026, 04:12:51"
2026-05-27T04:13:07.035983,3923,38610000,-0.017,0.017,-1.006,-3.634,0.145,-1.107,34.41,32.0398,-0.134,"32.0398,   -0.134, 27 May 2026, 04:13:01"
2026-05-27T04:13:17.156866,3924,38620000,-0.014,0.009,-1.006,-3.481,0.29,-1.0,34.37,32.0406,-0.133,"32.0406,   -0.133, 27 May 2026, 04:13:11"
2026-05-27T04:13:27.096135,3925,38630000,-0.011,0.007,-1.01,-3.458,0.29,-0.931,34.37,32.0381,-0.134,"32.0381,   -0.134, 27 May 2026, 04:13:21"
2026-05-27T04:13:37.160834,3926,38640000,-0.02,0.016,-1.011,-3.565,0.397,-1.115,34.37,32.0375,-0.135,"32.0375,   -0.135, 27 May 2026, 04:13:31"
2026-05-27T04:13:47.171602,3927,38650000,-0.009,0.015,-1.008,-3.634,0.26,-1.153,34.37,32.0401,-0.136,"32.0401,   -0.136, 27 May 2026, 04:13:41"
2026-05-27T04:13:57.172661,3928,38660000,-0.017,0.009,-1.007,-3.473,0.359,-0.977,34.51,32.0364,-0.132,"32.0364,   -0.132, 27 May 2026, 04:13:51"
2026-05-27T04:14:07.036440,3929,38670000,-0.012,0.01,-1.01,-3.45,0.305,-1.076,34.37,32.0452,-0.132,"32.0452,   -0.132, 27 May 2026, 04:14:01"
2026-05-27T04:14:17.096141,3930,38680000,-0.013,0.012,-1.01,-3.595,0.458,-1.008,34.46,32.0403,-0.139,"32.0403,   -0.139, 27 May 2026, 04:14:11"
2026-05-27T04:14:27.156323,3931,38690000,-0.01,0.018,-1.017,-3.656,0.351,-1.122,34.37,32.037,-0.134,"32.0370,   -0.134, 27 May 2026, 04:14:21"
2026-05-27T04:14:37.173871,3932,38700000,-0.017,0.015,-1.006,-3.519,0.344,-1.031,34.37,32.0331,-0.129,"32.0331,   -0.129, 27 May 2026, 04:14:31"
2026-05-27T04:14:47.156017,3933,38710000,-0.016,0.011,-1.01,-3.55,0.443,-1.061,34.41,32.0351,-0.133,"32.0351,   -0.133, 27 May 2026, 04:14:41"
2026-05-27T04:14:57.173241,3934,38720000,-0.011,0.006,-1.007,-3.511,0.321,-1.13,34.37,32.0295,-0.135,"32.0295,   -0.135, 27 May 2026, 04:14:51"
2026-05-27T04:15:07.051784,3935,38730000,-0.019,0.008,-1.017,-3.557,0.298,-1.023,34.41,32.0309,-0.13,"32.0309,   -0.130, 27 May 2026, 04:15:01"
2026-05-27T04:15:17.097542,3936,38740000,-0.015,0.012,-1.011,-3.611,0.282,-1.023,34.46,32.0294,-0.131,"32.0294,   -0.131, 27 May 2026, 04:15:11"
2026-05-27T04:15:27.156745,3937,38750000,-0.012,0.021,-1.011,-3.534,0.42,-1.145,34.32,32.0242,-0.134,"32.0242,   -0.134, 27 May 2026, 04:15:21"
2026-05-27T04:15:37.156624,3938,38760000,-0.017,0.015,-1.006,-3.687,0.42,-1.115,34.41,32.0208,-0.133,"32.0208,   -0.133, 27 May 2026, 04:15:31"
2026-05-27T04:15:47.112810,3939,38770000,-0.012,0.008,-1.012,-3.603,0.275,-1.198,34.32,32.0288,-0.133,"32.0288,   -0.133, 27 May 2026, 04:15:41"
2026-05-27T04:15:57.156287,3940,38780000,-0.017,0.017,-1.018,-3.664,0.519,-1.015,34.41,32.0287,-0.134,"32.0287,   -0.134, 27 May 2026, 04:15:51"
2026-05-27T04:16:07.031793,3941,38790000,-0.017,0.011,-1.003,-3.511,0.313,-1.015,34.41,32.0261,-0.134,"32.0261,   -0.134, 27 May 2026, 04:16:01"
2026-05-27T04:16:17.156360,3942,38800000,-0.009,0.016,-1.01,-3.534,0.382,-1.076,34.41,32.0334,-0.132,"32.0334,   -0.132, 27 May 2026, 04:16:11"
2026-05-27T04:16:27.157838,3943,38810000,-0.015,0.016,-1.006,-3.649,0.489,-1.053,34.37,32.0349,-0.129,"32.0349,   -0.129, 27 May 2026, 04:16:21"
2026-05-27T04:16:37.155751,3944,38820000,-0.013,0.011,-1.004,-3.656,0.344,-1.176,34.32,32.0281,-0.132,"32.0281,   -0.132, 27 May 2026, 04:16:31"
2026-05-27T04:16:47.173886,3945,38830000,-0.018,0.009,-1.006,-3.656,0.298,-1.015,34.37,32.0388,-0.132,"32.0388,   -0.132, 27 May 2026, 04:16:41"
2026-05-27T04:16:57.156871,3946,38840000,-0.016,0.014,-1.009,-3.603,0.298,-1.115,34.41,32.0455,-0.131,"32.0455,   -0.131, 27 May 2026, 04:16:51"
2026-05-27T04:17:07.035749,3947,38850000,-0.016,0.016,-1.012,-3.664,0.298,-1.023,34.41,32.0471,-0.133,"32.0471,   -0.133, 27 May 2026, 04:17:01"
2026-05-27T04:17:17.094993,3948,38860000,-0.014,0.014,-1.015,-3.649,0.366,-1.099,34.37,32.049,-0.133,"32.0490,   -0.133, 27 May 2026, 04:17:11"
2026-05-27T04:17:27.154749,3949,38870000,-0.014,0.02,-1.016,-3.534,0.313,-1.183,34.46,32.0419,-0.134,"32.0419,   -0.134, 27 May 2026, 04:17:21"
2026-05-27T04:17:37.153960,3950,38880000,-0.013,0.013,-1.009,-3.45,0.443,-1.145,34.41,32.041,-0.132,"32.0410,   -0.132, 27 May 2026, 04:17:31"
2026-05-27T04:17:47.154939,3951,38890000,-0.018,0.014,-1.003,-3.397,0.29,-1.015,34.37,32.0504,-0.133,"32.0504,   -0.133, 27 May 2026, 04:17:41"
2026-05-27T04:17:57.177343,3952,38900000,-0.02,0.013,-1.012,-3.519,0.328,-1.031,34.37,32.0491,-0.133,"32.0491,   -0.133, 27 May 2026, 04:17:51"
2026-05-27T04:18:07.035132,3953,38910000,-0.017,0.009,-1.012,-3.382,0.053,-1.046,34.41,32.0616,-0.134,"32.0616,   -0.134, 27 May 2026, 04:18:01"
2026-05-27T04:18:17.163199,3954,38920000,-0.014,0.015,-1.01,-3.519,0.374,-1.183,34.41,32.067,-0.137,"32.0670,   -0.137, 27 May 2026, 04:18:11"
2026-05-27T04:18:27.096290,3955,38930000,-0.012,0.013,-1.016,-3.588,0.29,-1.076,34.46,32.0599,-0.134,"32.0599,   -0.134, 27 May 2026, 04:18:21"
2026-05-27T04:18:37.163906,3956,38940000,-0.01,0.02,-1.009,-3.527,0.321,-0.954,34.41,32.0546,-0.133,"32.0546,   -0.133, 27 May 2026, 04:18:31"
2026-05-27T04:18:47.158077,3957,38950000,-0.006,0.013,-1.014,-3.443,0.336,-0.924,34.37,32.0543,-0.132,"32.0543,   -0.132, 27 May 2026, 04:18:41"
2026-05-27T04:18:57.114424,3958,38960000,-0.016,0.014,-1.002,-3.336,0.29,-1.092,34.41,32.0546,-0.135,"32.0546,   -0.135, 27 May 2026, 04:18:51"
2026-05-27T04:19:07.034496,3959,38970000,-0.017,0.014,-1.01,-3.412,0.328,-1.031,34.41,32.0597,-0.133,"32.0597,   -0.133, 27 May 2026, 04:19:01"
2026-05-27T04:19:17.157616,3960,38980000,-0.016,0.013,-1.01,-3.641,0.458,-0.969,34.41,32.0577,-0.133,"32.0577,   -0.133, 27 May 2026, 04:19:11"
2026-05-27T04:19:27.095841,3961,38990000,-0.013,0.011,-1.0,-3.55,0.405,-1.053,34.46,32.0562,-0.134,"32.0562,   -0.134, 27 May 2026, 04:19:21"
2026-05-27T04:19:37.172095,3962,39000000,-0.01,0.016,-1.008,-3.542,0.42,-1.084,34.46,32.0621,-0.132,"32.0621,   -0.132, 27 May 2026, 04:19:31"
2026-05-27T04:19:47.097292,3963,39010000,-0.016,0.011,-1.01,-3.656,0.214,-1.038,34.37,32.0621,-0.133,"32.0621,   -0.133, 27 May 2026, 04:19:41"
2026-05-27T04:19:57.112517,3964,39020000,-0.015,0.012,-1.008,-3.511,0.359,-0.924,34.32,32.0689,-0.137,"32.0689,   -0.137, 27 May 2026, 04:19:51"
2026-05-27T04:20:07.095056,3965,39030000,-0.016,0.014,-1.018,-3.496,0.168,-1.115,34.46,32.0761,-0.134,"32.0761,   -0.134, 27 May 2026, 04:20:01"
2026-05-27T04:20:17.172369,3966,39040000,-0.009,0.015,-0.997,-3.458,0.405,-1.275,34.41,32.0784,-0.132,"32.0784,   -0.132, 27 May 2026, 04:20:11"
2026-05-27T04:20:27.157242,3967,39050000,-0.014,0.014,-1.018,-3.626,0.336,-1.221,34.51,32.0705,-0.132,"32.0705,   -0.132, 27 May 2026, 04:20:21"
2026-05-27T04:20:37.160768,3968,39060000,-0.016,0.013,-1.009,-3.634,0.405,-1.115,34.46,32.0736,-0.131,"32.0736,   -0.131, 27 May 2026, 04:20:31"
2026-05-27T04:20:47.173446,3969,39070000,-0.012,0.015,-1.008,-3.473,0.344,-1.099,34.37,32.0692,-0.133,"32.0692,   -0.133, 27 May 2026, 04:20:41"
2026-05-27T04:20:57.098371,3970,39080000,-0.017,0.006,-1.004,-3.473,0.542,-1.183,34.41,32.0648,-0.133,"32.0648,   -0.133, 27 May 2026, 04:20:51"
2026-05-27T04:21:07.103149,3971,39090000,-0.021,0.01,-1.009,-3.473,0.252,-1.076,34.37,32.058,-0.132,"32.0580,   -0.132, 27 May 2026, 04:21:01"
2026-05-27T04:21:17.113678,3972,39100000,-0.012,0.011,-1.01,-3.489,0.191,-1.099,34.55,32.06,-0.13,"32.0600,   -0.130, 27 May 2026, 04:21:11"
2026-05-27T04:21:27.173260,3973,39110000,-0.009,0.009,-1.008,-3.527,0.397,-1.046,34.41,32.0619,-0.132,"32.0619,   -0.132, 27 May 2026, 04:21:21"
2026-05-27T04:21:37.163759,3974,39120000,-0.01,0.016,-1.013,-3.611,0.282,-0.954,34.41,32.0598,-0.131,"32.0598,   -0.131, 27 May 2026, 04:21:31"
2026-05-27T04:21:47.161785,3975,39130000,-0.015,0.014,-1.005,-3.641,0.366,-1.16,34.46,32.053,-0.128,"32.0530,   -0.128, 27 May 2026, 04:21:41"
2026-05-27T04:21:57.113113,3976,39140000,-0.017,0.01,-1.001,-3.542,0.321,-1.069,34.46,32.0573,-0.13,"32.0573,   -0.130, 27 May 2026, 04:21:51"
2026-05-27T04:22:07.113595,3977,39150000,-0.016,0.011,-1.008,-3.588,0.504,-1.122,34.37,32.0539,-0.132,"32.0539,   -0.132, 27 May 2026, 04:22:01"
2026-05-27T04:22:17.156358,3978,39160000,-0.017,0.009,-1.017,-3.42,0.374,-1.229,34.51,32.0547,-0.131,"32.0547,   -0.131, 27 May 2026, 04:22:11"
2026-05-27T04:22:27.173042,3979,39170000,-0.009,0.019,-1.007,-3.473,0.641,-1.038,34.51,32.0658,-0.131,"32.0658,   -0.131, 27 May 2026, 04:22:21"
2026-05-27T04:22:37.156311,3980,39180000,-0.012,0.014,-1.005,-3.634,0.374,-1.053,34.37,32.066,-0.131,"32.0660,   -0.131, 27 May 2026, 04:22:31"
2026-05-27T04:22:47.154281,3981,39190000,-0.009,0.015,-1.008,-3.565,0.443,-1.053,34.41,32.0654,-0.131,"32.0654,   -0.131, 27 May 2026, 04:22:41"
2026-05-27T04:22:57.163597,3982,39200000,-0.014,0.013,-1.01,-3.55,0.435,-1.092,34.46,32.0611,-0.133,"32.0611,   -0.133, 27 May 2026, 04:22:51"
2026-05-27T04:23:07.104082,3983,39210000,-0.021,0.012,-1.014,-3.458,0.115,-1.023,34.46,32.0587,-0.131,"32.0587,   -0.131, 27 May 2026, 04:23:01"
2026-05-27T04:23:17.156008,3984,39220000,-0.015,0.011,-1.009,-3.519,0.29,-1.221,34.41,32.0574,-0.129,"32.0574,   -0.129, 27 May 2026, 04:23:11"
2026-05-27T04:23:27.108943,3985,39230000,-0.011,0.014,-0.999,-3.55,0.374,-0.908,34.41,32.0603,-0.135,"32.0603,   -0.135, 27 May 2026, 04:23:21"
2026-05-27T04:23:37.158095,3986,39240000,-0.02,0.007,-1.007,-3.58,0.427,-1.031,34.37,32.0579,-0.133,"32.0579,   -0.133, 27 May 2026, 04:23:31"
2026-05-27T04:23:47.161145,3987,39250000,-0.015,0.015,-1.009,-3.672,0.275,-1.214,34.37,32.0594,-0.131,"32.0594,   -0.131, 27 May 2026, 04:23:41"
2026-05-27T04:23:57.156352,3988,39260000,-0.014,0.019,-1.003,-3.389,0.321,-1.099,34.51,32.0604,-0.134,"32.0604,   -0.134, 27 May 2026, 04:23:51"
2026-05-27T04:24:07.165906,3989,39270000,-0.02,0.011,-1.004,-3.702,0.252,-1.122,34.41,32.065,-0.134,"32.0650,   -0.134, 27 May 2026, 04:24:01"
2026-05-27T04:24:17.156651,3990,39280000,-0.013,0.019,-1.01,-3.641,0.298,-1.13,34.37,32.0606,-0.133,"32.0606,   -0.133, 27 May 2026, 04:24:11"
2026-05-27T04:24:27.156497,3991,39290000,-0.014,0.015,-1.014,-3.565,0.489,-1.237,34.46,32.0643,-0.134,"32.0643,   -0.134, 27 May 2026, 04:24:21"
2026-05-27T04:24:37.170223,3992,39300000,-0.018,0.017,-1.014,-3.542,0.405,-1.13,34.37,32.0794,-0.133,"32.0794,   -0.133, 27 May 2026, 04:24:31"
2026-05-27T04:24:47.095627,3993,39310000,-0.011,0.01,-1.012,-3.595,0.481,-1.076,34.41,32.0814,-0.134,"32.0814,   -0.134, 27 May 2026, 04:24:41"
2026-05-27T04:24:57.156357,3994,39320000,-0.012,0.012,-1.009,-3.565,0.313,-1.214,34.55,32.0775,-0.133,"32.0775,   -0.133, 27 May 2026, 04:24:51"
2026-05-27T04:25:07.171524,3995,39330000,-0.018,0.012,-1.013,-3.527,0.389,-1.229,34.37,32.0806,-0.133,"32.0806,   -0.133, 27 May 2026, 04:25:01"
2026-05-27T04:25:17.095850,3996,39340000,-0.013,0.016,-1.004,-3.603,0.389,-1.046,34.37,32.0781,-0.131,"32.0781,   -0.131, 27 May 2026, 04:25:11"
2026-05-27T04:25:27.167688,3997,39350000,-0.009,0.019,-1.013,-3.649,0.237,-1.053,34.46,32.0652,-0.132,"32.0652,   -0.132, 27 May 2026, 04:25:21"
2026-05-27T04:25:37.157442,3998,39360000,-0.017,0.017,-1.009,-3.519,0.305,-1.153,34.32,32.0663,-0.136,"32.0663,   -0.136, 27 May 2026, 04:25:31"
2026-05-27T04:25:47.111788,3999,39370000,-0.021,0.015,-1.013,-3.565,0.397,-1.038,34.27,32.0682,-0.132,"32.0682,   -0.132, 27 May 2026, 04:25:41"
2026-05-27T04:25:57.102649,4000,39380000,-0.016,0.016,-1.015,-3.458,0.26,-1.359,34.32,32.0615,-0.134,"32.0615,   -0.134, 27 May 2026, 04:25:51"
2026-05-27T04:26:07.112435,4001,39390000,-0.017,0.007,-1.012,-3.496,0.305,-1.046,34.37,32.0651,-0.131,"32.0651,   -0.131, 27 May 2026, 04:26:01"
2026-05-27T04:26:17.159671,4002,39400000,-0.018,0.012,-1.003,-3.473,0.275,-1.107,34.41,32.0638,-0.134,"32.0638,   -0.134, 27 May 2026, 04:26:11"
2026-05-27T04:26:27.157288,4003,39410000,-0.016,0.015,-1.011,-3.511,0.305,-1.076,34.41,32.0639,-0.131,"32.0639,   -0.131, 27 May 2026, 04:26:21"
2026-05-27T04:26:37.173383,4004,39420000,-0.015,0.017,-1.015,-3.618,0.389,-0.885,34.46,32.0578,-0.133,"32.0578,   -0.133, 27 May 2026, 04:26:31"
2026-05-27T04:26:47.171475,4005,39430000,-0.014,0.011,-1.009,-3.565,0.168,-1.122,34.41,32.0611,-0.133,"32.0611,   -0.133, 27 May 2026, 04:26:41"
2026-05-27T04:26:57.159387,4006,39440000,-0.012,0.01,-1.01,-3.565,0.374,-1.099,34.51,32.0558,-0.136,"32.0558,   -0.136, 27 May 2026, 04:26:51"
2026-05-27T04:27:07.095118,4007,39450000,-0.012,0.011,-1.004,-3.557,0.412,-1.168,34.41,32.0581,-0.133,"32.0581,   -0.133, 27 May 2026, 04:27:01"
2026-05-27T04:27:17.156637,4008,39460000,-0.014,0.01,-1.012,-3.511,0.084,-0.947,34.37,32.0567,-0.134,"32.0567,   -0.134, 27 May 2026, 04:27:11"
2026-05-27T04:27:27.172119,4009,39470000,-0.022,0.013,-1.019,-3.626,0.588,-0.954,34.51,32.0652,-0.13,"32.0652,   -0.130, 27 May 2026, 04:27:21"
2026-05-27T04:27:37.155542,4010,39480000,-0.02,0.01,-1.009,-3.603,0.382,-1.206,34.41,32.068,-0.13,"32.0680,   -0.130, 27 May 2026, 04:27:31"
2026-05-27T04:27:47.171653,4011,39490000,-0.013,0.017,-1.009,-3.557,0.366,-0.992,34.46,32.0757,-0.129,"32.0757,   -0.129, 27 May 2026, 04:27:41"
2026-05-27T04:27:57.113778,4012,39500000,-0.011,0.015,-1.012,-3.618,0.389,-1.023,34.46,32.0799,-0.132,"32.0799,   -0.132, 27 May 2026, 04:27:51"
2026-05-27T04:28:07.173597,4013,39510000,-0.018,0.012,-1.014,-3.565,0.389,-0.901,34.46,32.0826,-0.132,"32.0826,   -0.132, 27 May 2026, 04:28:01"
2026-05-27T04:28:17.172835,4014,39520000,-0.015,0.017,-1.012,-3.557,0.397,-1.053,34.46,32.0903,-0.132,"32.0903,   -0.132, 27 May 2026, 04:28:11"
2026-05-27T04:28:27.163254,4015,39530000,-0.02,0.011,-1.003,-3.565,0.275,-1.145,34.37,32.0822,-0.132,"32.0822,   -0.132, 27 May 2026, 04:28:21"
2026-05-27T04:28:37.163501,4016,39540000,-0.014,0.007,-1.012,-3.664,0.282,-1.198,34.51,32.0753,-0.13,"32.0753,   -0.130, 27 May 2026, 04:28:31"
2026-05-27T04:28:47.156444,4017,39550000,-0.012,0.017,-1.007,-3.412,0.282,-1.038,34.46,32.0747,-0.132,"32.0747,   -0.132, 27 May 2026, 04:28:41"
2026-05-27T04:28:57.156486,4018,39560000,-0.011,0.016,-1.012,-3.504,0.26,-1.153,34.41,32.0741,-0.132,"32.0741,   -0.132, 27 May 2026, 04:28:51"
2026-05-27T04:29:07.114486,4019,39570000,-0.015,0.015,-1.011,-3.481,0.374,-1.076,34.46,32.0861,-0.132,"32.0861,   -0.132, 27 May 2026, 04:29:01"
2026-05-27T04:29:17.096222,4020,39580000,-0.016,0.012,-1.006,-3.542,0.374,-1.107,34.51,32.0801,-0.13,"32.0801,   -0.130, 27 May 2026, 04:29:11"
2026-05-27T04:29:27.113779,4021,39590000,-0.017,0.019,-1.011,-3.382,0.412,-1.053,34.55,32.0729,-0.129,"32.0729,   -0.129, 27 May 2026, 04:29:21"
2026-05-27T04:29:37.154957,4022,39600000,-0.017,0.012,-1.017,-3.527,0.344,-1.137,34.41,32.0771,-0.129,"32.0771,   -0.129, 27 May 2026, 04:29:31"
2026-05-27T04:29:47.095459,4023,39610000,-0.017,0.01,-1.005,-3.534,0.427,-0.939,34.46,32.0778,-0.131,"32.0778,   -0.131, 27 May 2026, 04:29:41"
2026-05-27T04:29:57.173337,4024,39620000,-0.022,0.008,-1.011,-3.588,0.321,-1.008,34.37,32.0799,-0.132,"32.0799,   -0.132, 27 May 2026, 04:29:51"
2026-05-27T04:30:07.173328,4025,39630000,-0.008,0.009,-1.02,-3.427,0.351,-1.031,34.37,32.0809,-0.129,"32.0809,   -0.129, 27 May 2026, 04:30:01"
2026-05-27T04:30:17.154897,4026,39640000,-0.015,0.013,-1.008,-3.42,0.351,-1.061,34.37,32.0949,-0.131,"32.0949,   -0.131, 27 May 2026, 04:30:11"
2026-05-27T04:30:27.172154,4027,39650000,-0.011,0.011,-1.012,-3.489,0.282,-1.023,34.46,32.0919,-0.132,"32.0919,   -0.132, 27 May 2026, 04:30:21"
2026-05-27T04:30:37.097174,4028,39660000,-0.011,0.012,-1.011,-3.519,0.42,-1.122,34.41,32.0964,-0.131,"32.0964,   -0.131, 27 May 2026, 04:30:31"
2026-05-27T04:30:47.172162,4029,39670000,-0.016,0.016,-1.001,-3.557,0.389,-1.084,34.55,32.1024,-0.13,"32.1024,   -0.130, 27 May 2026, 04:30:41"
2026-05-27T04:30:57.154446,4030,39680000,-0.016,0.012,-1.013,-3.74,0.267,-1.061,34.51,32.1034,-0.132,"32.1034,   -0.132, 27 May 2026, 04:30:51"
2026-05-27T04:31:07.113336,4031,39690000,-0.012,0.008,-1.005,-3.504,0.435,-1.023,34.41,32.0963,-0.132,"32.0963,   -0.132, 27 May 2026, 04:31:01"
2026-05-27T04:31:17.156675,4032,39700000,-0.018,0.013,-1.012,-3.527,0.336,-0.924,34.51,32.0986,-0.134,"32.0986,   -0.134, 27 May 2026, 04:31:11"
2026-05-27T04:31:27.156556,4033,39710000,-0.02,0.011,-1.012,-3.573,0.42,-1.061,34.41,32.1,-0.133,"32.1000,   -0.133, 27 May 2026, 04:31:21"
2026-05-27T04:31:37.112985,4034,39720000,-0.014,0.012,-1.007,-3.519,0.198,-1.053,34.46,32.0985,-0.13,"32.0985,   -0.130, 27 May 2026, 04:31:31"
2026-05-27T04:31:47.156464,4035,39730000,-0.009,0.017,-1.016,-3.527,0.26,-1.137,34.41,32.0865,-0.129,"32.0865,   -0.129, 27 May 2026, 04:31:41"
2026-05-27T04:31:57.165970,4036,39740000,-0.015,0.014,-1.013,-3.542,0.298,-1.244,34.46,32.0894,-0.13,"32.0894,   -0.130, 27 May 2026, 04:31:51"
2026-05-27T04:32:07.159087,4037,39750000,-0.02,0.018,-1.001,-3.473,0.26,-0.962,34.41,32.0843,-0.135,"32.0843,   -0.135, 27 May 2026, 04:32:01"
2026-05-27T04:32:17.159950,4038,39760000,-0.01,0.012,-1.005,-3.542,0.298,-1.145,34.51,32.0822,-0.132,"32.0822,   -0.132, 27 May 2026, 04:32:11"
2026-05-27T04:32:27.165824,4039,39770000,-0.013,0.02,-1.01,-3.473,0.305,-1.031,34.41,32.0832,-0.131,"32.0832,   -0.131, 27 May 2026, 04:32:21"
2026-05-27T04:32:37.155929,4040,39780000,-0.015,0.012,-1.004,-3.527,0.29,-1.16,34.51,32.0754,-0.132,"32.0754,   -0.132, 27 May 2026, 04:32:31"
2026-05-27T04:32:47.172155,4041,39790000,-0.011,0.017,-1.009,-3.58,0.328,-1.145,34.46,32.0808,-0.13,"32.0808,   -0.130, 27 May 2026, 04:32:41"
2026-05-27T04:32:57.173044,4042,39800000,-0.013,0.013,-0.998,-3.557,0.496,-1.084,34.41,32.0879,-0.128,"32.0879,   -0.128, 27 May 2026, 04:32:51"
2026-05-27T04:33:07.173387,4043,39810000,-0.019,0.016,-1.012,-3.611,0.366,-1.046,34.51,32.093,-0.132,"32.0930,   -0.132, 27 May 2026, 04:33:01"
2026-05-27T04:33:17.172607,4044,39820000,-0.017,0.014,-1.003,-3.58,0.275,-1.031,34.41,32.0899,-0.132,"32.0899,   -0.132, 27 May 2026, 04:33:11"
2026-05-27T04:33:27.172254,4045,39830000,-0.012,0.013,-1.006,-3.649,0.237,-1.214,34.55,32.0824,-0.127,"32.0824,   -0.127, 27 May 2026, 04:33:21"
2026-05-27T04:33:37.172384,4046,39840000,-0.013,0.009,-1.007,-3.58,0.412,-1.076,34.41,32.0869,-0.131,"32.0869,   -0.131, 27 May 2026, 04:33:31"
2026-05-27T04:33:47.172518,4047,39850000,-0.011,0.02,-1.005,-3.534,0.466,-1.237,34.55,32.0923,-0.131,"32.0923,   -0.131, 27 May 2026, 04:33:41"
2026-05-27T04:33:57.164422,4048,39860000,-0.02,0.015,-1.01,-3.481,0.351,-1.168,34.46,32.089,-0.134,"32.0890,   -0.134, 27 May 2026, 04:33:51"
2026-05-27T04:34:07.156751,4049,39870000,-0.015,0.013,-1.009,-3.511,0.374,-1.084,34.46,32.0964,-0.131,"32.0964,   -0.131, 27 May 2026, 04:34:01"
2026-05-27T04:34:17.157060,4050,39880000,-0.013,0.012,-1.011,-3.595,0.237,-1.084,34.41,32.1029,-0.13,"32.1029,   -0.130, 27 May 2026, 04:34:11"
2026-05-27T04:34:27.157589,4051,39890000,-0.016,0.015,-1.008,-3.588,0.328,-1.153,34.51,32.0997,-0.128,"32.0997,   -0.128, 27 May 2026, 04:34:21"
2026-05-27T04:34:37.159325,4052,39900000,-0.019,0.013,-1.006,-3.443,0.26,-1.282,34.51,32.1037,-0.128,"32.1037,   -0.128, 27 May 2026, 04:34:31"
2026-05-27T04:34:47.156617,4053,39910000,-0.017,0.009,-1.011,-3.534,0.313,-1.038,34.55,32.1049,-0.13,"32.1049,   -0.130, 27 May 2026, 04:34:41"
2026-05-27T04:34:57.104116,4054,39920000,-0.015,0.013,-1.005,-3.626,0.282,-0.916,34.51,32.103,-0.131,"32.1030,   -0.131, 27 May 2026, 04:34:51"
2026-05-27T04:35:07.157239,4055,39930000,-0.012,0.011,-1.012,-3.542,0.328,-1.115,34.55,32.0985,-0.132,"32.0985,   -0.132, 27 May 2026, 04:35:01"
2026-05-27T04:35:17.164142,4056,39940000,-0.021,0.008,-1.01,-3.443,0.412,-1.069,34.51,32.1013,-0.128,"32.1013,   -0.128, 27 May 2026, 04:35:11"
2026-05-27T04:35:27.154966,4057,39950000,-0.016,0.011,-1.012,-3.534,0.16,-1.069,34.37,32.1071,-0.13,"32.1071,   -0.130, 27 May 2026, 04:35:21"
2026-05-27T04:35:37.173755,4058,39960000,-0.019,0.014,-1.003,-3.687,0.305,-1.0,34.51,32.1119,-0.13,"32.1119,   -0.130, 27 May 2026, 04:35:31"
2026-05-27T04:35:47.163477,4059,39970000,-0.014,0.014,-1.007,-3.489,0.275,-1.137,34.46,32.1107,-0.132,"32.1107,   -0.132, 27 May 2026, 04:35:41"
2026-05-27T04:35:57.173114,4060,39980000,-0.018,0.014,-1.009,-3.534,0.305,-1.13,34.46,32.1116,-0.132,"32.1116,   -0.132, 27 May 2026, 04:35:51"
2026-05-27T04:36:07.155559,4061,39990000,-0.014,0.015,-1.005,-3.573,0.275,-1.29,34.46,32.1116,-0.13,"32.1116,   -0.130, 27 May 2026, 04:36:01"
2026-05-27T04:36:17.172302,4062,40000000,-0.013,0.017,-1.01,-3.519,0.328,-0.985,34.51,32.1079,-0.131,"32.1079,   -0.131, 27 May 2026, 04:36:11"
2026-05-27T04:36:27.113984,4063,40010000,-0.012,0.012,-1.003,-3.542,0.29,-1.053,34.51,32.1042,-0.132,"32.1042,   -0.132, 27 May 2026, 04:36:21"
2026-05-27T04:36:37.113151,4064,40020000,-0.012,0.011,-1.011,-3.626,0.443,-1.13,34.6,32.108,-0.129,"32.1080,   -0.129, 27 May 2026, 04:36:31"
2026-05-27T04:36:47.112286,4065,40030000,-0.019,0.008,-1.006,-3.542,0.198,-1.282,34.46,32.114,-0.13,"32.1140,   -0.130, 27 May 2026, 04:36:41"
2026-05-27T04:36:57.172757,4066,40040000,-0.015,0.014,-1.014,-3.473,0.351,-1.145,34.55,32.107,-0.13,"32.1070,   -0.130, 27 May 2026, 04:36:51"
2026-05-27T04:37:07.164142,4067,40050000,-0.018,0.02,-1.01,-3.618,0.328,-1.13,34.51,32.1013,-0.132,"32.1013,   -0.132, 27 May 2026, 04:37:01"
2026-05-27T04:37:17.163907,4068,40060000,-0.011,0.009,-0.999,-3.55,0.397,-1.115,34.55,32.1047,-0.134,"32.1047,   -0.134, 27 May 2026, 04:37:11"
2026-05-27T04:37:27.173929,4069,40070000,-0.019,0.012,-1.005,-3.595,0.267,-0.962,34.41,32.1149,-0.13,"32.1149,   -0.130, 27 May 2026, 04:37:21"
2026-05-27T04:37:37.112525,4070,40080000,-0.016,0.014,-1.011,-3.42,0.366,-1.183,34.41,32.1115,-0.131,"32.1115,   -0.131, 27 May 2026, 04:37:31"
2026-05-27T04:37:47.160685,4071,40090000,-0.013,0.01,-1.015,-3.679,0.427,-1.412,34.46,32.1105,-0.132,"32.1105,   -0.132, 27 May 2026, 04:37:41"
2026-05-27T04:37:57.167388,4072,40100000,-0.014,0.015,-1.012,-3.641,0.374,-1.122,34.46,32.1109,-0.127,"32.1109,   -0.127, 27 May 2026, 04:37:51"
2026-05-27T04:38:07.154752,4073,40110000,-0.013,0.011,-1.017,-3.664,0.382,-0.985,34.41,32.1093,-0.129,"32.1093,   -0.129, 27 May 2026, 04:38:01"
2026-05-27T04:38:17.173576,4074,40120000,-0.015,0.014,-1.019,-3.565,0.336,-1.061,34.46,32.1082,-0.129,"32.1082,   -0.129, 27 May 2026, 04:38:11"
2026-05-27T04:38:27.162154,4075,40130000,-0.024,0.011,-1.008,-3.656,0.298,-1.267,34.46,32.1124,-0.129,"32.1124,   -0.129, 27 May 2026, 04:38:21"
2026-05-27T04:38:37.156630,4076,40140000,-0.017,0.015,-1.008,-3.527,0.328,-1.244,34.55,32.1104,-0.129,"32.1104,   -0.129, 27 May 2026, 04:38:31"
2026-05-27T04:38:47.113392,4077,40150000,-0.01,0.019,-1.012,-3.489,0.29,-1.031,34.41,32.1101,-0.128,"32.1101,   -0.128, 27 May 2026, 04:38:41"
2026-05-27T04:38:57.172577,4078,40160000,-0.012,0.012,-1.009,-3.641,0.466,-1.122,34.55,32.1147,-0.131,"32.1147,   -0.131, 27 May 2026, 04:38:51"
2026-05-27T04:39:07.157174,4079,40170000,-0.019,0.014,-1.004,-3.534,0.221,-1.237,34.55,32.1198,-0.132,"32.1198,   -0.132, 27 May 2026, 04:39:01"
2026-05-27T04:39:17.172521,4080,40180000,-0.011,0.018,-1.014,-3.588,0.305,-1.221,34.46,32.1238,-0.132,"32.1238,   -0.132, 27 May 2026, 04:39:11"
2026-05-27T04:39:27.172729,4081,40190000,-0.015,0.014,-1.017,-3.603,0.29,-0.939,34.41,32.121,-0.129,"32.1210,   -0.129, 27 May 2026, 04:39:21"
2026-05-27T04:39:37.113681,4082,40200000,-0.013,0.013,-1.009,-3.557,0.328,-1.046,34.37,32.1306,-0.13,"32.1306,   -0.130, 27 May 2026, 04:39:31"
2026-05-27T04:39:47.155521,4083,40210000,-0.017,0.013,-1.007,-3.557,0.336,-1.252,34.55,32.1298,-0.13,"32.1298,   -0.130, 27 May 2026, 04:39:41"
2026-05-27T04:39:57.100633,4084,40220000,-0.017,0.007,-1.01,-3.641,0.374,-1.107,34.41,32.1295,-0.134,"32.1295,   -0.134, 27 May 2026, 04:39:51"
2026-05-27T04:40:07.161953,4085,40230000,-0.015,0.011,-1.009,-3.496,0.412,-1.153,34.55,32.1192,-0.134,"32.1192,   -0.134, 27 May 2026, 04:40:01"
2026-05-27T04:40:17.162160,4086,40240000,-0.012,0.011,-1.01,-3.565,0.427,-1.153,34.37,32.1138,-0.128,"32.1138,   -0.128, 27 May 2026, 04:40:11"
2026-05-27T04:40:27.162235,4087,40250000,-0.02,0.018,-1.006,-3.466,0.176,-1.29,34.51,32.1119,-0.129,"32.1119,   -0.129, 27 May 2026, 04:40:21"
2026-05-27T04:40:37.161996,4088,40260000,-0.016,0.012,-1.02,-3.466,0.305,-0.969,34.55,32.1094,-0.129,"32.1094,   -0.129, 27 May 2026, 04:40:31"
2026-05-27T04:40:47.158307,4089,40270000,-0.015,0.013,-1.011,-3.58,0.382,-1.031,34.46,32.1044,-0.128,"32.1044,   -0.128, 27 May 2026, 04:40:41"
2026-05-27T04:40:57.157233,4090,40280000,-0.015,0.012,-1.015,-3.496,0.374,-1.092,34.46,32.105,-0.133,"32.1050,   -0.133, 27 May 2026, 04:40:51"
2026-05-27T04:41:07.173045,4091,40290000,-0.017,0.015,-1.012,-3.565,0.397,-1.053,34.46,32.1034,-0.13,"32.1034,   -0.130, 27 May 2026, 04:41:01"
2026-05-27T04:41:17.164925,4092,40300000,-0.015,0.013,-1.015,-3.458,0.397,-1.076,34.46,32.1096,-0.129,"32.1096,   -0.129, 27 May 2026, 04:41:11"
2026-05-27T04:41:27.097192,4093,40310000,-0.021,0.012,-1.007,-3.435,0.397,-1.115,34.46,32.1144,-0.129,"32.1144,   -0.129, 27 May 2026, 04:41:21"
2026-05-27T04:41:37.097135,4094,40320000,-0.011,0.013,-1.006,-3.55,0.45,-0.985,34.51,32.1192,-0.128,"32.1192,   -0.128, 27 May 2026, 04:41:31"
2026-05-27T04:41:47.157522,4095,40330000,-0.013,0.014,-1.021,-3.443,0.275,-0.947,34.51,32.1263,-0.128,"32.1263,   -0.128, 27 May 2026, 04:41:41"
2026-05-27T04:41:57.173793,4096,40340000,-0.015,0.011,-1.01,-3.504,0.267,-1.214,34.51,32.1219,-0.131,"32.1219,   -0.131, 27 May 2026, 04:41:51"
2026-05-27T04:42:07.156932,4097,40350000,-0.02,0.013,-1.01,-3.435,0.443,-0.977,34.51,32.1288,-0.13,"32.1288,   -0.130, 27 May 2026, 04:42:01"
2026-05-27T04:42:17.174043,4098,40360000,-0.015,0.017,-1.015,-3.603,0.26,-1.176,34.46,32.1222,-0.128,"32.1222,   -0.128, 27 May 2026, 04:42:11"
2026-05-27T04:42:27.173351,4099,40370000,-0.019,0.014,-1.017,-3.466,0.344,-1.076,34.55,32.1212,-0.13,"32.1212,   -0.130, 27 May 2026, 04:42:21"
2026-05-27T04:42:37.167201,4100,40380000,-0.013,0.014,-1.009,-3.435,0.412,-1.084,34.51,32.123,-0.131,"32.1230,   -0.131, 27 May 2026, 04:42:31"
2026-05-27T04:42:47.100875,4101,40390000,-0.018,0.008,-1.019,-3.573,0.29,-1.061,34.51,32.1267,-0.13,"32.1267,   -0.130, 27 May 2026, 04:42:41"
2026-05-27T04:42:57.103468,4102,40400000,-0.013,0.017,-1.014,-3.649,0.328,-1.298,34.51,32.1292,-0.132,"32.1292,   -0.132, 27 May 2026, 04:42:51"
2026-05-27T04:43:07.172795,4103,40410000,-0.015,0.018,-1.003,-3.557,0.176,-1.13,34.55,32.1281,-0.132,"32.1281,   -0.132, 27 May 2026, 04:43:01"
2026-05-27T04:43:17.164738,4104,40420000,-0.014,0.015,-1.01,-3.519,0.351,-1.176,34.51,32.123,-0.13,"32.1230,   -0.130, 27 May 2026, 04:43:11"
2026-05-27T04:43:27.112736,4105,40430000,-0.016,0.011,-1.017,-3.664,0.435,-1.046,34.55,32.1206,-0.13,"32.1206,   -0.130, 27 May 2026, 04:43:21"
2026-05-27T04:43:37.155978,4106,40440000,-0.016,0.012,-1.0,-3.664,0.466,-1.061,34.46,32.1158,-0.129,"32.1158,   -0.129, 27 May 2026, 04:43:31"
2026-05-27T04:43:47.162924,4107,40450000,-0.019,0.009,-1.01,-3.618,0.137,-1.267,34.55,32.1241,-0.131,"32.1241,   -0.131, 27 May 2026, 04:43:41"
2026-05-27T04:43:57.160448,4108,40460000,-0.01,0.015,-1.009,-3.458,0.13,-1.183,34.51,32.1249,-0.128,"32.1249,   -0.128, 27 May 2026, 04:43:51"
2026-05-27T04:44:07.092751,4109,40470000,-0.013,0.01,-1.009,-3.634,0.282,-0.939,34.51,32.1257,-0.128,"32.1257,   -0.128, 27 May 2026, 04:44:01"
2026-05-27T04:44:17.096305,4110,40480000,-0.017,0.012,-1.006,-3.466,0.344,-0.992,34.46,32.1216,-0.126,"32.1216,   -0.126, 27 May 2026, 04:44:11"
2026-05-27T04:44:27.113230,4111,40490000,-0.009,0.012,-1.013,-3.618,0.29,-1.115,34.51,32.123,-0.128,"32.1230,   -0.128, 27 May 2026, 04:44:21"
2026-05-27T04:44:37.156355,4112,40500000,-0.015,0.014,-1.013,-3.641,0.336,-0.931,34.6,32.1152,-0.132,"32.1152,   -0.132, 27 May 2026, 04:44:31"
2026-05-27T04:44:47.166091,4113,40510000,-0.017,0.021,-1.004,-3.519,0.344,-1.191,34.51,32.1176,-0.13,"32.1176,   -0.130, 27 May 2026, 04:44:41"
2026-05-27T04:44:57.156444,4114,40520000,-0.012,0.012,-1.001,-3.519,0.443,-1.176,34.46,32.1183,-0.13,"32.1183,   -0.130, 27 May 2026, 04:44:51"
2026-05-27T04:45:07.160015,4115,40530000,-0.015,0.018,-1.007,-3.573,0.221,-1.176,34.55,32.1161,-0.129,"32.1161,   -0.129, 27 May 2026, 04:45:01"
2026-05-27T04:45:17.167300,4116,40540000,-0.013,0.008,-1.009,-3.542,0.26,-1.038,34.55,32.1063,-0.126,"32.1063,   -0.126, 27 May 2026, 04:45:11"
2026-05-27T04:45:27.163934,4117,40550000,-0.019,0.01,-1.006,-3.481,0.328,-1.214,34.51,32.1063,-0.131,"32.1063,   -0.131, 27 May 2026, 04:45:21"
2026-05-27T04:45:37.174072,4118,40560000,-0.017,0.01,-1.012,-3.557,0.405,-1.008,34.55,32.1119,-0.129,"32.1119,   -0.129, 27 May 2026, 04:45:31"
2026-05-27T04:45:47.156442,4119,40570000,-0.012,0.017,-1.001,-3.489,0.351,-1.084,34.55,32.1195,-0.128,"32.1195,   -0.128, 27 May 2026, 04:45:41"
2026-05-27T04:45:57.163335,4120,40580000,-0.012,0.014,-1.012,-3.42,0.359,-1.221,34.46,32.1263,-0.129,"32.1263,   -0.129, 27 May 2026, 04:45:51"
2026-05-27T04:46:07.172955,4121,40590000,-0.017,0.012,-1.017,-3.534,0.275,-0.962,34.46,32.1283,-0.13,"32.1283,   -0.130, 27 May 2026, 04:46:01"
2026-05-27T04:46:17.172163,4122,40600000,-0.021,0.012,-0.998,-3.603,0.374,-0.954,34.46,32.1279,-0.129,"32.1279,   -0.129, 27 May 2026, 04:46:11"
2026-05-27T04:46:27.173458,4123,40610000,-0.009,0.015,-1.009,-3.305,0.435,-0.947,34.55,32.1327,-0.129,"32.1327,   -0.129, 27 May 2026, 04:46:21"
2026-05-27T04:46:37.166142,4124,40620000,-0.015,0.015,-1.005,-3.466,0.305,-1.16,34.55,32.1325,-0.131,"32.1325,   -0.131, 27 May 2026, 04:46:31"
2026-05-27T04:46:47.163955,4125,40630000,-0.019,0.011,-1.01,-3.466,0.405,-1.176,34.55,32.1256,-0.129,"32.1256,   -0.129, 27 May 2026, 04:46:41"
2026-05-27T04:46:57.156466,4126,40640000,-0.016,0.013,-1.002,-3.588,0.405,-1.061,34.55,32.1282,-0.128,"32.1282,   -0.128, 27 May 2026, 04:46:51"
2026-05-27T04:47:07.163740,4127,40650000,-0.018,0.014,-1.005,-3.542,0.374,-1.145,34.55,32.1263,-0.13,"32.1263,   -0.130, 27 May 2026, 04:47:01"
2026-05-27T04:47:17.173280,4128,40660000,-0.012,0.01,-1.009,-3.504,0.351,-1.16,34.46,32.1216,-0.128,"32.1216,   -0.128, 27 May 2026, 04:47:11"
2026-05-27T04:47:27.165900,4129,40670000,-0.018,0.013,-1.01,-3.573,0.282,-1.168,34.55,32.1223,-0.131,"32.1223,   -0.131, 27 May 2026, 04:47:21"
2026-05-27T04:47:37.173368,4130,40680000,-0.009,0.012,-1.007,-3.588,0.244,-0.878,34.46,32.125,-0.125,"32.1250,   -0.125, 27 May 2026, 04:47:31"
2026-05-27T04:47:47.172518,4131,40690000,-0.013,0.014,-1.001,-3.557,0.351,-1.137,34.51,32.1193,-0.128,"32.1193,   -0.128, 27 May 2026, 04:47:41"
2026-05-27T04:47:57.168564,4132,40700000,-0.013,0.019,-1.006,-3.466,0.321,-0.916,34.46,32.1223,-0.129,"32.1223,   -0.129, 27 May 2026, 04:47:51"
2026-05-27T04:48:07.173088,4133,40710000,-0.01,0.014,-1.009,-3.588,0.443,-1.115,34.46,32.1233,-0.128,"32.1233,   -0.128, 27 May 2026, 04:48:01"
2026-05-27T04:48:17.163786,4134,40720000,-0.014,0.012,-1.017,-3.595,0.443,-1.038,34.51,32.1201,-0.128,"32.1201,   -0.128, 27 May 2026, 04:48:11"
2026-05-27T04:48:27.156340,4135,40730000,-0.017,0.014,-1.012,-3.557,0.45,-1.076,34.55,32.1281,-0.132,"32.1281,   -0.132, 27 May 2026, 04:48:21"
2026-05-27T04:48:37.174741,4136,40740000,-0.017,0.013,-1.018,-3.595,0.405,-1.031,34.41,32.1376,-0.131,"32.1376,   -0.131, 27 May 2026, 04:48:31"
2026-05-27T04:48:47.173257,4137,40750000,-0.016,0.017,-1.003,-3.55,0.252,-1.122,34.55,32.1371,-0.131,"32.1371,   -0.131, 27 May 2026, 04:48:41"
2026-05-27T04:48:57.156907,4138,40760000,-0.014,0.01,-1.01,-3.496,0.229,-1.092,34.55,32.1381,-0.129,"32.1381,   -0.129, 27 May 2026, 04:48:51"
2026-05-27T04:49:07.097548,4139,40770000,-0.009,0.008,-1.01,-3.588,0.282,-1.099,34.51,32.1355,-0.125,"32.1355,   -0.125, 27 May 2026, 04:49:01"
2026-05-27T04:49:17.173681,4140,40780000,-0.01,0.012,-1.012,-3.542,0.374,-1.252,34.6,32.1383,-0.129,"32.1383,   -0.129, 27 May 2026, 04:49:11"
2026-05-27T04:49:27.174486,4141,40790000,-0.016,0.011,-1.011,-3.687,0.458,-1.176,34.55,32.1361,-0.129,"32.1361,   -0.129, 27 May 2026, 04:49:21"
2026-05-27T04:49:37.173333,4142,40800000,-0.021,0.013,-1.01,-3.427,0.328,-1.023,34.51,32.1298,-0.128,"32.1298,   -0.128, 27 May 2026, 04:49:31"
2026-05-27T04:49:47.155793,4143,40810000,-0.017,0.01,-1.007,-3.573,0.275,-0.977,34.51,32.1295,-0.132,"32.1295,   -0.132, 27 May 2026, 04:49:41"
2026-05-27T04:49:57.172197,4144,40820000,-0.018,0.016,-1.012,-3.542,0.351,-1.13,34.46,32.1312,-0.128,"32.1312,   -0.128, 27 May 2026, 04:49:51"
2026-05-27T04:50:07.155896,4145,40830000,-0.016,0.011,-1.0,-3.626,0.382,-1.183,34.51,32.1391,-0.13,"32.1391,   -0.130, 27 May 2026, 04:50:01"
2026-05-27T04:50:17.160248,4146,40840000,-0.008,0.012,-1.0,-3.588,0.313,-1.13,34.55,32.1387,-0.13,"32.1387,   -0.130, 27 May 2026, 04:50:11"
2026-05-27T04:50:27.156172,4147,40850000,-0.016,0.017,-1.004,-3.496,0.527,-1.16,34.51,32.134,-0.13,"32.1340,   -0.130, 27 May 2026, 04:50:21"
2026-05-27T04:50:37.157360,4148,40860000,-0.013,0.014,-1.008,-3.573,0.16,-1.191,34.46,32.1394,-0.131,"32.1394,   -0.131, 27 May 2026, 04:50:31"
2026-05-27T04:50:47.171830,4149,40870000,-0.017,0.013,-1.013,-3.641,0.344,-1.008,34.6,32.1455,-0.129,"32.1455,   -0.129, 27 May 2026, 04:50:41"
2026-05-27T04:50:57.157895,4150,40880000,-0.016,0.017,-1.01,-3.496,0.26,-1.046,34.51,32.1439,-0.127,"32.1439,   -0.127, 27 May 2026, 04:50:51"
2026-05-27T04:51:07.159704,4151,40890000,-0.014,0.012,-1.011,-3.55,0.214,-1.099,34.65,32.1448,-0.13,"32.1448,   -0.130, 27 May 2026, 04:51:01"
2026-05-27T04:51:17.164239,4152,40900000,-0.011,0.012,-1.013,-3.679,0.397,-0.855,34.55,32.1475,-0.132,"32.1475,   -0.132, 27 May 2026, 04:51:11"
2026-05-27T04:51:27.156810,4153,40910000,-0.013,0.014,-1.011,-3.641,0.473,-1.183,34.55,32.1468,-0.133,"32.1468,   -0.133, 27 May 2026, 04:51:21"
2026-05-27T04:51:37.173974,4154,40920000,-0.011,0.009,-1.016,-3.565,0.466,-1.122,34.6,32.1439,-0.127,"32.1439,   -0.127, 27 May 2026, 04:51:31"
2026-05-27T04:51:47.172066,4155,40930000,-0.019,0.01,-1.014,-3.595,0.305,-1.069,34.41,32.1458,-0.127,"32.1458,   -0.127, 27 May 2026, 04:51:41"
2026-05-27T04:51:57.164450,4156,40940000,-0.019,0.009,-1.008,-3.618,0.42,-1.031,34.51,32.1494,-0.126,"32.1494,   -0.126, 27 May 2026, 04:51:51"
2026-05-27T04:52:07.173245,4157,40950000,-0.016,0.015,-1.01,-3.595,0.374,-1.168,34.46,32.1529,-0.131,"32.1529,   -0.131, 27 May 2026, 04:52:01"
2026-05-27T04:52:17.172055,4158,40960000,-0.011,0.012,-1.009,-3.611,0.382,-1.221,34.6,32.1508,-0.13,"32.1508,   -0.130, 27 May 2026, 04:52:11"
2026-05-27T04:52:27.174379,4159,40970000,-0.015,0.01,-0.998,-3.603,0.344,-1.13,34.55,32.1522,-0.129,"32.1522,   -0.129, 27 May 2026, 04:52:21"
2026-05-27T04:52:37.164646,4160,40980000,-0.014,0.011,-1.02,-3.42,0.42,-1.046,34.51,32.1405,-0.128,"32.1405,   -0.128, 27 May 2026, 04:52:31"
2026-05-27T04:52:47.157480,4161,40990000,-0.016,0.013,-1.008,-3.641,0.351,-1.13,34.55,32.1466,-0.133,"32.1466,   -0.133, 27 May 2026, 04:52:41"
2026-05-27T04:52:57.158246,4162,41000000,-0.014,0.013,-1.007,-3.641,0.29,-1.053,34.51,32.151,-0.127,"32.1510,   -0.127, 27 May 2026, 04:52:51"
2026-05-27T04:53:07.157739,4163,41010000,-0.015,0.013,-1.006,-3.664,0.42,-1.229,34.46,32.1525,-0.131,"32.1525,   -0.131, 27 May 2026, 04:53:01"
2026-05-27T04:53:17.172352,4164,41020000,-0.004,0.014,-1.013,-3.565,0.359,-1.046,34.51,32.1579,-0.129,"32.1579,   -0.129, 27 May 2026, 04:53:11"
2026-05-27T04:53:27.173780,4165,41030000,-0.014,0.015,-1.008,-3.496,0.382,-1.015,34.55,32.1619,-0.126,"32.1619,   -0.126, 27 May 2026, 04:53:21"
2026-05-27T04:53:37.173002,4166,41040000,-0.007,0.009,-1.005,-3.695,0.244,-0.924,34.46,32.1614,-0.128,"32.1614,   -0.128, 27 May 2026, 04:53:31"
2026-05-27T04:53:47.175699,4167,41050000,-0.014,0.011,-1.007,-3.611,0.298,-1.206,34.46,32.1588,-0.128,"32.1588,   -0.128, 27 May 2026, 04:53:41"
2026-05-27T04:53:57.158632,4168,41060000,-0.011,0.017,-1.001,-3.588,0.305,-1.069,34.55,32.1509,-0.129,"32.1509,   -0.129, 27 May 2026, 04:53:51"
2026-05-27T04:54:07.096831,4169,41070000,-0.014,0.011,-1.009,-3.511,0.229,-1.107,34.51,32.149,-0.126,"32.1490,   -0.126, 27 May 2026, 04:54:01"
2026-05-27T04:54:17.172943,4170,41080000,-0.014,0.009,-1.005,-3.611,0.374,-1.252,34.51,32.1536,-0.129,"32.1536,   -0.129, 27 May 2026, 04:54:11"
2026-05-27T04:54:27.173983,4171,41090000,-0.013,0.013,-1.008,-3.573,0.527,-1.137,34.55,32.156,-0.129,"32.1560,   -0.129, 27 May 2026, 04:54:21"
2026-05-27T04:54:37.174737,4172,41100000,-0.017,0.017,-1.012,-3.458,0.374,-1.153,34.55,32.1534,-0.131,"32.1534,   -0.131, 27 May 2026, 04:54:31"
2026-05-27T04:54:47.157242,4173,41110000,-0.015,0.017,-1.015,-3.557,0.351,-1.008,34.55,32.1547,-0.128,"32.1547,   -0.128, 27 May 2026, 04:54:41"
2026-05-27T04:54:57.158162,4174,41120000,-0.013,0.008,-1.016,-3.672,0.45,-1.145,34.55,32.1576,-0.131,"32.1576,   -0.131, 27 May 2026, 04:54:51"
2026-05-27T04:55:07.173541,4175,41130000,-0.016,0.016,-1.012,-3.534,0.336,-1.076,34.51,32.1509,-0.126,"32.1509,   -0.126, 27 May 2026, 04:55:01"
2026-05-27T04:55:17.159894,4176,41140000,-0.011,0.01,-1.016,-3.626,0.366,-1.107,34.46,32.1507,-0.128,"32.1507,   -0.128, 27 May 2026, 04:55:11"
2026-05-27T04:55:27.155928,4177,41150000,-0.011,0.014,-1.013,-3.618,0.42,-1.153,34.55,32.1496,-0.129,"32.1496,   -0.129, 27 May 2026, 04:55:21"
2026-05-27T04:55:37.172751,4178,41160000,-0.012,0.016,-1.014,-3.435,0.321,-1.061,34.55,32.1507,-0.131,"32.1507,   -0.131, 27 May 2026, 04:55:31"
2026-05-27T04:55:47.156656,4179,41170000,-0.016,0.013,-1.012,-3.573,0.427,-1.153,34.55,32.1453,-0.125,"32.1453,   -0.125, 27 May 2026, 04:55:41"
2026-05-27T04:55:57.168489,4180,41180000,-0.022,0.011,-1.006,-3.565,0.42,-0.992,34.55,32.1468,-0.127,"32.1468,   -0.127, 27 May 2026, 04:55:51"
2026-05-27T04:56:07.173312,4181,41190000,-0.011,0.015,-1.008,-3.595,0.321,-1.168,34.6,32.1491,-0.128,"32.1491,   -0.128, 27 May 2026, 04:56:01"
2026-05-27T04:56:17.157210,4182,41200000,-0.019,0.013,-1.01,-3.496,0.344,-1.115,34.55,32.1526,-0.131,"32.1526,   -0.131, 27 May 2026, 04:56:11"
2026-05-27T04:56:27.157451,4183,41210000,-0.016,0.013,-1.007,-3.458,0.183,-1.16,34.51,32.1547,-0.128,"32.1547,   -0.128, 27 May 2026, 04:56:21"
2026-05-27T04:56:37.155648,4184,41220000,-0.015,0.019,-1.008,-3.542,0.344,-1.015,34.46,32.1583,-0.128,"32.1583,   -0.128, 27 May 2026, 04:56:31"
2026-05-27T04:56:47.157223,4185,41230000,-0.017,0.01,-1.006,-3.405,0.336,-0.947,34.46,32.1602,-0.132,"32.1602,   -0.132, 27 May 2026, 04:56:41"
2026-05-27T04:56:57.154445,4186,41240000,-0.011,0.012,-1.017,-3.557,0.267,-1.061,34.55,32.1607,-0.128,"32.1607,   -0.128, 27 May 2026, 04:56:51"
2026-05-27T04:57:07.172347,4187,41250000,-0.015,0.009,-1.011,-3.519,0.427,-0.992,34.51,32.1614,-0.127,"32.1614,   -0.127, 27 May 2026, 04:57:01"
2026-05-27T04:57:17.164541,4188,41260000,-0.01,0.011,-1.003,-3.504,0.282,-1.084,34.51,32.1627,-0.129,"32.1627,   -0.129, 27 May 2026, 04:57:11"
2026-05-27T04:57:27.173766,4189,41270000,-0.019,0.016,-1.012,-3.618,0.29,-1.229,34.55,32.1661,-0.131,"32.1661,   -0.131, 27 May 2026, 04:57:21"
2026-05-27T04:57:37.158795,4190,41280000,-0.011,0.016,-1.011,-3.55,0.328,-1.137,34.51,32.1612,-0.128,"32.1612,   -0.128, 27 May 2026, 04:57:31"
2026-05-27T04:57:47.172593,4191,41290000,-0.011,0.013,-1.007,-3.511,0.359,-1.153,34.6,32.158,-0.128,"32.1580,   -0.128, 27 May 2026, 04:57:41"
2026-05-27T04:57:57.173322,4192,41300000,-0.012,0.013,-1.019,-3.55,0.359,-1.076,34.6,32.1538,-0.128,"32.1538,   -0.128, 27 May 2026, 04:57:51"
2026-05-27T04:58:07.173026,4193,41310000,-0.015,0.016,-1.005,-3.595,0.382,-1.13,34.55,32.1527,-0.13,"32.1527,   -0.130, 27 May 2026, 04:58:01"
2026-05-27T04:58:17.172624,4194,41320000,-0.011,0.015,-1.008,-3.649,0.359,-1.191,34.55,32.1501,-0.126,"32.1501,   -0.126, 27 May 2026, 04:58:11"
2026-05-27T04:58:27.157986,4195,41330000,-0.016,0.013,-1.013,-3.511,0.366,-1.107,34.55,32.1547,-0.131,"32.1547,   -0.131, 27 May 2026, 04:58:21"
2026-05-27T04:58:37.157060,4196,41340000,-0.016,0.014,-1.014,-3.58,0.229,-1.115,34.6,32.1566,-0.126,"32.1566,   -0.126, 27 May 2026, 04:58:31"
2026-05-27T04:58:47.173054,4197,41350000,-0.016,0.019,-1.003,-3.443,0.351,-1.038,34.41,32.156,-0.129,"32.1560,   -0.129, 27 May 2026, 04:58:41"
2026-05-27T04:58:57.168174,4198,41360000,-0.015,0.015,-1.011,-3.359,0.382,-1.137,34.51,32.1563,-0.127,"32.1563,   -0.127, 27 May 2026, 04:58:51"
2026-05-27T04:59:07.096857,4199,41370000,-0.011,0.017,-1.008,-3.427,0.42,-0.992,34.65,32.1544,-0.129,"32.1544,   -0.129, 27 May 2026, 04:59:01"
2026-05-27T04:59:17.156512,4200,41380000,-0.019,0.016,-1.006,-3.443,0.344,-1.26,34.51,32.1664,-0.124,"32.1664,   -0.124, 27 May 2026, 04:59:11"
2026-05-27T04:59:27.173534,4201,41390000,-0.013,0.015,-1.007,-3.542,0.244,-1.282,34.55,32.1766,-0.127,"32.1766,   -0.127, 27 May 2026, 04:59:21"
2026-05-27T04:59:37.157401,4202,41400000,-0.012,0.014,-1.001,-3.427,0.344,-1.183,34.55,32.1807,-0.127,"32.1807,   -0.127, 27 May 2026, 04:59:31"
2026-05-27T04:59:47.158908,4203,41410000,-0.019,0.011,-1.019,-3.542,0.298,-1.13,34.55,32.1825,-0.129,"32.1825,   -0.129, 27 May 2026, 04:59:41"
2026-05-27T04:59:57.156174,4204,41420000,-0.013,0.012,-1.008,-3.466,0.328,-1.107,34.6,32.1801,-0.129,"32.1801,   -0.129, 27 May 2026, 04:59:51"
2026-05-27T05:00:07.173686,4205,41430000,-0.009,0.019,-1.01,-3.336,0.321,-1.206,34.6,32.1848,-0.131,"32.1848,   -0.131, 27 May 2026, 05:00:01"
2026-05-27T05:00:17.157320,4206,41440000,-0.012,0.012,-1.008,-3.382,0.389,-1.137,34.55,32.1828,-0.128,"32.1828,   -0.128, 27 May 2026, 05:00:11"
2026-05-27T05:00:27.099424,4207,41450000,-0.017,0.013,-1.008,-3.603,0.336,-1.084,34.46,32.1803,-0.129,"32.1803,   -0.129, 27 May 2026, 05:00:21"
2026-05-27T05:00:37.096353,4208,41460000,-0.022,0.015,-1.006,-3.626,0.26,-1.183,34.55,32.1822,-0.124,"32.1822,   -0.124, 27 May 2026, 05:00:31"
2026-05-27T05:00:47.172309,4209,41470000,-0.014,0.019,-1.006,-3.527,0.267,-0.893,34.41,32.1769,-0.126,"32.1769,   -0.126, 27 May 2026, 05:00:41"
2026-05-27T05:00:57.157249,4210,41480000,-0.018,0.01,-1.004,-3.573,0.405,-1.053,34.51,32.1765,-0.128,"32.1765,   -0.128, 27 May 2026, 05:00:51"
2026-05-27T05:01:07.156602,4211,41490000,-0.017,0.012,-1.016,-3.55,0.29,-1.176,34.55,32.1657,-0.13,"32.1657,   -0.130, 27 May 2026, 05:01:01"
2026-05-27T05:01:17.163118,4212,41500000,-0.016,0.015,-1.009,-3.588,0.336,-1.16,34.55,32.1681,-0.129,"32.1681,   -0.129, 27 May 2026, 05:01:11"
2026-05-27T05:01:27.173111,4213,41510000,-0.011,0.016,-1.005,-3.557,0.221,-1.153,34.55,32.1719,-0.131,"32.1719,   -0.131, 27 May 2026, 05:01:21"
2026-05-27T05:01:37.163559,4214,41520000,-0.013,0.011,-1.011,-3.504,0.298,-1.061,34.51,32.1724,-0.129,"32.1724,   -0.129, 27 May 2026, 05:01:31"
2026-05-27T05:01:47.156491,4215,41530000,-0.013,0.012,-1.009,-3.397,0.313,-1.031,34.51,32.1658,-0.127,"32.1658,   -0.127, 27 May 2026, 05:01:41"
2026-05-27T05:01:57.171619,4216,41540000,-0.006,0.01,-1.012,-3.55,0.351,-1.099,34.51,32.1664,-0.13,"32.1664,   -0.130, 27 May 2026, 05:01:51"
2026-05-27T05:02:07.173005,4217,41550000,-0.014,0.009,-1.013,-3.588,0.374,-1.031,34.6,32.1675,-0.125,"32.1675,   -0.125, 27 May 2026, 05:02:01"
2026-05-27T05:02:17.096468,4218,41560000,-0.016,0.017,-1.003,-3.42,0.397,-0.985,34.55,32.1661,-0.128,"32.1661,   -0.128, 27 May 2026, 05:02:11"
2026-05-27T05:02:27.156979,4219,41570000,-0.017,0.012,-1.017,-3.595,0.328,-0.985,34.51,32.1638,-0.132,"32.1638,   -0.132, 27 May 2026, 05:02:21"
2026-05-27T05:02:37.154459,4220,41580000,-0.015,0.015,-1.001,-3.634,0.374,-1.099,34.55,32.1604,-0.131,"32.1604,   -0.131, 27 May 2026, 05:02:31"
2026-05-27T05:02:47.153910,4221,41590000,-0.009,0.012,-0.998,-3.611,0.389,-1.023,34.51,32.1603,-0.127,"32.1603,   -0.127, 27 May 2026, 05:02:41"
2026-05-27T05:02:57.155049,4222,41600000,-0.02,0.016,-1.005,-3.611,0.397,-1.176,34.51,32.1609,-0.13,"32.1609,   -0.130, 27 May 2026, 05:02:51"
2026-05-27T05:03:07.172893,4223,41610000,-0.014,0.014,-1.005,-3.542,0.29,-0.916,34.51,32.1616,-0.127,"32.1616,   -0.127, 27 May 2026, 05:03:01"
2026-05-27T05:03:17.172368,4224,41620000,-0.013,0.014,-1.011,-3.626,0.542,-1.191,34.65,32.1523,-0.127,"32.1523,   -0.127, 27 May 2026, 05:03:11"
2026-05-27T05:03:27.094564,4225,41630000,-0.015,0.014,-1.005,-3.557,0.16,-1.244,34.55,32.1549,-0.128,"32.1549,   -0.128, 27 May 2026, 05:03:21"
2026-05-27T05:03:37.173571,4226,41640000,-0.024,0.011,-1.011,-3.466,0.176,-1.145,34.55,32.162,-0.128,"32.1620,   -0.128, 27 May 2026, 05:03:31"
2026-05-27T05:03:47.157121,4227,41650000,-0.015,0.012,-1.013,-3.389,0.45,-0.985,34.6,32.1685,-0.127,"32.1685,   -0.127, 27 May 2026, 05:03:41"
2026-05-27T05:03:57.158501,4228,41660000,-0.017,0.019,-1.013,-3.55,0.504,-1.168,34.65,32.1606,-0.127,"32.1606,   -0.127, 27 May 2026, 05:03:51"
2026-05-27T05:04:07.156515,4229,41670000,-0.015,0.01,-1.011,-3.527,0.321,-1.275,34.55,32.1652,-0.127,"32.1652,   -0.127, 27 May 2026, 05:04:01"
2026-05-27T05:04:17.156869,4230,41680000,-0.013,0.01,-1.013,-3.519,0.374,-1.0,34.46,32.1667,-0.129,"32.1667,   -0.129, 27 May 2026, 05:04:11"
2026-05-27T05:04:27.173187,4231,41690000,-0.011,0.013,-1.001,-3.664,0.237,-1.084,34.65,32.1683,-0.129,"32.1683,   -0.129, 27 May 2026, 05:04:21"
2026-05-27T05:04:37.113309,4232,41700000,-0.017,0.015,-1.011,-3.504,0.405,-0.939,34.55,32.1658,-0.127,"32.1658,   -0.127, 27 May 2026, 05:04:31"
2026-05-27T05:04:47.172406,4233,41710000,-0.016,0.016,-1.013,-3.672,0.412,-1.16,34.6,32.1585,-0.131,"32.1585,   -0.131, 27 May 2026, 05:04:41"
2026-05-27T05:04:57.156817,4234,41720000,-0.021,0.015,-1.015,-3.489,0.267,-1.214,34.6,32.1584,-0.129,"32.1584,   -0.129, 27 May 2026, 05:04:51"
2026-05-27T05:05:07.097080,4235,41730000,-0.015,0.013,-1.008,-3.473,0.313,-0.962,34.6,32.1662,-0.131,"32.1662,   -0.131, 27 May 2026, 05:05:01"
2026-05-27T05:05:17.174125,4236,41740000,-0.016,0.016,-1.006,-3.542,0.313,-1.069,34.55,32.1718,-0.126,"32.1718,   -0.126, 27 May 2026, 05:05:11"
2026-05-27T05:05:27.156649,4237,41750000,-0.012,0.012,-1.013,-3.443,0.374,-0.985,34.51,32.1785,-0.127,"32.1785,   -0.127, 27 May 2026, 05:05:21"
2026-05-27T05:05:37.156200,4238,41760000,-0.015,0.008,-1.005,-3.473,0.206,-1.282,34.51,32.18,-0.123,"32.1800,   -0.123, 27 May 2026, 05:05:31"
2026-05-27T05:05:47.156623,4239,41770000,-0.022,0.012,-1.011,-3.359,0.191,-1.053,34.51,32.1747,-0.127,"32.1747,   -0.127, 27 May 2026, 05:05:41"
2026-05-27T05:05:57.173941,4240,41780000,-0.011,0.019,-1.007,-3.55,0.305,-1.176,34.46,32.177,-0.128,"32.1770,   -0.128, 27 May 2026, 05:05:51"
2026-05-27T05:06:07.161493,4241,41790000,-0.018,0.016,-1.011,-3.466,0.45,-1.046,34.55,32.1663,-0.127,"32.1663,   -0.127, 27 May 2026, 05:06:01"
2026-05-27T05:06:17.160542,4242,41800000,-0.011,0.02,-1.008,-3.58,0.344,-1.168,34.65,32.1691,-0.129,"32.1691,   -0.129, 27 May 2026, 05:06:11"
2026-05-27T05:06:27.156322,4243,41810000,-0.013,0.014,-1.017,-3.573,0.244,-1.122,34.51,32.1757,-0.125,"32.1757,   -0.125, 27 May 2026, 05:06:21"
2026-05-27T05:06:37.095230,4244,41820000,-0.015,0.012,-1.018,-3.588,0.229,-0.954,34.55,32.185,-0.131,"32.1850,   -0.131, 27 May 2026, 05:06:31"
2026-05-27T05:06:47.104034,4245,41830000,-0.017,0.012,-1.012,-3.511,0.29,-1.076,34.55,32.1932,-0.13,"32.1932,   -0.130, 27 May 2026, 05:06:41"
2026-05-27T05:06:57.094879,4246,41840000,-0.015,0.013,-1.016,-3.435,0.328,-1.008,34.46,32.1952,-0.13,"32.1952,   -0.130, 27 May 2026, 05:06:51"
2026-05-27T05:07:07.157192,4247,41850000,-0.011,0.009,-1.018,-3.542,0.328,-1.015,34.55,32.1963,-0.129,"32.1963,   -0.129, 27 May 2026, 05:07:01"
2026-05-27T05:07:17.156652,4248,41860000,-0.015,0.013,-1.012,-3.473,0.328,-0.969,34.51,32.1976,-0.13,"32.1976,   -0.130, 27 May 2026, 05:07:11"
2026-05-27T05:07:27.156628,4249,41870000,-0.014,0.012,-1.0,-3.496,0.366,-0.962,34.46,32.208,-0.131,"32.2080,   -0.131, 27 May 2026, 05:07:21"
2026-05-27T05:07:37.159308,4250,41880000,-0.01,0.013,-1.005,-3.55,0.267,-1.214,34.6,32.2122,-0.128,"32.2122,   -0.128, 27 May 2026, 05:07:31"
2026-05-27T05:07:47.154914,4251,41890000,-0.013,0.014,-1.004,-3.634,0.267,-1.053,34.55,32.2122,-0.129,"32.2122,   -0.129, 27 May 2026, 05:07:41"
2026-05-27T05:07:57.156170,4252,41900000,-0.018,0.01,-1.013,-3.557,0.298,-1.008,34.51,32.2083,-0.129,"32.2083,   -0.129, 27 May 2026, 05:07:51"
2026-05-27T05:08:07.094715,4253,41910000,-0.011,0.01,-1.01,-3.42,0.405,-1.084,34.55,32.2077,-0.125,"32.2077,   -0.125, 27 May 2026, 05:08:01"
2026-05-27T05:08:17.172500,4254,41920000,-0.012,0.013,-1.001,-3.511,0.427,-1.115,34.55,32.2067,-0.128,"32.2067,   -0.128, 27 May 2026, 05:08:11"
2026-05-27T05:08:27.157107,4255,41930000,-0.017,0.014,-1.008,-3.45,0.305,-1.13,34.55,32.2048,-0.127,"32.2048,   -0.127, 27 May 2026, 05:08:21"
2026-05-27T05:08:37.156166,4256,41940000,-0.01,0.013,-1.011,-3.679,0.206,-1.198,34.6,32.1963,-0.129,"32.1963,   -0.129, 27 May 2026, 05:08:31"
2026-05-27T05:08:47.156849,4257,41950000,-0.015,0.013,-1.014,-3.519,0.267,-1.031,34.6,32.1898,-0.13,"32.1898,   -0.130, 27 May 2026, 05:08:41"
2026-05-27T05:08:57.156682,4258,41960000,-0.005,0.014,-1.013,-3.496,0.405,-1.145,34.55,32.1899,-0.131,"32.1899,   -0.131, 27 May 2026, 05:08:51"
2026-05-27T05:09:07.156510,4259,41970000,-0.013,0.015,-1.006,-3.687,0.275,-1.015,34.55,32.1868,-0.128,"32.1868,   -0.128, 27 May 2026, 05:09:01"
2026-05-27T05:09:17.155285,4260,41980000,-0.013,0.009,-1.018,-3.565,0.397,-1.069,34.55,32.1807,-0.129,"32.1807,   -0.129, 27 May 2026, 05:09:11"
2026-05-27T05:09:27.172137,4261,41990000,-0.007,0.01,-1.018,-3.435,0.229,-1.221,34.51,32.1793,-0.128,"32.1793,   -0.128, 27 May 2026, 05:09:21"
2026-05-27T05:09:37.172233,4262,42000000,-0.014,0.019,-1.011,-3.389,0.389,-0.977,34.51,32.1827,-0.129,"32.1827,   -0.129, 27 May 2026, 05:09:31"
2026-05-27T05:09:47.209987,4263,42010000,-0.011,0.015,-1.013,-3.725,0.198,-0.977,34.55,32.1938,-0.127,"32.1938,   -0.127, 27 May 2026, 05:09:41"
2026-05-27T05:09:57.157344,4264,42020000,-0.015,0.011,-1.016,-3.519,0.443,-1.206,34.55,32.1998,-0.126,"32.1998,   -0.126, 27 May 2026, 05:09:51"
2026-05-27T05:10:07.163262,4265,42030000,-0.012,0.012,-1.015,-3.481,0.328,-1.153,34.55,32.2018,-0.129,"32.2018,   -0.129, 27 May 2026, 05:10:01"
2026-05-27T05:10:17.158844,4266,42040000,-0.019,0.02,-1.007,-3.481,0.351,-1.092,34.6,32.1972,-0.127,"32.1972,   -0.127, 27 May 2026, 05:10:11"
2026-05-27T05:10:27.156932,4267,42050000,-0.014,0.014,-1.014,-3.496,0.405,-1.191,34.51,32.1955,-0.128,"32.1955,   -0.128, 27 May 2026, 05:10:21"
2026-05-27T05:10:37.163444,4268,42060000,-0.019,0.004,-1.014,-3.443,0.389,-1.221,34.55,32.1873,-0.129,"32.1873,   -0.129, 27 May 2026, 05:10:31"
2026-05-27T05:10:47.157311,4269,42070000,-0.013,0.014,-1.015,-3.588,0.405,-1.13,34.65,32.1846,-0.13,"32.1846,   -0.130, 27 May 2026, 05:10:41"
2026-05-27T05:10:57.173904,4270,42080000,-0.014,0.015,-1.014,-3.565,0.305,-1.092,34.55,32.1894,-0.128,"32.1894,   -0.128, 27 May 2026, 05:10:51"
2026-05-27T05:11:07.175690,4271,42090000,-0.018,0.012,-1.011,-3.427,0.435,-1.053,34.51,32.1897,-0.13,"32.1897,   -0.130, 27 May 2026, 05:11:01"
2026-05-27T05:11:17.159414,4272,42100000,-0.016,0.011,-1.008,-3.42,0.275,-1.046,34.55,32.184,-0.132,"32.1840,   -0.132, 27 May 2026, 05:11:11"
2026-05-27T05:11:27.154861,4273,42110000,-0.011,0.009,-1.001,-3.443,0.42,-1.038,34.6,32.1796,-0.128,"32.1796,   -0.128, 27 May 2026, 05:11:21"
2026-05-27T05:11:37.157583,4274,42120000,-0.017,0.017,-1.012,-3.71,0.466,-0.954,34.51,32.1801,-0.13,"32.1801,   -0.130, 27 May 2026, 05:11:31"
2026-05-27T05:11:47.172614,4275,42130000,-0.011,0.014,-1.008,-3.664,0.321,-1.145,34.55,32.1891,-0.128,"32.1891,   -0.128, 27 May 2026, 05:11:41"
2026-05-27T05:11:57.162594,4276,42140000,-0.01,0.013,-1.004,-3.511,0.412,-1.229,34.55,32.1982,-0.129,"32.1982,   -0.129, 27 May 2026, 05:11:51"
2026-05-27T05:12:07.156803,4277,42150000,-0.015,0.01,-1.005,-3.443,0.458,-0.939,34.55,32.2041,-0.129,"32.2041,   -0.129, 27 May 2026, 05:12:01"
2026-05-27T05:12:17.156606,4278,42160000,-0.012,0.013,-1.009,-3.527,0.321,-1.153,34.65,32.2049,-0.13,"32.2049,   -0.130, 27 May 2026, 05:12:11"
2026-05-27T05:12:27.161923,4279,42170000,-0.016,0.018,-1.012,-3.351,0.389,-1.023,34.55,32.2041,-0.131,"32.2041,   -0.131, 27 May 2026, 05:12:21"
2026-05-27T05:12:37.156485,4280,42180000,-0.009,0.012,-1.001,-3.542,0.359,-1.061,34.6,32.2061,-0.127,"32.2061,   -0.127, 27 May 2026, 05:12:31"
2026-05-27T05:12:47.173253,4281,42190000,-0.014,0.013,-1.009,-3.672,0.351,-1.221,34.6,32.2072,-0.127,"32.2072,   -0.127, 27 May 2026, 05:12:41"
2026-05-27T05:12:57.157152,4282,42200000,-0.017,0.01,-1.01,-3.679,0.29,-1.076,34.55,32.2039,-0.13,"32.2039,   -0.130, 27 May 2026, 05:12:51"
2026-05-27T05:13:07.166688,4283,42210000,-0.019,0.012,-1.007,-3.611,0.328,-0.962,34.65,32.2089,-0.131,"32.2089,   -0.131, 27 May 2026, 05:13:01"
2026-05-27T05:13:17.158672,4284,42220000,-0.015,0.012,-1.016,-3.603,0.344,-1.153,34.55,32.219,-0.129,"32.2190,   -0.129, 27 May 2026, 05:13:11"
2026-05-27T05:13:27.173403,4285,42230000,-0.015,0.016,-1.01,-3.672,0.244,-1.023,34.69,32.2139,-0.129,"32.2139,   -0.129, 27 May 2026, 05:13:21"
2026-05-27T05:13:37.172874,4286,42240000,-0.016,0.012,-1.008,-3.489,0.374,-1.069,34.51,32.2084,-0.128,"32.2084,   -0.128, 27 May 2026, 05:13:31"
2026-05-27T05:13:47.167387,4287,42250000,-0.018,0.013,-1.013,-3.611,0.389,-1.038,34.55,32.2065,-0.131,"32.2065,   -0.131, 27 May 2026, 05:13:41"
2026-05-27T05:13:57.174481,4288,42260000,-0.014,0.016,-0.995,-3.618,0.328,-1.122,34.6,32.2068,-0.129,"32.2068,   -0.129, 27 May 2026, 05:13:51"
2026-05-27T05:14:07.172937,4289,42270000,-0.017,0.017,-1.007,-3.496,0.359,-1.076,34.6,32.2014,-0.128,"32.2014,   -0.128, 27 May 2026, 05:14:01"
2026-05-27T05:14:17.163758,4290,42280000,-0.015,0.01,-1.01,-3.573,0.55,-1.099,34.6,32.2001,-0.129,"32.2001,   -0.129, 27 May 2026, 05:14:11"
2026-05-27T05:14:27.174186,4291,42290000,-0.014,0.019,-1.003,-3.618,0.336,-1.214,34.55,32.1988,-0.124,"32.1988,   -0.124, 27 May 2026, 05:14:21"
2026-05-27T05:14:37.159132,4292,42300000,-0.012,0.013,-1.013,-3.626,0.244,-1.069,34.55,32.1973,-0.128,"32.1973,   -0.128, 27 May 2026, 05:14:31"
2026-05-27T05:14:47.173472,4293,42310000,-0.008,0.014,-1.008,-3.588,0.389,-0.985,34.51,32.1961,-0.128,"32.1961,   -0.128, 27 May 2026, 05:14:41"
2026-05-27T05:14:57.156724,4294,42320000,-0.018,0.015,-1.003,-3.427,0.321,-0.977,34.51,32.198,-0.128,"32.1980,   -0.128, 27 May 2026, 05:14:51"
2026-05-27T05:15:07.174252,4295,42330000,-0.016,0.019,-1.01,-3.496,0.031,-0.916,34.65,32.1988,-0.129,"32.1988,   -0.129, 27 May 2026, 05:15:01"
2026-05-27T05:15:17.158028,4296,42340000,-0.016,0.011,-1.005,-3.588,0.382,-1.214,34.6,32.1891,-0.124,"32.1891,   -0.124, 27 May 2026, 05:15:11"
2026-05-27T05:15:27.174498,4297,42350000,-0.011,0.017,-1.005,-3.618,0.282,-1.183,34.55,32.1863,-0.127,"32.1863,   -0.127, 27 May 2026, 05:15:21"
2026-05-27T05:15:37.157717,4298,42360000,-0.019,0.017,-1.011,-3.427,0.13,-1.046,34.69,32.1859,-0.129,"32.1859,   -0.129, 27 May 2026, 05:15:31"
2026-05-27T05:15:47.173734,4299,42370000,-0.017,0.019,-1.016,-3.634,0.237,-1.084,34.46,32.1874,-0.128,"32.1874,   -0.128, 27 May 2026, 05:15:41"
2026-05-27T05:15:57.164787,4300,42380000,-0.019,0.015,-1.014,-3.557,0.252,-1.053,34.55,32.192,-0.128,"32.1920,   -0.128, 27 May 2026, 05:15:51"
2026-05-27T05:16:07.175258,4301,42390000,-0.016,0.009,-1.011,-3.481,0.321,-1.038,34.6,32.1893,-0.129,"32.1893,   -0.129, 27 May 2026, 05:16:01"
2026-05-27T05:16:17.156643,4302,42400000,-0.008,0.02,-1.007,-3.588,0.275,-1.176,34.6,32.1931,-0.122,"32.1931,   -0.122, 27 May 2026, 05:16:11"
2026-05-27T05:16:27.173014,4303,42410000,-0.016,0.009,-1.005,-3.649,0.214,-1.069,34.55,32.1884,-0.127,"32.1884,   -0.127, 27 May 2026, 05:16:21"
2026-05-27T05:16:37.155981,4304,42420000,-0.016,0.019,-1.007,-3.42,0.351,-1.145,34.6,32.1864,-0.126,"32.1864,   -0.126, 27 May 2026, 05:16:31"
2026-05-27T05:16:47.166266,4305,42430000,-0.015,0.013,-1.009,-3.481,0.282,-1.198,34.55,32.1865,-0.128,"32.1865,   -0.128, 27 May 2026, 05:16:41"
2026-05-27T05:16:57.164474,4306,42440000,-0.013,0.01,-1.012,-3.542,0.366,-1.053,34.55,32.1852,-0.126,"32.1852,   -0.126, 27 May 2026, 05:16:51"
2026-05-27T05:17:07.157463,4307,42450000,-0.02,0.011,-1.005,-3.466,0.374,-1.191,34.55,32.1882,-0.13,"32.1882,   -0.130, 27 May 2026, 05:17:01"
2026-05-27T05:17:17.172135,4308,42460000,-0.015,0.011,-1.013,-3.718,0.435,-1.244,34.6,32.1938,-0.128,"32.1938,   -0.128, 27 May 2026, 05:17:11"
2026-05-27T05:17:27.155985,4309,42470000,-0.015,0.013,-1.013,-3.405,0.282,-1.237,34.51,32.192,-0.126,"32.1920,   -0.126, 27 May 2026, 05:17:21"
2026-05-27T05:17:37.157329,4310,42480000,-0.013,0.011,-1.003,-3.397,0.298,-1.176,34.51,32.1946,-0.126,"32.1946,   -0.126, 27 May 2026, 05:17:31"
2026-05-27T05:17:47.158729,4311,42490000,-0.014,0.016,-1.003,-3.458,0.252,-1.107,34.55,32.1986,-0.124,"32.1986,   -0.124, 27 May 2026, 05:17:41"
2026-05-27T05:17:57.157710,4312,42500000,-0.018,0.011,-1.012,-3.55,0.275,-1.13,34.51,32.1943,-0.127,"32.1943,   -0.127, 27 May 2026, 05:17:51"
2026-05-27T05:18:07.173664,4313,42510000,-0.007,0.015,-1.01,-3.458,0.336,-1.046,34.6,32.1832,-0.126,"32.1832,   -0.126, 27 May 2026, 05:18:01"
2026-05-27T05:18:17.156838,4314,42520000,-0.014,0.013,-1.003,-3.542,0.389,-1.015,34.46,32.1891,-0.125,"32.1891,   -0.125, 27 May 2026, 05:18:11"
2026-05-27T05:18:27.174208,4315,42530000,-0.017,0.011,-1.013,-3.435,0.527,-1.084,34.6,32.1974,-0.129,"32.1974,   -0.129, 27 May 2026, 05:18:21"
2026-05-27T05:18:37.163857,4316,42540000,-0.017,0.011,-1.016,-3.443,0.458,-1.122,34.65,32.2047,-0.126,"32.2047,   -0.126, 27 May 2026, 05:18:31"
2026-05-27T05:18:47.157073,4317,42550000,-0.019,0.012,-1.013,-3.588,0.305,-1.191,34.55,32.202,-0.13,"32.2020,   -0.130, 27 May 2026, 05:18:41"
2026-05-27T05:18:57.173761,4318,42560000,-0.015,0.009,-1.004,-3.542,0.382,-1.107,34.6,32.1969,-0.126,"32.1969,   -0.126, 27 May 2026, 05:18:51"
2026-05-27T05:19:07.156689,4319,42570000,-0.015,0.017,-1.008,-3.603,0.489,-1.038,34.55,32.2014,-0.126,"32.2014,   -0.126, 27 May 2026, 05:19:01"
2026-05-27T05:19:17.164326,4320,42580000,-0.011,0.01,-1.012,-3.504,0.45,-1.084,34.6,32.205,-0.125,"32.2050,   -0.125, 27 May 2026, 05:19:11"
2026-05-27T05:19:27.168502,4321,42590000,-0.019,0.014,-1.009,-3.634,0.298,-1.053,34.55,32.2047,-0.127,"32.2047,   -0.127, 27 May 2026, 05:19:21"
2026-05-27T05:19:37.227713,4322,42600000,-0.018,0.014,-1.008,-3.496,0.336,-0.962,34.65,32.2061,-0.125,"32.2061,   -0.125, 27 May 2026, 05:19:31"
2026-05-27T05:19:47.156467,4323,42610000,-0.016,0.014,-1.012,-3.573,0.351,-1.084,34.55,32.2038,-0.127,"32.2038,   -0.127, 27 May 2026, 05:19:41"
2026-05-27T05:19:57.173992,4324,42620000,-0.015,0.015,-1.005,-3.557,0.298,-0.985,34.55,32.2064,-0.127,"32.2064,   -0.127, 27 May 2026, 05:19:51"
2026-05-27T05:20:07.156376,4325,42630000,-0.011,0.008,-1.002,-3.588,0.504,-0.969,34.65,32.2092,-0.13,"32.2092,   -0.130, 27 May 2026, 05:20:01"
2026-05-27T05:20:17.153849,4326,42640000,-0.018,0.013,-1.005,-3.542,0.45,-1.183,34.6,32.2004,-0.127,"32.2004,   -0.127, 27 May 2026, 05:20:11"
2026-05-27T05:20:27.157688,4327,42650000,-0.011,0.01,-1.015,-3.527,0.328,-1.084,34.6,32.1942,-0.127,"32.1942,   -0.127, 27 May 2026, 05:20:21"
2026-05-27T05:20:37.164219,4328,42660000,-0.014,0.014,-1.004,-3.618,0.221,-0.962,34.69,32.1912,-0.129,"32.1912,   -0.129, 27 May 2026, 05:20:31"
2026-05-27T05:20:47.154924,4329,42670000,-0.011,0.02,-1.012,-3.466,0.282,-1.069,34.51,32.194,-0.124,"32.1940,   -0.124, 27 May 2026, 05:20:41"
2026-05-27T05:20:57.159674,4330,42680000,-0.019,0.013,-1.002,-3.527,0.336,-1.031,34.55,32.2006,-0.125,"32.2006,   -0.125, 27 May 2026, 05:20:51"
2026-05-27T05:21:07.156855,4331,42690000,-0.011,0.013,-1.013,-3.45,0.481,-1.046,34.51,32.2113,-0.128,"32.2113,   -0.128, 27 May 2026, 05:21:01"
2026-05-27T05:21:17.157127,4332,42700000,-0.014,0.017,-1.014,-3.542,0.55,-1.168,34.51,32.219,-0.128,"32.2190,   -0.128, 27 May 2026, 05:21:11"
2026-05-27T05:21:27.174970,4333,42710000,-0.01,0.016,-1.011,-3.611,0.282,-1.176,34.55,32.2239,-0.126,"32.2239,   -0.126, 27 May 2026, 05:21:21"
2026-05-27T05:21:37.158005,4334,42720000,-0.018,0.015,-1.018,-3.504,0.26,-1.237,34.55,32.2365,-0.129,"32.2365,   -0.129, 27 May 2026, 05:21:31"
2026-05-27T05:21:47.173270,4335,42730000,-0.016,0.015,-1.008,-3.473,0.313,-1.176,34.6,32.2343,-0.127,"32.2343,   -0.127, 27 May 2026, 05:21:41"
2026-05-27T05:21:57.156582,4336,42740000,-0.015,0.009,-1.006,-3.626,0.412,-1.13,34.65,32.2276,-0.125,"32.2276,   -0.125, 27 May 2026, 05:21:51"
2026-05-27T05:22:07.158021,4337,42750000,-0.012,0.017,-1.012,-3.542,0.435,-1.206,34.6,32.2202,-0.126,"32.2202,   -0.126, 27 May 2026, 05:22:01"
2026-05-27T05:22:17.163987,4338,42760000,-0.016,0.018,-1.008,-3.481,0.313,-1.244,34.65,32.2169,-0.129,"32.2169,   -0.129, 27 May 2026, 05:22:11"
2026-05-27T05:22:27.156374,4339,42770000,-0.013,0.018,-1.003,-3.519,0.313,-1.069,34.6,32.2164,-0.128,"32.2164,   -0.128, 27 May 2026, 05:22:21"
2026-05-27T05:22:37.163870,4340,42780000,-0.013,0.015,-1.01,-3.519,0.275,-1.252,34.65,32.2088,-0.127,"32.2088,   -0.127, 27 May 2026, 05:22:31"
2026-05-27T05:22:47.172396,4341,42790000,-0.016,0.014,-1.001,-3.588,0.351,-1.115,34.69,32.2098,-0.125,"32.2098,   -0.125, 27 May 2026, 05:22:41"
2026-05-27T05:22:57.156770,4342,42800000,-0.011,0.013,-1.014,-3.519,0.344,-1.008,34.55,32.2114,-0.126,"32.2114,   -0.126, 27 May 2026, 05:22:51"
2026-05-27T05:23:07.174283,4343,42810000,-0.013,0.012,-1.012,-3.794,0.206,-0.954,34.65,32.2088,-0.127,"32.2088,   -0.127, 27 May 2026, 05:23:01"
2026-05-27T05:23:17.166553,4344,42820000,-0.008,0.018,-1.01,-3.565,0.267,-1.038,34.69,32.215,-0.129,"32.2150,   -0.129, 27 May 2026, 05:23:11"
2026-05-27T05:23:27.158794,4345,42830000,-0.013,0.016,-1.01,-3.496,0.405,-0.947,34.6,32.2166,-0.126,"32.2166,   -0.126, 27 May 2026, 05:23:21"
2026-05-27T05:23:37.156063,4346,42840000,-0.012,0.013,-1.01,-3.557,0.374,-1.115,34.55,32.2134,-0.123,"32.2134,   -0.123, 27 May 2026, 05:23:31"
2026-05-27T05:23:47.174200,4347,42850000,-0.013,0.009,-1.014,-3.626,0.237,-1.145,34.65,32.2131,-0.123,"32.2131,   -0.123, 27 May 2026, 05:23:41"
2026-05-27T05:23:57.174053,4348,42860000,-0.01,0.009,-1.005,-3.634,0.374,-1.038,34.6,32.2201,-0.128,"32.2201,   -0.128, 27 May 2026, 05:23:51"
2026-05-27T05:24:07.156520,4349,42870000,-0.021,0.015,-1.009,-3.58,0.305,-0.954,34.65,32.2312,-0.128,"32.2312,   -0.128, 27 May 2026, 05:24:01"
2026-05-27T05:24:17.172961,4350,42880000,-0.015,0.011,-1.003,-3.557,0.443,-1.061,34.55,32.2306,-0.127,"32.2306,   -0.127, 27 May 2026, 05:24:11"
2026-05-27T05:24:27.154758,4351,42890000,-0.015,0.013,-1.009,-3.473,0.42,-1.061,34.55,32.2302,-0.123,"32.2302,   -0.123, 27 May 2026, 05:24:21"
2026-05-27T05:24:37.235208,4352,42900000,-0.014,0.015,-1.005,-3.496,0.359,-1.046,34.51,32.2274,-0.127,"32.2274,   -0.127, 27 May 2026, 05:24:31"
2026-05-27T05:24:47.166155,4353,42910000,-0.015,0.012,-1.01,-3.496,0.26,-1.069,34.55,32.2404,-0.126,"32.2404,   -0.126, 27 May 2026, 05:24:41"
2026-05-27T05:24:57.175439,4354,42920000,-0.013,0.012,-1.016,-3.649,0.26,-1.099,34.55,32.2432,-0.125,"32.2432,   -0.125, 27 May 2026, 05:24:51"
2026-05-27T05:25:07.165091,4355,42930000,-0.014,0.013,-1.006,-3.649,0.313,-1.069,34.51,32.2374,-0.128,"32.2374,   -0.128, 27 May 2026, 05:25:01"
2026-05-27T05:25:17.174888,4356,42940000,-0.009,0.01,-1.005,-3.603,0.382,-1.084,34.6,32.2354,-0.128,"32.2354,   -0.128, 27 May 2026, 05:25:11"
2026-05-27T05:25:27.174282,4357,42950000,-0.017,0.013,-1.01,-3.618,0.374,-1.137,34.65,32.2292,-0.129,"32.2292,   -0.129, 27 May 2026, 05:25:21"
2026-05-27T05:25:37.165030,4358,42960000,-0.016,0.016,-1.009,-3.405,0.328,-1.153,34.65,32.2232,-0.127,"32.2232,   -0.127, 27 May 2026, 05:25:31"
2026-05-27T05:25:47.154141,4359,42970000,-0.012,0.018,-1.013,-3.641,0.374,-1.069,34.55,32.2144,-0.129,"32.2144,   -0.129, 27 May 2026, 05:25:41"
2026-05-27T05:25:57.174276,4360,42980000,-0.017,0.018,-1.009,-3.557,0.237,-1.153,34.6,32.2165,-0.128,"32.2165,   -0.128, 27 May 2026, 05:25:51"
2026-05-27T05:26:07.157307,4361,42990000,-0.013,0.008,-1.007,-3.489,0.29,-1.229,34.6,32.2175,-0.126,"32.2175,   -0.126, 27 May 2026, 05:26:01"
2026-05-27T05:26:17.157305,4362,43000000,-0.017,0.013,-1.008,-3.634,0.427,-1.183,34.65,32.2176,-0.121,"32.2176,   -0.121, 27 May 2026, 05:26:11"
2026-05-27T05:26:27.174206,4363,43010000,-0.008,0.008,-1.016,-3.473,0.405,-0.947,34.55,32.2159,-0.127,"32.2159,   -0.127, 27 May 2026, 05:26:21"
2026-05-27T05:26:37.157855,4364,43020000,-0.021,0.015,-1.01,-3.511,0.336,-1.038,34.6,32.2201,-0.125,"32.2201,   -0.125, 27 May 2026, 05:26:31"
2026-05-27T05:26:47.163761,4365,43030000,-0.016,0.019,-1.002,-3.626,0.305,-1.214,34.51,32.2196,-0.128,"32.2196,   -0.128, 27 May 2026, 05:26:41"
2026-05-27T05:26:57.174189,4366,43040000,-0.015,0.009,-1.006,-3.542,0.237,-1.153,34.55,32.2209,-0.125,"32.2209,   -0.125, 27 May 2026, 05:26:51"
2026-05-27T05:27:07.157237,4367,43050000,-0.014,0.016,-1.013,-3.679,0.206,-1.153,34.6,32.2228,-0.128,"32.2228,   -0.128, 27 May 2026, 05:27:01"
2026-05-27T05:27:17.156557,4368,43060000,-0.02,0.009,-1.019,-3.649,0.29,-1.191,34.65,32.2182,-0.124,"32.2182,   -0.124, 27 May 2026, 05:27:11"
2026-05-27T05:27:27.156593,4369,43070000,-0.018,0.01,-1.014,-3.443,0.305,-1.237,34.6,32.212,-0.126,"32.2120,   -0.126, 27 May 2026, 05:27:21"
2026-05-27T05:27:37.157715,4370,43080000,-0.016,0.014,-1.009,-3.489,0.198,-1.244,34.6,32.2206,-0.125,"32.2206,   -0.125, 27 May 2026, 05:27:31"
2026-05-27T05:27:47.157625,4371,43090000,-0.017,0.01,-1.014,-3.481,0.45,-1.015,34.6,32.2194,-0.125,"32.2194,   -0.125, 27 May 2026, 05:27:41"
2026-05-27T05:27:57.174599,4372,43100000,-0.018,0.014,-1.013,-3.489,0.351,-1.214,34.6,32.2266,-0.126,"32.2266,   -0.126, 27 May 2026, 05:27:51"
2026-05-27T05:28:07.157364,4373,43110000,-0.017,0.012,-1.007,-3.542,0.344,-1.092,34.6,32.2302,-0.127,"32.2302,   -0.127, 27 May 2026, 05:28:01"
2026-05-27T05:28:17.173466,4374,43120000,-0.011,0.015,-1.009,-3.458,0.374,-1.282,34.65,32.2415,-0.124,"32.2415,   -0.124, 27 May 2026, 05:28:11"
2026-05-27T05:28:27.155003,4375,43130000,-0.017,0.01,-1.007,-3.557,0.321,-0.893,34.6,32.2371,-0.126,"32.2371,   -0.126, 27 May 2026, 05:28:21"
2026-05-27T05:28:37.159151,4376,43140000,-0.009,0.011,-1.009,-3.573,0.29,-0.901,34.6,32.2433,-0.126,"32.2433,   -0.126, 27 May 2026, 05:28:31"
2026-05-27T05:28:47.157240,4377,43150000,-0.014,0.008,-1.007,-3.511,0.382,-1.107,34.65,32.2429,-0.123,"32.2429,   -0.123, 27 May 2026, 05:28:41"
2026-05-27T05:28:57.159540,4378,43160000,-0.017,0.008,-1.007,-3.42,0.412,-1.076,34.6,32.2307,-0.124,"32.2307,   -0.124, 27 May 2026, 05:28:51"
2026-05-27T05:29:07.157277,4379,43170000,-0.016,0.014,-1.007,-3.443,0.389,-1.137,34.65,32.2287,-0.124,"32.2287,   -0.124, 27 May 2026, 05:29:01"
2026-05-27T05:29:17.157093,4380,43180000,-0.012,0.016,-1.017,-3.55,0.374,-0.977,34.41,32.2297,-0.124,"32.2297,   -0.124, 27 May 2026, 05:29:11"
2026-05-27T05:29:27.163254,4381,43190000,-0.023,0.017,-1.003,-3.595,0.351,-1.099,34.69,32.2304,-0.125,"32.2304,   -0.125, 27 May 2026, 05:29:21"
2026-05-27T05:29:37.156886,4382,43200000,-0.011,0.011,-1.012,-3.496,0.351,-1.153,34.51,32.2346,-0.127,"32.2346,   -0.127, 27 May 2026, 05:29:31"
2026-05-27T05:29:47.155138,4383,43210000,-0.017,0.013,-1.004,-3.534,0.397,-1.031,34.65,32.2297,-0.124,"32.2297,   -0.124, 27 May 2026, 05:29:41"
2026-05-27T05:29:57.156770,4384,43220000,-0.015,0.014,-1.016,-3.511,0.55,-1.191,34.6,32.2361,-0.125,"32.2361,   -0.125, 27 May 2026, 05:29:51"
2026-05-27T05:30:07.173721,4385,43230000,-0.014,0.017,-1.015,-3.496,0.42,-1.16,34.55,32.2355,-0.127,"32.2355,   -0.127, 27 May 2026, 05:30:01"
2026-05-27T05:30:17.160353,4386,43240000,-0.019,0.013,-1.015,-3.611,0.26,-1.244,34.55,32.2312,-0.124,"32.2312,   -0.124, 27 May 2026, 05:30:11"
2026-05-27T05:30:27.156720,4387,43250000,-0.013,0.008,-1.012,-3.389,0.305,-1.076,34.55,32.2356,-0.124,"32.2356,   -0.124, 27 May 2026, 05:30:21"
2026-05-27T05:30:37.157477,4388,43260000,-0.014,0.017,-1.006,-3.527,0.458,-1.084,34.6,32.2321,-0.127,"32.2321,   -0.127, 27 May 2026, 05:30:31"
2026-05-27T05:30:47.154235,4389,43270000,-0.01,0.009,-1.016,-3.611,0.237,-1.099,34.69,32.2394,-0.126,"32.2394,   -0.126, 27 May 2026, 05:30:41"
2026-05-27T05:30:57.156558,4390,43280000,-0.012,0.011,-1.005,-3.473,0.183,-1.015,34.65,32.2376,-0.124,"32.2376,   -0.124, 27 May 2026, 05:30:51"
2026-05-27T05:31:07.174787,4391,43290000,-0.013,0.016,-1.008,-3.496,0.328,-1.183,34.6,32.2267,-0.124,"32.2267,   -0.124, 27 May 2026, 05:31:01"
2026-05-27T05:31:17.171928,4392,43300000,-0.017,0.016,-1.012,-3.527,0.405,-1.061,34.55,32.2228,-0.124,"32.2228,   -0.124, 27 May 2026, 05:31:11"
2026-05-27T05:31:27.158476,4393,43310000,-0.02,0.018,-1.008,-3.534,0.267,-1.031,34.55,32.2263,-0.127,"32.2263,   -0.127, 27 May 2026, 05:31:21"
2026-05-27T05:31:37.157269,4394,43320000,-0.013,0.012,-1.022,-3.58,0.359,-1.221,34.55,32.2188,-0.126,"32.2188,   -0.126, 27 May 2026, 05:31:31"
2026-05-27T05:31:47.157356,4395,43330000,-0.014,0.012,-1.016,-3.427,0.366,-1.198,34.65,32.2228,-0.124,"32.2228,   -0.124, 27 May 2026, 05:31:41"
2026-05-27T05:31:57.156132,4396,43340000,-0.014,0.007,-1.02,-3.435,0.427,-1.26,34.55,32.2155,-0.127,"32.2155,   -0.127, 27 May 2026, 05:31:51"
2026-05-27T05:32:07.159728,4397,43350000,-0.015,0.012,-1.015,-3.672,0.519,-1.176,34.55,32.2126,-0.122,"32.2126,   -0.122, 27 May 2026, 05:32:01"
2026-05-27T05:32:17.156332,4398,43360000,-0.018,0.01,-1.002,-3.603,0.359,-1.008,34.65,32.2133,-0.126,"32.2133,   -0.126, 27 May 2026, 05:32:11"
2026-05-27T05:32:27.173993,4399,43370000,-0.013,0.016,-1.003,-3.519,0.42,-1.038,34.65,32.2228,-0.125,"32.2228,   -0.125, 27 May 2026, 05:32:21"
2026-05-27T05:32:37.160390,4400,43380000,-0.017,0.017,-1.002,-3.489,0.237,-1.0,34.74,32.2209,-0.126,"32.2209,   -0.126, 27 May 2026, 05:32:31"
2026-05-27T05:32:47.167354,4401,43390000,-0.013,0.011,-1.016,-3.557,0.382,-1.023,34.55,32.2142,-0.12,"32.2142,   -0.120, 27 May 2026, 05:32:41"
2026-05-27T05:32:57.168534,4402,43400000,-0.01,0.018,-1.007,-3.489,0.344,-1.099,34.55,32.2217,-0.124,"32.2217,   -0.124, 27 May 2026, 05:32:51"
2026-05-27T05:33:07.163990,4403,43410000,-0.011,0.011,-1.011,-3.359,0.382,-1.26,34.55,32.222,-0.126,"32.2220,   -0.126, 27 May 2026, 05:33:01"
2026-05-27T05:33:17.172909,4404,43420000,-0.019,0.014,-1.021,-3.42,0.382,-1.206,34.6,32.2249,-0.125,"32.2249,   -0.125, 27 May 2026, 05:33:11"
2026-05-27T05:33:27.226866,4405,43430000,-0.014,0.013,-1.005,-3.573,0.206,-1.153,34.65,32.226,-0.127,"32.2260,   -0.127, 27 May 2026, 05:33:21"
2026-05-27T05:33:37.173664,4406,43440000,-0.011,0.014,-1.009,-3.534,0.198,-1.122,34.69,32.2259,-0.124,"32.2259,   -0.124, 27 May 2026, 05:33:31"
2026-05-27T05:33:47.157473,4407,43450000,-0.015,0.007,-1.012,-3.489,0.397,-1.031,34.55,32.2268,-0.123,"32.2268,   -0.123, 27 May 2026, 05:33:41"
2026-05-27T05:33:57.174480,4408,43460000,-0.013,0.006,-1.021,-3.481,0.412,-1.099,34.51,32.2321,-0.126,"32.2321,   -0.126, 27 May 2026, 05:33:51"
2026-05-27T05:34:07.173620,4409,43470000,-0.017,0.009,-1.0,-3.489,0.26,-0.977,34.55,32.239,-0.125,"32.2390,   -0.125, 27 May 2026, 05:34:01"
2026-05-27T05:34:17.160116,4410,43480000,-0.015,0.01,-1.015,-3.427,0.275,-1.252,34.55,32.2376,-0.127,"32.2376,   -0.127, 27 May 2026, 05:34:11"
2026-05-27T05:34:27.158329,4411,43490000,-0.013,0.02,-1.012,-3.473,0.351,-1.031,34.55,32.243,-0.124,"32.2430,   -0.124, 27 May 2026, 05:34:21"
2026-05-27T05:34:37.174495,4412,43500000,-0.018,0.01,-1.006,-3.382,0.305,-1.053,34.55,32.2423,-0.127,"32.2423,   -0.127, 27 May 2026, 05:34:31"
2026-05-27T05:34:47.243727,4413,43510000,-0.022,0.012,-1.009,-3.534,0.313,-1.122,34.65,32.2366,-0.128,"32.2366,   -0.128, 27 May 2026, 05:34:41"
2026-05-27T05:34:57.160680,4414,43520000,-0.013,0.008,-1.009,-3.611,0.504,-1.122,34.6,32.2357,-0.122,"32.2357,   -0.122, 27 May 2026, 05:34:51"
2026-05-27T05:35:07.245290,4415,43530000,-0.013,0.012,-0.998,-3.519,0.397,-1.046,34.55,32.2352,-0.129,"32.2352,   -0.129, 27 May 2026, 05:35:01"
2026-05-27T05:35:17.157812,4416,43540000,-0.013,0.015,-1.01,-3.389,0.481,-1.183,34.55,32.2321,-0.124,"32.2321,   -0.124, 27 May 2026, 05:35:11"
2026-05-27T05:35:27.241139,4417,43550000,-0.011,0.01,-1.004,-3.679,0.321,-1.267,34.6,32.2378,-0.126,"32.2378,   -0.126, 27 May 2026, 05:35:21"
2026-05-27T05:35:37.242505,4418,43560000,-0.017,0.013,-1.01,-3.679,0.176,-1.145,34.65,32.2377,-0.119,"32.2377,   -0.119, 27 May 2026, 05:35:31"
2026-05-27T05:35:47.245519,4419,43570000,-0.016,0.012,-1.008,-3.496,0.374,-1.298,34.69,32.234,-0.122,"32.2340,   -0.122, 27 May 2026, 05:35:41"
2026-05-27T05:35:57.227089,4420,43580000,-0.011,0.014,-1.011,-3.511,0.344,-1.031,34.65,32.2486,-0.121,"32.2486,   -0.121, 27 May 2026, 05:35:51"
2026-05-27T05:36:07.173441,4421,43590000,-0.019,0.007,-1.008,-3.542,0.45,-1.076,34.65,32.2561,-0.126,"32.2561,   -0.126, 27 May 2026, 05:36:01"
2026-05-27T05:36:17.235579,4422,43600000,-0.017,0.013,-1.0,-3.443,0.382,-1.137,34.65,32.2593,-0.123,"32.2593,   -0.123, 27 May 2026, 05:36:11"
2026-05-27T05:36:27.223518,4423,43610000,-0.016,0.016,-1.017,-3.588,0.412,-0.947,34.6,32.2629,-0.126,"32.2629,   -0.126, 27 May 2026, 05:36:21"
2026-05-27T05:36:37.237286,4424,43620000,-0.017,0.009,-1.009,-3.427,0.191,-1.031,34.6,32.2642,-0.125,"32.2642,   -0.125, 27 May 2026, 05:36:31"
2026-05-27T05:36:47.236616,4425,43630000,-0.012,0.011,-1.006,-3.573,0.519,-1.153,34.69,32.2579,-0.124,"32.2579,   -0.124, 27 May 2026, 05:36:41"
2026-05-27T05:36:57.234360,4426,43640000,-0.018,0.011,-1.013,-3.58,0.321,-1.099,34.6,32.2533,-0.126,"32.2533,   -0.126, 27 May 2026, 05:36:51"
2026-05-27T05:37:07.173712,4427,43650000,-0.023,0.015,-1.016,-3.466,0.366,-0.885,34.55,32.2514,-0.125,"32.2514,   -0.125, 27 May 2026, 05:37:01"
2026-05-27T05:37:17.226352,4428,43660000,-0.016,0.013,-1.005,-3.626,0.26,-0.809,34.55,32.2515,-0.125,"32.2515,   -0.125, 27 May 2026, 05:37:11"
2026-05-27T05:37:27.227692,4429,43670000,-0.007,0.008,-1.018,-3.473,0.267,-1.0,34.6,32.2511,-0.126,"32.2511,   -0.126, 27 May 2026, 05:37:21"
2026-05-27T05:37:37.240740,4430,43680000,-0.019,0.005,-1.01,-3.656,0.298,-1.023,34.65,32.2463,-0.125,"32.2463,   -0.125, 27 May 2026, 05:37:31"
2026-05-27T05:37:47.227679,4431,43690000,-0.012,0.009,-1.015,-3.305,0.351,-1.053,34.55,32.2462,-0.125,"32.2462,   -0.125, 27 May 2026, 05:37:41"
2026-05-27T05:37:57.223627,4432,43700000,-0.011,0.01,-1.01,-3.511,0.466,-1.183,34.65,32.2516,-0.122,"32.2516,   -0.122, 27 May 2026, 05:37:51"
2026-05-27T05:38:07.164482,4433,43710000,-0.021,0.01,-1.003,-3.328,0.214,-1.16,34.65,32.2506,-0.124,"32.2506,   -0.124, 27 May 2026, 05:38:01"
2026-05-27T05:38:17.225766,4434,43720000,-0.018,0.012,-0.997,-3.511,0.198,-1.069,34.6,32.255,-0.125,"32.2550,   -0.125, 27 May 2026, 05:38:11"
2026-05-27T05:38:27.217911,4435,43730000,-0.018,0.009,-1.002,-3.557,0.244,-1.084,34.65,32.2534,-0.122,"32.2534,   -0.122, 27 May 2026, 05:38:21"
2026-05-27T05:38:37.225479,4436,43740000,-0.019,0.014,-1.013,-3.573,0.298,-1.122,34.65,32.2529,-0.125,"32.2529,   -0.125, 27 May 2026, 05:38:31"
2026-05-27T05:38:47.243759,4437,43750000,-0.01,0.02,-1.005,-3.656,0.374,-1.137,34.51,32.2553,-0.122,"32.2553,   -0.122, 27 May 2026, 05:38:41"
2026-05-27T05:38:57.230087,4438,43760000,-0.015,0.01,-1.007,-3.565,0.359,-1.0,34.6,32.2574,-0.124,"32.2574,   -0.124, 27 May 2026, 05:38:51"
2026-05-27T05:39:07.171935,4439,43770000,-0.012,0.012,-1.011,-3.611,0.351,-0.908,34.65,32.2552,-0.121,"32.2552,   -0.121, 27 May 2026, 05:39:01"
2026-05-27T05:39:17.226764,4440,43780000,-0.018,0.012,-1.013,-3.443,0.481,-1.069,34.65,32.257,-0.125,"32.2570,   -0.125, 27 May 2026, 05:39:11"
2026-05-27T05:39:27.227205,4441,43790000,-0.019,0.015,-1.005,-3.435,0.473,-1.084,34.55,32.2658,-0.128,"32.2658,   -0.128, 27 May 2026, 05:39:21"
2026-05-27T05:39:37.226423,4442,43800000,-0.017,0.014,-1.021,-3.588,0.489,-0.962,34.65,32.2646,-0.126,"32.2646,   -0.126, 27 May 2026, 05:39:31"
2026-05-27T05:39:47.227501,4443,43810000,-0.012,0.012,-1.013,-3.374,0.344,-1.038,34.55,32.2638,-0.12,"32.2638,   -0.120, 27 May 2026, 05:39:41"
2026-05-27T05:39:57.258101,4444,43820000,-0.011,0.01,-1.006,-3.664,0.313,-1.198,34.55,32.2613,-0.126,"32.2613,   -0.126, 27 May 2026, 05:39:51"
2026-05-27T05:40:07.159541,4445,43830000,-0.016,0.01,-1.008,-3.458,0.221,-1.122,34.6,32.2601,-0.124,"32.2601,   -0.124, 27 May 2026, 05:40:01"
2026-05-27T05:40:17.300305,4446,43840000,-0.021,0.013,-1.013,-3.504,0.351,-1.092,34.51,32.2627,-0.125,"32.2627,   -0.125, 27 May 2026, 05:40:11"
2026-05-27T05:40:27.244544,4447,43850000,-0.02,0.016,-1.004,-3.557,0.29,-1.176,34.65,32.2599,-0.126,"32.2599,   -0.126, 27 May 2026, 05:40:21"
2026-05-27T05:40:37.222903,4448,43860000,-0.015,0.017,-1.005,-3.527,0.366,-1.061,34.6,32.2581,-0.123,"32.2581,   -0.123, 27 May 2026, 05:40:31"
2026-05-27T05:40:47.244089,4449,43870000,-0.02,0.012,-1.013,-3.641,0.374,-1.076,34.55,32.2526,-0.121,"32.2526,   -0.121, 27 May 2026, 05:40:41"
2026-05-27T05:40:57.223949,4450,43880000,-0.016,0.013,-1.003,-3.527,0.191,-1.015,34.65,32.2527,-0.128,"32.2527,   -0.128, 27 May 2026, 05:40:51"
2026-05-27T05:41:07.173722,4451,43890000,-0.017,0.011,-1.009,-3.588,0.458,-1.229,34.69,32.2599,-0.123,"32.2599,   -0.123, 27 May 2026, 05:41:01"
2026-05-27T05:41:17.220724,4452,43900000,-0.01,0.01,-1.005,-3.405,0.176,-1.13,34.51,32.2666,-0.124,"32.2666,   -0.124, 27 May 2026, 05:41:11"
2026-05-27T05:41:27.284474,4453,43910000,-0.015,0.008,-1.016,-3.519,0.298,-1.107,34.55,32.2653,-0.122,"32.2653,   -0.122, 27 May 2026, 05:41:21"
2026-05-27T05:41:37.243454,4454,43920000,-0.017,0.016,-1.006,-3.374,0.443,-1.053,34.65,32.2578,-0.124,"32.2578,   -0.124, 27 May 2026, 05:41:31"
2026-05-27T05:41:47.226463,4455,43930000,-0.012,0.017,-1.01,-3.679,0.504,-1.13,34.6,32.2645,-0.121,"32.2645,   -0.121, 27 May 2026, 05:41:41"
2026-05-27T05:41:57.244368,4456,43940000,-0.013,0.014,-1.015,-3.695,0.55,-1.061,34.69,32.2571,-0.122,"32.2571,   -0.122, 27 May 2026, 05:41:51"
2026-05-27T05:42:07.157442,4457,43950000,-0.015,0.016,-1.005,-3.481,0.443,-1.023,34.6,32.2578,-0.123,"32.2578,   -0.123, 27 May 2026, 05:42:01"
2026-05-27T05:42:17.290071,4458,43960000,-0.013,0.014,-1.01,-3.519,0.321,-1.038,34.65,32.2615,-0.124,"32.2615,   -0.124, 27 May 2026, 05:42:11"
2026-05-27T05:42:27.302134,4459,43970000,-0.012,0.016,-1.004,-3.565,0.267,-1.198,34.6,32.2678,-0.124,"32.2678,   -0.124, 27 May 2026, 05:42:21"
2026-05-27T05:42:37.244108,4460,43980000,-0.015,0.013,-1.011,-3.557,0.252,-1.145,34.69,32.262,-0.124,"32.2620,   -0.124, 27 May 2026, 05:42:31"
2026-05-27T05:42:47.294937,4461,43990000,-0.012,0.01,-1.009,-3.496,0.313,-1.0,34.65,32.2649,-0.123,"32.2649,   -0.123, 27 May 2026, 05:42:41"
2026-05-27T05:42:57.234140,4462,44000000,-0.014,0.013,-1.01,-3.649,0.397,-0.977,34.65,32.2693,-0.122,"32.2693,   -0.122, 27 May 2026, 05:42:51"
2026-05-27T05:43:07.164586,4463,44010000,-0.014,0.016,-1.01,-3.389,0.389,-1.092,34.6,32.2779,-0.126,"32.2779,   -0.126, 27 May 2026, 05:43:01"
2026-05-27T05:43:17.244642,4464,44020000,-0.013,0.016,-1.009,-3.519,0.229,-1.023,34.65,32.2756,-0.122,"32.2756,   -0.122, 27 May 2026, 05:43:11"
2026-05-27T05:43:27.304343,4465,44030000,-0.014,0.011,-1.01,-3.504,0.405,-1.275,34.55,32.2816,-0.124,"32.2816,   -0.124, 27 May 2026, 05:43:21"
2026-05-27T05:43:37.233827,4466,44040000,-0.019,0.013,-1.016,-3.42,0.29,-1.084,34.55,32.2779,-0.125,"32.2779,   -0.125, 27 May 2026, 05:43:31"
2026-05-27T05:43:47.243750,4467,44050000,-0.019,0.013,-1.011,-3.458,0.305,-1.076,34.69,32.2863,-0.122,"32.2863,   -0.122, 27 May 2026, 05:43:41"
2026-05-27T05:43:57.301562,4468,44060000,-0.013,0.012,-1.005,-3.496,0.344,-1.237,34.55,32.2903,-0.122,"32.2903,   -0.122, 27 May 2026, 05:43:51"
2026-05-27T05:44:07.155141,4469,44070000,-0.022,0.013,-1.011,-3.496,0.313,-1.282,34.6,32.2888,-0.123,"32.2888,   -0.123, 27 May 2026, 05:44:01"
2026-05-27T05:44:17.227211,4470,44080000,-0.022,0.016,-1.0,-3.397,0.45,-1.015,34.6,32.2894,-0.125,"32.2894,   -0.125, 27 May 2026, 05:44:11"
2026-05-27T05:44:27.225056,4471,44090000,-0.015,0.01,-1.014,-3.443,0.42,-1.008,34.65,32.2831,-0.122,"32.2831,   -0.122, 27 May 2026, 05:44:21"
2026-05-27T05:44:37.299024,4472,44100000,-0.014,0.013,-1.001,-3.519,0.26,-1.046,34.65,32.2819,-0.123,"32.2819,   -0.123, 27 May 2026, 05:44:31"
2026-05-27T05:44:47.230928,4473,44110000,-0.009,0.009,-1.016,-3.511,0.198,-1.122,34.65,32.2767,-0.12,"32.2767,   -0.120, 27 May 2026, 05:44:41"
2026-05-27T05:44:57.223305,4474,44120000,-0.012,0.013,-1.006,-3.405,0.405,-1.099,34.65,32.2702,-0.122,"32.2702,   -0.122, 27 May 2026, 05:44:51"
2026-05-27T05:45:07.173791,4475,44130000,-0.011,0.014,-1.007,-3.55,0.405,-1.206,34.6,32.2689,-0.122,"32.2689,   -0.122, 27 May 2026, 05:45:01"
2026-05-27T05:45:17.287445,4476,44140000,-0.016,0.015,-1.012,-3.542,0.466,-1.122,34.6,32.2638,-0.121,"32.2638,   -0.121, 27 May 2026, 05:45:11"
2026-05-27T05:45:27.234335,4477,44150000,-0.016,0.008,-1.011,-3.427,0.435,-1.107,34.6,32.274,-0.121,"32.2740,   -0.121, 27 May 2026, 05:45:21"
2026-05-27T05:45:37.234955,4478,44160000,-0.019,0.011,-1.019,-3.481,0.298,-1.26,34.65,32.2733,-0.118,"32.2733,   -0.118, 27 May 2026, 05:45:31"
2026-05-27T05:45:47.299394,4479,44170000,-0.015,0.012,-1.005,-3.443,0.397,-1.13,34.69,32.2684,-0.118,"32.2684,   -0.118, 27 May 2026, 05:45:41"
2026-05-27T05:45:57.246421,4480,44180000,-0.019,0.011,-1.001,-3.489,0.26,-1.084,34.65,32.2733,-0.12,"32.2733,   -0.120, 27 May 2026, 05:45:51"
2026-05-27T05:46:07.157538,4481,44190000,-0.021,0.012,-1.004,-3.511,0.206,-1.137,34.69,32.2735,-0.125,"32.2735,   -0.125, 27 May 2026, 05:46:01"
2026-05-27T05:46:17.297144,4482,44200000,-0.021,0.015,-1.012,-3.573,0.13,-1.076,34.6,32.2661,-0.12,"32.2661,   -0.120, 27 May 2026, 05:46:11"
2026-05-27T05:46:27.303464,4483,44210000,-0.019,0.01,-1.012,-3.641,0.366,-1.221,34.65,32.2711,-0.124,"32.2711,   -0.124, 27 May 2026, 05:46:21"
2026-05-27T05:46:37.290425,4484,44220000,-0.013,0.012,-1.01,-3.443,0.374,-1.031,34.65,32.2746,-0.123,"32.2746,   -0.123, 27 May 2026, 05:46:31"
2026-05-27T05:46:47.285845,4485,44230000,-0.011,0.01,-1.006,-3.641,0.458,-1.183,34.69,32.2775,-0.122,"32.2775,   -0.122, 27 May 2026, 05:46:41"
2026-05-27T05:46:57.283526,4486,44240000,-0.017,0.015,-1.014,-3.641,0.382,-1.344,34.65,32.273,-0.12,"32.2730,   -0.120, 27 May 2026, 05:46:51"
2026-05-27T05:47:07.176134,4487,44250000,-0.015,0.009,-1.017,-3.725,0.481,-1.069,34.51,32.2792,-0.12,"32.2792,   -0.120, 27 May 2026, 05:47:01"
2026-05-27T05:47:17.231839,4488,44260000,-0.013,0.012,-1.014,-3.427,0.45,-1.069,34.65,32.2862,-0.121,"32.2862,   -0.121, 27 May 2026, 05:47:11"
2026-05-27T05:47:27.286034,4489,44270000,-0.011,0.015,-1.007,-3.466,0.389,-1.107,34.55,32.2903,-0.119,"32.2903,   -0.119, 27 May 2026, 05:47:21"
2026-05-27T05:47:37.286432,4490,44280000,-0.023,0.013,-1.01,-3.489,0.328,-1.084,34.74,32.2969,-0.123,"32.2969,   -0.123, 27 May 2026, 05:47:31"
2026-05-27T05:47:47.305814,4491,44290000,-0.01,0.016,-1.016,-3.496,0.366,-1.229,34.6,32.2949,-0.124,"32.2949,   -0.124, 27 May 2026, 05:47:41"
2026-05-27T05:47:57.287027,4492,44300000,-0.013,0.012,-1.017,-3.489,0.298,-0.992,34.65,32.2931,-0.119,"32.2931,   -0.119, 27 May 2026, 05:47:51"
2026-05-27T05:48:07.157273,4493,44310000,-0.012,0.019,-1.011,-3.702,0.275,-0.977,34.65,32.2927,-0.12,"32.2927,   -0.120, 27 May 2026, 05:48:01"
2026-05-27T05:48:17.245202,4494,44320000,-0.011,0.014,-1.008,-3.702,0.176,-0.962,34.6,32.2972,-0.121,"32.2972,   -0.121, 27 May 2026, 05:48:11"
2026-05-27T05:48:27.224292,4495,44330000,-0.014,0.014,-1.005,-3.458,0.122,-0.947,34.65,32.2985,-0.12,"32.2985,   -0.120, 27 May 2026, 05:48:21"
2026-05-27T05:48:37.285973,4496,44340000,-0.016,0.005,-1.01,-3.649,0.344,-1.13,34.69,32.3014,-0.125,"32.3014,   -0.125, 27 May 2026, 05:48:31"
2026-05-27T05:48:47.226967,4497,44350000,-0.013,0.012,-1.013,-3.565,0.374,-1.076,34.65,32.2971,-0.122,"32.2971,   -0.122, 27 May 2026, 05:48:41"
2026-05-27T05:48:57.226959,4498,44360000,-0.019,0.014,-1.006,-3.443,0.336,-1.137,34.69,32.2852,-0.123,"32.2852,   -0.123, 27 May 2026, 05:48:51"
2026-05-27T05:49:07.173847,4499,44370000,-0.009,0.015,-1.006,-3.489,0.328,-1.168,34.6,32.2803,-0.122,"32.2803,   -0.122, 27 May 2026, 05:49:01"
2026-05-27T05:49:17.239337,4500,44380000,-0.013,0.011,-1.006,-3.427,0.382,-1.275,34.65,32.2806,-0.12,"32.2806,   -0.120, 27 May 2026, 05:49:11"
2026-05-27T05:49:27.230786,4501,44390000,-0.015,0.01,-1.004,-3.565,0.382,-1.107,34.51,32.2787,-0.122,"32.2787,   -0.122, 27 May 2026, 05:49:21"
2026-05-27T05:49:37.233836,4502,44400000,-0.013,0.016,-1.015,-3.466,0.328,-0.878,34.6,32.2866,-0.119,"32.2866,   -0.119, 27 May 2026, 05:49:31"
2026-05-27T05:49:47.230067,4503,44410000,-0.008,0.012,-1.003,-3.527,0.397,-1.115,34.65,32.2877,-0.119,"32.2877,   -0.119, 27 May 2026, 05:49:41"
2026-05-27T05:49:57.227006,4504,44420000,-0.016,0.02,-1.004,-3.42,0.298,-1.176,34.6,32.2838,-0.121,"32.2838,   -0.121, 27 May 2026, 05:49:51"
2026-05-27T05:50:07.156895,4505,44430000,-0.014,0.017,-1.01,-3.496,0.359,-1.137,34.65,32.2779,-0.118,"32.2779,   -0.118, 27 May 2026, 05:50:01"
2026-05-27T05:50:17.234736,4506,44440000,-0.012,0.015,-1.007,-3.527,0.298,-0.985,34.65,32.2762,-0.121,"32.2762,   -0.121, 27 May 2026, 05:50:11"
2026-05-27T05:50:27.244128,4507,44450000,-0.014,0.013,-1.007,-3.519,0.198,-1.015,34.65,32.2749,-0.117,"32.2749,   -0.117, 27 May 2026, 05:50:21"
2026-05-27T05:50:37.284185,4508,44460000,-0.012,0.016,-1.007,-3.45,0.473,-1.053,34.69,32.2711,-0.12,"32.2711,   -0.120, 27 May 2026, 05:50:31"
2026-05-27T05:50:47.284418,4509,44470000,-0.017,0.01,-1.011,-3.496,0.405,-1.206,34.55,32.2748,-0.121,"32.2748,   -0.121, 27 May 2026, 05:50:41"
2026-05-27T05:50:57.245476,4510,44480000,-0.016,0.012,-1.009,-3.55,0.221,-1.153,34.69,32.2765,-0.121,"32.2765,   -0.121, 27 May 2026, 05:50:51"
2026-05-27T05:51:07.167164,4511,44490000,-0.015,0.012,-1.011,-3.58,0.435,-1.267,34.65,32.2857,-0.122,"32.2857,   -0.122, 27 May 2026, 05:51:01"
2026-05-27T05:51:17.235127,4512,44500000,-0.015,0.015,-1.013,-3.695,0.382,-1.092,34.55,32.2747,-0.12,"32.2747,   -0.120, 27 May 2026, 05:51:11"
2026-05-27T05:51:27.227211,4513,44510000,-0.015,0.02,-1.015,-3.542,0.29,-1.046,34.65,32.2773,-0.12,"32.2773,   -0.120, 27 May 2026, 05:51:21"
2026-05-27T05:51:37.234405,4514,44520000,-0.012,0.011,-1.008,-3.405,0.305,-1.168,34.74,32.274,-0.12,"32.2740,   -0.120, 27 May 2026, 05:51:31"
2026-05-27T05:51:47.225919,4515,44530000,-0.016,0.011,-1.01,-3.42,0.45,-1.0,34.69,32.2838,-0.119,"32.2838,   -0.119, 27 May 2026, 05:51:41"
2026-05-27T05:51:57.245377,4516,44540000,-0.016,0.011,-1.01,-3.58,0.405,-1.13,34.6,32.2771,-0.12,"32.2771,   -0.120, 27 May 2026, 05:51:51"
2026-05-27T05:52:07.174124,4517,44550000,-0.019,0.011,-1.012,-3.443,0.244,-1.069,34.55,32.2886,-0.117,"32.2886,   -0.117, 27 May 2026, 05:52:01"
2026-05-27T05:52:17.285546,4518,44560000,-0.009,0.013,-1.006,-3.481,0.351,-1.076,34.6,32.2875,-0.118,"32.2875,   -0.118, 27 May 2026, 05:52:11"
2026-05-27T05:52:27.301039,4519,44570000,-0.013,0.018,-1.004,-3.58,0.374,-0.916,34.65,32.2851,-0.121,"32.2851,   -0.121, 27 May 2026, 05:52:21"
2026-05-27T05:52:37.304317,4520,44580000,-0.014,0.012,-1.008,-3.527,0.389,-1.092,34.69,32.2981,-0.12,"32.2981,   -0.120, 27 May 2026, 05:52:31"
2026-05-27T05:52:47.283922,4521,44590000,-0.015,0.014,-1.016,-3.496,0.397,-1.137,34.65,32.3019,-0.125,"32.3019,   -0.125, 27 May 2026, 05:52:41"
2026-05-27T05:52:57.246299,4522,44600000,-0.019,0.016,-1.007,-3.573,0.405,-1.084,34.6,32.3,-0.12,"32.3000,   -0.120, 27 May 2026, 05:52:51"
2026-05-27T05:53:07.161441,4523,44610000,-0.015,0.01,-1.015,-3.443,0.405,-1.107,34.69,32.2873,-0.117,"32.2873,   -0.117, 27 May 2026, 05:53:01"
2026-05-27T05:53:17.282750,4524,44620000,-0.02,0.016,-1.009,-3.397,0.45,-1.015,34.6,32.2842,-0.119,"32.2842,   -0.119, 27 May 2026, 05:53:11"
2026-05-27T05:53:27.227074,4525,44630000,-0.015,0.015,-1.016,-3.405,0.359,-1.168,34.6,32.2877,-0.124,"32.2877,   -0.124, 27 May 2026, 05:53:21"
2026-05-27T05:53:37.243631,4526,44640000,-0.018,0.017,-1.01,-3.397,0.321,-1.008,34.6,32.2844,-0.119,"32.2844,   -0.119, 27 May 2026, 05:53:31"
2026-05-27T05:53:47.231296,4527,44650000,-0.012,0.012,-1.011,-3.763,0.29,-1.176,34.51,32.2917,-0.12,"32.2917,   -0.120, 27 May 2026, 05:53:41"
2026-05-27T05:53:57.242970,4528,44660000,-0.013,0.01,-1.006,-3.527,0.489,-1.099,34.74,32.2976,-0.117,"32.2976,   -0.117, 27 May 2026, 05:53:51"
2026-05-27T05:54:07.157425,4529,44670000,-0.007,0.011,-1.011,-3.489,0.336,-1.145,34.65,32.2867,-0.118,"32.2867,   -0.118, 27 May 2026, 05:54:01"
2026-05-27T05:54:17.227119,4530,44680000,-0.018,0.016,-1.012,-3.412,0.443,-0.985,34.65,32.2917,-0.12,"32.2917,   -0.120, 27 May 2026, 05:54:11"
2026-05-27T05:54:27.227042,4531,44690000,-0.012,0.01,-1.007,-3.45,0.313,-1.023,34.65,32.2915,-0.12,"32.2915,   -0.120, 27 May 2026, 05:54:21"
2026-05-27T05:54:37.286493,4532,44700000,-0.012,0.009,-1.012,-3.649,0.458,-0.985,34.69,32.2891,-0.118,"32.2891,   -0.118, 27 May 2026, 05:54:31"
2026-05-27T05:54:47.298960,4533,44710000,-0.017,0.012,-1.015,-3.618,0.282,-1.13,34.6,32.2865,-0.116,"32.2865,   -0.116, 27 May 2026, 05:54:41"
2026-05-27T05:54:57.241089,4534,44720000,-0.007,0.012,-1.006,-3.45,0.458,-1.153,34.55,32.295,-0.121,"32.2950,   -0.121, 27 May 2026, 05:54:51"
2026-05-27T05:55:07.227630,4535,44730000,-0.015,0.013,-1.006,-3.504,0.313,-1.168,34.55,32.2986,-0.121,"32.2986,   -0.121, 27 May 2026, 05:55:01"
2026-05-27T05:55:17.244102,4536,44740000,-0.011,0.009,-1.01,-3.458,0.412,-1.031,34.65,32.3001,-0.121,"32.3001,   -0.121, 27 May 2026, 05:55:11"
2026-05-27T05:55:27.242593,4537,44750000,-0.016,0.015,-1.005,-3.443,0.443,-0.985,34.65,32.2957,-0.123,"32.2957,   -0.123, 27 May 2026, 05:55:21"
2026-05-27T05:55:37.283930,4538,44760000,-0.014,0.018,-1.01,-3.435,0.359,-1.145,34.74,32.2997,-0.122,"32.2997,   -0.122, 27 May 2026, 05:55:31"
2026-05-27T05:55:47.307340,4539,44770000,-0.017,0.017,-1.003,-3.496,0.214,-1.198,34.69,32.2994,-0.12,"32.2994,   -0.120, 27 May 2026, 05:55:41"
2026-05-27T05:55:57.295698,4540,44780000,-0.01,0.008,-1.006,-3.542,0.366,-1.145,34.65,32.2992,-0.12,"32.2992,   -0.120, 27 May 2026, 05:55:51"
2026-05-27T05:56:07.225761,4541,44790000,-0.019,0.013,-1.011,-3.565,0.206,-1.313,34.74,32.2955,-0.123,"32.2955,   -0.123, 27 May 2026, 05:56:01"
2026-05-27T05:56:17.226861,4542,44800000,-0.016,0.012,-1.005,-3.511,0.366,-0.847,34.6,32.2935,-0.119,"32.2935,   -0.119, 27 May 2026, 05:56:11"
2026-05-27T05:56:27.228605,4543,44810000,-0.019,0.016,-1.01,-3.534,0.366,-1.176,34.6,32.3007,-0.123,"32.3007,   -0.123, 27 May 2026, 05:56:21"
2026-05-27T05:56:37.227176,4544,44820000,-0.011,0.013,-1.014,-3.481,0.351,-0.977,34.6,32.3049,-0.119,"32.3049,   -0.119, 27 May 2026, 05:56:31"
2026-05-27T05:56:47.244682,4545,44830000,-0.017,0.012,-1.007,-3.427,0.252,-1.046,34.55,32.3082,-0.116,"32.3082,   -0.116, 27 May 2026, 05:56:41"
2026-05-27T05:56:57.287074,4546,44840000,-0.022,0.011,-1.018,-3.466,0.282,-1.305,34.6,32.3099,-0.121,"32.3099,   -0.121, 27 May 2026, 05:56:51"
2026-05-27T05:57:07.228714,4547,44850000,-0.015,0.011,-1.006,-3.366,0.313,-1.053,34.6,32.304,-0.122,"32.3040,   -0.122, 27 May 2026, 05:57:01"
2026-05-27T05:57:17.283367,4548,44860000,-0.022,0.014,-1.003,-3.405,0.366,-1.183,34.65,32.3045,-0.119,"32.3045,   -0.119, 27 May 2026, 05:57:11"
2026-05-27T05:57:27.304307,4549,44870000,-0.013,0.011,-1.012,-3.374,0.313,-1.008,34.6,32.2969,-0.118,"32.2969,   -0.118, 27 May 2026, 05:57:21"
2026-05-27T05:57:37.286941,4550,44880000,-0.004,0.013,-1.01,-3.611,0.305,-1.023,34.6,32.2918,-0.121,"32.2918,   -0.121, 27 May 2026, 05:57:31"
2026-05-27T05:57:47.280994,4551,44890000,-0.013,0.007,-1.01,-3.565,0.336,-1.13,34.65,32.2902,-0.124,"32.2902,   -0.124, 27 May 2026, 05:57:41"
2026-05-27T05:57:57.232133,4552,44900000,-0.016,0.015,-1.012,-3.557,0.374,-1.023,34.69,32.2928,-0.125,"32.2928,   -0.125, 27 May 2026, 05:57:51"
2026-05-27T05:58:07.223936,4553,44910000,-0.015,0.014,-1.012,-3.58,0.305,-1.153,34.74,32.2969,-0.121,"32.2969,   -0.121, 27 May 2026, 05:58:01"
2026-05-27T05:58:17.280029,4554,44920000,-0.017,0.021,-1.009,-3.504,0.26,-1.061,34.69,32.2899,-0.122,"32.2899,   -0.122, 27 May 2026, 05:58:11"
2026-05-27T05:58:27.230012,4555,44930000,-0.012,0.01,-1.008,-3.458,0.519,-1.229,34.65,32.2868,-0.119,"32.2868,   -0.119, 27 May 2026, 05:58:21"
2026-05-27T05:58:37.292328,4556,44940000,-0.013,0.014,-1.014,-3.542,0.366,-0.992,34.69,32.2937,-0.121,"32.2937,   -0.121, 27 May 2026, 05:58:31"
2026-05-27T05:58:47.285277,4557,44950000,-0.017,0.01,-1.007,-3.489,0.328,-0.962,34.6,32.2968,-0.121,"32.2968,   -0.121, 27 May 2026, 05:58:41"
2026-05-27T05:58:57.228162,4558,44960000,-0.009,0.007,-1.009,-3.481,0.42,-1.13,34.65,32.2912,-0.117,"32.2912,   -0.117, 27 May 2026, 05:58:51"
2026-05-27T05:59:07.240918,4559,44970000,-0.015,0.015,-1.007,-3.565,0.412,-0.969,34.6,32.2898,-0.12,"32.2898,   -0.120, 27 May 2026, 05:59:01"
2026-05-27T05:59:17.286605,4560,44980000,-0.014,0.014,-1.01,-3.679,0.473,-0.954,34.65,32.279,-0.122,"32.2790,   -0.122, 27 May 2026, 05:59:11"
2026-05-27T05:59:27.233474,4561,44990000,-0.013,0.018,-1.014,-3.58,0.267,-1.076,34.65,32.2791,-0.12,"32.2791,   -0.120, 27 May 2026, 05:59:21"
2026-05-27T05:59:37.223876,4562,45000000,-0.011,0.012,-1.008,-3.557,0.496,-1.076,34.69,32.2887,-0.121,"32.2887,   -0.121, 27 May 2026, 05:59:31"
2026-05-27T05:59:47.284146,4563,45010000,-0.014,0.012,-1.006,-3.473,0.298,-1.13,34.6,32.2933,-0.12,"32.2933,   -0.120, 27 May 2026, 05:59:41"
2026-05-27T05:59:57.304200,4564,45020000,-0.017,0.01,-1.018,-3.595,0.405,-1.084,34.65,32.2907,-0.119,"32.2907,   -0.119, 27 May 2026, 05:59:51"
2026-05-27T06:00:07.174480,4565,45030000,-0.017,0.014,-1.006,-3.611,0.328,-1.099,34.65,32.2912,-0.125,"32.2912,   -0.125, 27 May 2026, 06:00:01"
2026-05-27T06:00:17.219832,4566,45040000,-0.012,0.015,-1.012,-3.763,0.221,-1.023,34.69,32.3017,-0.119,"32.3017,   -0.119, 27 May 2026, 06:00:11"
2026-05-27T06:00:27.284638,4567,45050000,-0.012,0.013,-1.015,-3.573,0.366,-1.076,34.65,32.3061,-0.12,"32.3061,   -0.120, 27 May 2026, 06:00:21"
2026-05-27T06:00:37.235719,4568,45060000,-0.018,0.01,-1.008,-3.527,0.267,-1.069,34.65,32.3091,-0.119,"32.3091,   -0.119, 27 May 2026, 06:00:31"
2026-05-27T06:00:47.282907,4569,45070000,-0.017,0.008,-1.003,-3.489,0.389,-1.061,34.6,32.3157,-0.121,"32.3157,   -0.121, 27 May 2026, 06:00:41"
2026-05-27T06:00:57.227788,4570,45080000,-0.014,0.012,-0.999,-3.42,0.298,-1.115,34.65,32.314,-0.119,"32.3140,   -0.119, 27 May 2026, 06:00:51"
2026-05-27T06:01:07.157099,4571,45090000,-0.016,0.018,-1.015,-3.611,0.366,-1.061,34.65,32.3147,-0.122,"32.3147,   -0.122, 27 May 2026, 06:01:01"
2026-05-27T06:01:17.281256,4572,45100000,-0.014,0.013,-1.009,-3.42,0.359,-1.023,34.6,32.3101,-0.12,"32.3101,   -0.120, 27 May 2026, 06:01:11"
2026-05-27T06:01:27.234062,4573,45110000,-0.014,0.011,-1.011,-3.45,0.328,-1.031,34.74,32.3035,-0.121,"32.3035,   -0.121, 27 May 2026, 06:01:21"
2026-05-27T06:01:37.243299,4574,45120000,-0.015,0.012,-1.013,-3.58,0.511,-1.176,34.55,32.3043,-0.121,"32.3043,   -0.121, 27 May 2026, 06:01:31"
2026-05-27T06:01:47.230164,4575,45130000,-0.013,0.014,-1.013,-3.519,0.366,-1.237,34.65,32.2996,-0.122,"32.2996,   -0.122, 27 May 2026, 06:01:41"
2026-05-27T06:01:57.227052,4576,45140000,-0.014,0.01,-1.01,-3.573,0.206,-1.092,34.65,32.3005,-0.124,"32.3005,   -0.124, 27 May 2026, 06:01:51"
2026-05-27T06:02:07.157046,4577,45150000,-0.015,0.012,-1.009,-3.466,0.435,-1.053,34.6,32.3026,-0.122,"32.3026,   -0.122, 27 May 2026, 06:02:01"
2026-05-27T06:02:17.282598,4578,45160000,-0.013,0.019,-1.015,-3.443,0.29,-1.16,34.74,32.3028,-0.12,"32.3028,   -0.120, 27 May 2026, 06:02:11"
2026-05-27T06:02:27.284799,4579,45170000,-0.01,0.015,-1.004,-3.374,0.359,-1.076,34.6,32.3125,-0.118,"32.3125,   -0.118, 27 May 2026, 06:02:21"
2026-05-27T06:02:37.227505,4580,45180000,-0.013,0.011,-1.008,-3.412,0.267,-0.992,34.65,32.3141,-0.116,"32.3141,   -0.116, 27 May 2026, 06:02:31"
2026-05-27T06:02:47.223554,4581,45190000,-0.007,0.014,-1.015,-3.481,0.351,-1.107,34.69,32.3123,-0.118,"32.3123,   -0.118, 27 May 2026, 06:02:41"
2026-05-27T06:02:57.224776,4582,45200000,-0.012,0.013,-1.008,-3.542,0.374,-1.26,34.69,32.3118,-0.12,"32.3118,   -0.120, 27 May 2026, 06:02:51"
2026-05-27T06:03:07.157069,4583,45210000,-0.016,0.016,-1.0,-3.595,0.313,-1.061,34.69,32.3145,-0.118,"32.3145,   -0.118, 27 May 2026, 06:03:01"
2026-05-27T06:03:17.283637,4584,45220000,-0.015,0.014,-1.012,-3.542,0.405,-1.008,34.69,32.3056,-0.123,"32.3056,   -0.123, 27 May 2026, 06:03:11"
2026-05-27T06:03:27.227127,4585,45230000,-0.013,0.011,-0.999,-3.557,0.626,-1.137,34.69,32.3062,-0.121,"32.3062,   -0.121, 27 May 2026, 06:03:21"
2026-05-27T06:03:37.285768,4586,45240000,-0.012,0.01,-1.007,-3.473,0.42,-1.099,34.69,32.3138,-0.12,"32.3138,   -0.120, 27 May 2026, 06:03:31"
2026-05-27T06:03:47.281692,4587,45250000,-0.011,0.019,-1.018,-3.473,0.397,-1.115,34.65,32.3083,-0.121,"32.3083,   -0.121, 27 May 2026, 06:03:41"
2026-05-27T06:03:57.226911,4588,45260000,-0.01,0.011,-1.004,-3.58,0.328,-1.099,34.74,32.3051,-0.119,"32.3051,   -0.119, 27 May 2026, 06:03:51"
2026-05-27T06:04:07.174875,4589,45270000,-0.017,0.011,-1.008,-3.557,0.389,-1.221,34.6,32.31,-0.122,"32.3100,   -0.122, 27 May 2026, 06:04:01"
2026-05-27T06:04:17.292669,4590,45280000,-0.018,0.014,-1.008,-3.466,0.389,-1.183,34.65,32.3202,-0.119,"32.3202,   -0.119, 27 May 2026, 06:04:11"
2026-05-27T06:04:27.245502,4591,45290000,-0.016,0.007,-1.019,-3.443,0.374,-1.107,34.69,32.317,-0.123,"32.3170,   -0.123, 27 May 2026, 06:04:21"
2026-05-27T06:04:37.315746,4592,45300000,-0.012,0.014,-1.011,-3.573,0.351,-1.168,34.74,32.3051,-0.118,"32.3051,   -0.118, 27 May 2026, 06:04:31"
2026-05-27T06:04:47.224937,4593,45310000,-0.015,0.013,-1.007,-3.573,0.359,-1.237,34.69,32.3074,-0.12,"32.3074,   -0.120, 27 May 2026, 06:04:41"
2026-05-27T06:04:57.230436,4594,45320000,-0.015,0.013,-1.007,-3.542,0.473,-1.076,34.69,32.3184,-0.123,"32.3184,   -0.123, 27 May 2026, 06:04:51"
2026-05-27T06:05:07.157444,4595,45330000,-0.011,0.01,-1.009,-3.412,0.389,-1.16,34.69,32.3097,-0.121,"32.3097,   -0.121, 27 May 2026, 06:05:01"
2026-05-27T06:05:17.286878,4596,45340000,-0.012,0.011,-1.023,-3.458,0.344,-1.183,34.74,32.3061,-0.117,"32.3061,   -0.117, 27 May 2026, 06:05:11"
2026-05-27T06:05:27.294594,4597,45350000,-0.016,0.015,-1.01,-3.611,0.321,-1.031,34.69,32.3106,-0.118,"32.3106,   -0.118, 27 May 2026, 06:05:21"
2026-05-27T06:05:37.237895,4598,45360000,-0.017,0.011,-1.013,-3.42,0.321,-1.061,34.74,32.3101,-0.123,"32.3101,   -0.123, 27 May 2026, 06:05:31"
2026-05-27T06:05:47.227132,4599,45370000,-0.014,0.014,-1.012,-3.519,0.435,-0.969,34.69,32.3014,-0.118,"32.3014,   -0.118, 27 May 2026, 06:05:41"
2026-05-27T06:05:57.228813,4600,45380000,-0.018,0.01,-1.011,-3.542,0.282,-1.206,34.65,32.3008,-0.117,"32.3008,   -0.117, 27 May 2026, 06:05:51"
2026-05-27T06:06:07.165263,4601,45390000,-0.015,0.014,-1.012,-3.565,0.359,-1.099,34.69,32.2972,-0.121,"32.2972,   -0.121, 27 May 2026, 06:06:01"
2026-05-27T06:06:17.229845,4602,45400000,-0.011,0.021,-1.014,-3.298,0.511,-1.137,34.65,32.2964,-0.12,"32.2964,   -0.120, 27 May 2026, 06:06:11"
2026-05-27T06:06:27.305505,4603,45410000,-0.013,0.014,-1.01,-3.519,0.267,-1.084,34.69,32.2935,-0.123,"32.2935,   -0.123, 27 May 2026, 06:06:21"
2026-05-27T06:06:37.224788,4604,45420000,-0.016,0.014,-1.018,-3.328,0.382,-1.092,34.69,32.296,-0.122,"32.2960,   -0.122, 27 May 2026, 06:06:31"
2026-05-27T06:06:47.245650,4605,45430000,-0.015,0.014,-1.012,-3.58,0.344,-1.198,34.65,32.2938,-0.117,"32.2938,   -0.117, 27 May 2026, 06:06:41"
2026-05-27T06:06:57.233549,4606,45440000,-0.018,0.016,-1.011,-3.519,0.542,-1.183,34.65,32.293,-0.117,"32.2930,   -0.117, 27 May 2026, 06:06:51"
2026-05-27T06:07:07.174781,4607,45450000,-0.014,0.015,-1.012,-3.542,0.389,-1.275,34.6,32.2886,-0.118,"32.2886,   -0.118, 27 May 2026, 06:07:01"
2026-05-27T06:07:17.227590,4608,45460000,-0.021,0.01,-1.011,-3.382,0.458,-0.885,34.6,32.2871,-0.118,"32.2871,   -0.118, 27 May 2026, 06:07:11"
2026-05-27T06:07:27.244628,4609,45470000,-0.014,0.008,-1.016,-3.443,0.374,-1.076,34.65,32.2829,-0.121,"32.2829,   -0.121, 27 May 2026, 06:07:21"
2026-05-27T06:07:37.235068,4610,45480000,-0.013,0.016,-1.001,-3.55,0.397,-1.046,34.6,32.2898,-0.122,"32.2898,   -0.122, 27 May 2026, 06:07:31"
2026-05-27T06:07:47.285970,4611,45490000,-0.014,0.015,-1.009,-3.42,0.435,-1.092,34.6,32.2904,-0.119,"32.2904,   -0.119, 27 May 2026, 06:07:41"
2026-05-27T06:07:57.244927,4612,45500000,-0.019,0.012,-1.012,-3.412,0.336,-1.107,34.6,32.2965,-0.12,"32.2965,   -0.120, 27 May 2026, 06:07:51"
2026-05-27T06:08:07.166760,4613,45510000,-0.01,0.013,-1.001,-3.55,0.244,-1.137,34.74,32.2903,-0.119,"32.2903,   -0.119, 27 May 2026, 06:08:01"
2026-05-27T06:08:17.290292,4614,45520000,-0.019,0.016,-1.014,-3.595,0.58,-1.069,34.65,32.2899,-0.12,"32.2899,   -0.120, 27 May 2026, 06:08:11"
2026-05-27T06:08:27.290240,4615,45530000,-0.016,0.009,-1.005,-3.496,0.328,-1.214,34.65,32.296,-0.123,"32.2960,   -0.123, 27 May 2026, 06:08:21"
2026-05-27T06:08:37.242039,4616,45540000,-0.016,0.013,-1.004,-3.466,0.649,-1.099,34.65,32.2998,-0.12,"32.2998,   -0.120, 27 May 2026, 06:08:31"
2026-05-27T06:08:47.244492,4617,45550000,-0.017,0.016,-1.009,-3.519,0.267,-1.145,34.69,32.296,-0.118,"32.2960,   -0.118, 27 May 2026, 06:08:41"
2026-05-27T06:08:57.283586,4618,45560000,-0.009,0.015,-1.015,-3.595,0.168,-1.153,34.65,32.2985,-0.119,"32.2985,   -0.119, 27 May 2026, 06:08:51"
2026-05-27T06:09:07.160449,4619,45570000,-0.012,0.012,-1.011,-3.611,0.366,-1.206,34.69,32.2951,-0.116,"32.2951,   -0.116, 27 May 2026, 06:09:01"
2026-05-27T06:09:17.226948,4620,45580000,-0.014,0.011,-1.014,-3.656,0.359,-1.122,34.69,32.3009,-0.122,"32.3009,   -0.122, 27 May 2026, 06:09:11"
2026-05-27T06:09:27.301473,4621,45590000,-0.011,0.016,-1.003,-3.45,0.099,-1.092,34.69,32.2965,-0.12,"32.2965,   -0.120, 27 May 2026, 06:09:21"
2026-05-27T06:09:37.301071,4622,45600000,-0.012,0.016,-1.008,-3.588,0.321,-1.176,34.6,32.303,-0.118,"32.3030,   -0.118, 27 May 2026, 06:09:31"
2026-05-27T06:09:47.226682,4623,45610000,-0.01,0.015,-1.012,-3.458,0.229,-1.16,34.6,32.3189,-0.118,"32.3189,   -0.118, 27 May 2026, 06:09:41"
2026-05-27T06:09:57.245510,4624,45620000,-0.021,0.012,-1.001,-3.565,0.275,-1.084,34.6,32.3134,-0.12,"32.3134,   -0.120, 27 May 2026, 06:09:51"
2026-05-27T06:10:07.225748,4625,45630000,-0.02,0.014,-1.009,-3.542,0.496,-1.221,34.69,32.3087,-0.119,"32.3087,   -0.119, 27 May 2026, 06:10:01"
2026-05-27T06:10:17.245024,4626,45640000,-0.017,0.007,-1.01,-3.611,0.374,-1.107,34.55,32.3098,-0.119,"32.3098,   -0.119, 27 May 2026, 06:10:11"
2026-05-27T06:10:27.300534,4627,45650000,-0.016,0.014,-1.002,-3.481,0.397,-0.947,34.69,32.3168,-0.121,"32.3168,   -0.121, 27 May 2026, 06:10:21"
2026-05-27T06:10:37.282880,4628,45660000,-0.016,0.01,-1.011,-3.435,0.336,-1.16,34.69,32.3154,-0.119,"32.3154,   -0.119, 27 May 2026, 06:10:31"
2026-05-27T06:10:47.232247,4629,45670000,-0.016,0.009,-1.003,-3.481,0.366,-1.176,34.69,32.3213,-0.121,"32.3213,   -0.121, 27 May 2026, 06:10:41"
2026-05-27T06:10:57.305250,4630,45680000,-0.009,0.013,-1.005,-3.733,0.244,-1.145,34.74,32.3156,-0.118,"32.3156,   -0.118, 27 May 2026, 06:10:51"
2026-05-27T06:11:07.238377,4631,45690000,-0.018,0.008,-1.016,-3.573,0.305,-1.015,34.65,32.3127,-0.116,"32.3127,   -0.116, 27 May 2026, 06:11:01"
2026-05-27T06:11:17.281269,4632,45700000,-0.008,0.011,-1.009,-3.496,0.359,-1.038,34.6,32.3112,-0.124,"32.3112,   -0.124, 27 May 2026, 06:11:11"
2026-05-27T06:11:27.286445,4633,45710000,-0.015,0.009,-1.0,-3.511,0.237,-1.191,34.55,32.3083,-0.118,"32.3083,   -0.118, 27 May 2026, 06:11:21"
2026-05-27T06:11:37.243085,4634,45720000,-0.013,0.012,-1.011,-3.473,0.328,-1.214,34.69,32.3101,-0.12,"32.3101,   -0.120, 27 May 2026, 06:11:31"
2026-05-27T06:11:47.227407,4635,45730000,-0.012,0.02,-1.018,-3.71,0.267,-1.176,34.69,32.301,-0.119,"32.3010,   -0.119, 27 May 2026, 06:11:41"
2026-05-27T06:11:57.285223,4636,45740000,-0.018,0.013,-1.009,-3.466,0.405,-1.252,34.74,32.3034,-0.12,"32.3034,   -0.120, 27 May 2026, 06:11:51"
2026-05-27T06:12:07.295652,4637,45750000,-0.009,0.015,-1.016,-3.473,0.313,-1.145,34.69,32.3065,-0.119,"32.3065,   -0.119, 27 May 2026, 06:12:01"
2026-05-27T06:12:17.229582,4638,45760000,-0.01,0.017,-1.005,-3.557,0.298,-1.183,34.65,32.3132,-0.118,"32.3132,   -0.118, 27 May 2026, 06:12:11"
2026-05-27T06:12:27.283252,4639,45770000,-0.014,0.017,-1.007,-3.389,0.321,-1.107,34.74,32.3105,-0.12,"32.3105,   -0.120, 27 May 2026, 06:12:21"
2026-05-27T06:12:37.226871,4640,45780000,-0.014,0.017,-1.014,-3.595,0.405,-1.031,34.74,32.3079,-0.121,"32.3079,   -0.121, 27 May 2026, 06:12:31"
2026-05-27T06:12:47.245865,4641,45790000,-0.015,0.015,-1.013,-3.443,0.366,-1.092,34.65,32.3051,-0.121,"32.3051,   -0.121, 27 May 2026, 06:12:41"
2026-05-27T06:12:57.306329,4642,45800000,-0.013,0.008,-1.011,-3.511,0.397,-0.962,34.69,32.3079,-0.118,"32.3079,   -0.118, 27 May 2026, 06:12:51"
2026-05-27T06:13:07.302304,4643,45810000,-0.013,0.009,-1.01,-3.496,0.382,-1.168,34.69,32.3028,-0.119,"32.3028,   -0.119, 27 May 2026, 06:13:01"
2026-05-27T06:13:17.287028,4644,45820000,-0.018,0.011,-1.01,-3.443,0.366,-0.969,34.79,32.3068,-0.123,"32.3068,   -0.123, 27 May 2026, 06:13:11"
2026-05-27T06:13:27.307129,4645,45830000,-0.014,0.015,-1.015,-3.489,0.137,-1.092,34.69,32.3095,-0.122,"32.3095,   -0.122, 27 May 2026, 06:13:21"
2026-05-27T06:13:37.303528,4646,45840000,-0.011,0.016,-1.011,-3.687,0.298,-1.107,34.65,32.3059,-0.12,"32.3059,   -0.120, 27 May 2026, 06:13:31"
2026-05-27T06:13:47.225098,4647,45850000,-0.012,0.007,-1.009,-3.595,0.435,-1.206,34.74,32.3085,-0.117,"32.3085,   -0.117, 27 May 2026, 06:13:41"
2026-05-27T06:13:57.242839,4648,45860000,-0.013,0.014,-1.019,-3.542,0.466,-1.237,34.65,32.3073,-0.118,"32.3073,   -0.118, 27 May 2026, 06:13:51"
2026-05-27T06:14:07.227439,4649,45870000,-0.017,0.013,-1.003,-3.511,0.412,-1.099,34.74,32.3076,-0.124,"32.3076,   -0.124, 27 May 2026, 06:14:01"
2026-05-27T06:14:17.297884,4650,45880000,-0.015,0.012,-1.01,-3.443,0.29,-1.046,34.74,32.3086,-0.121,"32.3086,   -0.121, 27 May 2026, 06:14:11"
2026-05-27T06:14:27.300252,4651,45890000,-0.017,0.009,-0.996,-3.527,0.405,-1.092,34.65,32.3201,-0.122,"32.3201,   -0.122, 27 May 2026, 06:14:21"
2026-05-27T06:14:37.243971,4652,45900000,-0.015,0.014,-1.007,-3.672,0.443,-1.16,34.74,32.3213,-0.119,"32.3213,   -0.119, 27 May 2026, 06:14:31"
2026-05-27T06:14:47.301316,4653,45910000,-0.017,0.014,-1.015,-3.542,0.336,-1.145,34.65,32.3178,-0.119,"32.3178,   -0.119, 27 May 2026, 06:14:41"
2026-05-27T06:14:57.228130,4654,45920000,-0.017,0.013,-1.009,-3.481,0.382,-1.229,34.65,32.3198,-0.12,"32.3198,   -0.120, 27 May 2026, 06:14:51"
2026-05-27T06:15:07.302888,4655,45930000,-0.013,0.015,-1.01,-3.641,0.275,-1.107,34.65,32.3225,-0.123,"32.3225,   -0.123, 27 May 2026, 06:15:01"
2026-05-27T06:15:17.237641,4656,45940000,-0.017,0.017,-1.016,-3.45,0.221,-1.107,34.65,32.3214,-0.121,"32.3214,   -0.121, 27 May 2026, 06:15:11"
2026-05-27T06:15:27.284556,4657,45950000,-0.012,0.017,-1.016,-3.473,0.405,-0.969,34.65,32.3224,-0.115,"32.3224,   -0.115, 27 May 2026, 06:15:21"
2026-05-27T06:15:37.301562,4658,45960000,-0.017,0.013,-1.004,-3.618,0.466,-1.13,34.65,32.3271,-0.119,"32.3271,   -0.119, 27 May 2026, 06:15:31"
2026-05-27T06:15:47.290038,4659,45970000,-0.02,0.011,-1.013,-3.55,0.443,-1.183,34.69,32.3207,-0.118,"32.3207,   -0.118, 27 May 2026, 06:15:41"
2026-05-27T06:15:57.304366,4660,45980000,-0.016,0.009,-1.016,-3.473,0.328,-1.107,34.6,32.3161,-0.116,"32.3161,   -0.116, 27 May 2026, 06:15:51"
2026-05-27T06:16:07.227082,4661,45990000,-0.016,0.016,-1.013,-3.45,0.374,-1.168,34.74,32.3191,-0.12,"32.3191,   -0.120, 27 May 2026, 06:16:01"
2026-05-27T06:16:17.287097,4662,46000000,-0.013,0.022,-1.014,-3.504,0.313,-1.198,34.65,32.3204,-0.119,"32.3204,   -0.119, 27 May 2026, 06:16:11"
2026-05-27T06:16:27.227439,4663,46010000,-0.013,0.012,-1.016,-3.527,0.321,-1.16,34.65,32.3242,-0.121,"32.3242,   -0.121, 27 May 2026, 06:16:21"
2026-05-27T06:16:37.243248,4664,46020000,-0.015,0.013,-1.025,-3.435,0.374,-1.084,34.69,32.3267,-0.121,"32.3267,   -0.121, 27 May 2026, 06:16:31"
2026-05-27T06:16:47.237676,4665,46030000,-0.016,0.015,-1.007,-3.42,0.344,-1.099,34.69,32.3229,-0.121,"32.3229,   -0.121, 27 May 2026, 06:16:41"
2026-05-27T06:16:57.304090,4666,46040000,-0.021,0.02,-1.008,-3.542,0.183,-1.168,34.69,32.3241,-0.117,"32.3241,   -0.117, 27 May 2026, 06:16:51"
2026-05-27T06:17:07.227536,4667,46050000,-0.017,0.013,-1.008,-3.527,0.45,-1.168,34.65,32.3186,-0.116,"32.3186,   -0.116, 27 May 2026, 06:17:01"
2026-05-27T06:17:17.244492,4668,46060000,-0.015,0.011,-1.012,-3.748,0.382,-1.115,34.65,32.3133,-0.117,"32.3133,   -0.117, 27 May 2026, 06:17:11"
2026-05-27T06:17:27.225205,4669,46070000,-0.018,0.017,-1.006,-3.496,0.519,-0.977,34.74,32.3109,-0.117,"32.3109,   -0.117, 27 May 2026, 06:17:21"
2026-05-27T06:17:37.234882,4670,46080000,-0.012,0.012,-1.006,-3.443,0.42,-1.046,34.74,32.3174,-0.117,"32.3174,   -0.117, 27 May 2026, 06:17:31"
2026-05-27T06:17:47.292307,4671,46090000,-0.019,0.016,-1.003,-3.466,0.405,-0.992,34.69,32.316,-0.119,"32.3160,   -0.119, 27 May 2026, 06:17:41"
2026-05-27T06:17:57.286635,4672,46100000,-0.01,0.012,-1.014,-3.435,0.45,-1.031,34.6,32.3127,-0.116,"32.3127,   -0.116, 27 May 2026, 06:17:51"
2026-05-27T06:18:07.243620,4673,46110000,-0.02,0.012,-1.007,-3.481,0.412,-0.992,34.69,32.3145,-0.12,"32.3145,   -0.120, 27 May 2026, 06:18:01"
2026-05-27T06:18:17.232920,4674,46120000,-0.018,0.015,-1.008,-3.42,0.328,-1.122,34.65,32.3209,-0.12,"32.3209,   -0.120, 27 May 2026, 06:18:11"
2026-05-27T06:18:27.284863,4675,46130000,-0.012,0.014,-1.001,-3.466,0.328,-1.092,34.74,32.3175,-0.121,"32.3175,   -0.121, 27 May 2026, 06:18:21"
2026-05-27T06:18:37.227212,4676,46140000,-0.013,0.007,-1.01,-3.473,0.298,-1.191,34.6,32.3178,-0.116,"32.3178,   -0.116, 27 May 2026, 06:18:31"
2026-05-27T06:18:47.229041,4677,46150000,-0.012,0.017,-1.015,-3.557,0.282,-1.023,34.69,32.3152,-0.122,"32.3152,   -0.122, 27 May 2026, 06:18:41"
2026-05-27T06:18:57.300820,4678,46160000,-0.012,0.017,-1.003,-3.511,0.221,-1.099,34.69,32.3306,-0.121,"32.3306,   -0.121, 27 May 2026, 06:18:51"
2026-05-27T06:19:07.222759,4679,46170000,-0.017,0.011,-1.013,-3.519,0.328,-1.107,34.69,32.3261,-0.117,"32.3261,   -0.117, 27 May 2026, 06:19:01"
2026-05-27T06:19:17.288134,4680,46180000,-0.013,0.016,-1.017,-3.458,0.443,-0.992,34.65,32.3357,-0.118,"32.3357,   -0.118, 27 May 2026, 06:19:11"
2026-05-27T06:19:27.232190,4681,46190000,-0.018,0.014,-1.015,-3.603,0.313,-1.023,34.65,32.3317,-0.119,"32.3317,   -0.119, 27 May 2026, 06:19:21"
2026-05-27T06:19:37.243020,4682,46200000,-0.019,0.013,-1.009,-3.55,0.168,-1.153,34.55,32.3247,-0.12,"32.3247,   -0.120, 27 May 2026, 06:19:31"
2026-05-27T06:19:47.293645,4683,46210000,-0.011,0.017,-1.002,-3.55,0.374,-0.985,34.6,32.3213,-0.116,"32.3213,   -0.116, 27 May 2026, 06:19:41"
2026-05-27T06:19:57.301790,4684,46220000,-0.013,0.01,-1.009,-3.359,0.344,-1.115,34.69,32.3319,-0.117,"32.3319,   -0.117, 27 May 2026, 06:19:51"
2026-05-27T06:20:07.227788,4685,46230000,-0.014,0.012,-1.001,-3.603,0.412,-1.015,34.6,32.3299,-0.118,"32.3299,   -0.118, 27 May 2026, 06:20:01"
2026-05-27T06:20:17.290284,4686,46240000,-0.014,0.013,-1.017,-3.565,0.45,-1.046,34.74,32.3287,-0.118,"32.3287,   -0.118, 27 May 2026, 06:20:11"
2026-05-27T06:20:27.246529,4687,46250000,-0.015,0.007,-1.007,-3.458,0.504,-0.977,34.69,32.331,-0.117,"32.3310,   -0.117, 27 May 2026, 06:20:21"
2026-05-27T06:20:37.287053,4688,46260000,-0.013,0.016,-1.014,-3.557,0.305,-1.053,34.69,32.3295,-0.118,"32.3295,   -0.118, 27 May 2026, 06:20:31"
2026-05-27T06:20:47.226943,4689,46270000,-0.013,0.014,-1.019,-3.473,0.481,-1.122,34.74,32.3259,-0.12,"32.3259,   -0.120, 27 May 2026, 06:20:41"
2026-05-27T06:20:57.221987,4690,46280000,-0.017,0.013,-1.005,-3.435,0.45,-1.069,34.6,32.3213,-0.12,"32.3213,   -0.120, 27 May 2026, 06:20:51"
2026-05-27T06:21:07.241647,4691,46290000,-0.016,0.015,-1.017,-3.443,0.275,-0.992,34.65,32.3233,-0.117,"32.3233,   -0.117, 27 May 2026, 06:21:01"
2026-05-27T06:21:17.292203,4692,46300000,-0.015,0.01,-1.008,-3.573,0.321,-1.13,34.79,32.3247,-0.116,"32.3247,   -0.116, 27 May 2026, 06:21:11"
2026-05-27T06:21:27.302874,4693,46310000,-0.016,0.012,-1.015,-3.519,0.397,-1.092,34.69,32.3234,-0.118,"32.3234,   -0.118, 27 May 2026, 06:21:21"
2026-05-27T06:21:37.303883,4694,46320000,-0.018,0.01,-1.002,-3.504,0.359,-1.107,34.74,32.3277,-0.118,"32.3277,   -0.118, 27 May 2026, 06:21:31"
2026-05-27T06:21:47.245726,4695,46330000,-0.018,0.01,-1.011,-3.573,0.344,-1.137,34.65,32.329,-0.121,"32.3290,   -0.121, 27 May 2026, 06:21:41"
2026-05-27T06:21:57.305277,4696,46340000,-0.006,0.013,-1.01,-3.496,0.389,-1.107,34.6,32.3246,-0.117,"32.3246,   -0.117, 27 May 2026, 06:21:51"
2026-05-27T06:22:07.282343,4697,46350000,-0.019,0.011,-1.012,-3.565,0.458,-1.29,34.6,32.3394,-0.117,"32.3394,   -0.117, 27 May 2026, 06:22:01"
2026-05-27T06:22:17.306410,4698,46360000,-0.013,0.012,-1.0,-3.435,0.504,-1.145,34.79,32.343,-0.12,"32.3430,   -0.120, 27 May 2026, 06:22:11"
2026-05-27T06:22:27.307079,4699,46370000,-0.015,0.018,-1.013,-3.641,0.412,-1.069,34.65,32.3451,-0.116,"32.3451,   -0.116, 27 May 2026, 06:22:21"
2026-05-27T06:22:37.291607,4700,46380000,-0.016,0.014,-1.013,-3.588,0.405,-0.969,34.65,32.3443,-0.12,"32.3443,   -0.120, 27 May 2026, 06:22:31"
2026-05-27T06:22:47.283385,4701,46390000,-0.01,0.015,-1.009,-3.611,0.206,-1.145,34.65,32.3364,-0.118,"32.3364,   -0.118, 27 May 2026, 06:22:41"
2026-05-27T06:22:57.294622,4702,46400000,-0.009,0.012,-1.013,-3.573,0.252,-1.176,34.65,32.3364,-0.119,"32.3364,   -0.119, 27 May 2026, 06:22:51"
2026-05-27T06:23:07.230285,4703,46410000,-0.013,0.015,-1.009,-3.542,0.336,-1.015,34.69,32.3461,-0.115,"32.3461,   -0.115, 27 May 2026, 06:23:01"
2026-05-27T06:23:17.287753,4704,46420000,-0.011,0.011,-1.009,-3.405,0.313,-1.115,34.69,32.3471,-0.12,"32.3471,   -0.120, 27 May 2026, 06:23:11"
2026-05-27T06:23:27.287108,4705,46430000,-0.014,0.011,-1.007,-3.427,0.29,-1.176,34.6,32.3415,-0.116,"32.3415,   -0.116, 27 May 2026, 06:23:21"
2026-05-27T06:23:37.287405,4706,46440000,-0.011,0.016,-1.005,-3.481,0.321,-1.092,34.65,32.3455,-0.116,"32.3455,   -0.116, 27 May 2026, 06:23:31"
2026-05-27T06:23:47.287410,4707,46450000,-0.02,0.023,-1.011,-3.534,0.412,-1.099,34.69,32.3347,-0.118,"32.3347,   -0.118, 27 May 2026, 06:23:41"
2026-05-27T06:23:57.305149,4708,46460000,-0.011,0.014,-1.017,-3.519,0.351,-1.328,34.69,32.3407,-0.117,"32.3407,   -0.117, 27 May 2026, 06:23:51"
2026-05-27T06:24:07.289063,4709,46470000,-0.015,0.013,-1.018,-3.565,0.397,-1.084,34.74,32.3412,-0.117,"32.3412,   -0.117, 27 May 2026, 06:24:01"
2026-05-27T06:24:17.301307,4710,46480000,-0.014,0.013,-1.01,-3.496,0.527,-1.282,34.74,32.3405,-0.116,"32.3405,   -0.116, 27 May 2026, 06:24:11"
2026-05-27T06:24:27.295387,4711,46490000,-0.021,0.013,-1.008,-3.458,0.336,-1.214,34.69,32.3505,-0.117,"32.3505,   -0.117, 27 May 2026, 06:24:21"
2026-05-27T06:24:37.306883,4712,46500000,-0.013,0.016,-1.011,-3.542,0.397,-1.084,34.65,32.3543,-0.117,"32.3543,   -0.117, 27 May 2026, 06:24:31"
2026-05-27T06:24:47.281572,4713,46510000,-0.014,0.012,-1.009,-3.496,0.229,-1.298,34.79,32.3562,-0.118,"32.3562,   -0.118, 27 May 2026, 06:24:41"
2026-05-27T06:24:57.281657,4714,46520000,-0.014,0.011,-1.006,-3.435,0.397,-1.046,34.74,32.3546,-0.119,"32.3546,   -0.119, 27 May 2026, 06:24:51"
2026-05-27T06:25:07.282795,4715,46530000,-0.015,0.018,-1.012,-3.511,0.382,-1.107,34.74,32.3479,-0.118,"32.3479,   -0.118, 27 May 2026, 06:25:01"
2026-05-27T06:25:17.304965,4716,46540000,-0.019,0.018,-1.009,-3.374,0.366,-1.26,34.69,32.3387,-0.115,"32.3387,   -0.115, 27 May 2026, 06:25:11"
2026-05-27T06:25:27.283967,4717,46550000,-0.012,0.01,-1.017,-3.595,0.198,-1.092,34.69,32.3367,-0.118,"32.3367,   -0.118, 27 May 2026, 06:25:21"
2026-05-27T06:25:37.292075,4718,46560000,-0.014,0.011,-1.007,-3.458,0.389,-1.122,34.69,32.3332,-0.117,"32.3332,   -0.117, 27 May 2026, 06:25:31"
2026-05-27T06:25:47.290570,4719,46570000,-0.022,0.012,-1.008,-3.344,0.168,-0.969,34.74,32.3331,-0.115,"32.3331,   -0.115, 27 May 2026, 06:25:41"
2026-05-27T06:25:57.290037,4720,46580000,-0.009,0.01,-1.017,-3.534,0.45,-1.023,34.79,32.3365,-0.115,"32.3365,   -0.115, 27 May 2026, 06:25:51"
2026-05-27T06:26:07.242852,4721,46590000,-0.019,0.014,-1.003,-3.519,0.336,-1.053,34.74,32.3423,-0.118,"32.3423,   -0.118, 27 May 2026, 06:26:01"
2026-05-27T06:26:17.292836,4722,46600000,-0.02,0.02,-1.01,-3.626,0.412,-0.817,34.69,32.3445,-0.115,"32.3445,   -0.115, 27 May 2026, 06:26:11"
2026-05-27T06:26:27.285668,4723,46610000,-0.016,0.014,-1.01,-3.496,0.351,-1.092,34.74,32.3481,-0.116,"32.3481,   -0.116, 27 May 2026, 06:26:21"
2026-05-27T06:26:37.302602,4724,46620000,-0.016,0.014,-1.014,-3.557,0.328,-1.0,34.74,32.3524,-0.12,"32.3524,   -0.120, 27 May 2026, 06:26:31"
2026-05-27T06:26:47.285849,4725,46630000,-0.017,0.016,-1.01,-3.534,0.405,-1.168,34.69,32.3539,-0.12,"32.3539,   -0.120, 27 May 2026, 06:26:41"
2026-05-27T06:26:57.289792,4726,46640000,-0.012,0.018,-1.01,-3.473,0.366,-1.107,34.65,32.3486,-0.116,"32.3486,   -0.116, 27 May 2026, 06:26:51"
2026-05-27T06:27:07.234875,4727,46650000,-0.014,0.023,-1.008,-3.473,0.359,-1.038,34.74,32.3489,-0.117,"32.3489,   -0.117, 27 May 2026, 06:27:01"
2026-05-27T06:27:17.293791,4728,46660000,-0.015,0.017,-1.013,-3.565,0.336,-1.244,34.69,32.3488,-0.117,"32.3488,   -0.117, 27 May 2026, 06:27:11"
2026-05-27T06:27:27.306687,4729,46670000,-0.012,0.015,-1.01,-3.427,0.481,-1.16,34.6,32.3428,-0.116,"32.3428,   -0.116, 27 May 2026, 06:27:21"
2026-05-27T06:27:37.286629,4730,46680000,-0.014,0.016,-1.014,-3.466,0.435,-0.977,34.65,32.3384,-0.117,"32.3384,   -0.117, 27 May 2026, 06:27:31"
2026-05-27T06:27:47.306202,4731,46690000,-0.015,0.005,-1.018,-3.504,0.435,-1.168,34.69,32.3481,-0.114,"32.3481,   -0.114, 27 May 2026, 06:27:41"
2026-05-27T06:27:57.287408,4732,46700000,-0.016,0.011,-1.008,-3.435,0.527,-1.145,34.79,32.3538,-0.115,"32.3538,   -0.115, 27 May 2026, 06:27:51"
2026-05-27T06:28:07.227109,4733,46710000,-0.014,0.009,-1.006,-3.511,0.313,-1.107,34.74,32.3572,-0.121,"32.3572,   -0.121, 27 May 2026, 06:28:01"
2026-05-27T06:28:17.296912,4734,46720000,-0.018,0.009,-1.01,-3.473,0.298,-1.13,34.69,32.3571,-0.115,"32.3571,   -0.115, 27 May 2026, 06:28:11"
2026-05-27T06:28:27.284070,4735,46730000,-0.016,0.015,-1.012,-3.412,0.382,-1.168,34.65,32.3564,-0.117,"32.3564,   -0.117, 27 May 2026, 06:28:21"
2026-05-27T06:28:37.302695,4736,46740000,-0.009,0.015,-1.007,-3.573,0.473,-1.244,34.65,32.3487,-0.118,"32.3487,   -0.118, 27 May 2026, 06:28:31"
2026-05-27T06:28:47.289025,4737,46750000,-0.019,0.016,-1.007,-3.527,0.389,-1.183,34.74,32.3463,-0.121,"32.3463,   -0.121, 27 May 2026, 06:28:41"
2026-05-27T06:28:57.295523,4738,46760000,-0.011,0.017,-1.017,-3.58,0.45,-0.939,34.69,32.3438,-0.122,"32.3438,   -0.122, 27 May 2026, 06:28:51"
2026-05-27T06:29:07.229528,4739,46770000,-0.013,0.014,-1.011,-3.71,0.244,-0.931,34.79,32.3395,-0.117,"32.3395,   -0.117, 27 May 2026, 06:29:01"
2026-05-27T06:29:17.287989,4740,46780000,-0.01,0.012,-1.009,-3.511,0.328,-1.046,34.74,32.3325,-0.122,"32.3325,   -0.122, 27 May 2026, 06:29:11"
2026-05-27T06:29:27.293743,4741,46790000,-0.016,0.013,-1.015,-3.527,0.321,-1.099,34.69,32.3267,-0.116,"32.3267,   -0.116, 27 May 2026, 06:29:21"
2026-05-27T06:29:37.287762,4742,46800000,-0.017,0.011,-1.003,-3.511,0.298,-1.084,34.69,32.3279,-0.117,"32.3279,   -0.117, 27 May 2026, 06:29:31"
2026-05-27T06:29:47.299838,4743,46810000,-0.015,0.009,-1.014,-3.565,0.366,-0.901,34.69,32.331,-0.117,"32.3310,   -0.117, 27 May 2026, 06:29:41"
2026-05-27T06:29:57.299017,4744,46820000,-0.021,0.009,-1.007,-3.534,0.412,-1.115,34.74,32.3272,-0.117,"32.3272,   -0.117, 27 May 2026, 06:29:51"
2026-05-27T06:30:07.288902,4745,46830000,-0.017,0.013,-1.005,-3.489,0.298,-1.26,34.69,32.334,-0.115,"32.3340,   -0.115, 27 May 2026, 06:30:01"
2026-05-27T06:30:17.301458,4746,46840000,-0.018,0.009,-1.008,-3.603,0.153,-1.076,34.69,32.3433,-0.117,"32.3433,   -0.117, 27 May 2026, 06:30:11"
2026-05-27T06:30:27.294069,4747,46850000,-0.017,0.014,-1.015,-3.481,0.221,-1.115,34.74,32.3417,-0.115,"32.3417,   -0.115, 27 May 2026, 06:30:21"
2026-05-27T06:30:37.288536,4748,46860000,-0.014,0.015,-1.01,-3.58,0.275,-1.137,34.74,32.353,-0.118,"32.3530,   -0.118, 27 May 2026, 06:30:31"
2026-05-27T06:30:47.287649,4749,46870000,-0.013,0.013,-1.015,-3.534,0.305,-1.053,34.65,32.3561,-0.113,"32.3561,   -0.113, 27 May 2026, 06:30:41"
2026-05-27T06:30:57.306691,4750,46880000,-0.02,0.014,-1.01,-3.412,0.313,-1.183,34.74,32.3528,-0.116,"32.3528,   -0.116, 27 May 2026, 06:30:51"
2026-05-27T06:31:07.295583,4751,46890000,-0.017,0.019,-1.006,-3.634,0.458,-1.153,34.69,32.3505,-0.115,"32.3505,   -0.115, 27 May 2026, 06:31:01"
2026-05-27T06:31:17.288693,4752,46900000,-0.015,0.013,-1.005,-3.557,0.29,-1.084,34.65,32.3606,-0.119,"32.3606,   -0.119, 27 May 2026, 06:31:11"
2026-05-27T06:31:27.286565,4753,46910000,-0.017,0.014,-1.015,-3.634,0.412,-1.061,34.79,32.3774,-0.117,"32.3774,   -0.117, 27 May 2026, 06:31:21"
2026-05-27T06:31:37.288494,4754,46920000,-0.009,0.013,-1.005,-3.405,0.519,-1.221,34.65,32.3799,-0.117,"32.3799,   -0.117, 27 May 2026, 06:31:31"
2026-05-27T06:31:47.306480,4755,46930000,-0.012,0.009,-1.011,-3.672,0.221,-1.221,34.65,32.3787,-0.117,"32.3787,   -0.117, 27 May 2026, 06:31:41"
2026-05-27T06:31:57.306151,4756,46940000,-0.016,0.009,-1.011,-3.557,0.321,-1.107,34.69,32.3789,-0.116,"32.3789,   -0.116, 27 May 2026, 06:31:51"
2026-05-27T06:32:07.283819,4757,46950000,-0.013,0.013,-1.009,-3.374,0.374,-1.145,34.65,32.3748,-0.113,"32.3748,   -0.113, 27 May 2026, 06:32:01"
2026-05-27T06:32:17.287494,4758,46960000,-0.015,0.013,-1.008,-3.405,0.267,-1.13,34.79,32.3712,-0.121,"32.3712,   -0.121, 27 May 2026, 06:32:11"
2026-05-27T06:32:27.306175,4759,46970000,-0.013,0.013,-1.006,-3.603,0.313,-1.198,34.74,32.3688,-0.117,"32.3688,   -0.117, 27 May 2026, 06:32:21"
2026-05-27T06:32:37.303666,4760,46980000,-0.015,0.011,-1.008,-3.389,0.496,-1.084,34.65,32.3695,-0.118,"32.3695,   -0.118, 27 May 2026, 06:32:31"
2026-05-27T06:32:47.287439,4761,46990000,-0.016,0.013,-1.014,-3.511,0.29,-0.901,34.65,32.3628,-0.115,"32.3628,   -0.115, 27 May 2026, 06:32:41"
2026-05-27T06:32:57.285181,4762,47000000,-0.017,0.012,-1.01,-3.519,0.389,-1.183,34.74,32.3465,-0.117,"32.3465,   -0.117, 27 May 2026, 06:32:51"
2026-05-27T06:33:07.287000,4763,47010000,-0.014,0.012,-1.004,-3.656,0.359,-1.092,34.74,32.3415,-0.117,"32.3415,   -0.117, 27 May 2026, 06:33:01"
2026-05-27T06:33:17.289221,4764,47020000,-0.013,0.012,-1.019,-3.573,0.443,-1.115,34.65,32.3616,-0.118,"32.3616,   -0.118, 27 May 2026, 06:33:11"
2026-05-27T06:33:27.306712,4765,47030000,-0.013,0.017,-1.011,-3.473,0.489,-0.916,34.6,32.3635,-0.117,"32.3635,   -0.117, 27 May 2026, 06:33:21"
2026-05-27T06:33:37.287159,4766,47040000,-0.01,0.015,-1.003,-3.473,0.221,-1.145,34.6,32.3644,-0.114,"32.3644,   -0.114, 27 May 2026, 06:33:31"
2026-05-27T06:33:47.287234,4767,47050000,-0.016,0.018,-1.02,-3.405,0.382,-1.206,34.69,32.3631,-0.117,"32.3631,   -0.117, 27 May 2026, 06:33:41"
2026-05-27T06:33:57.298494,4768,47060000,-0.01,0.014,-1.026,-3.603,0.42,-1.0,34.74,32.3594,-0.116,"32.3594,   -0.116, 27 May 2026, 06:33:51"
2026-05-27T06:34:07.229473,4769,47070000,-0.013,0.009,-1.015,-3.565,0.366,-1.038,34.65,32.3543,-0.115,"32.3543,   -0.115, 27 May 2026, 06:34:01"
2026-05-27T06:34:17.302418,4770,47080000,-0.014,0.01,-1.015,-3.626,0.244,-1.099,34.65,32.355,-0.117,"32.3550,   -0.117, 27 May 2026, 06:34:11"
2026-05-27T06:34:27.286552,4771,47090000,-0.019,0.014,-1.01,-3.443,0.206,-1.023,34.65,32.3528,-0.111,"32.3528,   -0.111, 27 May 2026, 06:34:21"
2026-05-27T06:34:37.287758,4772,47100000,-0.024,0.013,-1.01,-3.557,0.405,-1.053,34.65,32.3558,-0.118,"32.3558,   -0.118, 27 May 2026, 06:34:31"
2026-05-27T06:34:47.299920,4773,47110000,-0.023,0.013,-1.005,-3.664,0.328,-1.198,34.74,32.3557,-0.117,"32.3557,   -0.117, 27 May 2026, 06:34:41"
2026-05-27T06:34:57.287196,4774,47120000,-0.018,0.014,-1.014,-3.626,0.443,-0.985,34.6,32.3731,-0.12,"32.3731,   -0.120, 27 May 2026, 06:34:51"
2026-05-27T06:35:07.229405,4775,47130000,-0.016,0.017,-1.013,-3.466,0.275,-1.053,34.74,32.3728,-0.112,"32.3728,   -0.112, 27 May 2026, 06:35:01"
2026-05-27T06:35:17.289754,4776,47140000,-0.02,0.009,-1.018,-3.435,0.321,-0.924,34.65,32.3726,-0.114,"32.3726,   -0.114, 27 May 2026, 06:35:11"
2026-05-27T06:35:27.284502,4777,47150000,-0.019,0.017,-1.011,-3.588,0.435,-1.107,34.74,32.3727,-0.116,"32.3727,   -0.116, 27 May 2026, 06:35:21"
2026-05-27T06:35:37.296074,4778,47160000,-0.019,0.018,-1.019,-3.443,0.412,-1.122,34.69,32.3685,-0.119,"32.3685,   -0.119, 27 May 2026, 06:35:31"
2026-05-27T06:35:47.302550,4779,47170000,-0.015,0.01,-1.02,-3.542,0.29,-0.954,34.69,32.3721,-0.116,"32.3721,   -0.116, 27 May 2026, 06:35:41"
2026-05-27T06:35:57.305892,4780,47180000,-0.013,0.019,-1.008,-3.481,0.328,-1.092,34.74,32.3771,-0.118,"32.3771,   -0.118, 27 May 2026, 06:35:51"
2026-05-27T06:36:07.243226,4781,47190000,-0.011,0.014,-1.016,-3.565,0.26,-0.985,34.69,32.3711,-0.119,"32.3711,   -0.119, 27 May 2026, 06:36:01"
2026-05-27T06:36:17.306954,4782,47200000,-0.013,0.02,-1.009,-3.504,0.214,-1.115,34.74,32.3646,-0.116,"32.3646,   -0.116, 27 May 2026, 06:36:11"
2026-05-27T06:36:27.307749,4783,47210000,-0.009,0.012,-1.008,-3.58,0.237,-1.122,34.69,32.3661,-0.117,"32.3661,   -0.117, 27 May 2026, 06:36:21"
2026-05-27T06:36:37.299240,4784,47220000,-0.018,0.01,-1.013,-3.45,0.237,-0.992,34.74,32.3657,-0.115,"32.3657,   -0.115, 27 May 2026, 06:36:31"
2026-05-27T06:36:47.302023,4785,47230000,-0.013,0.012,-1.007,-3.519,0.328,-1.122,34.69,32.3654,-0.118,"32.3654,   -0.118, 27 May 2026, 06:36:41"
2026-05-27T06:36:57.287274,4786,47240000,-0.017,0.011,-1.013,-3.42,0.298,-1.031,34.79,32.3662,-0.112,"32.3662,   -0.112, 27 May 2026, 06:36:51"
2026-05-27T06:37:07.287394,4787,47250000,-0.013,0.009,-1.01,-3.374,0.397,-0.916,34.79,32.3649,-0.116,"32.3649,   -0.116, 27 May 2026, 06:37:01"
2026-05-27T06:37:17.287103,4788,47260000,-0.02,0.014,-1.012,-3.458,0.344,-1.015,34.65,32.3681,-0.118,"32.3681,   -0.118, 27 May 2026, 06:37:11"
2026-05-27T06:37:27.303981,4789,47270000,-0.02,0.011,-1.005,-3.481,0.359,-1.214,34.79,32.3711,-0.119,"32.3711,   -0.119, 27 May 2026, 06:37:21"
2026-05-27T06:37:37.303789,4790,47280000,-0.014,0.013,-1.015,-3.534,0.29,-1.023,34.79,32.3676,-0.115,"32.3676,   -0.115, 27 May 2026, 06:37:31"
2026-05-27T06:37:47.291880,4791,47290000,-0.018,0.015,-1.008,-3.489,0.405,-0.878,34.69,32.3633,-0.118,"32.3633,   -0.118, 27 May 2026, 06:37:41"
2026-05-27T06:37:57.283284,4792,47300000,-0.014,0.011,-1.007,-3.527,0.29,-1.092,34.74,32.3645,-0.115,"32.3645,   -0.115, 27 May 2026, 06:37:51"
2026-05-27T06:38:07.290603,4793,47310000,-0.01,0.015,-1.017,-3.557,0.328,-1.015,34.74,32.3623,-0.117,"32.3623,   -0.117, 27 May 2026, 06:38:01"
2026-05-27T06:38:17.287487,4794,47320000,-0.016,0.013,-1.007,-3.595,0.344,-1.076,34.65,32.368,-0.118,"32.3680,   -0.118, 27 May 2026, 06:38:11"
2026-05-27T06:38:27.285897,4795,47330000,-0.018,0.012,-1.015,-3.511,0.351,-1.084,34.74,32.3636,-0.113,"32.3636,   -0.113, 27 May 2026, 06:38:21"
2026-05-27T06:38:37.303553,4796,47340000,-0.015,0.014,-1.01,-3.328,0.458,-0.817,34.65,32.3631,-0.116,"32.3631,   -0.116, 27 May 2026, 06:38:31"
2026-05-27T06:38:47.301552,4797,47350000,-0.017,0.014,-1.012,-3.328,0.237,-1.122,34.69,32.3599,-0.118,"32.3599,   -0.118, 27 May 2026, 06:38:41"
2026-05-27T06:38:57.295316,4798,47360000,-0.015,0.016,-1.014,-3.481,0.458,-1.107,34.79,32.3636,-0.118,"32.3636,   -0.118, 27 May 2026, 06:38:51"
2026-05-27T06:39:07.224573,4799,47370000,-0.012,0.014,-1.005,-3.565,0.366,-1.13,34.74,32.3635,-0.115,"32.3635,   -0.115, 27 May 2026, 06:39:01"
2026-05-27T06:39:17.301144,4800,47380000,-0.01,0.017,-1.005,-3.328,0.366,-1.13,34.65,32.3593,-0.117,"32.3593,   -0.117, 27 May 2026, 06:39:11"
2026-05-27T06:39:27.288561,4801,47390000,-0.016,0.01,-1.005,-3.489,0.328,-1.115,34.74,32.3555,-0.116,"32.3555,   -0.116, 27 May 2026, 06:39:21"
2026-05-27T06:39:37.300685,4802,47400000,-0.013,0.013,-1.005,-3.527,0.26,-1.115,34.6,32.3531,-0.116,"32.3531,   -0.116, 27 May 2026, 06:39:31"
2026-05-27T06:39:47.313698,4803,47410000,-0.009,0.008,-1.025,-3.519,0.351,-1.076,34.69,32.3571,-0.115,"32.3571,   -0.115, 27 May 2026, 06:39:41"
2026-05-27T06:39:57.299268,4804,47420000,-0.017,0.018,-1.013,-3.527,0.321,-1.115,34.74,32.3598,-0.12,"32.3598,   -0.120, 27 May 2026, 06:39:51"
2026-05-27T06:40:07.295474,4805,47430000,-0.013,0.011,-1.019,-3.588,0.489,-1.313,34.74,32.3594,-0.116,"32.3594,   -0.116, 27 May 2026, 06:40:01"
2026-05-27T06:40:17.306313,4806,47440000,-0.016,0.009,-1.0,-3.359,0.412,-1.099,34.69,32.3618,-0.117,"32.3618,   -0.117, 27 May 2026, 06:40:11"
2026-05-27T06:40:27.306422,4807,47450000,-0.016,0.016,-1.005,-3.687,0.321,-1.313,34.69,32.3683,-0.116,"32.3683,   -0.116, 27 May 2026, 06:40:21"
2026-05-27T06:40:37.305708,4808,47460000,-0.017,0.018,-1.012,-3.511,0.366,-0.969,34.79,32.3722,-0.121,"32.3722,   -0.121, 27 May 2026, 06:40:31"
2026-05-27T06:40:47.286984,4809,47470000,-0.012,0.014,-1.01,-3.573,0.565,-1.122,34.79,32.3664,-0.118,"32.3664,   -0.118, 27 May 2026, 06:40:41"
2026-05-27T06:40:57.288812,4810,47480000,-0.014,0.014,-1.015,-3.351,0.298,-1.099,34.74,32.3588,-0.119,"32.3588,   -0.119, 27 May 2026, 06:40:51"
2026-05-27T06:41:07.298528,4811,47490000,-0.011,0.015,-1.002,-3.588,0.359,-1.122,34.74,32.3527,-0.119,"32.3527,   -0.119, 27 May 2026, 06:41:01"
2026-05-27T06:41:17.300993,4812,47500000,-0.013,0.013,-1.009,-3.565,0.29,-1.084,34.74,32.3596,-0.114,"32.3596,   -0.114, 27 May 2026, 06:41:11"
2026-05-27T06:41:27.284415,4813,47510000,-0.016,0.013,-1.004,-3.595,0.504,-1.221,34.74,32.3578,-0.119,"32.3578,   -0.119, 27 May 2026, 06:41:21"
2026-05-27T06:41:37.295943,4814,47520000,-0.019,0.018,-1.004,-3.481,0.29,-0.969,34.69,32.3529,-0.117,"32.3529,   -0.117, 27 May 2026, 06:41:31"
2026-05-27T06:41:47.294190,4815,47530000,-0.01,0.012,-1.015,-3.443,0.382,-1.137,34.74,32.3488,-0.116,"32.3488,   -0.116, 27 May 2026, 06:41:41"
2026-05-27T06:41:57.285006,4816,47540000,-0.018,0.012,-1.007,-3.511,0.336,-1.252,34.79,32.3583,-0.119,"32.3583,   -0.119, 27 May 2026, 06:41:51"
2026-05-27T06:42:07.289678,4817,47550000,-0.009,0.013,-1.01,-3.611,0.374,-1.122,34.79,32.3555,-0.114,"32.3555,   -0.114, 27 May 2026, 06:42:01"
2026-05-27T06:42:17.294214,4818,47560000,-0.013,0.014,-1.013,-3.534,0.45,-1.137,34.84,32.3568,-0.118,"32.3568,   -0.118, 27 May 2026, 06:42:11"
2026-05-27T06:42:27.295257,4819,47570000,-0.016,0.011,-1.011,-3.542,0.534,-0.901,34.69,32.353,-0.115,"32.3530,   -0.115, 27 May 2026, 06:42:21"
2026-05-27T06:42:37.303365,4820,47580000,-0.015,0.016,-1.008,-3.473,0.389,-1.038,34.6,32.3493,-0.117,"32.3493,   -0.117, 27 May 2026, 06:42:31"
2026-05-27T06:42:47.287098,4821,47590000,-0.011,0.014,-1.007,-3.58,0.221,-1.252,34.69,32.3543,-0.115,"32.3543,   -0.115, 27 May 2026, 06:42:41"
2026-05-27T06:42:57.287665,4822,47600000,-0.02,0.009,-1.015,-3.481,0.336,-1.084,34.69,32.3644,-0.117,"32.3644,   -0.117, 27 May 2026, 06:42:51"
2026-05-27T06:43:07.304395,4823,47610000,-0.018,0.021,-1.012,-3.649,0.344,-0.969,34.74,32.3582,-0.114,"32.3582,   -0.114, 27 May 2026, 06:43:01"
2026-05-27T06:43:17.303796,4824,47620000,-0.011,0.017,-1.021,-3.458,0.252,-1.084,34.84,32.3618,-0.117,"32.3618,   -0.117, 27 May 2026, 06:43:11"
2026-05-27T06:43:27.306067,4825,47630000,-0.018,0.013,-1.019,-3.588,0.313,-1.008,34.69,32.3635,-0.115,"32.3635,   -0.115, 27 May 2026, 06:43:21"
2026-05-27T06:43:37.294544,4826,47640000,-0.017,0.013,-1.006,-3.618,0.359,-1.29,34.74,32.3604,-0.121,"32.3604,   -0.121, 27 May 2026, 06:43:31"
2026-05-27T06:43:47.298209,4827,47650000,-0.011,0.018,-1.009,-3.496,0.321,-1.183,34.69,32.3583,-0.117,"32.3583,   -0.117, 27 May 2026, 06:43:41"
2026-05-27T06:43:57.286940,4828,47660000,-0.017,0.012,-1.003,-3.481,0.527,-1.137,34.74,32.3588,-0.117,"32.3588,   -0.117, 27 May 2026, 06:43:51"
2026-05-27T06:44:07.280246,4829,47670000,-0.021,0.013,-1.012,-3.519,0.389,-1.023,34.69,32.3595,-0.117,"32.3595,   -0.117, 27 May 2026, 06:44:01"
2026-05-27T06:44:17.285487,4830,47680000,-0.015,0.013,-1.0,-3.519,0.389,-1.038,34.65,32.3688,-0.114,"32.3688,   -0.114, 27 May 2026, 06:44:11"
2026-05-27T06:44:27.303352,4831,47690000,-0.014,0.016,-1.009,-3.519,0.412,-1.145,34.65,32.3745,-0.114,"32.3745,   -0.114, 27 May 2026, 06:44:21"
2026-05-27T06:44:37.288059,4832,47700000,-0.019,0.012,-1.013,-3.618,0.344,-1.198,34.79,32.377,-0.116,"32.3770,   -0.116, 27 May 2026, 06:44:31"
2026-05-27T06:44:47.287047,4833,47710000,-0.016,0.008,-1.009,-3.405,0.496,-1.061,34.69,32.3835,-0.115,"32.3835,   -0.115, 27 May 2026, 06:44:41"
2026-05-27T06:44:57.304245,4834,47720000,-0.017,0.008,-1.012,-3.412,0.382,-0.901,34.74,32.3811,-0.121,"32.3811,   -0.121, 27 May 2026, 06:44:51"
2026-05-27T06:45:07.282330,4835,47730000,-0.02,0.012,-1.006,-3.344,0.267,-1.198,34.79,32.3825,-0.116,"32.3825,   -0.116, 27 May 2026, 06:45:01"
2026-05-27T06:45:17.290033,4836,47740000,-0.01,0.014,-1.009,-3.573,0.466,-0.992,34.74,32.3857,-0.12,"32.3857,   -0.120, 27 May 2026, 06:45:11"
2026-05-27T06:45:27.295368,4837,47750000,-0.021,0.014,-1.012,-3.55,0.359,-1.183,34.69,32.3846,-0.118,"32.3846,   -0.118, 27 May 2026, 06:45:21"
2026-05-27T06:45:37.294676,4838,47760000,-0.011,0.011,-1.006,-3.412,0.229,-1.183,34.69,32.381,-0.115,"32.3810,   -0.115, 27 May 2026, 06:45:31"
2026-05-27T06:45:47.305793,4839,47770000,-0.012,0.008,-1.009,-3.634,0.275,-1.084,34.69,32.3746,-0.118,"32.3746,   -0.118, 27 May 2026, 06:45:41"
2026-05-27T06:45:57.346141,4840,47780000,-0.018,0.015,-1.005,-3.466,0.305,-1.084,34.74,32.3818,-0.119,"32.3818,   -0.119, 27 May 2026, 06:45:51"
2026-05-27T06:46:07.279999,4841,47790000,-0.013,0.014,-1.015,-3.634,0.282,-1.13,34.74,32.3855,-0.118,"32.3855,   -0.118, 27 May 2026, 06:46:01"
2026-05-27T06:46:17.303028,4842,47800000,-0.011,0.016,-1.012,-3.664,0.221,-1.0,34.69,32.3858,-0.119,"32.3858,   -0.119, 27 May 2026, 06:46:11"
2026-05-27T06:46:27.287613,4843,47810000,-0.013,0.013,-1.015,-3.443,0.427,-1.099,34.74,32.3766,-0.114,"32.3766,   -0.114, 27 May 2026, 06:46:21"
2026-05-27T06:46:37.302457,4844,47820000,-0.013,0.01,-1.012,-3.573,0.397,-1.16,34.74,32.3753,-0.115,"32.3753,   -0.115, 27 May 2026, 06:46:31"
2026-05-27T06:46:47.304344,4845,47830000,-0.019,0.015,-1.011,-3.496,0.351,-1.214,34.65,32.367,-0.119,"32.3670,   -0.119, 27 May 2026, 06:46:41"
2026-05-27T06:46:57.286857,4846,47840000,-0.011,0.017,-1.01,-3.511,0.359,-1.267,34.84,32.3669,-0.114,"32.3669,   -0.114, 27 May 2026, 06:46:51"
2026-05-27T06:47:07.305621,4847,47850000,-0.012,0.013,-1.017,-3.473,0.489,-1.092,34.69,32.3812,-0.118,"32.3812,   -0.118, 27 May 2026, 06:47:01"
2026-05-27T06:47:17.288123,4848,47860000,-0.019,0.011,-1.013,-3.405,0.206,-1.214,34.79,32.3799,-0.116,"32.3799,   -0.116, 27 May 2026, 06:47:11"
2026-05-27T06:47:27.302174,4849,47870000,-0.014,0.015,-1.008,-3.443,0.176,-1.015,34.69,32.3835,-0.114,"32.3835,   -0.114, 27 May 2026, 06:47:21"
2026-05-27T06:47:37.296083,4850,47880000,-0.013,0.009,-1.011,-3.473,0.55,-1.031,34.69,32.3767,-0.113,"32.3767,   -0.113, 27 May 2026, 06:47:31"
2026-05-27T06:47:47.289779,4851,47890000,-0.019,0.014,-1.009,-3.45,0.397,-1.015,34.69,32.3813,-0.115,"32.3813,   -0.115, 27 May 2026, 06:47:41"
2026-05-27T06:47:57.306256,4852,47900000,-0.014,0.01,-1.012,-3.427,0.382,-1.0,34.84,32.3794,-0.115,"32.3794,   -0.115, 27 May 2026, 06:47:51"
2026-05-27T06:48:07.307339,4853,47910000,-0.018,0.013,-1.006,-3.427,0.191,-1.038,34.79,32.3762,-0.117,"32.3762,   -0.117, 27 May 2026, 06:48:01"
2026-05-27T06:48:17.283696,4854,47920000,-0.018,0.015,-1.007,-3.527,0.458,-1.115,34.74,32.3742,-0.113,"32.3742,   -0.113, 27 May 2026, 06:48:11"
2026-05-27T06:48:27.284031,4855,47930000,-0.021,0.017,-1.009,-3.45,0.321,-1.015,34.84,32.3784,-0.116,"32.3784,   -0.116, 27 May 2026, 06:48:21"
2026-05-27T06:48:37.301727,4856,47940000,-0.013,0.016,-1.009,-3.382,0.458,-1.13,34.79,32.3727,-0.116,"32.3727,   -0.116, 27 May 2026, 06:48:31"
2026-05-27T06:48:47.302022,4857,47950000,-0.014,0.008,-1.007,-3.58,0.42,-1.023,34.79,32.3699,-0.117,"32.3699,   -0.117, 27 May 2026, 06:48:41"
2026-05-27T06:48:57.306897,4858,47960000,-0.013,0.016,-1.01,-3.496,0.321,-0.878,34.74,32.3752,-0.118,"32.3752,   -0.118, 27 May 2026, 06:48:51"
2026-05-27T06:49:07.287154,4859,47970000,-0.015,0.015,-1.013,-3.481,0.267,-1.191,34.74,32.3666,-0.117,"32.3666,   -0.117, 27 May 2026, 06:49:01"
2026-05-27T06:49:17.286564,4860,47980000,-0.018,0.016,-1.007,-3.595,0.405,-1.176,34.84,32.3663,-0.115,"32.3663,   -0.115, 27 May 2026, 06:49:11"
2026-05-27T06:49:27.304792,4861,47990000,-0.017,0.017,-1.009,-3.366,0.26,-1.137,34.74,32.3754,-0.118,"32.3754,   -0.118, 27 May 2026, 06:49:21"
2026-05-27T06:49:37.287363,4862,48000000,-0.014,0.014,-1.014,-3.504,0.206,-1.107,34.74,32.3756,-0.116,"32.3756,   -0.116, 27 May 2026, 06:49:31"
2026-05-27T06:49:47.306696,4863,48010000,-0.017,0.014,-1.008,-3.481,0.305,-1.084,34.79,32.3784,-0.115,"32.3784,   -0.115, 27 May 2026, 06:49:41"
2026-05-27T06:49:57.292169,4864,48020000,-0.011,0.013,-1.004,-3.504,0.344,-0.954,34.74,32.3729,-0.118,"32.3729,   -0.118, 27 May 2026, 06:49:51"
2026-05-27T06:50:07.287060,4865,48030000,-0.017,0.009,-1.006,-3.443,0.328,-1.122,34.74,32.377,-0.114,"32.3770,   -0.114, 27 May 2026, 06:50:01"
2026-05-27T06:50:17.288120,4866,48040000,-0.015,0.013,-1.011,-3.527,0.298,-1.122,34.74,32.377,-0.113,"32.3770,   -0.113, 27 May 2026, 06:50:11"
2026-05-27T06:50:27.282397,4867,48050000,-0.019,0.012,-1.01,-3.443,0.359,-1.344,34.69,32.3766,-0.115,"32.3766,   -0.115, 27 May 2026, 06:50:21"
2026-05-27T06:50:37.285672,4868,48060000,-0.011,0.011,-1.015,-3.649,0.344,-1.099,34.69,32.3694,-0.118,"32.3694,   -0.118, 27 May 2026, 06:50:31"
2026-05-27T06:50:47.306788,4869,48070000,-0.013,0.009,-1.011,-3.573,0.359,-1.023,34.74,32.3715,-0.112,"32.3715,   -0.112, 27 May 2026, 06:50:41"
2026-05-27T06:50:57.294053,4870,48080000,-0.016,0.011,-1.011,-3.74,0.351,-1.153,34.84,32.3688,-0.116,"32.3688,   -0.116, 27 May 2026, 06:50:51"
2026-05-27T06:51:07.306982,4871,48090000,-0.016,0.019,-1.007,-3.42,0.588,-1.053,34.74,32.3696,-0.116,"32.3696,   -0.116, 27 May 2026, 06:51:01"
2026-05-27T06:51:17.306382,4872,48100000,-0.012,0.011,-1.013,-3.603,0.481,-1.214,34.69,32.3764,-0.115,"32.3764,   -0.115, 27 May 2026, 06:51:11"
2026-05-27T06:51:27.298451,4873,48110000,-0.021,0.012,-1.014,-3.595,0.427,-1.069,34.69,32.386,-0.116,"32.3860,   -0.116, 27 May 2026, 06:51:21"
2026-05-27T06:51:37.287023,4874,48120000,-0.009,0.017,-1.012,-3.527,0.29,-0.977,34.74,32.3837,-0.116,"32.3837,   -0.116, 27 May 2026, 06:51:31"
2026-05-27T06:51:47.283435,4875,48130000,-0.012,0.012,-1.011,-3.359,0.336,-1.115,34.74,32.3883,-0.12,"32.3883,   -0.120, 27 May 2026, 06:51:41"
2026-05-27T06:51:57.306146,4876,48140000,-0.022,0.008,-1.008,-3.496,0.321,-1.26,34.79,32.3861,-0.116,"32.3861,   -0.116, 27 May 2026, 06:51:51"
2026-05-27T06:52:07.288215,4877,48150000,-0.012,0.015,-1.001,-3.519,0.214,-1.084,34.84,32.3914,-0.119,"32.3914,   -0.119, 27 May 2026, 06:52:01"
2026-05-27T06:52:17.286708,4878,48160000,-0.014,0.015,-1.005,-3.443,0.359,-1.16,34.74,32.391,-0.12,"32.3910,   -0.120, 27 May 2026, 06:52:11"
2026-05-27T06:52:27.291453,4879,48170000,-0.013,0.013,-1.012,-3.511,0.443,-1.069,34.74,32.3864,-0.116,"32.3864,   -0.116, 27 May 2026, 06:52:21"
2026-05-27T06:52:37.301811,4880,48180000,-0.015,0.012,-1.012,-3.504,0.45,-1.084,34.74,32.3929,-0.118,"32.3929,   -0.118, 27 May 2026, 06:52:31"
2026-05-27T06:52:47.306379,4881,48190000,-0.011,0.018,-1.01,-3.496,0.344,-1.038,34.84,32.3982,-0.119,"32.3982,   -0.119, 27 May 2026, 06:52:41"
2026-05-27T06:52:57.287270,4882,48200000,-0.021,0.008,-1.009,-3.58,0.351,-1.061,34.74,32.3907,-0.115,"32.3907,   -0.115, 27 May 2026, 06:52:51"
2026-05-27T06:53:07.290797,4883,48210000,-0.016,0.012,-1.01,-3.397,0.305,-1.0,34.74,32.3853,-0.12,"32.3853,   -0.120, 27 May 2026, 06:53:01"
2026-05-27T06:53:17.291242,4884,48220000,-0.011,0.016,-1.003,-3.626,0.466,-1.008,34.65,32.3909,-0.117,"32.3909,   -0.117, 27 May 2026, 06:53:11"
2026-05-27T06:53:27.287129,4885,48230000,-0.013,0.01,-1.011,-3.534,0.397,-1.145,34.74,32.3978,-0.113,"32.3978,   -0.113, 27 May 2026, 06:53:21"
2026-05-27T06:53:37.306785,4886,48240000,-0.022,0.018,-1.013,-3.588,0.443,-0.962,34.84,32.3971,-0.117,"32.3971,   -0.117, 27 May 2026, 06:53:31"
2026-05-27T06:53:47.292244,4887,48250000,-0.02,0.019,-1.016,-3.412,0.481,-1.214,34.84,32.397,-0.118,"32.3970,   -0.118, 27 May 2026, 06:53:41"
2026-05-27T06:53:57.287187,4888,48260000,-0.013,0.012,-1.015,-3.504,0.412,-1.046,34.79,32.4038,-0.118,"32.4038,   -0.118, 27 May 2026, 06:53:51"
2026-05-27T06:54:07.285836,4889,48270000,-0.016,0.014,-1.005,-3.504,0.473,-1.244,34.79,32.395,-0.118,"32.3950,   -0.118, 27 May 2026, 06:54:01"
2026-05-27T06:54:17.291027,4890,48280000,-0.018,0.012,-1.011,-3.611,0.427,-1.176,34.79,32.387,-0.115,"32.3870,   -0.115, 27 May 2026, 06:54:11"
2026-05-27T06:54:27.284751,4891,48290000,-0.012,0.011,-1.007,-3.656,0.458,-1.221,34.65,32.3835,-0.117,"32.3835,   -0.117, 27 May 2026, 06:54:21"
2026-05-27T06:54:37.301556,4892,48300000,-0.015,0.009,-1.016,-3.382,0.336,-1.115,34.69,32.3903,-0.114,"32.3903,   -0.114, 27 May 2026, 06:54:31"
2026-05-27T06:54:47.306642,4893,48310000,-0.015,0.014,-1.007,-3.458,0.29,-1.183,34.79,32.3973,-0.116,"32.3973,   -0.116, 27 May 2026, 06:54:41"
2026-05-27T06:54:57.298323,4894,48320000,-0.011,0.009,-1.005,-3.389,0.359,-1.13,34.79,32.3901,-0.116,"32.3901,   -0.116, 27 May 2026, 06:54:51"
2026-05-27T06:55:07.304267,4895,48330000,-0.013,0.015,-1.011,-3.389,0.26,-0.962,34.69,32.3881,-0.116,"32.3881,   -0.116, 27 May 2026, 06:55:01"
2026-05-27T06:55:17.305169,4896,48340000,-0.013,0.016,-1.013,-3.695,0.366,-1.008,34.74,32.3944,-0.116,"32.3944,   -0.116, 27 May 2026, 06:55:11"
2026-05-27T06:55:27.285073,4897,48350000,-0.017,0.017,-1.007,-3.397,0.351,-1.168,34.79,32.3992,-0.117,"32.3992,   -0.117, 27 May 2026, 06:55:21"
2026-05-27T06:55:37.303618,4898,48360000,-0.016,0.015,-1.01,-3.504,0.389,-1.198,34.65,32.3974,-0.117,"32.3974,   -0.117, 27 May 2026, 06:55:31"
2026-05-27T06:55:47.287165,4899,48370000,-0.013,0.015,-1.012,-3.458,0.382,-1.267,34.79,32.3998,-0.114,"32.3998,   -0.114, 27 May 2026, 06:55:41"
2026-05-27T06:55:57.287298,4900,48380000,-0.015,0.014,-1.017,-3.405,0.198,-1.061,34.65,32.4095,-0.118,"32.4095,   -0.118, 27 May 2026, 06:55:51"
2026-05-27T06:56:07.311575,4901,48390000,-0.015,0.008,-1.013,-3.504,0.557,-1.13,34.74,32.4,-0.117,"32.4000,   -0.117, 27 May 2026, 06:56:01"
2026-05-27T06:56:17.284705,4902,48400000,-0.02,0.017,-1.016,-3.504,0.26,-1.153,34.74,32.4077,-0.114,"32.4077,   -0.114, 27 May 2026, 06:56:11"
2026-05-27T06:56:27.284506,4903,48410000,-0.016,0.012,-1.014,-3.58,0.298,-1.076,34.79,32.4043,-0.113,"32.4043,   -0.113, 27 May 2026, 06:56:21"
2026-05-27T06:56:37.284385,4904,48420000,-0.018,0.011,-1.003,-3.481,0.328,-1.038,34.84,32.3955,-0.116,"32.3955,   -0.116, 27 May 2026, 06:56:31"
2026-05-27T06:56:47.300338,4905,48430000,-0.013,0.016,-1.017,-3.588,0.267,-1.16,34.74,32.3878,-0.118,"32.3878,   -0.118, 27 May 2026, 06:56:41"
2026-05-27T06:56:57.287290,4906,48440000,-0.011,0.011,-1.017,-3.55,0.435,-1.237,34.79,32.3818,-0.114,"32.3818,   -0.114, 27 May 2026, 06:56:51"
2026-05-27T06:57:07.283873,4907,48450000,-0.021,0.017,-1.008,-3.511,0.557,-1.031,34.74,32.3776,-0.114,"32.3776,   -0.114, 27 May 2026, 06:57:01"
2026-05-27T06:57:17.287584,4908,48460000,-0.016,0.008,-1.006,-3.443,0.458,-1.176,34.79,32.3706,-0.117,"32.3706,   -0.117, 27 May 2026, 06:57:11"
2026-05-27T06:57:27.346190,4909,48470000,-0.013,0.017,-1.012,-3.511,0.366,-0.924,34.79,32.3693,-0.116,"32.3693,   -0.116, 27 May 2026, 06:57:21"
2026-05-27T06:57:37.281818,4910,48480000,-0.015,0.013,-1.008,-3.481,0.389,-1.137,34.74,32.3813,-0.119,"32.3813,   -0.119, 27 May 2026, 06:57:31"
2026-05-27T06:57:47.287102,4911,48490000,-0.012,0.008,-1.012,-3.305,0.282,-1.076,34.69,32.3832,-0.114,"32.3832,   -0.114, 27 May 2026, 06:57:41"
2026-05-27T06:57:57.289110,4912,48500000,-0.018,0.014,-1.013,-3.397,0.366,-1.229,34.79,32.3815,-0.118,"32.3815,   -0.118, 27 May 2026, 06:57:51"
2026-05-27T06:58:07.287355,4913,48510000,-0.011,0.017,-1.012,-3.504,0.374,-1.076,34.79,32.3847,-0.116,"32.3847,   -0.116, 27 May 2026, 06:58:01"
2026-05-27T06:58:17.285774,4914,48520000,-0.014,0.011,-1.005,-3.443,0.351,-0.931,34.79,32.3924,-0.114,"32.3924,   -0.114, 27 May 2026, 06:58:11"
2026-05-27T06:58:27.282464,4915,48530000,-0.012,0.007,-1.011,-3.473,0.298,-1.053,34.79,32.3877,-0.116,"32.3877,   -0.116, 27 May 2026, 06:58:21"
2026-05-27T06:58:37.285930,4916,48540000,-0.02,0.011,-0.997,-3.427,0.382,-0.962,34.79,32.3882,-0.12,"32.3882,   -0.120, 27 May 2026, 06:58:31"
2026-05-27T06:58:47.280522,4917,48550000,-0.013,0.017,-1.009,-3.443,0.511,-1.137,34.69,32.393,-0.119,"32.3930,   -0.119, 27 May 2026, 06:58:41"
2026-05-27T06:58:57.286162,4918,48560000,-0.012,0.01,-1.002,-3.565,0.45,-1.168,34.69,32.3871,-0.115,"32.3871,   -0.115, 27 May 2026, 06:58:51"
2026-05-27T06:59:07.345888,4919,48570000,-0.021,0.016,-1.009,-3.55,0.344,-1.038,34.74,32.3878,-0.111,"32.3878,   -0.111, 27 May 2026, 06:59:01"
2026-05-27T06:59:17.284175,4920,48580000,-0.019,0.011,-1.004,-3.45,0.405,-0.954,34.79,32.3859,-0.117,"32.3859,   -0.117, 27 May 2026, 06:59:11"
2026-05-27T06:59:27.282689,4921,48590000,-0.014,0.012,-1.007,-3.359,0.344,-1.153,34.69,32.3845,-0.112,"32.3845,   -0.112, 27 May 2026, 06:59:21"
2026-05-27T06:59:37.307684,4922,48600000,-0.014,0.014,-1.017,-3.42,0.267,-1.053,34.74,32.3976,-0.114,"32.3976,   -0.114, 27 May 2026, 06:59:31"
2026-05-27T06:59:47.297012,4923,48610000,-0.011,0.012,-1.012,-3.458,0.45,-0.969,34.65,32.4091,-0.117,"32.4091,   -0.117, 27 May 2026, 06:59:41"
2026-05-27T06:59:57.310126,4924,48620000,-0.014,0.011,-1.018,-3.481,0.427,-1.176,34.65,32.41,-0.116,"32.4100,   -0.116, 27 May 2026, 06:59:51"
2026-05-27T07:00:07.303406,4925,48630000,-0.018,0.011,-1.016,-3.595,0.466,-1.053,34.79,32.4121,-0.112,"32.4121,   -0.112, 27 May 2026, 07:00:01"
2026-05-27T07:00:17.305703,4926,48640000,-0.012,0.012,-1.007,-3.618,0.321,-1.198,34.74,32.4146,-0.116,"32.4146,   -0.116, 27 May 2026, 07:00:11"
2026-05-27T07:00:27.286360,4927,48650000,-0.017,0.012,-1.0,-3.466,0.42,-1.061,34.79,32.4001,-0.116,"32.4001,   -0.116, 27 May 2026, 07:00:21"
2026-05-27T07:00:37.290374,4928,48660000,-0.013,0.01,-1.004,-3.42,0.282,-0.908,34.79,32.399,-0.111,"32.3990,   -0.111, 27 May 2026, 07:00:31"
2026-05-27T07:00:47.288393,4929,48670000,-0.015,0.006,-1.01,-3.58,0.389,-1.183,34.88,32.4053,-0.114,"32.4053,   -0.114, 27 May 2026, 07:00:41"
2026-05-27T07:00:57.302691,4930,48680000,-0.015,0.013,-1.014,-3.55,0.496,-1.176,34.74,32.412,-0.114,"32.4120,   -0.114, 27 May 2026, 07:00:51"
2026-05-27T07:01:07.288370,4931,48690000,-0.02,0.012,-1.007,-3.588,0.351,-0.84,34.84,32.4049,-0.117,"32.4049,   -0.117, 27 May 2026, 07:01:01"
2026-05-27T07:01:17.306016,4932,48700000,-0.014,0.014,-1.012,-3.397,0.511,-1.053,34.69,32.4107,-0.114,"32.4107,   -0.114, 27 May 2026, 07:01:11"
2026-05-27T07:01:27.290824,4933,48710000,-0.016,0.012,-1.007,-3.45,0.374,-1.145,34.69,32.411,-0.113,"32.4110,   -0.113, 27 May 2026, 07:01:21"
2026-05-27T07:01:37.289313,4934,48720000,-0.017,0.011,-1.016,-3.527,0.336,-1.191,34.65,32.4101,-0.116,"32.4101,   -0.116, 27 May 2026, 07:01:31"
2026-05-27T07:01:47.287058,4935,48730000,-0.02,0.016,-1.016,-3.565,0.382,-1.084,34.65,32.3998,-0.114,"32.3998,   -0.114, 27 May 2026, 07:01:41"
2026-05-27T07:01:57.285297,4936,48740000,-0.019,0.014,-1.007,-3.481,0.45,-1.183,34.79,32.3963,-0.115,"32.3963,   -0.115, 27 May 2026, 07:01:51"
2026-05-27T07:02:07.287035,4937,48750000,-0.016,0.016,-1.017,-3.443,0.344,-1.137,34.79,32.387,-0.114,"32.3870,   -0.114, 27 May 2026, 07:02:01"
2026-05-27T07:02:17.287961,4938,48760000,-0.016,0.016,-1.009,-3.351,0.229,-1.137,34.69,32.386,-0.115,"32.3860,   -0.115, 27 May 2026, 07:02:11"
2026-05-27T07:02:27.292009,4939,48770000,-0.013,0.009,-1.006,-3.557,0.344,-1.13,34.74,32.3905,-0.112,"32.3905,   -0.112, 27 May 2026, 07:02:21"
2026-05-27T07:02:37.288112,4940,48780000,-0.017,0.009,-1.003,-3.611,0.374,-1.16,34.79,32.3961,-0.117,"32.3961,   -0.117, 27 May 2026, 07:02:31"
2026-05-27T07:02:47.295287,4941,48790000,-0.013,0.011,-1.019,-3.496,0.191,-1.107,34.74,32.4016,-0.115,"32.4016,   -0.115, 27 May 2026, 07:02:41"
2026-05-27T07:02:57.284746,4942,48800000,-0.014,0.012,-1.014,-3.481,0.344,-1.053,34.74,32.4042,-0.114,"32.4042,   -0.114, 27 May 2026, 07:02:51"
2026-05-27T07:03:07.294869,4943,48810000,-0.017,0.015,-1.007,-3.626,0.298,-1.076,34.79,32.4106,-0.117,"32.4106,   -0.117, 27 May 2026, 07:03:01"
2026-05-27T07:03:17.300883,4944,48820000,-0.017,0.015,-1.012,-3.427,0.359,-1.153,34.69,32.415,-0.115,"32.4150,   -0.115, 27 May 2026, 07:03:11"
2026-05-27T07:03:27.295781,4945,48830000,-0.01,0.011,-1.006,-3.55,0.42,-1.038,34.74,32.41,-0.116,"32.4100,   -0.116, 27 May 2026, 07:03:21"
2026-05-27T07:03:37.287202,4946,48840000,-0.012,0.018,-1.013,-3.473,0.42,-1.214,34.74,32.4023,-0.111,"32.4023,   -0.111, 27 May 2026, 07:03:31"
2026-05-27T07:03:47.288136,4947,48850000,-0.016,0.011,-1.018,-3.656,0.336,-1.183,34.84,32.4023,-0.113,"32.4023,   -0.113, 27 May 2026, 07:03:41"
2026-05-27T07:03:57.306370,4948,48860000,-0.013,0.02,-1.013,-3.389,0.221,-1.092,34.79,32.4023,-0.113,"32.4023,   -0.113, 27 May 2026, 07:03:51"
2026-05-27T07:04:07.289881,4949,48870000,-0.008,0.006,-1.013,-3.542,0.427,-1.092,34.69,32.4045,-0.116,"32.4045,   -0.116, 27 May 2026, 07:04:01"
2026-05-27T07:04:17.287995,4950,48880000,-0.02,0.015,-1.009,-3.618,0.244,-1.069,34.74,32.4026,-0.111,"32.4026,   -0.111, 27 May 2026, 07:04:11"
2026-05-27T07:04:27.289601,4951,48890000,-0.009,0.015,-1.01,-3.504,0.351,-1.122,34.79,32.3994,-0.117,"32.3994,   -0.117, 27 May 2026, 07:04:21"
2026-05-27T07:04:37.293284,4952,48900000,-0.018,0.015,-1.003,-3.458,0.267,-1.031,34.79,32.4047,-0.119,"32.4047,   -0.119, 27 May 2026, 07:04:31"
2026-05-27T07:04:47.305515,4953,48910000,-0.018,0.016,-1.007,-3.496,0.359,-1.076,34.79,32.4009,-0.111,"32.4009,   -0.111, 27 May 2026, 07:04:41"
2026-05-27T07:04:57.292022,4954,48920000,-0.009,0.01,-1.01,-3.443,0.237,-0.893,34.79,32.3966,-0.117,"32.3966,   -0.117, 27 May 2026, 07:04:51"
2026-05-27T07:05:07.301965,4955,48930000,-0.01,0.014,-1.012,-3.45,0.344,-1.16,34.74,32.3973,-0.115,"32.3973,   -0.115, 27 May 2026, 07:05:01"
2026-05-27T07:05:17.305766,4956,48940000,-0.02,0.015,-1.01,-3.534,0.481,-1.16,34.79,32.3989,-0.116,"32.3989,   -0.116, 27 May 2026, 07:05:11"
2026-05-27T07:05:27.306930,4957,48950000,-0.016,0.013,-1.008,-3.603,0.305,-1.191,34.84,32.3973,-0.117,"32.3973,   -0.117, 27 May 2026, 07:05:21"
2026-05-27T07:05:37.303042,4958,48960000,-0.016,0.008,-1.01,-3.481,0.229,-1.053,34.69,32.4001,-0.114,"32.4001,   -0.114, 27 May 2026, 07:05:31"
2026-05-27T07:05:47.296281,4959,48970000,-0.009,0.011,-1.011,-3.489,0.435,-1.16,34.79,32.4091,-0.115,"32.4091,   -0.115, 27 May 2026, 07:05:41"
2026-05-27T07:05:57.285797,4960,48980000,-0.01,0.011,-1.008,-3.443,0.351,-1.084,34.69,32.412,-0.116,"32.4120,   -0.116, 27 May 2026, 07:05:51"
2026-05-27T07:06:07.305291,4961,48990000,-0.007,0.015,-1.007,-3.603,0.374,-0.992,34.74,32.4169,-0.114,"32.4169,   -0.114, 27 May 2026, 07:06:01"
2026-05-27T07:06:17.288704,4962,49000000,-0.017,0.011,-1.015,-3.458,0.282,-1.107,34.79,32.4222,-0.115,"32.4222,   -0.115, 27 May 2026, 07:06:11"
2026-05-27T07:06:27.295743,4963,49010000,-0.013,0.011,-1.003,-3.504,0.305,-1.244,34.84,32.4203,-0.113,"32.4203,   -0.113, 27 May 2026, 07:06:21"
2026-05-27T07:06:37.287441,4964,49020000,-0.012,0.015,-1.008,-3.664,0.282,-1.0,34.88,32.4208,-0.113,"32.4208,   -0.113, 27 May 2026, 07:06:31"
2026-05-27T07:06:47.307969,4965,49030000,-0.014,0.009,-1.007,-3.481,0.305,-1.176,34.84,32.419,-0.114,"32.4190,   -0.114, 27 May 2026, 07:06:41"
2026-05-27T07:06:57.282437,4966,49040000,-0.017,0.015,-1.002,-3.511,0.366,-0.985,34.93,32.4251,-0.116,"32.4251,   -0.116, 27 May 2026, 07:06:51"
2026-05-27T07:07:07.303847,4967,49050000,-0.019,0.007,-1.014,-3.519,0.374,-1.015,34.69,32.4304,-0.111,"32.4304,   -0.111, 27 May 2026, 07:07:01"
2026-05-27T07:07:17.288100,4968,49060000,-0.02,0.017,-1.005,-3.496,0.351,-1.168,34.84,32.4278,-0.113,"32.4278,   -0.113, 27 May 2026, 07:07:11"
2026-05-27T07:07:27.287944,4969,49070000,-0.012,0.011,-1.014,-3.504,0.534,-1.084,34.79,32.4293,-0.115,"32.4293,   -0.115, 27 May 2026, 07:07:21"
2026-05-27T07:07:37.303965,4970,49080000,-0.013,0.011,-1.007,-3.527,0.298,-1.137,34.65,32.4302,-0.112,"32.4302,   -0.112, 27 May 2026, 07:07:31"
2026-05-27T07:07:47.298882,4971,49090000,-0.017,0.007,-1.003,-3.496,0.328,-1.0,34.79,32.4242,-0.116,"32.4242,   -0.116, 27 May 2026, 07:07:41"
2026-05-27T07:07:57.308561,4972,49100000,-0.011,0.009,-1.009,-3.344,0.351,-1.229,34.84,32.4134,-0.113,"32.4134,   -0.113, 27 May 2026, 07:07:51"
2026-05-27T07:08:07.305103,4973,49110000,-0.015,0.01,-1.005,-3.527,0.344,-0.985,34.69,32.411,-0.116,"32.4110,   -0.116, 27 May 2026, 07:08:01"
2026-05-27T07:08:17.303504,4974,49120000,-0.019,0.015,-1.018,-3.55,0.328,-0.954,34.79,32.408,-0.113,"32.4080,   -0.113, 27 May 2026, 07:08:11"
2026-05-27T07:08:27.306404,4975,49130000,-0.017,0.013,-1.016,-3.573,0.405,-1.031,34.79,32.4127,-0.113,"32.4127,   -0.113, 27 May 2026, 07:08:21"
2026-05-27T07:08:37.301304,4976,49140000,-0.019,0.014,-1.013,-3.473,0.221,-1.046,34.84,32.411,-0.116,"32.4110,   -0.116, 27 May 2026, 07:08:31"
2026-05-27T07:08:47.296390,4977,49150000,-0.021,0.013,-1.012,-3.573,0.389,-1.023,34.79,32.4232,-0.115,"32.4232,   -0.115, 27 May 2026, 07:08:41"
2026-05-27T07:08:57.284398,4978,49160000,-0.014,0.012,-1.015,-3.519,0.412,-1.099,34.79,32.4325,-0.114,"32.4325,   -0.114, 27 May 2026, 07:08:51"
2026-05-27T07:09:07.302599,4979,49170000,-0.015,0.016,-1.017,-3.603,0.466,-1.008,34.74,32.4308,-0.114,"32.4308,   -0.114, 27 May 2026, 07:09:01"
2026-05-27T07:09:17.306955,4980,49180000,-0.014,0.005,-1.008,-3.443,0.382,-1.237,34.74,32.4251,-0.113,"32.4251,   -0.113, 27 May 2026, 07:09:11"
2026-05-27T07:09:27.303692,4981,49190000,-0.015,0.011,-1.014,-3.427,0.397,-1.13,34.74,32.417,-0.117,"32.4170,   -0.117, 27 May 2026, 07:09:21"
2026-05-27T07:09:37.280416,4982,49200000,-0.016,0.005,-1.007,-3.71,0.344,-1.099,34.74,32.4193,-0.112,"32.4193,   -0.112, 27 May 2026, 07:09:31"
2026-05-27T07:09:47.287330,4983,49210000,-0.016,0.014,-1.019,-3.611,0.397,-1.183,34.74,32.4187,-0.111,"32.4187,   -0.111, 27 May 2026, 07:09:41"
2026-05-27T07:09:57.287535,4984,49220000,-0.014,0.016,-1.006,-3.374,0.527,-1.084,34.84,32.4197,-0.117,"32.4197,   -0.117, 27 May 2026, 07:09:51"
2026-05-27T07:10:07.304336,4985,49230000,-0.016,0.012,-1.012,-3.565,0.466,-1.16,34.74,32.4155,-0.114,"32.4155,   -0.114, 27 May 2026, 07:10:01"
2026-05-27T07:10:17.291869,4986,49240000,-0.019,0.01,-1.014,-3.504,0.496,-1.099,34.79,32.4095,-0.115,"32.4095,   -0.115, 27 May 2026, 07:10:11"
2026-05-27T07:10:27.365893,4987,49250000,-0.018,0.009,-1.005,-3.557,0.298,-0.977,34.69,32.4045,-0.115,"32.4045,   -0.115, 27 May 2026, 07:10:21"
2026-05-27T07:10:37.366562,4988,49260000,-0.008,0.01,-1.006,-3.344,0.366,-1.038,34.79,32.408,-0.11,"32.4080,   -0.110, 27 May 2026, 07:10:31"
2026-05-27T07:10:47.285378,4989,49270000,-0.019,0.016,-1.016,-3.511,0.374,-1.16,34.88,32.4134,-0.116,"32.4134,   -0.116, 27 May 2026, 07:10:41"
2026-05-27T07:10:57.345201,4990,49280000,-0.012,0.016,-1.009,-3.412,0.321,-1.0,34.79,32.4174,-0.117,"32.4174,   -0.117, 27 May 2026, 07:10:51"
2026-05-27T07:11:07.305021,4991,49290000,-0.014,0.014,-1.014,-3.641,0.305,-1.137,34.84,32.4104,-0.113,"32.4104,   -0.113, 27 May 2026, 07:11:01"
2026-05-27T07:11:17.287996,4992,49300000,-0.012,0.013,-1.002,-3.603,0.214,-1.153,34.84,32.4036,-0.117,"32.4036,   -0.117, 27 May 2026, 07:11:11"
2026-05-27T07:11:27.366610,4993,49310000,-0.017,0.012,-1.016,-3.542,0.595,-1.053,34.88,32.4065,-0.112,"32.4065,   -0.112, 27 May 2026, 07:11:21"
2026-05-27T07:11:37.304046,4994,49320000,-0.016,0.013,-1.007,-3.527,0.305,-1.176,34.79,32.4081,-0.117,"32.4081,   -0.117, 27 May 2026, 07:11:31"
2026-05-27T07:11:47.347513,4995,49330000,-0.014,0.012,-1.017,-3.603,0.344,-1.046,34.79,32.4145,-0.117,"32.4145,   -0.117, 27 May 2026, 07:11:41"
2026-05-27T07:11:57.351367,4996,49340000,-0.018,0.01,-1.013,-3.55,0.351,-1.221,34.79,32.4179,-0.115,"32.4179,   -0.115, 27 May 2026, 07:11:51"
2026-05-27T07:12:07.294962,4997,49350000,-0.012,0.016,-1.005,-3.527,0.298,-1.122,34.69,32.4213,-0.111,"32.4213,   -0.111, 27 May 2026, 07:12:01"
2026-05-27T07:12:17.366037,4998,49360000,-0.015,0.011,-1.001,-3.527,0.359,-1.046,34.79,32.4238,-0.113,"32.4238,   -0.113, 27 May 2026, 07:12:11"
2026-05-27T07:12:27.347614,4999,49370000,-0.019,0.012,-1.011,-3.504,0.458,-0.962,34.79,32.4268,-0.114,"32.4268,   -0.114, 27 May 2026, 07:12:21"
2026-05-27T07:12:37.347418,5000,49380000,-0.016,0.019,-1.021,-3.466,0.26,-1.229,34.88,32.432,-0.114,"32.4320,   -0.114, 27 May 2026, 07:12:31"
2026-05-27T07:12:47.366209,5001,49390000,-0.014,0.013,-1.004,-3.511,0.595,-0.924,34.79,32.4311,-0.116,"32.4311,   -0.116, 27 May 2026, 07:12:41"
2026-05-27T07:12:57.365907,5002,49400000,-0.013,0.011,-1.009,-3.45,0.427,-1.191,34.84,32.4381,-0.115,"32.4381,   -0.115, 27 May 2026, 07:12:51"
2026-05-27T07:13:07.284673,5003,49410000,-0.017,0.013,-1.012,-3.489,0.244,-1.092,34.79,32.4319,-0.111,"32.4319,   -0.111, 27 May 2026, 07:13:01"
2026-05-27T07:13:17.366369,5004,49420000,-0.011,0.008,-1.015,-3.496,0.496,-1.046,34.74,32.4379,-0.112,"32.4379,   -0.112, 27 May 2026, 07:13:11"
2026-05-27T07:13:27.348874,5005,49430000,-0.013,0.011,-1.013,-3.443,0.412,-1.198,34.74,32.4399,-0.114,"32.4399,   -0.114, 27 May 2026, 07:13:21"
2026-05-27T07:13:37.286738,5006,49440000,-0.017,0.013,-1.002,-3.466,0.366,-1.031,34.84,32.442,-0.113,"32.4420,   -0.113, 27 May 2026, 07:13:31"
2026-05-27T07:13:47.348397,5007,49450000,-0.021,0.016,-1.011,-3.427,0.435,-1.107,34.93,32.4452,-0.114,"32.4452,   -0.114, 27 May 2026, 07:13:41"
2026-05-27T07:13:57.355725,5008,49460000,-0.018,0.011,-1.007,-3.466,0.305,-1.237,34.79,32.4473,-0.116,"32.4473,   -0.116, 27 May 2026, 07:13:51"
2026-05-27T07:14:07.285235,5009,49470000,-0.015,0.011,-1.006,-3.504,0.443,-1.26,34.84,32.4511,-0.11,"32.4511,   -0.110, 27 May 2026, 07:14:01"
2026-05-27T07:14:17.367378,5010,49480000,-0.017,0.016,-1.014,-3.473,0.389,-1.183,34.84,32.4492,-0.112,"32.4492,   -0.112, 27 May 2026, 07:14:11"
2026-05-27T07:14:27.345661,5011,49490000,-0.018,0.013,-1.015,-3.565,0.298,-1.115,34.84,32.4493,-0.117,"32.4493,   -0.117, 27 May 2026, 07:14:21"
2026-05-27T07:14:37.286966,5012,49500000,-0.013,0.015,-1.009,-3.527,0.183,-1.282,34.79,32.4511,-0.112,"32.4511,   -0.112, 27 May 2026, 07:14:31"
2026-05-27T07:14:47.366773,5013,49510000,-0.014,0.012,-1.015,-3.427,0.344,-1.137,34.79,32.4489,-0.118,"32.4489,   -0.118, 27 May 2026, 07:14:41"
2026-05-27T07:14:57.350380,5014,49520000,-0.018,0.013,-1.01,-3.641,0.282,-1.237,34.74,32.451,-0.113,"32.4510,   -0.113, 27 May 2026, 07:14:51"
2026-05-27T07:15:07.286512,5015,49530000,-0.01,0.015,-1.019,-3.458,0.435,-1.031,34.84,32.447,-0.115,"32.4470,   -0.115, 27 May 2026, 07:15:01"
2026-05-27T07:15:17.366322,5016,49540000,-0.009,0.014,-1.014,-3.496,0.435,-1.13,34.74,32.443,-0.113,"32.4430,   -0.113, 27 May 2026, 07:15:11"
2026-05-27T07:15:27.366976,5017,49550000,-0.023,0.011,-1.006,-3.496,0.504,-1.214,34.74,32.449,-0.11,"32.4490,   -0.110, 27 May 2026, 07:15:21"
2026-05-27T07:15:37.348607,5018,49560000,-0.014,0.01,-1.015,-3.534,0.473,-1.206,34.93,32.446,-0.11,"32.4460,   -0.110, 27 May 2026, 07:15:31"
2026-05-27T07:15:47.351015,5019,49570000,-0.012,0.013,-1.018,-3.458,0.443,-1.069,34.79,32.441,-0.116,"32.4410,   -0.116, 27 May 2026, 07:15:41"
2026-05-27T07:15:57.351379,5020,49580000,-0.019,0.014,-1.01,-3.496,0.359,-1.145,34.88,32.4396,-0.113,"32.4396,   -0.113, 27 May 2026, 07:15:51"
2026-05-27T07:16:07.304789,5021,49590000,-0.013,0.011,-1.016,-3.511,0.29,-1.046,34.79,32.4331,-0.118,"32.4331,   -0.118, 27 May 2026, 07:16:01"
2026-05-27T07:16:17.347398,5022,49600000,-0.02,0.017,-1.014,-3.489,0.489,-1.061,34.84,32.4407,-0.115,"32.4407,   -0.115, 27 May 2026, 07:16:11"
2026-05-27T07:16:27.354947,5023,49610000,-0.01,0.017,-1.016,-3.519,0.458,-1.191,34.84,32.4522,-0.114,"32.4522,   -0.114, 27 May 2026, 07:16:21"
2026-05-27T07:16:37.352348,5024,49620000,-0.012,0.009,-1.013,-3.595,0.473,-1.069,34.74,32.4479,-0.117,"32.4479,   -0.117, 27 May 2026, 07:16:31"
2026-05-27T07:16:47.366308,5025,49630000,-0.012,0.014,-1.01,-3.473,0.229,-1.214,34.74,32.4339,-0.112,"32.4339,   -0.112, 27 May 2026, 07:16:41"
2026-05-27T07:16:57.348397,5026,49640000,-0.011,0.015,-1.011,-3.504,0.336,-0.977,34.74,32.4278,-0.11,"32.4278,   -0.110, 27 May 2026, 07:16:51"
2026-05-27T07:17:07.286704,5027,49650000,-0.015,0.013,-1.011,-3.435,0.427,-1.176,34.88,32.4277,-0.114,"32.4277,   -0.114, 27 May 2026, 07:17:01"
2026-05-27T07:17:17.407288,5028,49660000,-0.015,0.011,-1.009,-3.542,0.542,-1.092,34.74,32.4246,-0.113,"32.4246,   -0.113, 27 May 2026, 07:17:11"
2026-05-27T07:17:27.345144,5029,49670000,-0.017,0.015,-1.011,-3.527,0.496,-1.168,34.88,32.4308,-0.115,"32.4308,   -0.115, 27 May 2026, 07:17:21"
2026-05-27T07:17:37.409113,5030,49680000,-0.011,0.017,-1.007,-3.45,0.397,-1.237,34.74,32.439,-0.117,"32.4390,   -0.117, 27 May 2026, 07:17:31"
2026-05-27T07:17:47.426306,5031,49690000,-0.017,0.01,-1.018,-3.504,0.366,-0.954,34.74,32.4404,-0.115,"32.4404,   -0.115, 27 May 2026, 07:17:41"
2026-05-27T07:17:57.347306,5032,49700000,-0.015,0.015,-1.01,-3.573,0.328,-1.107,34.84,32.4373,-0.112,"32.4373,   -0.112, 27 May 2026, 07:17:51"
2026-05-27T07:18:07.288791,5033,49710000,-0.007,0.014,-1.01,-3.359,0.214,-1.0,34.74,32.4336,-0.115,"32.4336,   -0.115, 27 May 2026, 07:18:01"
2026-05-27T07:18:17.366435,5034,49720000,-0.016,0.014,-1.01,-3.534,0.435,-1.038,34.74,32.4365,-0.115,"32.4365,   -0.115, 27 May 2026, 07:18:11"
2026-05-27T07:18:27.359930,5035,49730000,-0.016,0.012,-1.011,-3.405,0.427,-1.084,34.84,32.4348,-0.117,"32.4348,   -0.117, 27 May 2026, 07:18:21"
2026-05-27T07:18:37.366419,5036,49740000,-0.015,0.017,-1.013,-3.511,0.336,-1.137,34.84,32.4292,-0.112,"32.4292,   -0.112, 27 May 2026, 07:18:31"
2026-05-27T07:18:47.407674,5037,49750000,-0.015,0.016,-1.004,-3.511,0.313,-1.099,34.79,32.4267,-0.111,"32.4267,   -0.111, 27 May 2026, 07:18:41"
2026-05-27T07:18:57.423660,5038,49760000,-0.015,0.013,-1.011,-3.458,0.366,-1.046,34.88,32.4311,-0.115,"32.4311,   -0.115, 27 May 2026, 07:18:51"
2026-05-27T07:19:07.286314,5039,49770000,-0.017,0.015,-1.025,-3.496,0.328,-1.26,34.79,32.4285,-0.116,"32.4285,   -0.116, 27 May 2026, 07:19:01"
2026-05-27T07:19:17.407600,5040,49780000,-0.016,0.011,-1.016,-3.634,0.336,-1.061,34.84,32.4334,-0.114,"32.4334,   -0.114, 27 May 2026, 07:19:11"
2026-05-27T07:19:27.366327,5041,49790000,-0.016,0.013,-1.004,-3.542,0.321,-1.191,34.74,32.4343,-0.113,"32.4343,   -0.113, 27 May 2026, 07:19:21"
2026-05-27T07:19:37.424290,5042,49800000,-0.017,0.007,-1.01,-3.359,0.42,-1.122,34.79,32.4323,-0.118,"32.4323,   -0.118, 27 May 2026, 07:19:31"
2026-05-27T07:19:47.418210,5043,49810000,-0.013,0.011,-1.012,-3.519,0.366,-1.275,34.88,32.426,-0.113,"32.4260,   -0.113, 27 May 2026, 07:19:41"
2026-05-27T07:19:57.427464,5044,49820000,-0.015,0.01,-1.005,-3.412,0.435,-1.153,34.79,32.4319,-0.116,"32.4319,   -0.116, 27 May 2026, 07:19:51"
2026-05-27T07:20:07.281887,5045,49830000,-0.015,0.014,-1.009,-3.42,0.435,-1.046,34.84,32.428,-0.115,"32.4280,   -0.115, 27 May 2026, 07:20:01"
2026-05-27T07:20:17.408099,5046,49840000,-0.013,0.009,-1.011,-3.427,0.473,-1.176,34.74,32.4256,-0.116,"32.4256,   -0.116, 27 May 2026, 07:20:11"
2026-05-27T07:20:27.409418,5047,49850000,-0.013,0.015,-1.008,-3.504,0.504,-1.16,34.79,32.425,-0.115,"32.4250,   -0.115, 27 May 2026, 07:20:21"
2026-05-27T07:20:37.424189,5048,49860000,-0.013,0.013,-1.02,-3.504,0.366,-1.092,34.84,32.4299,-0.112,"32.4299,   -0.112, 27 May 2026, 07:20:31"
2026-05-27T07:20:47.353536,5049,49870000,-0.02,0.01,-1.011,-3.458,0.321,-0.954,34.84,32.4299,-0.113,"32.4299,   -0.113, 27 May 2026, 07:20:41"
2026-05-27T07:20:57.426684,5050,49880000,-0.015,0.012,-1.007,-3.496,0.305,-1.115,34.79,32.4317,-0.114,"32.4317,   -0.114, 27 May 2026, 07:20:51"
2026-05-27T07:21:07.304560,5051,49890000,-0.017,0.009,-1.011,-3.511,0.473,-1.191,34.69,32.4328,-0.116,"32.4328,   -0.116, 27 May 2026, 07:21:01"
2026-05-27T07:21:17.414390,5052,49900000,-0.021,0.015,-1.011,-3.511,0.466,-1.069,34.79,32.4372,-0.113,"32.4372,   -0.113, 27 May 2026, 07:21:11"
2026-05-27T07:21:27.355323,5053,49910000,-0.015,0.014,-1.013,-3.527,0.282,-0.962,34.93,32.4344,-0.115,"32.4344,   -0.115, 27 May 2026, 07:21:21"
2026-05-27T07:21:37.355978,5054,49920000,-0.013,0.021,-1.011,-3.641,0.351,-1.137,34.69,32.438,-0.115,"32.4380,   -0.115, 27 May 2026, 07:21:31"
2026-05-27T07:21:47.425989,5055,49930000,-0.013,0.012,-1.018,-3.565,0.359,-1.053,34.84,32.4426,-0.115,"32.4426,   -0.115, 27 May 2026, 07:21:41"
2026-05-27T07:21:57.347793,5056,49940000,-0.013,0.018,-1.017,-3.473,0.267,-1.084,34.84,32.4435,-0.115,"32.4435,   -0.115, 27 May 2026, 07:21:51"
2026-05-27T07:22:07.301674,5057,49950000,-0.018,0.012,-1.009,-3.649,0.29,-1.076,34.84,32.4453,-0.117,"32.4453,   -0.117, 27 May 2026, 07:22:01"
2026-05-27T07:22:17.427818,5058,49960000,-0.016,0.011,-1.007,-3.511,0.412,-0.878,34.79,32.4553,-0.114,"32.4553,   -0.114, 27 May 2026, 07:22:11"
2026-05-27T07:22:27.426466,5059,49970000,-0.016,0.017,-1.009,-3.58,0.351,-1.038,34.88,32.4466,-0.113,"32.4466,   -0.113, 27 May 2026, 07:22:21"
2026-05-27T07:22:37.424283,5060,49980000,-0.014,0.013,-1.005,-3.397,0.26,-1.069,34.79,32.4547,-0.115,"32.4547,   -0.115, 27 May 2026, 07:22:31"
2026-05-27T07:22:47.415379,5061,49990000,-0.014,0.019,-1.017,-3.45,0.26,-1.137,34.84,32.4609,-0.115,"32.4609,   -0.115, 27 May 2026, 07:22:41"
2026-05-27T07:22:57.411694,5062,50000000,-0.018,0.014,-1.014,-3.473,0.359,-1.076,34.84,32.4577,-0.117,"32.4577,   -0.117, 27 May 2026, 07:22:51"
2026-05-27T07:23:07.301696,5063,50010000,-0.012,0.01,-1.008,-3.588,0.298,-1.183,34.84,32.4586,-0.116,"32.4586,   -0.116, 27 May 2026, 07:23:01"
2026-05-27T07:23:17.438008,5064,50020000,-0.016,0.009,-1.019,-3.573,0.267,-1.145,34.69,32.4565,-0.116,"32.4565,   -0.116, 27 May 2026, 07:23:11"
2026-05-27T07:23:27.410454,5065,50030000,-0.013,0.012,-1.019,-3.557,0.321,-1.107,34.79,32.4547,-0.112,"32.4547,   -0.112, 27 May 2026, 07:23:21"
2026-05-27T07:23:37.346638,5066,50040000,-0.013,0.015,-1.012,-3.58,0.244,-1.183,34.84,32.456,-0.116,"32.4560,   -0.116, 27 May 2026, 07:23:31"
2026-05-27T07:23:47.411620,5067,50050000,-0.017,0.012,-1.007,-3.534,0.244,-1.374,34.84,32.4741,-0.114,"32.4741,   -0.114, 27 May 2026, 07:23:41"
2026-05-27T07:23:57.409848,5068,50060000,-0.016,0.013,-1.004,-3.412,0.351,-1.137,34.79,32.4716,-0.115,"32.4716,   -0.115, 27 May 2026, 07:23:51"
2026-05-27T07:24:07.284278,5069,50070000,-0.014,0.013,-1.018,-3.542,0.412,-0.992,34.84,32.4626,-0.113,"32.4626,   -0.113, 27 May 2026, 07:24:01"
2026-05-27T07:24:17.347656,5070,50080000,-0.013,0.02,-1.015,-3.511,0.427,-1.137,34.84,32.4593,-0.115,"32.4593,   -0.115, 27 May 2026, 07:24:11"
2026-05-27T07:24:27.408774,5071,50090000,-0.014,0.012,-1.015,-3.466,0.359,-0.985,34.88,32.4616,-0.113,"32.4616,   -0.113, 27 May 2026, 07:24:21"
2026-05-27T07:24:37.416659,5072,50100000,-0.013,0.017,-1.016,-3.573,0.45,-1.107,34.74,32.4678,-0.113,"32.4678,   -0.113, 27 May 2026, 07:24:31"
2026-05-27T07:24:47.426941,5073,50110000,-0.012,0.012,-1.009,-3.557,0.298,-1.046,34.74,32.4617,-0.115,"32.4617,   -0.115, 27 May 2026, 07:24:41"
2026-05-27T07:24:57.345275,5074,50120000,-0.023,0.014,-1.012,-3.481,0.405,-1.122,34.74,32.4706,-0.114,"32.4706,   -0.114, 27 May 2026, 07:24:51"
2026-05-27T07:25:07.304828,5075,50130000,-0.019,0.011,-1.015,-3.519,0.298,-1.008,34.74,32.4755,-0.113,"32.4755,   -0.113, 27 May 2026, 07:25:01"
2026-05-27T07:25:17.409772,5076,50140000,-0.024,0.017,-1.008,-3.618,0.275,-1.084,34.74,32.4743,-0.115,"32.4743,   -0.115, 27 May 2026, 07:25:11"
2026-05-27T07:25:27.426530,5077,50150000,-0.021,0.006,-1.011,-3.481,0.389,-1.107,34.84,32.4649,-0.114,"32.4649,   -0.114, 27 May 2026, 07:25:21"
2026-05-27T07:25:37.363777,5078,50160000,-0.017,0.015,-1.015,-3.511,0.344,-1.069,34.79,32.4793,-0.115,"32.4793,   -0.115, 27 May 2026, 07:25:31"
2026-05-27T07:25:47.420024,5079,50170000,-0.014,0.018,-1.017,-3.489,0.389,-0.931,34.88,32.4828,-0.118,"32.4828,   -0.118, 27 May 2026, 07:25:41"
2026-05-27T07:25:57.425965,5080,50180000,-0.012,0.016,-1.017,-3.55,0.397,-1.176,34.84,32.481,-0.115,"32.4810,   -0.115, 27 May 2026, 07:25:51"
2026-05-27T07:26:07.285258,5081,50190000,-0.014,0.015,-1.016,-3.511,0.351,-1.061,34.79,32.4741,-0.115,"32.4741,   -0.115, 27 May 2026, 07:26:01"
2026-05-27T07:26:17.426839,5082,50200000,-0.011,0.01,-1.017,-3.55,0.244,-1.252,34.84,32.4698,-0.116,"32.4698,   -0.116, 27 May 2026, 07:26:11"
2026-05-27T07:26:27.407818,5083,50210000,-0.012,0.015,-1.019,-3.634,0.351,-1.145,34.79,32.472,-0.117,"32.4720,   -0.117, 27 May 2026, 07:26:21"
2026-05-27T07:26:37.345457,5084,50220000,-0.012,0.021,-1.019,-3.55,0.351,-1.122,34.74,32.4677,-0.115,"32.4677,   -0.115, 27 May 2026, 07:26:31"
2026-05-27T07:26:47.347546,5085,50230000,-0.017,0.009,-1.015,-3.527,0.198,-1.046,34.88,32.4825,-0.117,"32.4825,   -0.117, 27 May 2026, 07:26:41"
2026-05-27T07:26:57.407623,5086,50240000,-0.013,0.017,-1.007,-3.527,0.351,-1.031,34.74,32.4768,-0.116,"32.4768,   -0.116, 27 May 2026, 07:26:51"
2026-05-27T07:27:07.344959,5087,50250000,-0.014,0.008,-1.013,-3.504,0.527,-1.053,34.79,32.4687,-0.112,"32.4687,   -0.112, 27 May 2026, 07:27:01"
2026-05-27T07:27:17.406050,5088,50260000,-0.016,0.016,-1.01,-3.527,0.298,-1.076,34.84,32.4622,-0.111,"32.4622,   -0.111, 27 May 2026, 07:27:11"
2026-05-27T07:27:27.426703,5089,50270000,-0.013,0.013,-1.01,-3.466,0.305,-0.885,34.84,32.4677,-0.118,"32.4677,   -0.118, 27 May 2026, 07:27:21"
2026-05-27T07:27:37.409013,5090,50280000,-0.017,0.012,-1.013,-3.641,0.305,-1.046,34.74,32.4732,-0.115,"32.4732,   -0.115, 27 May 2026, 07:27:31"
2026-05-27T07:27:47.418873,5091,50290000,-0.015,0.014,-1.006,-3.489,0.26,-1.046,34.74,32.4796,-0.114,"32.4796,   -0.114, 27 May 2026, 07:27:41"
2026-05-27T07:27:57.426515,5092,50300000,-0.014,0.01,-1.008,-3.481,0.527,-1.206,34.84,32.4736,-0.112,"32.4736,   -0.112, 27 May 2026, 07:27:51"
2026-05-27T07:28:07.302177,5093,50310000,-0.022,0.011,-1.006,-3.504,0.389,-1.099,34.79,32.4683,-0.112,"32.4683,   -0.112, 27 May 2026, 07:28:01"
2026-05-27T07:28:17.425964,5094,50320000,-0.014,0.014,-1.008,-3.412,0.29,-1.221,34.88,32.4674,-0.116,"32.4674,   -0.116, 27 May 2026, 07:28:11"
2026-05-27T07:28:27.356611,5095,50330000,-0.011,0.014,-1.011,-3.496,0.275,-1.244,34.84,32.4672,-0.113,"32.4672,   -0.113, 27 May 2026, 07:28:21"
2026-05-27T07:28:37.422831,5096,50340000,-0.013,0.01,-1.01,-3.542,0.366,-1.168,34.84,32.4682,-0.117,"32.4682,   -0.117, 27 May 2026, 07:28:31"
2026-05-27T07:28:47.426391,5097,50350000,-0.012,0.014,-1.008,-3.466,0.435,-1.206,34.74,32.4621,-0.113,"32.4621,   -0.113, 27 May 2026, 07:28:41"
2026-05-27T07:28:57.408029,5098,50360000,-0.013,0.013,-1.005,-3.466,0.29,-1.305,34.79,32.4568,-0.112,"32.4568,   -0.112, 27 May 2026, 07:28:51"
2026-05-27T07:29:07.291986,5099,50370000,-0.015,0.012,-1.017,-3.42,0.405,-1.008,34.84,32.4568,-0.11,"32.4568,   -0.110, 27 May 2026, 07:29:01"
2026-05-27T07:29:17.347695,5100,50380000,-0.014,0.018,-1.014,-3.405,0.405,-0.985,34.88,32.469,-0.116,"32.4690,   -0.116, 27 May 2026, 07:29:11"
2026-05-27T07:29:27.407666,5101,50390000,-0.017,0.012,-1.013,-3.519,0.427,-1.092,34.69,32.4682,-0.117,"32.4682,   -0.117, 27 May 2026, 07:29:21"
2026-05-27T07:29:37.418304,5102,50400000,-0.016,0.01,-1.004,-3.489,0.26,-1.008,34.79,32.4691,-0.111,"32.4691,   -0.111, 27 May 2026, 07:29:31"
2026-05-27T07:29:47.414690,5103,50410000,-0.017,0.011,-1.012,-3.473,0.267,-1.305,34.93,32.4731,-0.117,"32.4731,   -0.117, 27 May 2026, 07:29:41"
2026-05-27T07:29:57.407683,5104,50420000,-0.018,0.013,-1.009,-3.42,0.412,-1.053,34.79,32.4691,-0.116,"32.4691,   -0.116, 27 May 2026, 07:29:51"
2026-05-27T07:30:07.283665,5105,50430000,-0.016,0.018,-1.016,-3.489,0.244,-1.137,34.74,32.4613,-0.114,"32.4613,   -0.114, 27 May 2026, 07:30:01"
2026-05-27T07:30:17.405697,5106,50440000,-0.021,0.01,-1.017,-3.511,0.359,-1.26,34.84,32.4651,-0.113,"32.4651,   -0.113, 27 May 2026, 07:30:11"
2026-05-27T07:30:27.366217,5107,50450000,-0.014,0.014,-1.011,-3.58,0.351,-1.015,34.88,32.4704,-0.115,"32.4704,   -0.115, 27 May 2026, 07:30:21"
2026-05-27T07:30:37.407246,5108,50460000,-0.017,0.012,-1.012,-3.557,0.496,-1.092,34.79,32.4698,-0.118,"32.4698,   -0.118, 27 May 2026, 07:30:31"
2026-05-27T07:30:47.413321,5109,50470000,-0.007,0.014,-1.005,-3.443,0.298,-1.176,34.74,32.4658,-0.116,"32.4658,   -0.116, 27 May 2026, 07:30:41"
2026-05-27T07:30:57.407325,5110,50480000,-0.02,0.01,-1.021,-3.405,0.351,-1.191,34.74,32.4721,-0.114,"32.4721,   -0.114, 27 May 2026, 07:30:51"
2026-05-27T07:31:07.365231,5111,50490000,-0.019,0.015,-1.014,-3.412,0.389,-0.977,34.69,32.4791,-0.115,"32.4791,   -0.115, 27 May 2026, 07:31:01"
2026-05-27T07:31:17.348316,5112,50500000,-0.019,0.017,-1.006,-3.527,0.336,-1.122,34.79,32.4743,-0.113,"32.4743,   -0.113, 27 May 2026, 07:31:11"
2026-05-27T07:31:27.406829,5113,50510000,-0.014,0.01,-1.01,-3.565,0.183,-1.008,34.69,32.4678,-0.117,"32.4678,   -0.117, 27 May 2026, 07:31:21"
2026-05-27T07:31:37.368119,5114,50520000,-0.014,0.012,-1.011,-3.473,0.321,-1.107,34.88,32.4681,-0.113,"32.4681,   -0.113, 27 May 2026, 07:31:31"
2026-05-27T07:31:47.415753,5115,50530000,-0.013,0.008,-1.011,-3.618,0.328,-1.16,34.84,32.4675,-0.113,"32.4675,   -0.113, 27 May 2026, 07:31:41"
2026-05-27T07:31:57.366389,5116,50540000,-0.01,0.014,-1.006,-3.42,0.389,-1.084,34.79,32.4682,-0.113,"32.4682,   -0.113, 27 May 2026, 07:31:51"
2026-05-27T07:32:07.345295,5117,50550000,-0.015,0.012,-1.006,-3.511,0.42,-0.947,34.79,32.4691,-0.115,"32.4691,   -0.115, 27 May 2026, 07:32:01"
2026-05-27T07:32:17.405778,5118,50560000,-0.023,0.013,-1.018,-3.466,0.382,-1.206,34.84,32.4705,-0.114,"32.4705,   -0.114, 27 May 2026, 07:32:11"
2026-05-27T07:32:27.418771,5119,50570000,-0.019,0.026,-1.012,-3.481,0.382,-1.031,34.79,32.4668,-0.117,"32.4668,   -0.117, 27 May 2026, 07:32:21"
2026-05-27T07:32:37.413115,5120,50580000,-0.007,0.013,-1.011,-3.489,0.275,-0.878,34.79,32.4657,-0.116,"32.4657,   -0.116, 27 May 2026, 07:32:31"
2026-05-27T07:32:47.408104,5121,50590000,-0.015,0.014,-1.012,-3.695,0.321,-1.061,34.79,32.478,-0.115,"32.4780,   -0.115, 27 May 2026, 07:32:41"
2026-05-27T07:32:57.349292,5122,50600000,-0.013,0.018,-1.01,-3.427,0.328,-0.931,34.84,32.493,-0.113,"32.4930,   -0.113, 27 May 2026, 07:32:51"
2026-05-27T07:33:07.348307,5123,50610000,-0.017,0.019,-1.008,-3.382,0.336,-0.992,34.84,32.4894,-0.117,"32.4894,   -0.117, 27 May 2026, 07:33:01"
2026-05-27T07:33:17.426890,5124,50620000,-0.015,0.008,-1.008,-3.527,0.42,-0.954,34.79,32.4872,-0.114,"32.4872,   -0.114, 27 May 2026, 07:33:11"
2026-05-27T07:33:27.344060,5125,50630000,-0.014,0.015,-0.998,-3.519,0.298,-1.008,34.88,32.4873,-0.115,"32.4873,   -0.115, 27 May 2026, 07:33:21"
2026-05-27T07:33:37.409244,5126,50640000,-0.02,0.011,-1.007,-3.511,0.45,-1.069,34.74,32.4857,-0.113,"32.4857,   -0.113, 27 May 2026, 07:33:31"
2026-05-27T07:33:47.424663,5127,50650000,-0.012,0.012,-1.016,-3.496,0.397,-0.969,34.79,32.4904,-0.113,"32.4904,   -0.113, 27 May 2026, 07:33:41"
2026-05-27T07:33:57.415670,5128,50660000,-0.016,0.011,-1.005,-3.511,0.473,-1.137,34.74,32.4839,-0.117,"32.4839,   -0.117, 27 May 2026, 07:33:51"
2026-05-27T07:34:07.406763,5129,50670000,-0.017,0.014,-1.004,-3.565,0.282,-1.069,34.79,32.4865,-0.115,"32.4865,   -0.115, 27 May 2026, 07:34:01"
2026-05-27T07:34:17.412846,5130,50680000,-0.018,0.012,-1.009,-3.534,0.405,-1.061,34.74,32.4941,-0.113,"32.4941,   -0.113, 27 May 2026, 07:34:11"
2026-05-27T07:34:27.415687,5131,50690000,-0.011,0.011,-1.012,-3.557,0.412,-0.939,34.84,32.4935,-0.117,"32.4935,   -0.117, 27 May 2026, 07:34:21"
2026-05-27T07:34:37.418179,5132,50700000,-0.013,0.012,-1.011,-3.466,0.275,-1.092,34.74,32.4951,-0.116,"32.4951,   -0.116, 27 May 2026, 07:34:31"
2026-05-27T07:34:47.350492,5133,50710000,-0.014,0.01,-1.01,-3.603,0.466,-1.13,34.84,32.4911,-0.112,"32.4911,   -0.112, 27 May 2026, 07:34:41"
2026-05-27T07:34:57.407729,5134,50720000,-0.006,0.016,-1.011,-3.565,0.26,-1.122,34.74,32.4873,-0.112,"32.4873,   -0.112, 27 May 2026, 07:34:51"
2026-05-27T07:35:07.345118,5135,50730000,-0.008,0.016,-1.0,-3.412,0.443,-1.16,34.79,32.4881,-0.114,"32.4881,   -0.114, 27 May 2026, 07:35:01"
2026-05-27T07:35:17.356201,5136,50740000,-0.012,0.015,-1.003,-3.55,0.351,-1.137,34.79,32.4893,-0.117,"32.4893,   -0.117, 27 May 2026, 07:35:11"
2026-05-27T07:35:27.365572,5137,50750000,-0.018,0.013,-1.018,-3.519,0.511,-1.122,34.88,32.4921,-0.116,"32.4921,   -0.116, 27 May 2026, 07:35:21"
2026-05-27T07:35:37.348022,5138,50760000,-0.012,0.018,-1.015,-3.611,0.344,-1.046,34.88,32.485,-0.112,"32.4850,   -0.112, 27 May 2026, 07:35:31"
2026-05-27T07:35:47.407703,5139,50770000,-0.012,0.014,-1.021,-3.397,0.374,-1.053,34.79,32.4895,-0.117,"32.4895,   -0.117, 27 May 2026, 07:35:41"
2026-05-27T07:35:57.405464,5140,50780000,-0.019,0.011,-1.011,-3.557,0.244,-1.153,34.74,32.4899,-0.112,"32.4899,   -0.112, 27 May 2026, 07:35:51"
2026-05-27T07:36:07.363283,5141,50790000,-0.01,0.014,-1.01,-3.42,0.298,-1.336,34.84,32.4878,-0.114,"32.4878,   -0.114, 27 May 2026, 07:36:01"
2026-05-27T07:36:17.410844,5142,50800000,-0.006,0.01,-1.013,-3.588,0.466,-0.977,34.84,32.4829,-0.116,"32.4829,   -0.116, 27 May 2026, 07:36:11"
2026-05-27T07:36:27.407615,5143,50810000,-0.015,0.007,-1.015,-3.382,0.359,-1.13,34.79,32.4995,-0.117,"32.4995,   -0.117, 27 May 2026, 07:36:21"
2026-05-27T07:36:37.418925,5144,50820000,-0.019,0.01,-1.01,-3.58,0.443,-1.168,34.84,32.4985,-0.116,"32.4985,   -0.116, 27 May 2026, 07:36:31"
2026-05-27T07:36:47.354718,5145,50830000,-0.015,0.007,-1.017,-3.603,0.336,-1.252,34.88,32.4969,-0.114,"32.4969,   -0.114, 27 May 2026, 07:36:41"
2026-05-27T07:36:57.427482,5146,50840000,-0.018,0.009,-1.009,-3.466,0.366,-1.031,34.79,32.5007,-0.114,"32.5007,   -0.114, 27 May 2026, 07:36:51"
2026-05-27T07:37:07.424371,5147,50850000,-0.013,0.02,-1.014,-3.481,0.534,-1.031,34.74,32.4942,-0.117,"32.4942,   -0.117, 27 May 2026, 07:37:01"
2026-05-27T07:37:17.410188,5148,50860000,-0.015,0.01,-1.011,-3.443,0.305,-1.229,34.74,32.4928,-0.116,"32.4928,   -0.116, 27 May 2026, 07:37:11"
2026-05-27T07:37:27.415943,5149,50870000,-0.012,0.01,-1.011,-3.481,0.382,-1.13,34.84,32.4924,-0.113,"32.4924,   -0.113, 27 May 2026, 07:37:21"
2026-05-27T07:37:37.406047,5150,50880000,-0.013,0.014,-1.015,-3.481,0.313,-1.107,34.79,32.4956,-0.111,"32.4956,   -0.111, 27 May 2026, 07:37:31"
2026-05-27T07:37:47.411227,5151,50890000,-0.009,0.013,-1.012,-3.649,0.214,-1.145,34.84,32.5033,-0.115,"32.5033,   -0.115, 27 May 2026, 07:37:41"
2026-05-27T07:37:57.345133,5152,50900000,-0.015,0.012,-1.009,-3.534,0.252,-1.16,34.84,32.5048,-0.118,"32.5048,   -0.118, 27 May 2026, 07:37:51"
2026-05-27T07:38:07.348493,5153,50910000,-0.015,0.011,-1.01,-3.42,0.313,-1.137,34.74,32.5164,-0.115,"32.5164,   -0.115, 27 May 2026, 07:38:01"
2026-05-27T07:38:17.407519,5154,50920000,-0.012,0.015,-1.018,-3.511,0.328,-1.046,34.74,32.5258,-0.116,"32.5258,   -0.116, 27 May 2026, 07:38:11"
2026-05-27T07:38:27.415612,5155,50930000,-0.016,0.016,-1.016,-3.626,0.389,-1.229,34.79,32.5283,-0.113,"32.5283,   -0.113, 27 May 2026, 07:38:21"
2026-05-27T07:38:37.425075,5156,50940000,-0.015,0.014,-1.01,-3.466,0.244,-1.137,34.79,32.5244,-0.118,"32.5244,   -0.118, 27 May 2026, 07:38:31"
2026-05-27T07:38:47.347640,5157,50950000,-0.016,0.007,-1.012,-3.389,0.351,-1.13,34.79,32.5152,-0.113,"32.5152,   -0.113, 27 May 2026, 07:38:41"
2026-05-27T07:38:57.409304,5158,50960000,-0.017,0.015,-1.014,-3.542,0.29,-1.084,34.79,32.5066,-0.113,"32.5066,   -0.113, 27 May 2026, 07:38:51"
2026-05-27T07:39:07.407537,5159,50970000,-0.015,0.014,-1.005,-3.595,0.443,-1.038,34.93,32.4933,-0.114,"32.4933,   -0.114, 27 May 2026, 07:39:01"
2026-05-27T07:39:17.347591,5160,50980000,-0.011,0.013,-1.009,-3.542,0.374,-0.969,34.84,32.4984,-0.115,"32.4984,   -0.115, 27 May 2026, 07:39:11"
2026-05-27T07:39:27.407197,5161,50990000,-0.02,0.018,-1.014,-3.595,0.504,-1.069,34.88,32.4966,-0.113,"32.4966,   -0.113, 27 May 2026, 07:39:21"
2026-05-27T07:39:37.427990,5162,51000000,-0.015,0.012,-1.01,-3.603,0.336,-1.153,34.79,32.497,-0.113,"32.4970,   -0.113, 27 May 2026, 07:39:31"
2026-05-27T07:39:47.414153,5163,51010000,-0.014,0.011,-1.014,-3.473,0.359,-1.092,34.79,32.4923,-0.114,"32.4923,   -0.114, 27 May 2026, 07:39:41"
2026-05-27T07:39:57.426682,5164,51020000,-0.021,0.011,-1.018,-3.489,0.321,-1.191,34.84,32.4937,-0.114,"32.4937,   -0.114, 27 May 2026, 07:39:51"
2026-05-27T07:40:07.365646,5165,51030000,-0.016,0.018,-1.006,-3.473,0.298,-1.313,34.84,32.5006,-0.112,"32.5006,   -0.112, 27 May 2026, 07:40:01"
2026-05-27T07:40:17.414892,5166,51040000,-0.02,0.006,-1.012,-3.481,0.374,-1.115,34.79,32.5146,-0.115,"32.5146,   -0.115, 27 May 2026, 07:40:11"
2026-05-27T07:40:27.367657,5167,51050000,-0.013,0.014,-1.008,-3.634,0.458,-1.099,34.79,32.5227,-0.116,"32.5227,   -0.116, 27 May 2026, 07:40:21"
2026-05-27T07:40:37.428634,5168,51060000,-0.01,0.015,-1.019,-3.534,0.344,-1.031,34.79,32.5212,-0.116,"32.5212,   -0.116, 27 May 2026, 07:40:31"
2026-05-27T07:40:47.430679,5169,51070000,-0.012,0.01,-1.01,-3.542,0.374,-0.985,34.74,32.5228,-0.115,"32.5228,   -0.115, 27 May 2026, 07:40:41"
2026-05-27T07:40:57.412509,5170,51080000,-0.012,0.016,-1.01,-3.55,0.412,-1.183,34.84,32.5198,-0.115,"32.5198,   -0.115, 27 May 2026, 07:40:51"
2026-05-27T07:41:07.413297,5171,51090000,-0.01,0.015,-1.002,-3.435,0.29,-1.092,34.79,32.5191,-0.113,"32.5191,   -0.113, 27 May 2026, 07:41:01"
2026-05-27T07:41:17.366503,5172,51100000,-0.012,0.014,-1.013,-3.611,0.405,-1.191,34.74,32.5234,-0.114,"32.5234,   -0.114, 27 May 2026, 07:41:11"
2026-05-27T07:41:27.427401,5173,51110000,-0.017,0.011,-1.01,-3.45,0.336,-1.122,34.79,32.5305,-0.112,"32.5305,   -0.112, 27 May 2026, 07:41:21"
2026-05-27T07:41:37.406573,5174,51120000,-0.015,0.015,-1.014,-3.45,0.359,-1.015,34.84,32.5314,-0.112,"32.5314,   -0.112, 27 May 2026, 07:41:31"
2026-05-27T07:41:47.428272,5175,51130000,-0.015,0.015,-1.01,-3.55,0.443,-1.0,34.93,32.5402,-0.114,"32.5402,   -0.114, 27 May 2026, 07:41:41"
2026-05-27T07:41:57.426755,5176,51140000,-0.008,0.013,-1.01,-3.542,0.351,-0.878,34.88,32.545,-0.113,"32.5450,   -0.113, 27 May 2026, 07:41:51"
2026-05-27T07:42:07.353269,5177,51150000,-0.013,0.012,-1.011,-3.496,0.382,-0.947,34.74,32.5443,-0.115,"32.5443,   -0.115, 27 May 2026, 07:42:01"
2026-05-27T07:42:17.407586,5178,51160000,-0.01,0.013,-1.01,-3.359,0.435,-0.954,34.93,32.545,-0.115,"32.5450,   -0.115, 27 May 2026, 07:42:11"
2026-05-27T07:42:27.366897,5179,51170000,-0.01,0.012,-1.013,-3.542,0.267,-1.412,34.74,32.5327,-0.113,"32.5327,   -0.113, 27 May 2026, 07:42:21"
2026-05-27T07:42:37.348450,5180,51180000,-0.013,0.014,-1.016,-3.473,0.344,-1.0,34.69,32.5375,-0.114,"32.5375,   -0.114, 27 May 2026, 07:42:31"
2026-05-27T07:42:47.427693,5181,51190000,-0.02,0.012,-1.011,-3.519,0.366,-1.145,34.79,32.5409,-0.108,"32.5409,   -0.108, 27 May 2026, 07:42:41"
2026-05-27T07:42:57.408307,5182,51200000,-0.012,0.014,-1.012,-3.458,0.359,-1.115,34.84,32.5455,-0.117,"32.5455,   -0.117, 27 May 2026, 07:42:51"
2026-05-27T07:43:07.415259,5183,51210000,-0.015,0.016,-1.012,-3.511,0.397,-1.153,34.69,32.5483,-0.112,"32.5483,   -0.112, 27 May 2026, 07:43:01"
2026-05-27T07:43:17.426359,5184,51220000,-0.017,0.011,-1.015,-3.595,0.496,-1.176,34.84,32.5466,-0.112,"32.5466,   -0.112, 27 May 2026, 07:43:11"
2026-05-27T07:43:27.427750,5185,51230000,-0.013,0.015,-1.006,-3.595,0.328,-1.092,34.79,32.5537,-0.117,"32.5537,   -0.117, 27 May 2026, 07:43:21"
2026-05-27T07:43:37.407258,5186,51240000,-0.015,0.012,-1.009,-3.466,0.328,-1.198,34.79,32.5512,-0.114,"32.5512,   -0.114, 27 May 2026, 07:43:31"
2026-05-27T07:43:47.410991,5187,51250000,-0.016,0.013,-1.017,-3.679,0.389,-1.183,34.84,32.5499,-0.113,"32.5499,   -0.113, 27 May 2026, 07:43:41"
2026-05-27T07:43:57.412959,5188,51260000,-0.018,0.017,-1.019,-3.42,0.328,-1.168,34.88,32.5541,-0.113,"32.5541,   -0.113, 27 May 2026, 07:43:51"
2026-05-27T07:44:07.345073,5189,51270000,-0.019,0.016,-1.017,-3.542,0.427,-1.053,34.79,32.5605,-0.116,"32.5605,   -0.116, 27 May 2026, 07:44:01"
2026-05-27T07:44:17.468697,5190,51280000,-0.017,0.014,-1.0,-3.519,0.435,-1.183,34.74,32.5679,-0.112,"32.5679,   -0.112, 27 May 2026, 07:44:11"
2026-05-27T07:44:27.428234,5191,51290000,-0.014,0.013,-1.008,-3.634,0.389,-0.969,34.84,32.5665,-0.118,"32.5665,   -0.118, 27 May 2026, 07:44:21"
2026-05-27T07:44:37.423972,5192,51300000,-0.014,0.013,-1.004,-3.389,0.435,-1.008,34.84,32.5743,-0.116,"32.5743,   -0.116, 27 May 2026, 07:44:31"
2026-05-27T07:44:47.416928,5193,51310000,-0.013,0.018,-1.012,-3.618,0.42,-1.076,34.79,32.5785,-0.115,"32.5785,   -0.115, 27 May 2026, 07:44:41"
2026-05-27T07:44:57.427253,5194,51320000,-0.01,0.011,-1.006,-3.466,0.473,-1.16,34.74,32.5726,-0.11,"32.5726,   -0.110, 27 May 2026, 07:44:51"
2026-05-27T07:45:07.426621,5195,51330000,-0.018,0.011,-1.013,-3.382,0.42,-1.191,34.74,32.5785,-0.112,"32.5785,   -0.112, 27 May 2026, 07:45:01"
2026-05-27T07:45:17.426963,5196,51340000,-0.007,0.017,-1.011,-3.588,0.321,-1.16,34.84,32.5693,-0.111,"32.5693,   -0.111, 27 May 2026, 07:45:11"
2026-05-27T07:45:27.351245,5197,51350000,-0.01,0.012,-1.01,-3.389,0.496,-1.282,34.84,32.5631,-0.112,"32.5631,   -0.112, 27 May 2026, 07:45:21"
2026-05-27T07:45:37.429148,5198,51360000,-0.012,0.016,-1.014,-3.473,0.405,-0.954,34.84,32.5671,-0.114,"32.5671,   -0.114, 27 May 2026, 07:45:31"
2026-05-27T07:45:47.427794,5199,51370000,-0.02,0.011,-1.011,-3.443,0.458,-1.061,34.88,32.562,-0.116,"32.5620,   -0.116, 27 May 2026, 07:45:41"
2026-05-27T07:45:57.409659,5200,51380000,-0.012,0.011,-1.017,-3.557,0.321,-1.061,34.84,32.5544,-0.109,"32.5544,   -0.109, 27 May 2026, 07:45:51"
2026-05-27T07:46:07.348432,5201,51390000,-0.011,0.015,-1.0,-3.473,0.221,-1.237,34.84,32.5581,-0.113,"32.5581,   -0.113, 27 May 2026, 07:46:01"
2026-05-27T07:46:17.426736,5202,51400000,-0.018,0.009,-1.012,-3.489,0.405,-1.107,34.79,32.5561,-0.113,"32.5561,   -0.113, 27 May 2026, 07:46:11"
2026-05-27T07:46:27.407491,5203,51410000,-0.012,0.01,-1.005,-3.389,0.275,-1.031,34.79,32.558,-0.113,"32.5580,   -0.113, 27 May 2026, 07:46:21"
2026-05-27T07:46:37.410486,5204,51420000,-0.011,0.015,-1.017,-3.511,0.366,-1.115,34.88,32.551,-0.114,"32.5510,   -0.114, 27 May 2026, 07:46:31"
2026-05-27T07:46:47.426385,5205,51430000,-0.019,0.01,-1.014,-3.534,0.267,-1.084,34.74,32.5436,-0.111,"32.5436,   -0.111, 27 May 2026, 07:46:41"
2026-05-27T07:46:57.356643,5206,51440000,-0.016,0.018,-1.008,-3.435,0.13,-1.252,34.84,32.544,-0.114,"32.5440,   -0.114, 27 May 2026, 07:46:51"
2026-05-27T07:47:07.413471,5207,51450000,-0.018,0.008,-0.995,-3.466,0.427,-1.084,34.88,32.5595,-0.113,"32.5595,   -0.113, 27 May 2026, 07:47:01"
2026-05-27T07:47:17.426231,5208,51460000,-0.02,0.016,-1.006,-3.42,0.321,-0.901,34.93,32.5577,-0.113,"32.5577,   -0.113, 27 May 2026, 07:47:11"
2026-05-27T07:47:27.368058,5209,51470000,-0.019,0.015,-1.011,-3.45,0.481,-1.168,34.88,32.5554,-0.115,"32.5554,   -0.115, 27 May 2026, 07:47:21"
2026-05-27T07:47:37.424137,5210,51480000,-0.014,0.014,-1.005,-3.489,0.313,-1.084,34.84,32.5501,-0.114,"32.5501,   -0.114, 27 May 2026, 07:47:31"
2026-05-27T07:47:47.362504,5211,51490000,-0.017,0.014,-1.014,-3.481,0.336,-1.092,34.88,32.5385,-0.109,"32.5385,   -0.109, 27 May 2026, 07:47:41"
2026-05-27T07:47:57.360844,5212,51500000,-0.019,0.01,-1.014,-3.458,0.389,-0.954,34.84,32.5491,-0.113,"32.5491,   -0.113, 27 May 2026, 07:47:51"
2026-05-27T07:48:07.407641,5213,51510000,-0.014,0.014,-1.009,-3.366,0.305,-0.939,34.88,32.5581,-0.113,"32.5581,   -0.113, 27 May 2026, 07:48:01"
2026-05-27T07:48:17.351181,5214,51520000,-0.018,0.011,-1.013,-3.397,0.267,-0.87,34.98,32.5624,-0.116,"32.5624,   -0.116, 27 May 2026, 07:48:11"
2026-05-27T07:48:27.411520,5215,51530000,-0.016,0.016,-1.003,-3.664,0.229,-1.122,34.88,32.5673,-0.116,"32.5673,   -0.116, 27 May 2026, 07:48:21"
2026-05-27T07:48:37.346236,5216,51540000,-0.021,0.017,-1.008,-3.573,0.389,-1.13,34.88,32.5762,-0.115,"32.5762,   -0.115, 27 May 2026, 07:48:31"
2026-05-27T07:48:47.368037,5217,51550000,-0.012,0.013,-1.008,-3.527,0.397,-0.969,34.84,32.5838,-0.114,"32.5838,   -0.114, 27 May 2026, 07:48:41"
2026-05-27T07:48:57.426584,5218,51560000,-0.017,0.01,-1.008,-3.527,0.237,-0.939,34.84,32.58,-0.116,"32.5800,   -0.116, 27 May 2026, 07:48:51"
2026-05-27T07:49:07.424636,5219,51570000,-0.015,0.012,-1.011,-3.45,0.504,-1.038,34.84,32.5784,-0.115,"32.5784,   -0.115, 27 May 2026, 07:49:01"
2026-05-27T07:49:17.346020,5220,51580000,-0.02,0.013,-1.01,-3.511,0.351,-1.115,34.88,32.5739,-0.116,"32.5739,   -0.116, 27 May 2026, 07:49:11"
2026-05-27T07:49:27.427465,5221,51590000,-0.018,0.021,-1.009,-3.55,0.366,-1.099,34.74,32.5819,-0.112,"32.5819,   -0.112, 27 May 2026, 07:49:21"
2026-05-27T07:49:37.347642,5222,51600000,-0.014,0.018,-1.013,-3.397,0.321,-1.153,34.84,32.5842,-0.112,"32.5842,   -0.112, 27 May 2026, 07:49:31"
2026-05-27T07:49:47.408011,5223,51610000,-0.017,0.016,-1.018,-3.473,0.427,-1.092,34.93,32.575,-0.112,"32.5750,   -0.112, 27 May 2026, 07:49:41"
2026-05-27T07:49:57.424585,5224,51620000,-0.01,0.014,-1.012,-3.511,0.405,-0.977,34.84,32.5774,-0.112,"32.5774,   -0.112, 27 May 2026, 07:49:51"
2026-05-27T07:50:07.424284,5225,51630000,-0.012,0.015,-1.007,-3.511,0.443,-1.023,34.84,32.5656,-0.114,"32.5656,   -0.114, 27 May 2026, 07:50:01"
2026-05-27T07:50:17.361045,5226,51640000,-0.017,0.017,-1.014,-3.481,0.351,-1.229,34.84,32.5658,-0.114,"32.5658,   -0.114, 27 May 2026, 07:50:11"
2026-05-27T07:50:27.426794,5227,51650000,-0.016,0.015,-1.008,-3.542,0.344,-1.198,34.88,32.5752,-0.114,"32.5752,   -0.114, 27 May 2026, 07:50:21"
2026-05-27T07:50:37.347350,5228,51660000,-0.007,0.013,-1.01,-3.504,0.198,-1.084,34.84,32.5644,-0.115,"32.5644,   -0.115, 27 May 2026, 07:50:31"
2026-05-27T07:50:47.427869,5229,51670000,-0.017,0.019,-1.006,-3.412,0.29,-1.092,34.88,32.5631,-0.115,"32.5631,   -0.115, 27 May 2026, 07:50:41"
2026-05-27T07:50:57.427379,5230,51680000,-0.017,0.017,-1.007,-3.542,0.412,-1.0,34.88,32.5717,-0.113,"32.5717,   -0.113, 27 May 2026, 07:50:51"
2026-05-27T07:51:07.410130,5231,51690000,-0.012,0.011,-1.013,-3.634,0.313,-0.901,34.93,32.5744,-0.115,"32.5744,   -0.115, 27 May 2026, 07:51:01"
2026-05-27T07:51:17.407044,5232,51700000,-0.017,0.01,-1.004,-3.542,0.42,-0.931,34.84,32.5807,-0.11,"32.5807,   -0.110, 27 May 2026, 07:51:11"
2026-05-27T07:51:27.427583,5233,51710000,-0.013,0.013,-1.015,-3.473,0.626,-1.053,34.84,32.579,-0.114,"32.5790,   -0.114, 27 May 2026, 07:51:21"
2026-05-27T07:51:37.415961,5234,51720000,-0.01,0.017,-1.013,-3.542,0.405,-1.076,34.79,32.5711,-0.116,"32.5711,   -0.116, 27 May 2026, 07:51:31"
2026-05-27T07:51:47.407725,5235,51730000,-0.016,0.011,-1.012,-3.496,0.427,-1.084,34.79,32.573,-0.112,"32.5730,   -0.112, 27 May 2026, 07:51:41"
2026-05-27T07:51:57.415745,5236,51740000,-0.009,0.011,-1.009,-3.443,0.466,-1.069,34.79,32.5692,-0.113,"32.5692,   -0.113, 27 May 2026, 07:51:51"
2026-05-27T07:52:07.423914,5237,51750000,-0.011,0.019,-1.005,-3.496,0.214,-1.061,34.88,32.5846,-0.112,"32.5846,   -0.112, 27 May 2026, 07:52:01"
2026-05-27T07:52:17.428282,5238,51760000,-0.014,0.012,-1.013,-3.573,0.496,-0.947,34.79,32.5874,-0.115,"32.5874,   -0.115, 27 May 2026, 07:52:11"
2026-05-27T07:52:27.407525,5239,51770000,-0.015,0.013,-1.011,-3.481,0.427,-1.061,34.84,32.5794,-0.118,"32.5794,   -0.118, 27 May 2026, 07:52:21"
2026-05-27T07:52:37.369682,5240,51780000,-0.012,0.01,-1.003,-3.466,0.412,-1.092,34.88,32.5728,-0.115,"32.5728,   -0.115, 27 May 2026, 07:52:31"
2026-05-27T07:52:47.429101,5241,51790000,-0.012,0.01,-1.018,-3.496,0.351,-1.145,34.88,32.5742,-0.112,"32.5742,   -0.112, 27 May 2026, 07:52:41"
2026-05-27T07:52:57.347902,5242,51800000,-0.02,0.007,-1.013,-3.405,0.466,-1.069,34.93,32.5816,-0.112,"32.5816,   -0.112, 27 May 2026, 07:52:51"
2026-05-27T07:53:07.424708,5243,51810000,-0.015,0.013,-1.015,-3.511,0.366,-1.153,34.84,32.5949,-0.113,"32.5949,   -0.113, 27 May 2026, 07:53:01"
2026-05-27T07:53:17.347791,5244,51820000,-0.014,0.013,-1.009,-3.641,0.298,-1.099,34.74,32.5936,-0.112,"32.5936,   -0.112, 27 May 2026, 07:53:11"
2026-05-27T07:53:27.427658,5245,51830000,-0.013,0.015,-1.019,-3.473,0.305,-1.038,34.88,32.6028,-0.117,"32.6028,   -0.117, 27 May 2026, 07:53:21"
2026-05-27T07:53:37.407468,5246,51840000,-0.02,0.012,-1.011,-3.29,0.221,-1.015,34.84,32.5979,-0.117,"32.5979,   -0.117, 27 May 2026, 07:53:31"
2026-05-27T07:53:47.356581,5247,51850000,-0.013,0.012,-1.015,-3.45,0.519,-1.267,34.79,32.6037,-0.113,"32.6037,   -0.113, 27 May 2026, 07:53:41"
2026-05-27T07:53:57.407733,5248,51860000,-0.014,0.013,-1.009,-3.489,0.321,-1.023,34.98,32.6028,-0.114,"32.6028,   -0.114, 27 May 2026, 07:53:51"
2026-05-27T07:54:07.424599,5249,51870000,-0.017,0.016,-1.016,-3.511,0.321,-1.137,34.84,32.6143,-0.11,"32.6143,   -0.110, 27 May 2026, 07:54:01"
2026-05-27T07:54:17.408612,5250,51880000,-0.006,0.013,-1.007,-3.458,0.466,-1.008,34.88,32.614,-0.115,"32.6140,   -0.115, 27 May 2026, 07:54:11"
2026-05-27T07:54:27.419103,5251,51890000,-0.013,0.01,-1.009,-3.443,0.206,-1.008,34.88,32.6063,-0.116,"32.6063,   -0.116, 27 May 2026, 07:54:21"
2026-05-27T07:54:37.407504,5252,51900000,-0.013,0.013,-1.01,-3.366,0.336,-1.122,34.93,32.6096,-0.113,"32.6096,   -0.113, 27 May 2026, 07:54:31"
2026-05-27T07:54:47.347475,5253,51910000,-0.012,0.012,-1.013,-3.45,0.336,-1.023,34.88,32.6119,-0.111,"32.6119,   -0.111, 27 May 2026, 07:54:41"
2026-05-27T07:54:57.347561,5254,51920000,-0.01,0.009,-1.015,-3.595,0.244,-0.931,34.88,32.6162,-0.114,"32.6162,   -0.114, 27 May 2026, 07:54:51"
2026-05-27T07:55:07.345328,5255,51930000,-0.012,0.014,-1.022,-3.45,0.542,-1.084,34.79,32.6231,-0.115,"32.6231,   -0.115, 27 May 2026, 07:55:01"
2026-05-27T07:55:17.419113,5256,51940000,-0.017,0.015,-1.014,-3.58,0.176,-1.237,34.93,32.6183,-0.114,"32.6183,   -0.114, 27 May 2026, 07:55:11"
2026-05-27T07:55:27.407770,5257,51950000,-0.014,0.01,-1.007,-3.527,0.412,-1.183,34.84,32.6248,-0.112,"32.6248,   -0.112, 27 May 2026, 07:55:21"
2026-05-27T07:55:37.407221,5258,51960000,-0.012,0.014,-1.011,-3.496,0.496,-1.107,34.88,32.6324,-0.113,"32.6324,   -0.113, 27 May 2026, 07:55:31"
2026-05-27T07:55:47.407212,5259,51970000,-0.018,0.012,-1.016,-3.473,0.244,-1.031,34.98,32.632,-0.116,"32.6320,   -0.116, 27 May 2026, 07:55:41"
2026-05-27T07:55:57.426310,5260,51980000,-0.015,0.011,-1.015,-3.542,0.214,-1.099,34.88,32.6381,-0.112,"32.6381,   -0.112, 27 May 2026, 07:55:51"
2026-05-27T07:56:07.351182,5261,51990000,-0.012,0.014,-1.014,-3.542,0.374,-1.046,34.93,32.6277,-0.116,"32.6277,   -0.116, 27 May 2026, 07:56:01"
2026-05-27T07:56:17.420229,5262,52000000,-0.017,0.012,-1.015,-3.511,0.229,-1.122,34.84,32.6298,-0.114,"32.6298,   -0.114, 27 May 2026, 07:56:11"
2026-05-27T07:56:27.406256,5263,52010000,-0.015,0.015,-1.016,-3.504,0.267,-1.008,34.88,32.6276,-0.112,"32.6276,   -0.112, 27 May 2026, 07:56:21"
2026-05-27T07:56:37.410450,5264,52020000,-0.014,0.013,-0.999,-3.481,0.221,-1.153,34.79,32.6273,-0.116,"32.6273,   -0.116, 27 May 2026, 07:56:31"
2026-05-27T07:56:47.405537,5265,52030000,-0.015,0.009,-1.017,-3.473,0.397,-1.16,34.84,32.6195,-0.116,"32.6195,   -0.116, 27 May 2026, 07:56:41"
2026-05-27T07:56:57.407598,5266,52040000,-0.018,0.014,-1.007,-3.435,0.183,-1.099,34.88,32.6269,-0.116,"32.6269,   -0.116, 27 May 2026, 07:56:51"
2026-05-27T07:57:07.407676,5267,52050000,-0.012,0.01,-0.999,-3.527,0.328,-1.145,34.84,32.6271,-0.117,"32.6271,   -0.117, 27 May 2026, 07:57:01"
2026-05-27T07:57:17.407902,5268,52060000,-0.009,0.019,-1.017,-3.427,0.389,-1.046,34.93,32.6226,-0.113,"32.6226,   -0.113, 27 May 2026, 07:57:11"
2026-05-27T07:57:27.405339,5269,52070000,-0.014,0.014,-1.01,-3.573,0.267,-1.069,34.88,32.6255,-0.114,"32.6255,   -0.114, 27 May 2026, 07:57:21"
2026-05-27T07:57:37.404745,5270,52080000,-0.008,0.016,-1.012,-3.328,0.29,-1.13,34.88,32.6341,-0.114,"32.6341,   -0.114, 27 May 2026, 07:57:31"
2026-05-27T07:57:47.417160,5271,52090000,-0.017,0.011,-1.013,-3.611,0.382,-1.084,34.84,32.6266,-0.112,"32.6266,   -0.112, 27 May 2026, 07:57:41"
2026-05-27T07:57:57.461292,5272,52100000,-0.009,0.011,-1.012,-3.466,0.198,-1.168,34.79,32.6341,-0.113,"32.6341,   -0.113, 27 May 2026, 07:57:51"
2026-05-27T07:58:07.417012,5273,52110000,-0.015,0.013,-1.017,-3.42,0.336,-1.137,34.84,32.6352,-0.114,"32.6352,   -0.114, 27 May 2026, 07:58:01"
2026-05-27T07:58:17.420652,5274,52120000,-0.014,0.017,-1.009,-3.481,0.397,-1.122,34.74,32.6287,-0.114,"32.6287,   -0.114, 27 May 2026, 07:58:11"
2026-05-27T07:58:27.427988,5275,52130000,-0.02,0.01,-1.008,-3.557,0.221,-1.053,34.93,32.6187,-0.113,"32.6187,   -0.113, 27 May 2026, 07:58:21"
2026-05-27T07:58:37.415701,5276,52140000,-0.013,0.013,-1.028,-3.481,0.382,-1.183,34.93,32.6252,-0.114,"32.6252,   -0.114, 27 May 2026, 07:58:31"
2026-05-27T07:58:47.427544,5277,52150000,-0.018,0.01,-1.013,-3.489,0.366,-0.794,34.79,32.6212,-0.115,"32.6212,   -0.115, 27 May 2026, 07:58:41"
2026-05-27T07:58:57.427433,5278,52160000,-0.016,0.011,-1.01,-3.55,0.351,-1.13,34.88,32.6239,-0.115,"32.6239,   -0.115, 27 May 2026, 07:58:51"
2026-05-27T07:59:07.407560,5279,52170000,-0.014,0.014,-1.017,-3.267,0.321,-1.084,34.84,32.6207,-0.112,"32.6207,   -0.112, 27 May 2026, 07:59:01"
2026-05-27T07:59:17.421901,5280,52180000,-0.011,0.01,-1.018,-3.45,0.397,-1.16,34.84,32.6117,-0.114,"32.6117,   -0.114, 27 May 2026, 07:59:11"
2026-05-27T07:59:27.425215,5281,52190000,-0.015,0.009,-1.007,-3.405,0.412,-1.145,34.93,32.6102,-0.114,"32.6102,   -0.114, 27 May 2026, 07:59:21"
2026-05-27T07:59:37.410780,5282,52200000,-0.013,0.012,-1.018,-3.405,0.237,-1.26,34.93,32.6124,-0.111,"32.6124,   -0.111, 27 May 2026, 07:59:31"
2026-05-27T07:59:47.427860,5283,52210000,-0.014,0.013,-1.009,-3.496,0.466,-1.092,34.93,32.6117,-0.114,"32.6117,   -0.114, 27 May 2026, 07:59:41"
2026-05-27T07:59:57.413118,5284,52220000,-0.017,0.012,-1.005,-3.382,0.351,-1.092,34.93,32.6125,-0.112,"32.6125,   -0.112, 27 May 2026, 07:59:51"
2026-05-27T08:00:07.359435,5285,52230000,-0.017,0.017,-1.006,-3.58,0.351,-1.031,34.84,32.6189,-0.115,"32.6189,   -0.115, 27 May 2026, 08:00:01"
2026-05-27T08:00:17.414348,5286,52240000,-0.014,0.01,-1.01,-3.595,0.336,-1.16,34.84,32.6235,-0.114,"32.6235,   -0.114, 27 May 2026, 08:00:11"
2026-05-27T08:00:27.428206,5287,52250000,-0.016,0.009,-1.007,-3.473,0.397,-1.221,34.93,32.6144,-0.115,"32.6144,   -0.115, 27 May 2026, 08:00:21"
2026-05-27T08:00:37.408994,5288,52260000,-0.017,0.017,-1.014,-3.405,0.351,-0.924,34.88,32.6148,-0.112,"32.6148,   -0.112, 27 May 2026, 08:00:31"
2026-05-27T08:00:47.426956,5289,52270000,-0.01,0.014,-1.018,-3.397,0.351,-1.16,34.88,32.6243,-0.112,"32.6243,   -0.112, 27 May 2026, 08:00:41"
2026-05-27T08:00:57.410371,5290,52280000,-0.013,0.011,-1.013,-3.473,0.321,-1.008,34.84,32.629,-0.114,"32.6290,   -0.114, 27 May 2026, 08:00:51"
2026-05-27T08:01:07.346290,5291,52290000,-0.015,0.013,-1.008,-3.344,0.366,-0.893,34.93,32.6302,-0.117,"32.6302,   -0.117, 27 May 2026, 08:01:01"
2026-05-27T08:01:17.406042,5292,52300000,-0.014,0.01,-1.008,-3.321,0.45,-1.053,34.79,32.6214,-0.116,"32.6214,   -0.116, 27 May 2026, 08:01:11"
2026-05-27T08:01:27.426291,5293,52310000,-0.007,0.015,-1.012,-3.481,0.412,-1.008,34.98,32.6127,-0.115,"32.6127,   -0.115, 27 May 2026, 08:01:21"
2026-05-27T08:01:37.425478,5294,52320000,-0.011,0.011,-1.01,-3.695,0.45,-1.076,34.93,32.6086,-0.114,"32.6086,   -0.114, 27 May 2026, 08:01:31"
2026-05-27T08:01:47.348431,5295,52330000,-0.021,0.011,-1.018,-3.611,0.527,-1.191,34.88,32.6166,-0.115,"32.6166,   -0.115, 27 May 2026, 08:01:41"
2026-05-27T08:01:57.408911,5296,52340000,-0.012,0.016,-1.013,-3.55,0.214,-1.153,34.93,32.6204,-0.116,"32.6204,   -0.116, 27 May 2026, 08:01:51"
2026-05-27T08:02:07.424595,5297,52350000,-0.018,0.01,-1.016,-3.511,0.29,-1.153,34.88,32.6169,-0.115,"32.6169,   -0.115, 27 May 2026, 08:02:01"
2026-05-27T08:02:17.409728,5298,52360000,-0.018,0.015,-1.008,-3.466,0.351,-0.977,34.84,32.6283,-0.113,"32.6283,   -0.113, 27 May 2026, 08:02:11"
2026-05-27T08:02:27.352039,5299,52370000,-0.016,0.012,-1.022,-3.618,0.443,-1.183,34.93,32.6334,-0.113,"32.6334,   -0.113, 27 May 2026, 08:02:21"
2026-05-27T08:02:37.421871,5300,52380000,-0.015,0.011,-1.007,-3.534,0.397,-1.137,35.02,32.6252,-0.116,"32.6252,   -0.116, 27 May 2026, 08:02:31"
2026-05-27T08:02:47.427099,5301,52390000,-0.02,0.011,-1.011,-3.672,0.336,-1.206,34.98,32.6221,-0.116,"32.6221,   -0.116, 27 May 2026, 08:02:41"
2026-05-27T08:02:57.345533,5302,52400000,-0.017,0.009,-1.022,-3.519,0.458,-1.084,34.84,32.624,-0.116,"32.6240,   -0.116, 27 May 2026, 08:02:51"
2026-05-27T08:03:07.410419,5303,52410000,-0.009,0.011,-1.004,-3.504,0.29,-1.115,34.79,32.6229,-0.115,"32.6229,   -0.115, 27 May 2026, 08:03:01"
2026-05-27T08:03:17.417489,5304,52420000,-0.013,0.014,-1.008,-3.511,0.427,-1.069,34.88,32.6263,-0.115,"32.6263,   -0.115, 27 May 2026, 08:03:11"
2026-05-27T08:03:27.356985,5305,52430000,-0.018,0.014,-1.008,-3.687,0.26,-1.084,34.88,32.6271,-0.117,"32.6271,   -0.117, 27 May 2026, 08:03:21"
2026-05-27T08:03:37.412845,5306,52440000,-0.01,0.015,-1.008,-3.45,0.389,-1.244,34.93,32.6397,-0.115,"32.6397,   -0.115, 27 May 2026, 08:03:31"
2026-05-27T08:03:47.368363,5307,52450000,-0.013,0.015,-1.013,-3.542,0.42,-1.13,34.88,32.644,-0.113,"32.6440,   -0.113, 27 May 2026, 08:03:41"
2026-05-27T08:03:57.367391,5308,52460000,-0.015,0.011,-1.011,-3.351,0.29,-1.084,34.84,32.635,-0.115,"32.6350,   -0.115, 27 May 2026, 08:03:51"
2026-05-27T08:04:07.407731,5309,52470000,-0.009,0.012,-1.013,-3.565,0.298,-0.924,34.98,32.6355,-0.115,"32.6355,   -0.115, 27 May 2026, 08:04:01"
2026-05-27T08:04:17.408671,5310,52480000,-0.01,0.01,-1.016,-3.534,0.267,-1.015,34.84,32.6281,-0.117,"32.6281,   -0.117, 27 May 2026, 08:04:11"
2026-05-27T08:04:27.426432,5311,52490000,-0.014,0.018,-1.012,-3.527,0.298,-1.0,34.88,32.6301,-0.116,"32.6301,   -0.116, 27 May 2026, 08:04:21"
2026-05-27T08:04:37.415602,5312,52500000,-0.017,0.009,-1.009,-3.481,0.42,-1.061,34.88,32.6397,-0.113,"32.6397,   -0.113, 27 May 2026, 08:04:31"
2026-05-27T08:04:47.429121,5313,52510000,-0.013,0.015,-1.011,-3.435,0.458,-0.924,34.98,32.6436,-0.115,"32.6436,   -0.115, 27 May 2026, 08:04:41"
2026-05-27T08:04:57.423195,5314,52520000,-0.011,0.02,-1.007,-3.427,0.496,-1.053,34.93,32.6514,-0.116,"32.6514,   -0.116, 27 May 2026, 08:04:51"
2026-05-27T08:05:07.426737,5315,52530000,-0.016,0.011,-1.012,-3.427,0.519,-1.344,34.93,32.6483,-0.114,"32.6483,   -0.114, 27 May 2026, 08:05:01"
2026-05-27T08:05:17.429130,5316,52540000,-0.017,0.016,-1.01,-3.504,0.305,-1.092,34.79,32.6485,-0.117,"32.6485,   -0.117, 27 May 2026, 08:05:11"
2026-05-27T08:05:27.427048,5317,52550000,-0.015,0.02,-1.005,-3.466,0.305,-1.076,34.84,32.6521,-0.111,"32.6521,   -0.111, 27 May 2026, 08:05:21"
2026-05-27T08:05:37.425209,5318,52560000,-0.011,0.015,-1.01,-3.504,0.366,-0.954,34.79,32.6566,-0.111,"32.6566,   -0.111, 27 May 2026, 08:05:31"
2026-05-27T08:05:47.368972,5319,52570000,-0.016,0.012,-1.012,-3.458,0.359,-0.962,34.93,32.659,-0.114,"32.6590,   -0.114, 27 May 2026, 08:05:41"
2026-05-27T08:05:57.428036,5320,52580000,-0.016,0.01,-1.005,-3.405,0.313,-1.099,34.88,32.6575,-0.118,"32.6575,   -0.118, 27 May 2026, 08:05:51"
2026-05-27T08:06:07.352262,5321,52590000,-0.012,0.011,-1.005,-3.496,0.29,-1.122,34.84,32.66,-0.115,"32.6600,   -0.115, 27 May 2026, 08:06:01"
2026-05-27T08:06:17.368691,5322,52600000,-0.011,0.012,-1.011,-3.458,0.282,-1.115,35.02,32.6646,-0.111,"32.6646,   -0.111, 27 May 2026, 08:06:11"
2026-05-27T08:06:27.356828,5323,52610000,-0.015,0.013,-1.017,-3.573,0.321,-1.16,34.88,32.6701,-0.114,"32.6701,   -0.114, 27 May 2026, 08:06:21"
2026-05-27T08:06:37.411247,5324,52620000,-0.007,0.013,-1.013,-3.42,0.382,-1.023,34.93,32.6736,-0.118,"32.6736,   -0.118, 27 May 2026, 08:06:31"
2026-05-27T08:06:47.427304,5325,52630000,-0.013,0.01,-1.009,-3.489,0.481,-1.092,34.93,32.6729,-0.114,"32.6729,   -0.114, 27 May 2026, 08:06:41"
2026-05-27T08:06:57.367479,5326,52640000,-0.017,0.01,-1.015,-3.466,0.489,-1.191,34.88,32.6653,-0.112,"32.6653,   -0.112, 27 May 2026, 08:06:51"
2026-05-27T08:07:07.408764,5327,52650000,-0.013,0.011,-1.017,-3.527,0.374,-1.084,34.88,32.6678,-0.116,"32.6678,   -0.116, 27 May 2026, 08:07:01"
2026-05-27T08:07:17.427837,5328,52660000,-0.008,0.014,-1.02,-3.374,0.366,-1.237,34.93,32.6671,-0.116,"32.6671,   -0.116, 27 May 2026, 08:07:11"
2026-05-27T08:07:27.413388,5329,52670000,-0.015,0.016,-1.008,-3.534,0.42,-0.985,34.98,32.668,-0.112,"32.6680,   -0.112, 27 May 2026, 08:07:21"
2026-05-27T08:07:37.408581,5330,52680000,-0.018,0.018,-1.007,-3.397,0.412,-1.198,34.93,32.6678,-0.112,"32.6678,   -0.112, 27 May 2026, 08:07:31"
2026-05-27T08:07:47.368362,5331,52690000,-0.018,0.012,-1.015,-3.511,0.26,-1.168,34.98,32.6621,-0.113,"32.6621,   -0.113, 27 May 2026, 08:07:41"
2026-05-27T08:07:57.427599,5332,52700000,-0.017,0.013,-1.018,-3.519,0.374,-1.038,35.02,32.6563,-0.118,"32.6563,   -0.118, 27 May 2026, 08:07:51"
2026-05-27T08:08:07.407736,5333,52710000,-0.016,0.017,-1.006,-3.412,0.427,-1.206,34.88,32.6631,-0.116,"32.6631,   -0.116, 27 May 2026, 08:08:01"
2026-05-27T08:08:17.356642,5334,52720000,-0.014,0.013,-1.013,-3.359,0.374,-0.931,34.93,32.6624,-0.116,"32.6624,   -0.116, 27 May 2026, 08:08:11"
2026-05-27T08:08:27.409074,5335,52730000,-0.018,0.01,-1.015,-3.496,0.282,-1.115,34.84,32.6571,-0.114,"32.6571,   -0.114, 27 May 2026, 08:08:21"
2026-05-27T08:08:37.416668,5336,52740000,-0.018,0.013,-1.013,-3.527,0.366,-1.023,34.98,32.6654,-0.115,"32.6654,   -0.115, 27 May 2026, 08:08:31"
2026-05-27T08:08:47.369553,5337,52750000,-0.014,0.007,-1.013,-3.458,0.435,-1.069,35.02,32.6655,-0.114,"32.6655,   -0.114, 27 May 2026, 08:08:41"
2026-05-27T08:08:57.416084,5338,52760000,-0.016,0.013,-1.014,-3.519,0.275,-1.031,34.88,32.6676,-0.118,"32.6676,   -0.118, 27 May 2026, 08:08:51"
2026-05-27T08:09:07.424273,5339,52770000,-0.02,0.007,-1.01,-3.466,0.298,-1.206,34.84,32.6644,-0.114,"32.6644,   -0.114, 27 May 2026, 08:09:01"
2026-05-27T08:09:17.367825,5340,52780000,-0.015,0.011,-1.023,-3.397,0.183,-0.977,34.93,32.6565,-0.117,"32.6565,   -0.117, 27 May 2026, 08:09:11"
2026-05-27T08:09:27.408297,5341,52790000,-0.016,0.012,-1.011,-3.634,0.305,-1.321,34.84,32.6561,-0.114,"32.6561,   -0.114, 27 May 2026, 08:09:21"
2026-05-27T08:09:37.424474,5342,52800000,-0.012,0.01,-1.012,-3.412,0.275,-1.244,34.93,32.6578,-0.113,"32.6578,   -0.113, 27 May 2026, 08:09:31"
2026-05-27T08:09:47.357265,5343,52810000,-0.016,0.018,-1.012,-3.305,0.244,-1.015,34.88,32.66,-0.11,"32.6600,   -0.110, 27 May 2026, 08:09:41"
2026-05-27T08:09:57.429191,5344,52820000,-0.015,0.017,-1.009,-3.55,0.26,-1.137,34.98,32.6755,-0.116,"32.6755,   -0.116, 27 May 2026, 08:09:51"
2026-05-27T08:10:07.407871,5345,52830000,-0.018,0.02,-1.008,-3.427,0.374,-1.176,34.93,32.6723,-0.114,"32.6723,   -0.114, 27 May 2026, 08:10:01"
2026-05-27T08:10:17.428881,5346,52840000,-0.021,0.015,-1.015,-3.435,0.435,-0.992,34.93,32.6713,-0.113,"32.6713,   -0.113, 27 May 2026, 08:10:11"
2026-05-27T08:10:27.428636,5347,52850000,-0.018,0.015,-1.014,-3.473,0.366,-0.992,34.84,32.6718,-0.114,"32.6718,   -0.114, 27 May 2026, 08:10:21"
2026-05-27T08:10:37.407425,5348,52860000,-0.015,0.014,-1.016,-3.58,0.275,-1.031,34.84,32.6708,-0.115,"32.6708,   -0.115, 27 May 2026, 08:10:31"
2026-05-27T08:10:47.423068,5349,52870000,-0.016,0.015,-1.011,-3.412,0.45,-0.954,34.84,32.68,-0.114,"32.6800,   -0.114, 27 May 2026, 08:10:41"
2026-05-27T08:10:57.427582,5350,52880000,-0.018,0.014,-1.012,-3.573,0.374,-1.26,34.84,32.6802,-0.115,"32.6802,   -0.115, 27 May 2026, 08:10:51"
2026-05-27T08:11:07.414004,5351,52890000,-0.019,0.008,-1.015,-3.55,0.298,-1.176,34.98,32.6768,-0.114,"32.6768,   -0.114, 27 May 2026, 08:11:01"
2026-05-27T08:11:17.427247,5352,52900000,-0.01,0.013,-1.013,-3.588,0.351,-1.13,34.93,32.68,-0.114,"32.6800,   -0.114, 27 May 2026, 08:11:11"
2026-05-27T08:11:27.407705,5353,52910000,-0.017,0.009,-1.012,-3.618,0.427,-0.977,34.88,32.6713,-0.114,"32.6713,   -0.114, 27 May 2026, 08:11:21"
2026-05-27T08:11:37.425555,5354,52920000,-0.01,0.019,-1.016,-3.55,0.435,-1.214,34.84,32.6617,-0.113,"32.6617,   -0.113, 27 May 2026, 08:11:31"
2026-05-27T08:11:47.449222,5355,52930000,-0.005,0.015,-1.005,-3.458,0.137,-0.954,34.93,32.6661,-0.116,"32.6661,   -0.116, 27 May 2026, 08:11:41"
2026-05-27T08:11:57.416894,5356,52940000,-0.014,0.01,-1.018,-3.534,0.427,-1.107,34.98,32.661,-0.113,"32.6610,   -0.113, 27 May 2026, 08:11:51"
2026-05-27T08:12:07.416272,5357,52950000,-0.011,0.019,-1.008,-3.573,0.336,-1.069,34.93,32.6762,-0.116,"32.6762,   -0.116, 27 May 2026, 08:12:01"
2026-05-27T08:12:17.409334,5358,52960000,-0.014,0.012,-1.012,-3.321,0.45,-1.153,34.93,32.6799,-0.113,"32.6799,   -0.113, 27 May 2026, 08:12:11"
2026-05-27T08:12:27.404772,5359,52970000,-0.018,0.015,-1.0,-3.618,0.366,-1.122,34.93,32.6744,-0.116,"32.6744,   -0.116, 27 May 2026, 08:12:21"
2026-05-27T08:12:37.426242,5360,52980000,-0.018,0.017,-1.011,-3.382,0.267,-1.229,34.93,32.676,-0.114,"32.6760,   -0.114, 27 May 2026, 08:12:31"
2026-05-27T08:12:47.408242,5361,52990000,-0.015,0.011,-1.005,-3.511,0.42,-0.969,34.93,32.6749,-0.113,"32.6749,   -0.113, 27 May 2026, 08:12:41"
2026-05-27T08:12:57.408920,5362,53000000,-0.017,0.018,-1.011,-3.45,0.374,-1.092,34.84,32.6677,-0.118,"32.6677,   -0.118, 27 May 2026, 08:12:51"
2026-05-27T08:13:07.407741,5363,53010000,-0.013,0.016,-1.013,-3.412,0.275,-1.031,34.88,32.6696,-0.112,"32.6696,   -0.112, 27 May 2026, 08:13:01"
2026-05-27T08:13:17.427526,5364,53020000,-0.02,0.016,-1.008,-3.42,0.221,-1.099,34.84,32.6784,-0.114,"32.6784,   -0.114, 27 May 2026, 08:13:11"
2026-05-27T08:13:27.408061,5365,53030000,-0.016,0.011,-1.018,-3.527,0.198,-1.023,34.98,32.6723,-0.113,"32.6723,   -0.113, 27 May 2026, 08:13:21"
2026-05-27T08:13:37.404832,5366,53040000,-0.023,0.012,-1.008,-3.656,0.26,-1.092,35.02,32.6731,-0.121,"32.6731,   -0.121, 27 May 2026, 08:13:31"
2026-05-27T08:13:47.415278,5367,53050000,-0.015,0.014,-1.01,-3.397,0.252,-0.863,34.93,32.6755,-0.112,"32.6755,   -0.112, 27 May 2026, 08:13:41"
2026-05-27T08:13:57.407742,5368,53060000,-0.013,0.014,-1.013,-3.504,0.397,-1.321,34.98,32.6868,-0.114,"32.6868,   -0.114, 27 May 2026, 08:13:51"
2026-05-27T08:14:07.427164,5369,53070000,-0.014,0.01,-1.012,-3.504,0.305,-1.351,34.88,32.6897,-0.116,"32.6897,   -0.116, 27 May 2026, 08:14:01"
2026-05-27T08:14:17.427743,5370,53080000,-0.019,0.009,-1.013,-3.527,0.527,-0.924,34.88,32.6935,-0.114,"32.6935,   -0.114, 27 May 2026, 08:14:11"
2026-05-27T08:14:27.408353,5371,53090000,-0.015,0.011,-1.015,-3.58,0.374,-1.145,34.84,32.6893,-0.117,"32.6893,   -0.117, 27 May 2026, 08:14:21"
2026-05-27T08:14:37.405587,5372,53100000,-0.007,0.018,-1.016,-3.481,0.427,-1.053,34.93,32.6922,-0.117,"32.6922,   -0.117, 27 May 2026, 08:14:31"
2026-05-27T08:14:47.427483,5373,53110000,-0.016,0.013,-1.012,-3.374,0.366,-0.977,34.88,32.6801,-0.115,"32.6801,   -0.115, 27 May 2026, 08:14:41"
2026-05-27T08:14:57.408448,5374,53120000,-0.011,0.017,-1.017,-3.611,0.244,-1.168,34.88,32.6788,-0.116,"32.6788,   -0.116, 27 May 2026, 08:14:51"
2026-05-27T08:15:07.425327,5375,53130000,-0.019,0.009,-1.026,-3.382,0.336,-1.191,34.88,32.6801,-0.111,"32.6801,   -0.111, 27 May 2026, 08:15:01"
2026-05-27T08:15:17.411029,5376,53140000,-0.014,0.013,-1.007,-3.519,0.221,-0.908,34.98,32.6866,-0.111,"32.6866,   -0.111, 27 May 2026, 08:15:11"
2026-05-27T08:15:27.419955,5377,53150000,-0.015,0.011,-1.011,-3.489,0.305,-1.069,34.93,32.6965,-0.114,"32.6965,   -0.114, 27 May 2026, 08:15:21"
2026-05-27T08:15:37.429578,5378,53160000,-0.013,0.013,-1.004,-3.527,0.244,-0.985,34.98,32.709,-0.112,"32.7090,   -0.112, 27 May 2026, 08:15:31"
2026-05-27T08:15:47.429484,5379,53170000,-0.018,0.013,-1.011,-3.458,0.321,-1.153,34.93,32.6997,-0.114,"32.6997,   -0.114, 27 May 2026, 08:15:41"
2026-05-27T08:15:57.427248,5380,53180000,-0.012,0.014,-1.008,-3.344,0.282,-1.183,35.02,32.7038,-0.113,"32.7038,   -0.113, 27 May 2026, 08:15:51"
2026-05-27T08:16:07.425216,5381,53190000,-0.01,0.012,-1.008,-3.481,0.313,-1.168,34.93,32.7004,-0.112,"32.7004,   -0.112, 27 May 2026, 08:16:01"
2026-05-27T08:16:17.428059,5382,53200000,-0.019,0.012,-1.012,-3.58,0.458,-1.008,34.98,32.6974,-0.116,"32.6974,   -0.116, 27 May 2026, 08:16:11"
2026-05-27T08:16:27.407758,5383,53210000,-0.016,0.016,-1.015,-3.55,0.366,-1.237,35.07,32.7076,-0.115,"32.7076,   -0.115, 27 May 2026, 08:16:21"
2026-05-27T08:16:37.424471,5384,53220000,-0.015,0.014,-1.02,-3.466,0.382,-1.137,34.98,32.6967,-0.115,"32.6967,   -0.115, 27 May 2026, 08:16:31"
2026-05-27T08:16:47.411271,5385,53230000,-0.019,0.015,-1.0,-3.634,0.435,-1.107,34.84,32.6924,-0.114,"32.6924,   -0.114, 27 May 2026, 08:16:41"
2026-05-27T08:16:57.407777,5386,53240000,-0.01,0.018,-1.015,-3.634,0.191,-1.115,34.98,32.6854,-0.11,"32.6854,   -0.110, 27 May 2026, 08:16:51"
2026-05-27T08:17:07.425037,5387,53250000,-0.02,0.014,-1.006,-3.489,0.321,-1.115,34.88,32.6881,-0.114,"32.6881,   -0.114, 27 May 2026, 08:17:01"
2026-05-27T08:17:17.428382,5388,53260000,-0.018,0.015,-1.013,-3.58,0.466,-1.092,35.07,32.6823,-0.114,"32.6823,   -0.114, 27 May 2026, 08:17:11"
2026-05-27T08:17:27.413043,5389,53270000,-0.012,0.011,-1.008,-3.534,0.336,-1.214,34.98,32.681,-0.116,"32.6810,   -0.116, 27 May 2026, 08:17:21"
2026-05-27T08:17:37.421578,5390,53280000,-0.018,0.011,-1.015,-3.565,0.489,-1.046,35.02,32.6913,-0.118,"32.6913,   -0.118, 27 May 2026, 08:17:31"
2026-05-27T08:17:47.429357,5391,53290000,-0.016,0.014,-1.006,-3.443,0.359,-1.229,34.93,32.6954,-0.114,"32.6954,   -0.114, 27 May 2026, 08:17:41"
2026-05-27T08:17:57.407773,5392,53300000,-0.01,0.011,-1.017,-3.618,0.344,-1.206,35.02,32.6965,-0.117,"32.6965,   -0.117, 27 May 2026, 08:17:51"
2026-05-27T08:18:07.411199,5393,53310000,-0.015,0.014,-1.008,-3.427,0.328,-1.053,34.98,32.7018,-0.114,"32.7018,   -0.114, 27 May 2026, 08:18:01"
2026-05-27T08:18:17.415447,5394,53320000,-0.006,0.012,-1.018,-3.527,0.366,-1.122,34.98,32.7059,-0.113,"32.7059,   -0.113, 27 May 2026, 08:18:11"
2026-05-27T08:18:27.405250,5395,53330000,-0.012,0.012,-1.011,-3.588,0.397,-1.092,34.98,32.6984,-0.116,"32.6984,   -0.116, 27 May 2026, 08:18:21"
2026-05-27T08:18:37.407716,5396,53340000,-0.008,0.017,-1.011,-3.389,0.229,-1.206,34.93,32.6866,-0.111,"32.6866,   -0.111, 27 May 2026, 08:18:31"
2026-05-27T08:18:47.411871,5397,53350000,-0.015,0.016,-1.011,-3.481,0.252,-1.137,34.98,32.689,-0.115,"32.6890,   -0.115, 27 May 2026, 08:18:41"
2026-05-27T08:18:57.408349,5398,53360000,-0.012,0.013,-1.007,-3.519,0.489,-1.122,34.93,32.6909,-0.117,"32.6909,   -0.117, 27 May 2026, 08:18:51"
2026-05-27T08:19:07.424400,5399,53370000,-0.018,0.013,-1.006,-3.489,0.405,-1.198,34.93,32.6805,-0.112,"32.6805,   -0.112, 27 May 2026, 08:19:01"
2026-05-27T08:19:17.408493,5400,53380000,-0.017,0.009,-1.017,-3.511,0.351,-1.237,34.88,32.6801,-0.113,"32.6801,   -0.113, 27 May 2026, 08:19:11"
2026-05-27T08:19:27.429664,5401,53390000,-0.014,0.01,-1.02,-3.55,0.313,-1.153,34.98,32.6893,-0.114,"32.6893,   -0.114, 27 May 2026, 08:19:21"
2026-05-27T08:19:37.424398,5402,53400000,-0.017,0.012,-1.015,-3.557,0.366,-1.191,34.98,32.6845,-0.11,"32.6845,   -0.110, 27 May 2026, 08:19:31"
2026-05-27T08:19:47.412556,5403,53410000,-0.022,0.017,-1.014,-3.45,0.061,-1.061,34.88,32.6923,-0.115,"32.6923,   -0.115, 27 May 2026, 08:19:41"
2026-05-27T08:19:57.439795,5404,53420000,-0.013,0.009,-1.015,-3.664,0.489,-1.176,34.93,32.6976,-0.114,"32.6976,   -0.114, 27 May 2026, 08:19:51"
2026-05-27T08:20:07.425489,5405,53430000,-0.015,0.01,-1.009,-3.565,0.374,-1.183,34.84,32.7033,-0.115,"32.7033,   -0.115, 27 May 2026, 08:20:01"
2026-05-27T08:20:17.429364,5406,53440000,-0.013,0.013,-1.006,-3.603,0.29,-1.122,34.88,32.7101,-0.115,"32.7101,   -0.115, 27 May 2026, 08:20:11"
2026-05-27T08:20:27.408075,5407,53450000,-0.009,0.015,-1.012,-3.481,0.405,-1.176,34.88,32.7187,-0.11,"32.7187,   -0.110, 27 May 2026, 08:20:21"
2026-05-27T08:20:37.419158,5408,53460000,-0.011,0.009,-1.007,-3.489,0.305,-1.206,35.02,32.7213,-0.115,"32.7213,   -0.115, 27 May 2026, 08:20:31"
2026-05-27T08:20:47.426027,5409,53470000,-0.016,0.017,-1.012,-3.588,0.473,-1.122,35.02,32.7144,-0.115,"32.7144,   -0.115, 27 May 2026, 08:20:41"
2026-05-27T08:20:57.416780,5410,53480000,-0.012,0.013,-1.017,-3.389,0.534,-1.153,34.93,32.7172,-0.114,"32.7172,   -0.114, 27 May 2026, 08:20:51"
2026-05-27T08:21:07.407864,5411,53490000,-0.013,0.012,-1.005,-3.45,0.336,-1.084,34.98,32.7192,-0.113,"32.7192,   -0.113, 27 May 2026, 08:21:01"
2026-05-27T08:21:17.416367,5412,53500000,-0.018,0.013,-1.009,-3.504,0.366,-1.122,34.93,32.7058,-0.113,"32.7058,   -0.113, 27 May 2026, 08:21:11"
2026-05-27T08:21:27.412318,5413,53510000,-0.012,0.013,-1.013,-3.42,0.336,-1.298,35.07,32.7039,-0.116,"32.7039,   -0.116, 27 May 2026, 08:21:21"
2026-05-27T08:21:37.415914,5414,53520000,-0.017,0.014,-1.015,-3.489,0.313,-1.031,34.93,32.6923,-0.116,"32.6923,   -0.116, 27 May 2026, 08:21:31"
2026-05-27T08:21:47.410430,5415,53530000,-0.022,0.009,-1.009,-3.496,0.183,-1.061,35.02,32.6806,-0.112,"32.6806,   -0.112, 27 May 2026, 08:21:41"
2026-05-27T08:21:57.410352,5416,53540000,-0.013,0.009,-1.013,-3.374,0.435,-1.16,34.98,32.686,-0.113,"32.6860,   -0.113, 27 May 2026, 08:21:51"
2026-05-27T08:22:07.412862,5417,53550000,-0.016,0.015,-1.012,-3.412,0.519,-1.16,34.98,32.6993,-0.115,"32.6993,   -0.115, 27 May 2026, 08:22:01"
2026-05-27T08:22:17.406861,5418,53560000,-0.016,0.013,-1.015,-3.534,0.351,-1.046,34.93,32.6967,-0.113,"32.6967,   -0.113, 27 May 2026, 08:22:11"
2026-05-27T08:22:27.427698,5419,53570000,-0.02,0.014,-1.008,-3.481,0.359,-1.038,34.93,32.7007,-0.114,"32.7007,   -0.114, 27 May 2026, 08:22:21"
2026-05-27T08:22:37.416366,5420,53580000,-0.019,0.016,-1.013,-3.626,0.382,-1.122,34.93,32.7058,-0.11,"32.7058,   -0.110, 27 May 2026, 08:22:31"
2026-05-27T08:22:47.420638,5421,53590000,-0.013,0.015,-1.006,-3.481,0.237,-1.099,34.98,32.7102,-0.115,"32.7102,   -0.115, 27 May 2026, 08:22:41"
2026-05-27T08:22:57.490800,5422,53600000,-0.013,0.012,-1.022,-3.489,0.313,-1.038,34.93,32.7066,-0.115,"32.7066,   -0.115, 27 May 2026, 08:22:51"
2026-05-27T08:23:07.424475,5423,53610000,-0.013,0.013,-1.01,-3.534,0.351,-1.031,34.98,32.7174,-0.117,"32.7174,   -0.117, 27 May 2026, 08:23:01"
2026-05-27T08:23:17.411221,5424,53620000,-0.017,0.011,-1.013,-3.466,0.321,-1.084,34.98,32.7154,-0.115,"32.7154,   -0.115, 27 May 2026, 08:23:11"
2026-05-27T08:23:27.416947,5425,53630000,-0.01,0.013,-1.013,-3.611,0.359,-1.122,34.88,32.7074,-0.113,"32.7074,   -0.113, 27 May 2026, 08:23:21"
2026-05-27T08:23:37.424994,5426,53640000,-0.012,0.01,-1.017,-3.435,0.282,-1.168,34.93,32.7214,-0.114,"32.7214,   -0.114, 27 May 2026, 08:23:31"
2026-05-27T08:23:47.428893,5427,53650000,-0.014,0.014,-1.016,-3.496,0.443,-1.153,35.02,32.7219,-0.114,"32.7219,   -0.114, 27 May 2026, 08:23:41"
2026-05-27T08:23:57.409800,5428,53660000,-0.018,0.018,-1.01,-3.489,0.168,-1.069,34.88,32.7115,-0.114,"32.7115,   -0.114, 27 May 2026, 08:23:51"
2026-05-27T08:24:07.416403,5429,53670000,-0.015,0.015,-1.018,-3.573,0.298,-1.0,35.02,32.7126,-0.112,"32.7126,   -0.112, 27 May 2026, 08:24:01"
2026-05-27T08:24:17.408716,5430,53680000,-0.015,0.013,-1.013,-3.527,0.366,-1.13,34.98,32.7226,-0.112,"32.7226,   -0.112, 27 May 2026, 08:24:11"
2026-05-27T08:24:27.406252,5431,53690000,-0.019,0.01,-1.001,-3.443,0.435,-1.038,35.02,32.7274,-0.112,"32.7274,   -0.112, 27 May 2026, 08:24:21"
2026-05-27T08:24:37.416290,5432,53700000,-0.011,0.011,-1.011,-3.443,0.489,-1.176,35.02,32.7239,-0.112,"32.7239,   -0.112, 27 May 2026, 08:24:31"
2026-05-27T08:24:47.408648,5433,53710000,-0.012,0.02,-1.01,-3.489,0.473,-1.069,34.93,32.7339,-0.115,"32.7339,   -0.115, 27 May 2026, 08:24:41"
2026-05-27T08:24:57.428194,5434,53720000,-0.016,0.012,-1.017,-3.42,0.519,-1.076,34.93,32.7321,-0.107,"32.7321,   -0.107, 27 May 2026, 08:24:51"
2026-05-27T08:25:07.408292,5435,53730000,-0.018,0.017,-1.01,-3.435,0.313,-1.053,34.93,32.7249,-0.11,"32.7249,   -0.110, 27 May 2026, 08:25:01"
2026-05-27T08:25:17.408295,5436,53740000,-0.016,0.015,-1.007,-3.58,0.45,-1.168,34.93,32.7164,-0.113,"32.7164,   -0.113, 27 May 2026, 08:25:11"
2026-05-27T08:25:27.429068,5437,53750000,-0.02,0.016,-1.011,-3.466,0.168,-1.13,34.98,32.7148,-0.111,"32.7148,   -0.111, 27 May 2026, 08:25:21"
2026-05-27T08:25:37.428702,5438,53760000,-0.012,0.018,-1.019,-3.466,0.443,-1.282,34.98,32.7112,-0.112,"32.7112,   -0.112, 27 May 2026, 08:25:31"
2026-05-27T08:25:47.410470,5439,53770000,-0.01,0.015,-1.01,-3.359,0.496,-1.023,34.93,32.7165,-0.115,"32.7165,   -0.115, 27 May 2026, 08:25:41"
2026-05-27T08:25:57.411058,5440,53780000,-0.008,0.013,-1.011,-3.374,0.405,-1.153,35.02,32.7291,-0.111,"32.7291,   -0.111, 27 May 2026, 08:25:51"
2026-05-27T08:26:07.407630,5441,53790000,-0.016,0.008,-1.004,-3.542,0.26,-1.084,34.93,32.7402,-0.109,"32.7402,   -0.109, 27 May 2026, 08:26:01"
2026-05-27T08:26:17.409535,5442,53800000,-0.012,0.011,-1.014,-3.359,0.328,-1.198,34.98,32.7415,-0.113,"32.7415,   -0.113, 27 May 2026, 08:26:11"
2026-05-27T08:26:27.405627,5443,53810000,-0.017,0.013,-1.01,-3.405,0.473,-1.145,34.88,32.7406,-0.114,"32.7406,   -0.114, 27 May 2026, 08:26:21"
2026-05-27T08:26:37.424346,5444,53820000,-0.014,0.013,-1.009,-3.588,0.366,-1.061,34.93,32.7478,-0.112,"32.7478,   -0.112, 27 May 2026, 08:26:31"
2026-05-27T08:26:47.408822,5445,53830000,-0.015,0.014,-1.016,-3.481,0.351,-1.015,34.93,32.7538,-0.113,"32.7538,   -0.113, 27 May 2026, 08:26:41"
2026-05-27T08:26:57.427948,5446,53840000,-0.021,0.011,-1.013,-3.626,0.397,-0.985,35.02,32.7508,-0.111,"32.7508,   -0.111, 27 May 2026, 08:26:51"
2026-05-27T08:27:07.428702,5447,53850000,-0.014,0.011,-1.004,-3.366,0.336,-1.13,35.02,32.7636,-0.111,"32.7636,   -0.111, 27 May 2026, 08:27:01"
2026-05-27T08:27:17.407599,5448,53860000,-0.015,0.011,-1.013,-3.443,0.29,-1.099,35.02,32.7637,-0.114,"32.7637,   -0.114, 27 May 2026, 08:27:11"
2026-05-27T08:27:27.413516,5449,53870000,-0.016,0.015,-1.017,-3.412,0.344,-1.023,35.02,32.7565,-0.114,"32.7565,   -0.114, 27 May 2026, 08:27:21"
2026-05-27T08:27:37.424920,5450,53880000,-0.016,0.012,-1.011,-3.496,0.321,-0.931,34.98,32.7528,-0.116,"32.7528,   -0.116, 27 May 2026, 08:27:31"
2026-05-27T08:27:47.428379,5451,53890000,-0.011,0.01,-1.01,-3.595,0.321,-1.122,35.02,32.7513,-0.114,"32.7513,   -0.114, 27 May 2026, 08:27:41"
2026-05-27T08:27:57.425607,5452,53900000,-0.018,0.01,-1.017,-3.458,0.344,-1.061,35.02,32.7516,-0.115,"32.7516,   -0.115, 27 May 2026, 08:27:51"
2026-05-27T08:28:07.415180,5453,53910000,-0.016,0.01,-1.009,-3.443,0.198,-0.947,34.93,32.747,-0.113,"32.7470,   -0.113, 27 May 2026, 08:28:01"
2026-05-27T08:28:17.406841,5454,53920000,-0.02,0.013,-1.009,-3.504,0.237,-1.115,35.07,32.7513,-0.112,"32.7513,   -0.112, 27 May 2026, 08:28:11"
2026-05-27T08:28:27.409478,5455,53930000,-0.017,0.013,-1.008,-3.55,0.527,-0.985,34.93,32.7426,-0.116,"32.7426,   -0.116, 27 May 2026, 08:28:21"
2026-05-27T08:28:37.406599,5456,53940000,-0.015,0.015,-1.016,-3.45,0.275,-1.122,34.93,32.7295,-0.115,"32.7295,   -0.115, 27 May 2026, 08:28:31"
2026-05-27T08:28:47.428313,5457,53950000,-0.016,0.015,-1.0,-3.405,0.344,-1.046,34.98,32.7191,-0.115,"32.7191,   -0.115, 27 May 2026, 08:28:41"
2026-05-27T08:28:57.408794,5458,53960000,-0.018,0.016,-1.008,-3.458,0.282,-1.053,34.93,32.7209,-0.114,"32.7209,   -0.114, 27 May 2026, 08:28:51"
2026-05-27T08:29:07.419340,5459,53970000,-0.021,0.009,-1.008,-3.351,0.382,-0.992,34.88,32.7207,-0.11,"32.7207,   -0.110, 27 May 2026, 08:29:01"
2026-05-27T08:29:17.428169,5460,53980000,-0.014,0.015,-1.009,-3.489,0.374,-0.947,34.88,32.7139,-0.111,"32.7139,   -0.111, 27 May 2026, 08:29:11"
2026-05-27T08:29:27.409783,5461,53990000,-0.014,0.012,-1.006,-3.557,0.511,-1.229,34.98,32.7142,-0.114,"32.7142,   -0.114, 27 May 2026, 08:29:21"
2026-05-27T08:29:37.429575,5462,54000000,-0.019,0.017,-1.017,-3.511,0.252,-1.153,34.93,32.7211,-0.111,"32.7211,   -0.111, 27 May 2026, 08:29:31"
2026-05-27T08:29:47.428602,5463,54010000,-0.012,0.013,-1.019,-3.519,0.344,-1.122,34.93,32.7305,-0.112,"32.7305,   -0.112, 27 May 2026, 08:29:41"
2026-05-27T08:29:57.411072,5464,54020000,-0.011,0.01,-1.009,-3.366,0.443,-1.092,35.02,32.7306,-0.114,"32.7306,   -0.114, 27 May 2026, 08:29:51"
2026-05-27T08:30:07.406914,5465,54030000,-0.016,0.01,-1.013,-3.626,0.397,-1.145,34.98,32.7282,-0.115,"32.7282,   -0.115, 27 May 2026, 08:30:01"
2026-05-27T08:30:17.417496,5466,54040000,-0.015,0.019,-1.013,-3.473,0.389,-1.145,35.02,32.7285,-0.11,"32.7285,   -0.110, 27 May 2026, 08:30:11"
2026-05-27T08:30:27.411247,5467,54050000,-0.012,0.016,-1.014,-3.435,0.214,-1.252,34.98,32.7402,-0.112,"32.7402,   -0.112, 27 May 2026, 08:30:21"
2026-05-27T08:30:37.409948,5468,54060000,-0.019,0.015,-1.015,-3.588,0.275,-1.061,34.98,32.752,-0.112,"32.7520,   -0.112, 27 May 2026, 08:30:31"
2026-05-27T08:30:47.416290,5469,54070000,-0.013,0.01,-1.021,-3.542,0.298,-1.198,35.02,32.7569,-0.113,"32.7569,   -0.113, 27 May 2026, 08:30:41"
2026-05-27T08:30:57.415264,5470,54080000,-0.013,0.015,-1.011,-3.466,0.389,-1.107,35.02,32.7478,-0.11,"32.7478,   -0.110, 27 May 2026, 08:30:51"
2026-05-27T08:31:07.425294,5471,54090000,-0.014,0.012,-1.007,-3.511,0.359,-1.069,34.93,32.7546,-0.111,"32.7546,   -0.111, 27 May 2026, 08:31:01"
2026-05-27T08:31:17.406885,5472,54100000,-0.012,0.011,-1.018,-3.382,0.443,-0.901,34.98,32.7528,-0.114,"32.7528,   -0.114, 27 May 2026, 08:31:11"
2026-05-27T08:31:27.417891,5473,54110000,-0.021,0.013,-1.007,-3.405,0.466,-1.092,35.12,32.7428,-0.11,"32.7428,   -0.110, 27 May 2026, 08:31:21"
2026-05-27T08:31:37.410817,5474,54120000,-0.017,0.015,-1.001,-3.573,0.29,-1.031,34.98,32.734,-0.111,"32.7340,   -0.111, 27 May 2026, 08:31:31"
2026-05-27T08:31:47.417223,5475,54130000,-0.018,0.011,-1.016,-3.534,0.29,-1.29,34.98,32.7267,-0.112,"32.7267,   -0.112, 27 May 2026, 08:31:41"
2026-05-27T08:31:57.427568,5476,54140000,-0.014,0.01,-1.027,-3.55,0.397,-0.977,34.98,32.7451,-0.111,"32.7451,   -0.111, 27 May 2026, 08:31:51"
2026-05-27T08:32:07.420182,5477,54150000,-0.015,0.014,-1.013,-3.435,0.496,-1.298,34.93,32.7614,-0.115,"32.7614,   -0.115, 27 May 2026, 08:32:01"
2026-05-27T08:32:17.407958,5478,54160000,-0.011,0.012,-1.003,-3.382,0.313,-1.13,34.93,32.7556,-0.111,"32.7556,   -0.111, 27 May 2026, 08:32:11"
2026-05-27T08:32:27.429496,5479,54170000,-0.011,0.01,-1.017,-3.45,0.26,-1.107,35.02,32.7495,-0.112,"32.7495,   -0.112, 27 May 2026, 08:32:21"
2026-05-27T08:32:37.408111,5480,54180000,-0.01,0.019,-1.007,-3.511,0.351,-1.29,35.02,32.7611,-0.116,"32.7611,   -0.116, 27 May 2026, 08:32:31"
2026-05-27T08:32:47.405361,5481,54190000,-0.014,0.019,-1.004,-3.489,0.267,-1.13,34.98,32.7625,-0.114,"32.7625,   -0.114, 27 May 2026, 08:32:41"
2026-05-27T08:32:57.408546,5482,54200000,-0.013,0.016,-1.008,-3.557,0.351,-1.031,35.12,32.7654,-0.112,"32.7654,   -0.112, 27 May 2026, 08:32:51"
2026-05-27T08:33:07.408348,5483,54210000,-0.02,0.011,-1.012,-3.527,0.412,-0.985,35.02,32.7612,-0.116,"32.7612,   -0.116, 27 May 2026, 08:33:01"
2026-05-27T08:33:17.429409,5484,54220000,-0.014,0.014,-1.008,-3.489,0.397,-1.053,35.02,32.7531,-0.111,"32.7531,   -0.111, 27 May 2026, 08:33:11"
2026-05-27T08:33:27.426332,5485,54230000,-0.018,0.009,-1.013,-3.595,0.267,-1.13,34.98,32.7537,-0.111,"32.7537,   -0.111, 27 May 2026, 08:33:21"
2026-05-27T08:33:37.408951,5486,54240000,-0.022,0.01,-1.009,-3.458,0.244,-1.16,34.93,32.7667,-0.114,"32.7667,   -0.114, 27 May 2026, 08:33:31"
2026-05-27T08:33:47.412362,5487,54250000,-0.01,0.016,-1.007,-3.443,0.336,-1.076,34.98,32.7699,-0.115,"32.7699,   -0.115, 27 May 2026, 08:33:41"
2026-05-27T08:33:57.409286,5488,54260000,-0.014,0.016,-1.011,-3.496,0.282,-1.153,34.98,32.7751,-0.112,"32.7751,   -0.112, 27 May 2026, 08:33:51"
2026-05-27T08:34:07.416893,5489,54270000,-0.018,0.011,-1.016,-3.389,0.351,-1.115,34.98,32.777,-0.119,"32.7770,   -0.119, 27 May 2026, 08:34:01"
2026-05-27T08:34:17.405050,5490,54280000,-0.013,0.013,-1.006,-3.359,0.183,-1.168,35.07,32.7753,-0.115,"32.7753,   -0.115, 27 May 2026, 08:34:11"
2026-05-27T08:34:27.412789,5491,54290000,-0.018,0.008,-1.012,-3.58,0.282,-1.183,34.88,32.7735,-0.111,"32.7735,   -0.111, 27 May 2026, 08:34:21"
2026-05-27T08:34:37.406593,5492,54300000,-0.015,0.014,-1.016,-3.542,0.534,-1.237,35.07,32.7882,-0.111,"32.7882,   -0.111, 27 May 2026, 08:34:31"
2026-05-27T08:34:47.408413,5493,54310000,-0.011,0.015,-1.013,-3.511,0.282,-1.198,35.02,32.78,-0.113,"32.7800,   -0.113, 27 May 2026, 08:34:41"
2026-05-27T08:34:57.407710,5494,54320000,-0.011,0.013,-1.01,-3.634,0.435,-1.069,35.02,32.7828,-0.114,"32.7828,   -0.114, 27 May 2026, 08:34:51"
2026-05-27T08:35:07.410655,5495,54330000,-0.018,0.011,-1.009,-3.473,0.366,-1.13,34.98,32.7838,-0.11,"32.7838,   -0.110, 27 May 2026, 08:35:01"
2026-05-27T08:35:17.427687,5496,54340000,-0.019,0.017,-1.02,-3.389,0.244,-1.26,34.93,32.7914,-0.115,"32.7914,   -0.115, 27 May 2026, 08:35:11"
2026-05-27T08:35:27.406996,5497,54350000,-0.019,0.011,-1.01,-3.435,0.313,-1.0,34.98,32.789,-0.113,"32.7890,   -0.113, 27 May 2026, 08:35:21"
2026-05-27T08:35:37.416704,5498,54360000,-0.019,0.016,-1.006,-3.389,0.221,-1.115,35.02,32.7866,-0.114,"32.7866,   -0.114, 27 May 2026, 08:35:31"
2026-05-27T08:35:47.405900,5499,54370000,-0.012,0.021,-1.003,-3.557,0.244,-1.031,35.02,32.7879,-0.111,"32.7879,   -0.111, 27 May 2026, 08:35:41"
2026-05-27T08:35:57.429916,5500,54380000,-0.02,0.008,-1.013,-3.382,0.313,-1.053,34.93,32.7893,-0.113,"32.7893,   -0.113, 27 May 2026, 08:35:51"
2026-05-27T08:36:07.407896,5501,54390000,-0.02,0.012,-1.013,-3.481,0.191,-1.084,35.02,32.7849,-0.109,"32.7849,   -0.109, 27 May 2026, 08:36:01"
2026-05-27T08:36:17.408414,5502,54400000,-0.012,0.012,-1.025,-3.458,0.374,-1.069,35.02,32.7907,-0.114,"32.7907,   -0.114, 27 May 2026, 08:36:11"
2026-05-27T08:36:27.427719,5503,54410000,-0.017,0.009,-1.013,-3.458,0.252,-1.145,34.93,32.7828,-0.113,"32.7828,   -0.113, 27 May 2026, 08:36:21"
2026-05-27T08:36:37.408571,5504,54420000,-0.015,0.011,-1.01,-3.473,0.397,-1.038,35.02,32.779,-0.114,"32.7790,   -0.114, 27 May 2026, 08:36:31"
2026-05-27T08:36:47.407917,5505,54430000,-0.015,0.018,-1.013,-3.45,0.473,-1.0,34.98,32.7737,-0.111,"32.7737,   -0.111, 27 May 2026, 08:36:41"
2026-05-27T08:36:57.428644,5506,54440000,-0.017,0.01,-1.009,-3.55,0.328,-1.153,34.98,32.7797,-0.11,"32.7797,   -0.110, 27 May 2026, 08:36:51"
2026-05-27T08:37:07.407688,5507,54450000,-0.02,0.012,-1.009,-3.405,0.473,-1.206,35.12,32.7787,-0.115,"32.7787,   -0.115, 27 May 2026, 08:37:01"
2026-05-27T08:37:17.423589,5508,54460000,-0.021,0.014,-1.01,-3.511,0.351,-1.137,35.02,32.7755,-0.11,"32.7755,   -0.110, 27 May 2026, 08:37:11"
2026-05-27T08:37:27.427869,5509,54470000,-0.01,0.009,-1.003,-3.42,0.351,-1.053,35.07,32.7824,-0.11,"32.7824,   -0.110, 27 May 2026, 08:37:21"
2026-05-27T08:37:37.405710,5510,54480000,-0.015,0.016,-1.006,-3.55,0.389,-1.084,34.93,32.7719,-0.112,"32.7719,   -0.112, 27 May 2026, 08:37:31"
2026-05-27T08:37:47.427621,5511,54490000,-0.014,0.012,-1.016,-3.466,0.321,-1.145,34.93,32.7722,-0.114,"32.7722,   -0.114, 27 May 2026, 08:37:41"
2026-05-27T08:37:57.414925,5512,54500000,-0.014,0.014,-1.011,-3.374,0.336,-1.076,34.98,32.7748,-0.113,"32.7748,   -0.113, 27 May 2026, 08:37:51"
2026-05-27T08:38:07.424983,5513,54510000,-0.014,0.014,-1.013,-3.634,0.183,-1.16,35.02,32.766,-0.114,"32.7660,   -0.114, 27 May 2026, 08:38:01"
2026-05-27T08:38:17.428012,5514,54520000,-0.019,0.018,-1.017,-3.473,0.389,-0.901,35.02,32.7611,-0.114,"32.7611,   -0.114, 27 May 2026, 08:38:11"
2026-05-27T08:38:27.406627,5515,54530000,-0.015,0.01,-1.013,-3.519,0.344,-1.191,35.07,32.76,-0.11,"32.7600,   -0.110, 27 May 2026, 08:38:21"
2026-05-27T08:38:37.408062,5516,54540000,-0.014,0.011,-1.011,-3.466,0.397,-0.947,34.93,32.7875,-0.111,"32.7875,   -0.111, 27 May 2026, 08:38:31"
2026-05-27T08:38:47.427866,5517,54550000,-0.012,0.01,-1.009,-3.527,0.252,-1.305,35.02,32.7973,-0.109,"32.7973,   -0.109, 27 May 2026, 08:38:41"
2026-05-27T08:38:57.406211,5518,54560000,-0.01,0.014,-1.017,-3.389,0.328,-0.969,34.93,32.806,-0.117,"32.8060,   -0.117, 27 May 2026, 08:38:51"
2026-05-27T08:39:07.425155,5519,54570000,-0.014,0.011,-1.014,-3.481,0.275,-1.031,35.07,32.8,-0.112,"32.8000,   -0.112, 27 May 2026, 08:39:01"
2026-05-27T08:39:17.428206,5520,54580000,-0.013,0.008,-1.013,-3.573,0.435,-0.969,34.98,32.8001,-0.109,"32.8001,   -0.109, 27 May 2026, 08:39:11"
2026-05-27T08:39:27.427633,5521,54590000,-0.013,0.01,-1.015,-3.573,0.221,-1.153,35.07,32.8106,-0.112,"32.8106,   -0.112, 27 May 2026, 08:39:21"
2026-05-27T08:39:37.416224,5522,54600000,-0.02,0.01,-1.006,-3.534,0.374,-0.939,35.07,32.8137,-0.111,"32.8137,   -0.111, 27 May 2026, 08:39:31"
2026-05-27T08:39:47.427667,5523,54610000,-0.014,0.014,-1.02,-3.435,0.382,-1.16,35.12,32.8013,-0.111,"32.8013,   -0.111, 27 May 2026, 08:39:41"
2026-05-27T08:39:57.425063,5524,54620000,-0.013,0.012,-1.009,-3.519,0.389,-1.13,34.98,32.7987,-0.113,"32.7987,   -0.113, 27 May 2026, 08:39:51"
2026-05-27T08:40:07.428459,5525,54630000,-0.016,0.016,-1.019,-3.504,0.366,-1.107,35.02,32.795,-0.107,"32.7950,   -0.107, 27 May 2026, 08:40:01"
2026-05-27T08:40:17.420937,5526,54640000,-0.016,0.018,-1.014,-3.435,0.344,-1.061,35.02,32.7908,-0.111,"32.7908,   -0.111, 27 May 2026, 08:40:11"
2026-05-27T08:40:27.428230,5527,54650000,-0.013,0.013,-1.014,-3.29,0.397,-0.901,35.02,32.7926,-0.109,"32.7926,   -0.109, 27 May 2026, 08:40:21"
2026-05-27T08:40:37.428960,5528,54660000,-0.012,0.015,-1.012,-3.473,0.389,-1.084,35.02,32.8013,-0.11,"32.8013,   -0.110, 27 May 2026, 08:40:31"
2026-05-27T08:40:47.428547,5529,54670000,-0.014,0.012,-1.013,-3.557,0.374,-1.221,35.07,32.8054,-0.109,"32.8054,   -0.109, 27 May 2026, 08:40:41"
2026-05-27T08:40:57.405254,5530,54680000,-0.012,0.013,-1.019,-3.565,0.443,-1.183,34.98,32.795,-0.113,"32.7950,   -0.113, 27 May 2026, 08:40:51"
2026-05-27T08:41:07.408003,5531,54690000,-0.014,0.016,-1.015,-3.557,0.496,-1.137,35.02,32.79,-0.114,"32.7900,   -0.114, 27 May 2026, 08:41:01"
2026-05-27T08:41:17.476034,5532,54700000,-0.017,0.015,-1.021,-3.626,0.405,-0.878,35.07,32.7842,-0.114,"32.7842,   -0.114, 27 May 2026, 08:41:11"
2026-05-27T08:41:27.427702,5533,54710000,-0.013,0.016,-1.011,-3.519,0.336,-1.206,35.07,32.7878,-0.11,"32.7878,   -0.110, 27 May 2026, 08:41:21"
2026-05-27T08:41:37.425064,5534,54720000,-0.013,0.012,-1.005,-3.611,0.29,-1.107,35.12,32.7993,-0.111,"32.7993,   -0.111, 27 May 2026, 08:41:31"
2026-05-27T08:41:47.416925,5535,54730000,-0.018,0.019,-1.006,-3.58,0.321,-1.061,34.93,32.8124,-0.112,"32.8124,   -0.112, 27 May 2026, 08:41:41"
2026-05-27T08:41:57.406092,5536,54740000,-0.017,0.011,-1.013,-3.481,0.305,-1.13,35.02,32.8188,-0.109,"32.8188,   -0.109, 27 May 2026, 08:41:51"
2026-05-27T08:42:07.427722,5537,54750000,-0.016,0.016,-1.015,-3.542,0.267,-1.122,35.07,32.8221,-0.111,"32.8221,   -0.111, 27 May 2026, 08:42:01"
2026-05-27T08:42:17.408366,5538,54760000,-0.012,0.013,-1.008,-3.695,0.42,-1.107,34.98,32.8174,-0.108,"32.8174,   -0.108, 27 May 2026, 08:42:11"
2026-05-27T08:42:27.427892,5539,54770000,-0.016,0.01,-1.022,-3.382,0.427,-0.908,34.98,32.8192,-0.11,"32.8192,   -0.110, 27 May 2026, 08:42:21"
2026-05-27T08:42:37.411677,5540,54780000,-0.01,0.009,-1.013,-3.412,0.366,-1.053,35.07,32.8196,-0.115,"32.8196,   -0.115, 27 May 2026, 08:42:31"
2026-05-27T08:42:47.407888,5541,54790000,-0.016,0.016,-1.006,-3.489,0.275,-1.115,35.02,32.809,-0.111,"32.8090,   -0.111, 27 May 2026, 08:42:41"
2026-05-27T08:42:57.406015,5542,54800000,-0.005,0.015,-1.0,-3.473,0.267,-1.046,34.98,32.8049,-0.112,"32.8049,   -0.112, 27 May 2026, 08:42:51"
2026-05-27T08:43:07.412925,5543,54810000,-0.013,0.013,-1.004,-3.519,0.267,-1.046,35.07,32.7973,-0.111,"32.7973,   -0.111, 27 May 2026, 08:43:01"
2026-05-27T08:43:17.429730,5544,54820000,-0.017,0.01,-1.013,-3.412,0.412,-1.298,35.07,32.7926,-0.109,"32.7926,   -0.109, 27 May 2026, 08:43:11"
2026-05-27T08:43:27.408020,5545,54830000,-0.014,0.007,-1.018,-3.557,0.252,-1.214,35.12,32.795,-0.11,"32.7950,   -0.110, 27 May 2026, 08:43:21"
2026-05-27T08:43:37.413290,5546,54840000,-0.02,0.012,-1.018,-3.443,0.351,-1.015,35.02,32.7938,-0.11,"32.7938,   -0.110, 27 May 2026, 08:43:31"
2026-05-27T08:43:47.419093,5547,54850000,-0.018,0.015,-1.02,-3.458,0.328,-1.115,35.07,32.8013,-0.11,"32.8013,   -0.110, 27 May 2026, 08:43:41"
2026-05-27T08:43:57.417869,5548,54860000,-0.015,0.01,-1.008,-3.534,0.344,-1.206,35.07,32.8123,-0.111,"32.8123,   -0.111, 27 May 2026, 08:43:51"
2026-05-27T08:44:07.405722,5549,54870000,-0.017,0.016,-1.014,-3.427,0.313,-1.122,35.02,32.8152,-0.112,"32.8152,   -0.112, 27 May 2026, 08:44:01"
2026-05-27T08:44:17.427108,5550,54880000,-0.009,0.014,-1.012,-3.405,0.298,-1.214,34.98,32.8082,-0.109,"32.8082,   -0.109, 27 May 2026, 08:44:11"
2026-05-27T08:44:27.417374,5551,54890000,-0.012,0.01,-1.009,-3.458,0.313,-1.145,35.02,32.8074,-0.112,"32.8074,   -0.112, 27 May 2026, 08:44:21"
2026-05-27T08:44:37.407833,5552,54900000,-0.013,0.011,-1.005,-3.573,0.344,-1.053,35.12,32.8092,-0.111,"32.8092,   -0.111, 27 May 2026, 08:44:31"
2026-05-27T08:44:47.430013,5553,54910000,-0.011,0.01,-1.016,-3.397,0.412,-1.229,35.07,32.7999,-0.108,"32.7999,   -0.108, 27 May 2026, 08:44:41"
2026-05-27T08:44:57.487203,5554,54920000,-0.01,0.01,-1.007,-3.626,0.473,-1.282,34.98,32.8107,-0.11,"32.8107,   -0.110, 27 May 2026, 08:44:51"
2026-05-27T08:45:07.428301,5555,54930000,-0.016,0.013,-1.008,-3.55,0.366,-1.031,35.07,32.8244,-0.112,"32.8244,   -0.112, 27 May 2026, 08:45:01"
2026-05-27T08:45:17.474038,5556,54940000,-0.011,0.022,-1.011,-3.496,0.42,-1.16,35.07,32.8361,-0.111,"32.8361,   -0.111, 27 May 2026, 08:45:11"
2026-05-27T08:45:27.478154,5557,54950000,-0.013,0.013,-1.012,-3.496,0.458,-1.153,34.98,32.8499,-0.11,"32.8499,   -0.110, 27 May 2026, 08:45:21"
2026-05-27T08:45:37.409269,5558,54960000,-0.011,0.012,-1.016,-3.557,0.275,-1.015,35.12,32.8441,-0.112,"32.8441,   -0.112, 27 May 2026, 08:45:31"
2026-05-27T08:45:47.495461,5559,54970000,-0.011,0.015,-1.003,-3.55,0.443,-1.359,35.02,32.8387,-0.107,"32.8387,   -0.107, 27 May 2026, 08:45:41"
2026-05-27T08:45:57.485889,5560,54980000,-0.02,0.011,-1.016,-3.603,0.29,-1.061,35.02,32.8312,-0.113,"32.8312,   -0.113, 27 May 2026, 08:45:51"
2026-05-27T08:46:07.409912,5561,54990000,-0.019,0.012,-1.014,-3.481,0.321,-1.092,35.12,32.828,-0.106,"32.8280,   -0.106, 27 May 2026, 08:46:01"
2026-05-27T08:46:17.476464,5562,55000000,-0.012,0.013,-1.017,-3.412,0.321,-1.206,35.12,32.831,-0.113,"32.8310,   -0.113, 27 May 2026, 08:46:11"
2026-05-27T08:46:27.494976,5563,55010000,-0.017,0.01,-1.013,-3.42,0.336,-1.145,35.12,32.8341,-0.112,"32.8341,   -0.112, 27 May 2026, 08:46:21"
2026-05-27T08:46:37.493022,5564,55020000,-0.015,0.012,-1.013,-3.443,0.466,-1.046,35.07,32.8376,-0.109,"32.8376,   -0.109, 27 May 2026, 08:46:31"
2026-05-27T08:46:47.468100,5565,55030000,-0.011,0.01,-1.015,-3.374,0.298,-1.107,35.02,32.8374,-0.109,"32.8374,   -0.109, 27 May 2026, 08:46:41"
2026-05-27T08:46:57.479150,5566,55040000,-0.016,0.009,-1.004,-3.55,0.374,-0.939,35.02,32.8444,-0.109,"32.8444,   -0.109, 27 May 2026, 08:46:51"
2026-05-27T08:47:07.414223,5567,55050000,-0.013,0.014,-1.009,-3.511,0.458,-1.069,35.12,32.8527,-0.109,"32.8527,   -0.109, 27 May 2026, 08:47:01"
2026-05-27T08:47:17.480762,5568,55060000,-0.012,0.011,-1.02,-3.489,0.29,-1.023,34.93,32.8565,-0.111,"32.8565,   -0.111, 27 May 2026, 08:47:11"
2026-05-27T08:47:27.481695,5569,55070000,-0.011,0.011,-1.005,-3.397,0.344,-1.099,35.07,32.8568,-0.112,"32.8568,   -0.112, 27 May 2026, 08:47:21"
2026-05-27T08:47:37.475029,5570,55080000,-0.013,0.013,-1.005,-3.313,0.321,-1.176,35.07,32.8482,-0.109,"32.8482,   -0.109, 27 May 2026, 08:47:31"
2026-05-27T08:47:47.478220,5571,55090000,-0.015,0.013,-1.015,-3.496,0.321,-1.099,35.12,32.8384,-0.113,"32.8384,   -0.113, 27 May 2026, 08:47:41"
2026-05-27T08:47:57.476965,5572,55100000,-0.01,0.017,-1.012,-3.473,0.435,-1.183,34.98,32.8408,-0.11,"32.8408,   -0.110, 27 May 2026, 08:47:51"
2026-05-27T08:48:07.407865,5573,55110000,-0.016,0.011,-1.005,-3.473,0.412,-1.061,35.07,32.8476,-0.109,"32.8476,   -0.109, 27 May 2026, 08:48:01"
2026-05-27T08:48:17.471014,5574,55120000,-0.017,0.014,-1.013,-3.405,0.366,-1.069,35.07,32.8419,-0.113,"32.8419,   -0.113, 27 May 2026, 08:48:11"
2026-05-27T08:48:27.479655,5575,55130000,-0.014,0.018,-1.01,-3.351,0.397,-0.969,35.12,32.834,-0.108,"32.8340,   -0.108, 27 May 2026, 08:48:21"
2026-05-27T08:48:37.492344,5576,55140000,-0.014,0.013,-1.011,-3.397,0.466,-1.015,35.12,32.8239,-0.11,"32.8239,   -0.110, 27 May 2026, 08:48:31"
2026-05-27T08:48:47.469825,5577,55150000,-0.018,0.015,-1.013,-3.466,0.305,-1.061,35.07,32.8287,-0.109,"32.8287,   -0.109, 27 May 2026, 08:48:41"
2026-05-27T08:48:57.498236,5578,55160000,-0.017,0.015,-1.011,-3.435,0.313,-0.908,35.07,32.8267,-0.109,"32.8267,   -0.109, 27 May 2026, 08:48:51"
2026-05-27T08:49:07.428770,5579,55170000,-0.018,0.01,-1.018,-3.45,0.473,-1.176,35.12,32.8342,-0.107,"32.8342,   -0.107, 27 May 2026, 08:49:01"
2026-05-27T08:49:17.495987,5580,55180000,-0.014,0.015,-1.021,-3.389,0.313,-1.137,35.07,32.8279,-0.11,"32.8279,   -0.110, 27 May 2026, 08:49:11"
2026-05-27T08:49:27.495157,5581,55190000,-0.015,0.01,-1.015,-3.405,0.282,-0.969,35.02,32.8273,-0.108,"32.8273,   -0.108, 27 May 2026, 08:49:21"
2026-05-27T08:49:37.476397,5582,55200000,-0.015,0.011,-1.013,-3.588,0.321,-1.015,35.17,32.8322,-0.111,"32.8322,   -0.111, 27 May 2026, 08:49:31"
2026-05-27T08:49:47.486503,5583,55210000,-0.01,0.013,-1.02,-3.519,0.336,-1.145,35.12,32.8336,-0.112,"32.8336,   -0.112, 27 May 2026, 08:49:41"
2026-05-27T08:49:57.483452,5584,55220000,-0.014,0.009,-1.019,-3.466,0.588,-1.153,35.17,32.8258,-0.112,"32.8258,   -0.112, 27 May 2026, 08:49:51"
2026-05-27T08:50:07.410105,5585,55230000,-0.01,0.017,-1.011,-3.573,0.519,-1.206,35.12,32.8234,-0.114,"32.8234,   -0.114, 27 May 2026, 08:50:01"
2026-05-27T08:50:17.474566,5586,55240000,-0.012,0.011,-1.011,-3.489,0.359,-1.168,35.12,32.817,-0.112,"32.8170,   -0.112, 27 May 2026, 08:50:11"
2026-05-27T08:50:27.486630,5587,55250000,-0.015,0.012,-1.006,-3.489,0.229,-0.939,35.02,32.8243,-0.112,"32.8243,   -0.112, 27 May 2026, 08:50:21"
2026-05-27T08:50:37.533729,5588,55260000,-0.013,0.014,-1.009,-3.481,0.321,-1.038,34.98,32.8358,-0.111,"32.8358,   -0.111, 27 May 2026, 08:50:31"
2026-05-27T08:50:47.498042,5589,55270000,-0.012,0.01,-1.009,-3.511,0.282,-1.107,35.07,32.8399,-0.11,"32.8399,   -0.110, 27 May 2026, 08:50:41"
2026-05-27T08:50:57.493866,5590,55280000,-0.014,0.017,-1.007,-3.42,0.16,-1.183,35.02,32.8464,-0.108,"32.8464,   -0.108, 27 May 2026, 08:50:51"
2026-05-27T08:51:07.425333,5591,55290000,-0.013,0.017,-1.015,-3.412,0.427,-1.0,35.02,32.8445,-0.112,"32.8445,   -0.112, 27 May 2026, 08:51:01"
2026-05-27T08:51:17.497031,5592,55300000,-0.015,0.016,-1.011,-3.496,0.344,-1.015,35.07,32.8522,-0.112,"32.8522,   -0.112, 27 May 2026, 08:51:11"
2026-05-27T08:51:27.480043,5593,55310000,-0.016,0.016,-1.005,-3.489,0.244,-1.176,35.02,32.8506,-0.111,"32.8506,   -0.111, 27 May 2026, 08:51:21"
2026-05-27T08:51:37.479561,5594,55320000,-0.014,0.012,-1.009,-3.328,0.527,-1.076,35.12,32.845,-0.109,"32.8450,   -0.109, 27 May 2026, 08:51:31"
2026-05-27T08:51:47.473273,5595,55330000,-0.017,0.013,-1.004,-3.511,0.45,-1.153,35.02,32.848,-0.106,"32.8480,   -0.106, 27 May 2026, 08:51:41"
2026-05-27T08:51:57.552877,5596,55340000,-0.015,0.015,-1.017,-3.473,0.374,-1.038,35.07,32.8554,-0.112,"32.8554,   -0.112, 27 May 2026, 08:51:51"
2026-05-27T08:52:07.415901,5597,55350000,-0.019,0.015,-1.009,-3.664,0.359,-1.16,35.12,32.8588,-0.111,"32.8588,   -0.111, 27 May 2026, 08:52:01"
2026-05-27T08:52:17.497531,5598,55360000,-0.019,0.014,-1.004,-3.496,0.42,-1.046,35.02,32.8598,-0.105,"32.8598,   -0.105, 27 May 2026, 08:52:11"
2026-05-27T08:52:27.490847,5599,55370000,-0.009,0.016,-1.01,-3.504,0.321,-1.046,35.02,32.8539,-0.108,"32.8539,   -0.108, 27 May 2026, 08:52:21"
2026-05-27T08:52:37.498102,5600,55380000,-0.015,0.011,-1.006,-3.481,0.336,-1.183,35.12,32.8526,-0.107,"32.8526,   -0.107, 27 May 2026, 08:52:31"
2026-05-27T08:52:47.478427,5601,55390000,-0.012,0.019,-1.021,-3.618,0.374,-1.038,35.12,32.8577,-0.112,"32.8577,   -0.112, 27 May 2026, 08:52:41"
2026-05-27T08:52:57.495218,5602,55400000,-0.012,0.012,-1.009,-3.58,0.496,-1.13,35.17,32.8559,-0.114,"32.8559,   -0.114, 27 May 2026, 08:52:51"
2026-05-27T08:53:07.408529,5603,55410000,-0.017,0.013,-1.008,-3.405,0.275,-0.977,35.12,32.8486,-0.11,"32.8486,   -0.110, 27 May 2026, 08:53:01"
2026-05-27T08:53:17.557949,5604,55420000,-0.018,0.018,-1.011,-3.412,0.427,-1.214,35.07,32.8499,-0.112,"32.8499,   -0.112, 27 May 2026, 08:53:11"
2026-05-27T08:53:27.556780,5605,55430000,-0.003,0.01,-1.012,-3.42,0.466,-1.053,35.17,32.8679,-0.111,"32.8679,   -0.111, 27 May 2026, 08:53:21"
2026-05-27T08:53:37.486842,5606,55440000,-0.015,0.012,-1.013,-3.412,0.382,-1.046,35.02,32.877,-0.112,"32.8770,   -0.112, 27 May 2026, 08:53:31"
2026-05-27T08:53:47.554222,5607,55450000,-0.01,0.012,-1.015,-3.382,0.473,-1.107,35.12,32.8797,-0.105,"32.8797,   -0.105, 27 May 2026, 08:53:41"
2026-05-27T08:53:57.534254,5608,55460000,-0.011,0.014,-1.014,-3.45,0.427,-1.031,35.12,32.872,-0.112,"32.8720,   -0.112, 27 May 2026, 08:53:51"
2026-05-27T08:54:07.408985,5609,55470000,-0.013,0.013,-1.012,-3.321,0.397,-1.115,35.12,32.8662,-0.109,"32.8662,   -0.109, 27 May 2026, 08:54:01"
2026-05-27T08:54:17.537213,5610,55480000,-0.012,0.015,-1.009,-3.374,0.405,-1.008,35.02,32.8682,-0.11,"32.8682,   -0.110, 27 May 2026, 08:54:11"
2026-05-27T08:54:27.535813,5611,55490000,-0.016,0.012,-1.011,-3.649,0.29,-1.145,35.07,32.8699,-0.11,"32.8699,   -0.110, 27 May 2026, 08:54:21"
2026-05-27T08:54:37.542667,5612,55500000,-0.015,0.012,-1.013,-3.573,0.298,-0.916,35.12,32.8596,-0.108,"32.8596,   -0.108, 27 May 2026, 08:54:31"
2026-05-27T08:54:47.480530,5613,55510000,-0.013,0.017,-1.008,-3.351,0.366,-1.084,35.07,32.8526,-0.11,"32.8526,   -0.110, 27 May 2026, 08:54:41"
2026-05-27T08:54:57.535588,5614,55520000,-0.015,0.015,-1.011,-3.565,0.321,-1.069,35.07,32.8488,-0.111,"32.8488,   -0.111, 27 May 2026, 08:54:51"
2026-05-27T08:55:07.407703,5615,55530000,-0.019,0.011,-1.013,-3.328,0.305,-1.16,35.02,32.8506,-0.11,"32.8506,   -0.110, 27 May 2026, 08:55:01"
2026-05-27T08:55:17.490553,5616,55540000,-0.014,0.018,-1.008,-3.443,0.45,-1.221,35.02,32.8487,-0.11,"32.8487,   -0.110, 27 May 2026, 08:55:11"
2026-05-27T08:55:27.495833,5617,55550000,-0.014,0.013,-1.011,-3.458,0.397,-1.168,35.17,32.8498,-0.107,"32.8498,   -0.107, 27 May 2026, 08:55:21"
2026-05-27T08:55:37.538427,5618,55560000,-0.017,0.008,-1.015,-3.481,0.45,-1.107,35.12,32.8562,-0.109,"32.8562,   -0.109, 27 May 2026, 08:55:31"
2026-05-27T08:55:47.537833,5619,55570000,-0.016,0.013,-1.02,-3.527,0.374,-1.084,34.98,32.8517,-0.111,"32.8517,   -0.111, 27 May 2026, 08:55:41"
2026-05-27T08:55:57.535270,5620,55580000,-0.021,0.02,-1.024,-3.458,0.313,-1.084,35.21,32.8535,-0.113,"32.8535,   -0.113, 27 May 2026, 08:55:51"
2026-05-27T08:56:07.408438,5621,55590000,-0.017,0.016,-1.014,-3.473,0.252,-1.176,35.17,32.849,-0.109,"32.8490,   -0.109, 27 May 2026, 08:56:01"
2026-05-27T08:56:17.535707,5622,55600000,-0.015,0.018,-0.997,-3.496,0.473,-1.145,35.02,32.8491,-0.11,"32.8491,   -0.110, 27 May 2026, 08:56:11"
2026-05-27T08:56:27.540396,5623,55610000,-0.017,0.014,-1.015,-3.565,0.481,-0.992,35.21,32.8538,-0.11,"32.8538,   -0.110, 27 May 2026, 08:56:21"
2026-05-27T08:56:37.537833,5624,55620000,-0.013,0.012,-1.013,-3.328,0.29,-1.214,35.07,32.8434,-0.111,"32.8434,   -0.111, 27 May 2026, 08:56:31"
2026-05-27T08:56:47.472415,5625,55630000,-0.012,0.011,-1.002,-3.565,0.397,-1.145,35.21,32.8458,-0.111,"32.8458,   -0.111, 27 May 2026, 08:56:41"
2026-05-27T08:56:57.475187,5626,55640000,-0.013,0.016,-1.014,-3.504,0.351,-1.176,35.02,32.8459,-0.109,"32.8459,   -0.109, 27 May 2026, 08:56:51"
2026-05-27T08:57:07.429370,5627,55650000,-0.017,0.01,-1.018,-3.466,0.374,-1.092,35.07,32.8439,-0.109,"32.8439,   -0.109, 27 May 2026, 08:57:01"
2026-05-27T08:57:17.554585,5628,55660000,-0.014,0.008,-1.01,-3.443,0.328,-1.069,35.07,32.8387,-0.107,"32.8387,   -0.107, 27 May 2026, 08:57:11"
2026-05-27T08:57:27.551607,5629,55670000,-0.019,0.016,-1.021,-3.443,0.351,-1.069,35.12,32.8516,-0.112,"32.8516,   -0.112, 27 May 2026, 08:57:21"
2026-05-27T08:57:37.536783,5630,55680000,-0.016,0.013,-1.01,-3.458,0.267,-1.053,35.07,32.849,-0.11,"32.8490,   -0.110, 27 May 2026, 08:57:31"
2026-05-27T08:57:47.475642,5631,55690000,-0.012,0.018,-1.018,-3.412,0.435,-1.099,35.02,32.8429,-0.111,"32.8429,   -0.111, 27 May 2026, 08:57:41"
2026-05-27T08:57:57.487309,5632,55700000,-0.022,0.017,-1.008,-3.496,0.305,-0.977,35.21,32.8374,-0.108,"32.8374,   -0.108, 27 May 2026, 08:57:51"
2026-05-27T08:58:07.425461,5633,55710000,-0.008,0.014,-1.021,-3.466,0.168,-1.008,35.12,32.8387,-0.111,"32.8387,   -0.111, 27 May 2026, 08:58:01"
2026-05-27T08:58:17.478241,5634,55720000,-0.015,0.012,-1.008,-3.458,0.321,-1.015,35.12,32.8489,-0.111,"32.8489,   -0.111, 27 May 2026, 08:58:11"
2026-05-27T08:58:27.533113,5635,55730000,-0.014,0.018,-1.012,-3.626,0.374,-1.076,35.07,32.8637,-0.113,"32.8637,   -0.113, 27 May 2026, 08:58:21"
2026-05-27T08:58:37.486685,5636,55740000,-0.016,0.012,-1.02,-3.504,0.359,-1.023,35.12,32.8617,-0.114,"32.8617,   -0.114, 27 May 2026, 08:58:31"
2026-05-27T08:58:47.475168,5637,55750000,-0.011,0.005,-1.005,-3.366,0.321,-1.176,35.17,32.8578,-0.111,"32.8578,   -0.111, 27 May 2026, 08:58:41"
2026-05-27T08:58:57.554936,5638,55760000,-0.014,0.016,-1.001,-3.458,0.435,-1.137,35.02,32.852,-0.11,"32.8520,   -0.110, 27 May 2026, 08:58:51"
2026-05-27T08:59:07.408354,5639,55770000,-0.013,0.01,-1.005,-3.412,0.321,-1.13,35.17,32.8543,-0.109,"32.8543,   -0.109, 27 May 2026, 08:59:01"
2026-05-27T08:59:17.543736,5640,55780000,-0.02,0.013,-1.01,-3.405,0.466,-1.115,35.12,32.8522,-0.111,"32.8522,   -0.111, 27 May 2026, 08:59:11"
2026-05-27T08:59:27.496098,5641,55790000,-0.013,0.012,-1.02,-3.527,0.42,-1.153,35.12,32.8545,-0.111,"32.8545,   -0.111, 27 May 2026, 08:59:21"
2026-05-27T08:59:37.477291,5642,55800000,-0.018,0.015,-1.016,-3.374,0.252,-1.015,35.07,32.8513,-0.111,"32.8513,   -0.111, 27 May 2026, 08:59:31"
2026-05-27T08:59:47.547062,5643,55810000,-0.012,0.015,-1.018,-3.496,0.336,-1.145,35.21,32.8399,-0.112,"32.8399,   -0.112, 27 May 2026, 08:59:41"
2026-05-27T08:59:57.498780,5644,55820000,-0.01,0.016,-1.017,-3.557,0.45,-1.122,35.12,32.8476,-0.107,"32.8476,   -0.107, 27 May 2026, 08:59:51"
2026-05-27T09:00:07.421993,5645,55830000,-0.021,0.016,-1.015,-3.374,0.435,-1.191,35.02,32.8563,-0.108,"32.8563,   -0.108, 27 May 2026, 09:00:01"
2026-05-27T09:00:17.413830,5646,55840000,-0.018,0.015,-1.016,-3.58,0.305,-1.153,35.07,32.8705,-0.112,"32.8705,   -0.112, 27 May 2026, 09:00:11"
2026-05-27T09:00:27.417483,5647,55850000,-0.011,0.011,-1.014,-3.466,0.405,-1.336,35.07,32.8744,-0.108,"32.8744,   -0.108, 27 May 2026, 09:00:21"
2026-05-27T09:00:37.424447,5648,55860000,-0.019,0.018,-1.005,-3.55,0.435,-1.0,35.12,32.8772,-0.111,"32.8772,   -0.111, 27 May 2026, 09:00:31"
2026-05-27T09:00:47.408522,5649,55870000,-0.013,0.012,-1.017,-3.458,0.405,-1.267,35.12,32.887,-0.108,"32.8870,   -0.108, 27 May 2026, 09:00:41"
2026-05-27T09:00:57.418557,5650,55880000,-0.011,0.015,-1.006,-3.45,0.511,-1.153,35.21,32.884,-0.109,"32.8840,   -0.109, 27 May 2026, 09:00:51"
2026-05-27T09:01:07.425077,5651,55890000,-0.011,0.014,-1.013,-3.504,0.427,-1.107,35.12,32.8761,-0.112,"32.8761,   -0.112, 27 May 2026, 09:01:01"
2026-05-27T09:01:17.430777,5652,55900000,-0.017,0.014,-1.011,-3.443,0.321,-1.084,35.07,32.8679,-0.11,"32.8679,   -0.110, 27 May 2026, 09:01:11"
2026-05-27T09:01:27.428394,5653,55910000,-0.016,0.013,-1.016,-3.504,0.336,-1.168,35.07,32.8694,-0.108,"32.8694,   -0.108, 27 May 2026, 09:01:21"
2026-05-27T09:01:37.408580,5654,55920000,-0.016,0.014,-1.005,-3.45,0.26,-0.992,35.02,32.8735,-0.112,"32.8735,   -0.112, 27 May 2026, 09:01:31"
2026-05-27T09:01:47.428830,5655,55930000,-0.009,0.016,-1.018,-3.473,0.313,-1.191,35.17,32.8676,-0.107,"32.8676,   -0.107, 27 May 2026, 09:01:41"
2026-05-27T09:01:57.429184,5656,55940000,-0.013,0.011,-1.013,-3.496,0.466,-1.16,35.12,32.8641,-0.11,"32.8641,   -0.110, 27 May 2026, 09:01:51"
2026-05-27T09:02:07.428689,5657,55950000,-0.012,0.01,-1.006,-3.595,0.351,-1.145,35.12,32.8691,-0.114,"32.8691,   -0.114, 27 May 2026, 09:02:01"
2026-05-27T09:02:17.428447,5658,55960000,-0.014,0.01,-1.014,-3.42,0.366,-1.076,35.12,32.8704,-0.109,"32.8704,   -0.109, 27 May 2026, 09:02:11"
2026-05-27T09:02:27.480119,5659,55970000,-0.015,0.014,-1.012,-3.542,0.321,-1.13,35.26,32.8745,-0.108,"32.8745,   -0.108, 27 May 2026, 09:02:21"
2026-05-27T09:02:37.488775,5660,55980000,-0.012,0.012,-1.013,-3.565,0.321,-1.092,35.07,32.8893,-0.108,"32.8893,   -0.108, 27 May 2026, 09:02:31"
2026-05-27T09:02:47.408603,5661,55990000,-0.021,0.014,-1.007,-3.496,0.374,-1.053,35.07,32.8964,-0.11,"32.8964,   -0.110, 27 May 2026, 09:02:41"
2026-05-27T09:02:57.405533,5662,56000000,-0.011,0.017,-1.002,-3.443,0.359,-1.023,35.12,32.8976,-0.115,"32.8976,   -0.115, 27 May 2026, 09:02:51"
2026-05-27T09:03:07.426112,5663,56010000,-0.019,0.015,-1.006,-3.573,0.45,-1.198,35.12,32.8964,-0.112,"32.8964,   -0.112, 27 May 2026, 09:03:01"
2026-05-27T09:03:17.489318,5664,56020000,-0.011,0.012,-1.014,-3.504,0.382,-1.069,35.12,32.8989,-0.113,"32.8989,   -0.113, 27 May 2026, 09:03:11"
2026-05-27T09:03:27.495274,5665,56030000,-0.014,0.01,-1.005,-3.336,0.374,-1.084,35.21,32.8882,-0.112,"32.8882,   -0.112, 27 May 2026, 09:03:21"
2026-05-27T09:03:37.410191,5666,56040000,-0.014,0.016,-1.011,-3.351,0.374,-1.031,35.26,32.8902,-0.109,"32.8902,   -0.109, 27 May 2026, 09:03:31"
2026-05-27T09:03:47.428104,5667,56050000,-0.016,0.013,-1.011,-3.412,0.099,-1.191,35.12,32.8872,-0.109,"32.8872,   -0.109, 27 May 2026, 09:03:41"
2026-05-27T09:03:57.495505,5668,56060000,-0.014,0.008,-1.005,-3.427,0.519,-1.198,35.02,32.8791,-0.108,"32.8791,   -0.108, 27 May 2026, 09:03:51"
2026-05-27T09:04:07.417004,5669,56070000,-0.014,0.014,-1.016,-3.473,0.473,-0.939,35.07,32.8733,-0.111,"32.8733,   -0.111, 27 May 2026, 09:04:01"
2026-05-27T09:04:17.480367,5670,56080000,-0.017,0.015,-1.012,-3.504,0.366,-1.153,35.17,32.8746,-0.11,"32.8746,   -0.110, 27 May 2026, 09:04:11"
2026-05-27T09:04:27.428070,5671,56090000,-0.01,0.015,-1.014,-3.496,0.504,-1.221,35.17,32.8748,-0.109,"32.8748,   -0.109, 27 May 2026, 09:04:21"
2026-05-27T09:04:37.478963,5672,56100000,-0.014,0.013,-1.018,-3.534,0.443,-1.145,35.21,32.8771,-0.111,"32.8771,   -0.111, 27 May 2026, 09:04:31"
2026-05-27T09:04:47.410055,5673,56110000,-0.014,0.012,-1.027,-3.443,0.359,-1.015,35.12,32.8858,-0.109,"32.8858,   -0.109, 27 May 2026, 09:04:41"
2026-05-27T09:04:57.493619,5674,56120000,-0.016,0.014,-1.018,-3.382,0.275,-1.046,35.17,32.8784,-0.109,"32.8784,   -0.109, 27 May 2026, 09:04:51"
2026-05-27T09:05:07.425384,5675,56130000,-0.01,0.01,-1.012,-3.366,0.344,-1.282,35.17,32.8774,-0.111,"32.8774,   -0.111, 27 May 2026, 09:05:01"
2026-05-27T09:05:17.497810,5676,56140000,-0.012,0.015,-1.014,-3.504,0.359,-1.176,35.21,32.871,-0.11,"32.8710,   -0.110, 27 May 2026, 09:05:11"
2026-05-27T09:05:27.483623,5677,56150000,-0.019,0.013,-1.018,-3.534,0.435,-1.099,35.07,32.8764,-0.11,"32.8764,   -0.110, 27 May 2026, 09:05:21"
2026-05-27T09:05:37.492447,5678,56160000,-0.019,0.013,-1.011,-3.435,0.313,-1.092,35.17,32.8657,-0.109,"32.8657,   -0.109, 27 May 2026, 09:05:31"
2026-05-27T09:05:47.483292,5679,56170000,-0.021,0.013,-1.01,-3.55,0.397,-1.031,35.21,32.8708,-0.11,"32.8708,   -0.110, 27 May 2026, 09:05:41"
2026-05-27T09:05:57.481126,5680,56180000,-0.016,0.017,-1.011,-3.504,0.328,-1.076,35.17,32.872,-0.11,"32.8720,   -0.110, 27 May 2026, 09:05:51"
2026-05-27T09:06:07.425363,5681,56190000,-0.014,0.011,-1.006,-3.427,0.427,-1.015,35.17,32.8726,-0.112,"32.8726,   -0.112, 27 May 2026, 09:06:01"
2026-05-27T09:06:17.474469,5682,56200000,-0.012,0.012,-1.02,-3.511,0.405,-1.13,35.17,32.8651,-0.11,"32.8651,   -0.110, 27 May 2026, 09:06:11"
2026-05-27T09:06:27.472949,5683,56210000,-0.015,0.012,-1.01,-3.58,0.397,-0.878,35.21,32.8731,-0.112,"32.8731,   -0.112, 27 May 2026, 09:06:21"
2026-05-27T09:06:37.479949,5684,56220000,-0.02,0.013,-1.01,-3.473,0.473,-0.962,35.17,32.8745,-0.111,"32.8745,   -0.111, 27 May 2026, 09:06:31"
2026-05-27T09:06:47.484556,5685,56230000,-0.013,0.011,-1.011,-3.435,0.275,-0.832,35.12,32.8788,-0.114,"32.8788,   -0.114, 27 May 2026, 09:06:41"
2026-05-27T09:06:57.476859,5686,56240000,-0.017,0.015,-1.015,-3.45,0.298,-1.092,35.17,32.893,-0.111,"32.8930,   -0.111, 27 May 2026, 09:06:51"
2026-05-27T09:07:07.407556,5687,56250000,-0.019,0.016,-1.013,-3.427,0.29,-1.031,35.12,32.8973,-0.109,"32.8973,   -0.109, 27 May 2026, 09:07:01"
2026-05-27T09:07:17.471309,5688,56260000,-0.015,0.016,-1.016,-3.527,0.221,-1.053,35.26,32.9023,-0.111,"32.9023,   -0.111, 27 May 2026, 09:07:11"
2026-05-27T09:07:27.486209,5689,56270000,-0.022,0.011,-1.018,-3.397,0.275,-1.206,35.12,32.8954,-0.11,"32.8954,   -0.110, 27 May 2026, 09:07:21"
2026-05-27T09:07:37.496829,5690,56280000,-0.012,0.017,-1.009,-3.435,0.298,-1.092,35.12,32.8837,-0.111,"32.8837,   -0.111, 27 May 2026, 09:07:31"
2026-05-27T09:07:47.476241,5691,56290000,-0.013,0.013,-1.008,-3.595,0.405,-1.038,35.02,32.8727,-0.108,"32.8727,   -0.108, 27 May 2026, 09:07:41"
2026-05-27T09:07:57.538059,5692,56300000,-0.013,0.015,-1.01,-3.534,0.481,-1.046,35.17,32.8766,-0.109,"32.8766,   -0.109, 27 May 2026, 09:07:51"
2026-05-27T09:08:07.410851,5693,56310000,-0.017,0.012,-1.013,-3.496,0.298,-1.076,35.12,32.8785,-0.113,"32.8785,   -0.113, 27 May 2026, 09:08:01"
2026-05-27T09:08:17.494893,5694,56320000,-0.015,0.009,-1.009,-3.443,0.374,-1.153,35.02,32.8795,-0.108,"32.8795,   -0.108, 27 May 2026, 09:08:11"
2026-05-27T09:08:27.555306,5695,56330000,-0.018,0.012,-1.007,-3.542,0.252,-0.969,35.12,32.8813,-0.11,"32.8813,   -0.110, 27 May 2026, 09:08:21"
2026-05-27T09:08:37.479057,5696,56340000,-0.014,0.013,-1.008,-3.496,0.298,-1.031,35.21,32.9085,-0.109,"32.9085,   -0.109, 27 May 2026, 09:08:31"
2026-05-27T09:08:47.531167,5697,56350000,-0.013,0.012,-1.017,-3.397,0.344,-1.244,35.21,32.9221,-0.11,"32.9221,   -0.110, 27 May 2026, 09:08:41"
2026-05-27T09:08:57.494913,5698,56360000,-0.013,0.016,-1.013,-3.496,0.427,-1.038,35.21,32.9282,-0.112,"32.9282,   -0.112, 27 May 2026, 09:08:51"
2026-05-27T09:09:07.425425,5699,56370000,-0.015,0.011,-1.007,-3.382,0.389,-1.137,35.12,32.9265,-0.109,"32.9265,   -0.109, 27 May 2026, 09:09:01"
2026-05-27T09:09:17.474600,5700,56380000,-0.011,0.017,-1.013,-3.481,0.42,-1.069,35.17,32.9209,-0.11,"32.9209,   -0.110, 27 May 2026, 09:09:11"
2026-05-27T09:09:27.493820,5701,56390000,-0.015,0.016,-1.011,-3.55,0.389,-1.237,35.12,32.9106,-0.108,"32.9106,   -0.108, 27 May 2026, 09:09:21"
2026-05-27T09:09:37.552191,5702,56400000,-0.013,0.018,-1.013,-3.634,0.359,-1.221,35.12,32.9027,-0.11,"32.9027,   -0.110, 27 May 2026, 09:09:31"
2026-05-27T09:09:47.532888,5703,56410000,-0.011,0.013,-1.021,-3.557,0.427,-1.038,35.12,32.9041,-0.11,"32.9041,   -0.110, 27 May 2026, 09:09:41"
2026-05-27T09:09:57.533370,5704,56420000,-0.018,0.01,-1.003,-3.542,0.336,-1.099,35.21,32.9028,-0.11,"32.9028,   -0.110, 27 May 2026, 09:09:51"
2026-05-27T09:10:07.493373,5705,56430000,-0.014,0.012,-1.018,-3.26,0.229,-1.198,35.17,32.8934,-0.11,"32.8934,   -0.110, 27 May 2026, 09:10:01"
2026-05-27T09:10:17.498693,5706,56440000,-0.019,0.007,-1.013,-3.511,0.45,-1.13,35.21,32.8698,-0.112,"32.8698,   -0.112, 27 May 2026, 09:10:11"
2026-05-27T09:10:27.537397,5707,56450000,-0.014,0.01,-1.006,-3.405,0.344,-1.168,35.17,32.8575,-0.107,"32.8575,   -0.107, 27 May 2026, 09:10:21"
2026-05-27T09:10:37.493923,5708,56460000,-0.018,0.008,-1.0,-3.565,0.351,-1.008,35.07,32.8485,-0.108,"32.8485,   -0.108, 27 May 2026, 09:10:31"
2026-05-27T09:10:47.535056,5709,56470000,-0.013,0.014,-1.011,-3.443,0.443,-1.031,35.02,32.8316,-0.109,"32.8316,   -0.109, 27 May 2026, 09:10:41"
2026-05-27T09:10:57.478002,5710,56480000,-0.01,0.014,-1.016,-3.519,0.282,-1.229,35.17,32.8078,-0.113,"32.8078,   -0.113, 27 May 2026, 09:10:51"
2026-05-27T09:11:07.490048,5711,56490000,-0.016,0.014,-1.002,-3.359,0.183,-1.023,35.07,32.7763,-0.108,"32.7763,   -0.108, 27 May 2026, 09:11:01"
2026-05-27T09:11:17.478603,5712,56500000,-0.013,0.008,-1.011,-3.298,0.336,-1.015,35.17,32.7365,-0.113,"32.7365,   -0.113, 27 May 2026, 09:11:11"
2026-05-27T09:11:27.534277,5713,56510000,-0.013,0.011,-1.015,-3.458,0.298,-1.099,35.21,32.7062,-0.112,"32.7062,   -0.112, 27 May 2026, 09:11:21"
2026-05-27T09:11:37.558687,5714,56520000,-0.012,0.016,-1.012,-3.565,0.244,-1.053,35.21,32.6686,-0.111,"32.6686,   -0.111, 27 May 2026, 09:11:31"
2026-05-27T09:11:47.535864,5715,56530000,-0.012,0.011,-1.014,-3.42,0.382,-1.168,35.07,32.6202,-0.109,"32.6202,   -0.109, 27 May 2026, 09:11:41"
2026-05-27T09:11:57.535170,5716,56540000,-0.017,0.009,-1.016,-3.336,0.321,-0.916,35.07,32.5529,-0.113,"32.5529,   -0.113, 27 May 2026, 09:11:51"
2026-05-27T09:12:07.537835,5717,56550000,-0.008,0.019,-1.008,-3.397,0.427,-1.115,35.12,32.4621,-0.104,"32.4621,   -0.104, 27 May 2026, 09:12:01"
2026-05-27T09:12:17.476244,5718,56560000,-0.009,0.01,-1.01,-3.481,0.443,-1.084,34.98,32.373,-0.113,"32.3730,   -0.113, 27 May 2026, 09:12:11"
2026-05-27T09:12:27.540486,5719,56570000,-0.015,0.016,-1.002,-3.519,0.305,-1.069,34.88,32.3473,-0.111,"32.3473,   -0.111, 27 May 2026, 09:12:21"
2026-05-27T09:12:37.478381,5720,56580000,-0.014,0.016,-1.011,-3.435,0.26,-1.046,35.02,32.314,-0.112,"32.3140,   -0.112, 27 May 2026, 09:12:31"
2026-05-27T09:12:47.478286,5721,56590000,-0.016,0.013,-1.022,-3.489,0.382,-1.115,34.98,32.26,-0.11,"32.2600,   -0.110, 27 May 2026, 09:12:41"
2026-05-27T09:12:57.486864,5722,56600000,-0.017,0.02,-1.01,-3.427,0.366,-1.198,34.98,32.2295,-0.108,"32.2295,   -0.108, 27 May 2026, 09:12:51"
2026-05-27T09:13:07.483493,5723,56610000,-0.018,0.011,-1.006,-3.382,0.45,-1.229,34.93,32.0987,-0.113,"32.0987,   -0.113, 27 May 2026, 09:13:01"
2026-05-27T09:13:17.498027,5724,56620000,-0.017,0.014,-1.011,-3.389,0.42,-1.023,34.88,31.9911,-0.11,"31.9911,   -0.110, 27 May 2026, 09:13:11"
2026-05-27T09:13:27.498392,5725,56630000,-0.026,0.016,-1.016,-3.595,0.221,-0.947,34.79,31.9674,-0.111,"31.9674,   -0.111, 27 May 2026, 09:13:21"
2026-05-27T09:13:37.545755,5726,56640000,-0.013,0.012,-1.014,-3.565,0.359,-1.008,34.79,31.862,-0.11,"31.8620,   -0.110, 27 May 2026, 09:13:31"
2026-05-27T09:13:47.475955,5727,56650000,-0.015,0.016,-1.009,-3.443,0.305,-1.176,34.88,31.7917,-0.114,"31.7917,   -0.114, 27 May 2026, 09:13:41"
2026-05-27T09:13:57.536141,5728,56660000,-0.012,0.011,-1.013,-3.55,0.412,-1.053,34.69,31.8009,-0.111,"31.8009,   -0.111, 27 May 2026, 09:13:51"
2026-05-27T09:14:07.491782,5729,56670000,-0.007,0.014,-1.009,-3.466,0.321,-1.214,34.69,31.7949,-0.111,"31.7949,   -0.111, 27 May 2026, 09:14:01"
2026-05-27T09:14:17.475950,5730,56680000,-0.017,0.006,-1.004,-3.458,0.328,-1.008,34.69,31.792,-0.109,"31.7920,   -0.109, 27 May 2026, 09:14:11"
2026-05-27T09:14:27.487593,5731,56690000,-0.018,0.015,-1.009,-3.489,0.244,-1.198,34.74,31.7238,-0.11,"31.7238,   -0.110, 27 May 2026, 09:14:21"
2026-05-27T09:14:37.497745,5732,56700000,-0.022,0.013,-1.021,-3.565,0.26,-1.099,34.65,31.6875,-0.106,"31.6875,   -0.106, 27 May 2026, 09:14:31"
2026-05-27T09:14:47.537616,5733,56710000,-0.021,0.008,-1.015,-3.489,0.344,-1.015,34.6,31.6866,-0.112,"31.6866,   -0.112, 27 May 2026, 09:14:41"
2026-05-27T09:14:57.537209,5734,56720000,-0.02,0.01,-1.009,-3.511,0.275,-1.191,34.65,31.6704,-0.108,"31.6704,   -0.108, 27 May 2026, 09:14:51"
2026-05-27T09:15:07.537298,5735,56730000,-0.019,0.013,-1.011,-3.397,0.473,-1.176,34.69,31.6226,-0.108,"31.6226,   -0.108, 27 May 2026, 09:15:01"
2026-05-27T09:15:17.478188,5736,56740000,-0.016,0.014,-1.012,-3.45,0.427,-1.061,34.6,31.6265,-0.107,"31.6265,   -0.107, 27 May 2026, 09:15:11"
2026-05-27T09:15:27.537964,5737,56750000,-0.017,0.015,-1.007,-3.321,0.191,-1.137,34.65,31.5674,-0.107,"31.5674,   -0.107, 27 May 2026, 09:15:21"
2026-05-27T09:15:37.548227,5738,56760000,-0.018,0.013,-1.006,-3.313,0.481,-1.076,34.69,31.53,-0.108,"31.5300,   -0.108, 27 May 2026, 09:15:31"
2026-05-27T09:15:47.538049,5739,56770000,-0.009,0.012,-1.009,-3.466,0.443,-1.13,34.65,31.4724,-0.111,"31.4724,   -0.111, 27 May 2026, 09:15:41"
2026-05-27T09:15:57.543687,5740,56780000,-0.018,0.01,-1.004,-3.573,0.42,-1.015,34.51,31.4682,-0.11,"31.4682,   -0.110, 27 May 2026, 09:15:51"
2026-05-27T09:16:07.536811,5741,56790000,-0.011,0.019,-1.004,-3.397,0.344,-1.214,34.55,31.4676,-0.109,"31.4676,   -0.109, 27 May 2026, 09:16:01"
2026-05-27T09:16:17.475682,5742,56800000,-0.013,0.013,-1.015,-3.435,0.183,-1.176,34.55,31.4082,-0.112,"31.4082,   -0.112, 27 May 2026, 09:16:11"
2026-05-27T09:16:27.537420,5743,56810000,-0.017,0.016,-1.005,-3.427,0.382,-1.107,34.6,31.3596,-0.107,"31.3596,   -0.107, 27 May 2026, 09:16:21"
2026-05-27T09:16:37.558702,5744,56820000,-0.016,0.015,-1.01,-3.344,0.328,-1.031,34.55,31.3109,-0.113,"31.3109,   -0.113, 27 May 2026, 09:16:31"
2026-05-27T09:16:47.545978,5745,56830000,-0.014,0.017,-1.009,-3.496,0.298,-1.115,34.6,31.1952,-0.11,"31.1952,   -0.110, 27 May 2026, 09:16:41"
2026-05-27T09:16:57.545857,5746,56840000,-0.014,0.013,-1.006,-3.573,0.473,-1.008,34.6,31.1411,-0.111,"31.1411,   -0.111, 27 May 2026, 09:16:51"
2026-05-27T09:17:07.537785,5747,56850000,-0.014,0.012,-1.017,-3.237,0.481,-1.084,34.6,31.1486,-0.108,"31.1486,   -0.108, 27 May 2026, 09:17:01"
2026-05-27T09:17:17.537625,5748,56860000,-0.013,0.015,-1.006,-3.374,0.374,-1.084,34.46,31.1135,-0.108,"31.1135,   -0.108, 27 May 2026, 09:17:11"
2026-05-27T09:17:27.556285,5749,56870000,-0.012,0.016,-1.006,-3.519,0.282,-1.168,34.46,31.0293,-0.109,"31.0293,   -0.109, 27 May 2026, 09:17:21"
2026-05-27T09:17:37.543554,5750,56880000,-0.013,0.011,-1.018,-3.557,0.374,-1.13,34.41,31.0136,-0.108,"31.0136,   -0.108, 27 May 2026, 09:17:31"
2026-05-27T09:17:47.535180,5751,56890000,-0.013,0.015,-1.006,-3.443,0.145,-0.992,34.37,31.0058,-0.112,"31.0058,   -0.112, 27 May 2026, 09:17:41"
2026-05-27T09:17:57.536107,5752,56900000,-0.01,0.014,-1.002,-3.542,0.389,-1.069,34.46,31.0291,-0.11,"31.0291,   -0.110, 27 May 2026, 09:17:51"
2026-05-27T09:18:07.493684,5753,56910000,-0.012,0.017,-1.015,-3.321,0.336,-1.053,34.55,31.06,-0.11,"31.0600,   -0.110, 27 May 2026, 09:18:01"
2026-05-27T09:18:17.559669,5754,56920000,-0.008,0.013,-1.003,-3.382,0.359,-1.061,34.41,31.1125,-0.111,"31.1125,   -0.111, 27 May 2026, 09:18:11"
2026-05-27T09:18:27.552216,5755,56930000,-0.01,0.012,-1.01,-3.481,0.336,-0.969,34.41,31.1115,-0.111,"31.1115,   -0.111, 27 May 2026, 09:18:21"
2026-05-27T09:18:37.476836,5756,56940000,-0.014,0.01,-1.015,-3.527,0.252,-1.26,34.37,31.0197,-0.109,"31.0197,   -0.109, 27 May 2026, 09:18:31"
2026-05-27T09:18:47.477313,5757,56950000,-0.009,0.017,-1.001,-3.527,0.267,-0.939,34.27,30.9339,-0.108,"30.9339,   -0.108, 27 May 2026, 09:18:41"
2026-05-27T09:18:57.494721,5758,56960000,-0.013,0.013,-1.013,-3.458,0.397,-1.015,34.22,30.9564,-0.108,"30.9564,   -0.108, 27 May 2026, 09:18:51"
2026-05-27T09:19:07.553706,5759,56970000,-0.018,0.016,-1.005,-3.382,0.359,-1.145,34.18,30.853,-0.11,"30.8530,   -0.110, 27 May 2026, 09:19:01"
2026-05-27T09:19:17.478248,5760,56980000,-0.015,0.011,-1.011,-3.42,0.382,-1.26,34.13,30.867,-0.113,"30.8670,   -0.113, 27 May 2026, 09:19:11"
2026-05-27T09:19:27.487120,5761,56990000,-0.015,0.015,-0.998,-3.313,0.305,-1.176,34.18,30.8231,-0.109,"30.8231,   -0.109, 27 May 2026, 09:19:21"
2026-05-27T09:19:37.478513,5762,57000000,-0.017,0.013,-1.007,-3.435,0.305,-1.046,34.18,30.8013,-0.111,"30.8013,   -0.111, 27 May 2026, 09:19:31"
2026-05-27T09:19:47.496875,5763,57010000,-0.017,0.014,-1.01,-3.45,0.359,-1.176,34.13,30.8283,-0.107,"30.8283,   -0.107, 27 May 2026, 09:19:41"
2026-05-27T09:19:57.534068,5764,57020000,-0.019,0.013,-1.015,-3.496,0.237,-1.061,34.18,30.837,-0.11,"30.8370,   -0.110, 27 May 2026, 09:19:51"
2026-05-27T09:20:07.558168,5765,57030000,-0.015,0.018,-1.006,-3.458,0.313,-1.198,34.27,30.8083,-0.11,"30.8083,   -0.110, 27 May 2026, 09:20:01"
2026-05-27T09:20:17.537309,5766,57040000,-0.017,0.011,-1.005,-3.458,0.344,-1.16,33.99,30.7811,-0.111,"30.7811,   -0.111, 27 May 2026, 09:20:11"
2026-05-27T09:20:27.496538,5767,57050000,-0.015,0.014,-1.005,-3.359,0.328,-1.069,33.89,30.7345,-0.109,"30.7345,   -0.109, 27 May 2026, 09:20:21"
2026-05-27T09:20:37.475538,5768,57060000,-0.016,0.014,-1.014,-3.473,0.237,-1.099,33.99,30.6958,-0.107,"30.6958,   -0.107, 27 May 2026, 09:20:31"
2026-05-27T09:20:47.559068,5769,57070000,-0.011,0.017,-1.001,-3.519,0.244,-0.939,33.99,30.6913,-0.109,"30.6913,   -0.109, 27 May 2026, 09:20:41"
2026-05-27T09:20:57.495322,5770,57080000,-0.011,0.013,-1.004,-3.504,0.397,-1.076,33.94,30.599,-0.112,"30.5990,   -0.112, 27 May 2026, 09:20:51"
2026-05-27T09:21:07.538100,5771,57090000,-0.012,0.016,-1.01,-3.45,0.45,-1.115,33.94,30.5195,-0.108,"30.5195,   -0.108, 27 May 2026, 09:21:01"
2026-05-27T09:21:17.479473,5772,57100000,-0.017,0.015,-1.013,-3.282,0.405,-1.092,33.85,30.3622,-0.11,"30.3622,   -0.110, 27 May 2026, 09:21:11"
2026-05-27T09:21:27.555781,5773,57110000,-0.014,0.011,-1.0,-3.595,0.382,-1.122,33.8,30.3085,-0.11,"30.3085,   -0.110, 27 May 2026, 09:21:21"
2026-05-27T09:21:37.479604,5774,57120000,-0.006,0.011,-1.003,-3.58,0.321,-1.16,33.89,30.3009,-0.109,"30.3009,   -0.109, 27 May 2026, 09:21:31"
2026-05-27T09:21:47.478229,5775,57130000,-0.018,0.017,-1.01,-3.534,0.344,-1.122,33.89,30.2925,-0.111,"30.2925,   -0.111, 27 May 2026, 09:21:41"
2026-05-27T09:21:57.479563,5776,57140000,-0.013,0.012,-1.014,-3.481,0.237,-1.191,33.75,30.3178,-0.111,"30.3178,   -0.111, 27 May 2026, 09:21:51"
2026-05-27T09:22:07.559025,5777,57150000,-0.017,0.02,-1.013,-3.344,0.282,-1.282,33.57,30.2407,-0.113,"30.2407,   -0.113, 27 May 2026, 09:22:01"
2026-05-27T09:22:17.544080,5778,57160000,-0.011,0.015,-1.011,-3.534,0.305,-1.214,33.57,30.1992,-0.108,"30.1992,   -0.108, 27 May 2026, 09:22:11"
2026-05-27T09:22:27.544745,5779,57170000,-0.018,0.011,-1.013,-3.435,0.237,-1.145,33.61,30.1487,-0.109,"30.1487,   -0.109, 27 May 2026, 09:22:21"
2026-05-27T09:22:37.476286,5780,57180000,-0.02,0.014,-1.004,-3.466,0.389,-1.099,33.66,30.1776,-0.113,"30.1776,   -0.113, 27 May 2026, 09:22:31"
2026-05-27T09:22:47.475590,5781,57190000,-0.015,0.015,-1.005,-3.496,0.252,-1.145,33.61,30.1935,-0.11,"30.1935,   -0.110, 27 May 2026, 09:22:41"
2026-05-27T09:22:57.532575,5782,57200000,-0.016,0.015,-1.012,-3.496,0.351,-1.069,33.61,30.19,-0.113,"30.1900,   -0.113, 27 May 2026, 09:22:51"
2026-05-27T09:23:07.486955,5783,57210000,-0.006,0.017,-1.008,-3.481,0.237,-1.092,33.42,30.0969,-0.111,"30.0969,   -0.111, 27 May 2026, 09:23:01"
2026-05-27T09:23:17.478103,5784,57220000,-0.019,0.018,-1.016,-3.397,0.351,-1.099,33.47,30.0527,-0.111,"30.0527,   -0.111, 27 May 2026, 09:23:11"
2026-05-27T09:23:27.498558,5785,57230000,-0.013,0.015,-1.007,-3.45,0.374,-1.069,33.52,29.9723,-0.108,"29.9723,   -0.108, 27 May 2026, 09:23:21"
2026-05-27T09:23:37.538376,5786,57240000,-0.011,0.004,-1.004,-3.366,0.328,-1.015,33.33,29.8675,-0.108,"29.8675,   -0.108, 27 May 2026, 09:23:31"
2026-05-27T09:23:47.499342,5787,57250000,-0.016,0.012,-1.015,-3.458,0.305,-1.13,33.33,29.9023,-0.111,"29.9023,   -0.111, 27 May 2026, 09:23:41"
2026-05-27T09:23:57.556273,5788,57260000,-0.014,0.013,-1.013,-3.496,0.298,-1.076,33.33,29.9269,-0.11,"29.9269,   -0.110, 27 May 2026, 09:23:51"
2026-05-27T09:24:07.484558,5789,57270000,-0.017,0.019,-1.004,-3.435,0.397,-1.053,33.38,29.9561,-0.109,"29.9561,   -0.109, 27 May 2026, 09:24:01"
2026-05-27T09:24:17.475829,5790,57280000,-0.012,0.007,-1.003,-3.511,0.351,-1.153,33.28,29.9451,-0.112,"29.9451,   -0.112, 27 May 2026, 09:24:11"
2026-05-27T09:24:27.555027,5791,57290000,-0.014,0.015,-1.014,-3.595,0.298,-1.008,33.33,29.945,-0.107,"29.9450,   -0.107, 27 May 2026, 09:24:21"
2026-05-27T09:24:37.498735,5792,57300000,-0.015,0.014,-1.012,-3.534,0.588,-1.076,33.14,29.9227,-0.111,"29.9227,   -0.111, 27 May 2026, 09:24:31"
2026-05-27T09:24:47.480498,5793,57310000,-0.011,0.013,-1.005,-3.45,0.427,-1.046,33.24,29.9328,-0.113,"29.9328,   -0.113, 27 May 2026, 09:24:41"
2026-05-27T09:24:57.476448,5794,57320000,-0.012,0.011,-1.007,-3.466,0.351,-1.183,33.28,29.9719,-0.109,"29.9719,   -0.109, 27 May 2026, 09:24:51"
2026-05-27T09:25:07.542578,5795,57330000,-0.013,0.012,-1.002,-3.42,0.29,-1.191,33.33,29.9904,-0.111,"29.9904,   -0.111, 27 May 2026, 09:25:01"
2026-05-27T09:25:17.483276,5796,57340000,-0.015,0.014,-1.001,-3.366,0.26,-1.206,33.19,29.9998,-0.11,"29.9998,   -0.110, 27 May 2026, 09:25:11"
2026-05-27T09:25:27.493325,5797,57350000,-0.017,0.011,-1.005,-3.435,0.244,-0.824,33.05,29.9767,-0.112,"29.9767,   -0.112, 27 May 2026, 09:25:21"
2026-05-27T09:25:37.478304,5798,57360000,-0.011,0.015,-1.009,-3.595,0.229,-1.0,33.0,29.9228,-0.116,"29.9228,   -0.116, 27 May 2026, 09:25:31"
2026-05-27T09:25:47.556668,5799,57370000,-0.015,0.016,-1.001,-3.458,0.298,-1.153,33.09,29.9429,-0.109,"29.9429,   -0.109, 27 May 2026, 09:25:41"
2026-05-27T09:25:57.553492,5800,57380000,-0.012,0.017,-0.997,-3.382,0.359,-0.977,33.14,29.8551,-0.109,"29.8551,   -0.109, 27 May 2026, 09:25:51"
2026-05-27T09:26:07.498901,5801,57390000,-0.013,0.02,-1.007,-3.359,0.206,-1.023,33.09,29.8364,-0.108,"29.8364,   -0.108, 27 May 2026, 09:26:01"
2026-05-27T09:26:17.552031,5802,57400000,-0.014,0.015,-1.009,-3.351,0.275,-1.061,33.14,29.836,-0.113,"29.8360,   -0.113, 27 May 2026, 09:26:11"
2026-05-27T09:26:27.536990,5803,57410000,-0.015,0.018,-1.006,-3.55,0.382,-1.023,33.24,29.8477,-0.11,"29.8477,   -0.110, 27 May 2026, 09:26:21"
2026-05-27T09:26:37.476277,5804,57420000,-0.016,0.017,-1.0,-3.321,0.214,-1.099,33.24,29.8215,-0.111,"29.8215,   -0.111, 27 May 2026, 09:26:31"
2026-05-27T09:26:47.535730,5805,57430000,-0.016,0.018,-1.006,-3.328,0.298,-1.084,33.24,29.8125,-0.11,"29.8125,   -0.110, 27 May 2026, 09:26:41"
2026-05-27T09:26:57.479250,5806,57440000,-0.011,0.016,-1.001,-3.504,0.244,-1.122,33.24,29.8039,-0.112,"29.8039,   -0.112, 27 May 2026, 09:26:51"
2026-05-27T09:27:07.551412,5807,57450000,-0.016,0.013,-1.006,-3.489,0.29,-1.122,33.19,29.8136,-0.109,"29.8136,   -0.109, 27 May 2026, 09:27:01"
2026-05-27T09:27:17.483186,5808,57460000,-0.01,0.018,-1.012,-3.489,0.344,-1.153,33.14,29.8662,-0.111,"29.8662,   -0.111, 27 May 2026, 09:27:11"
2026-05-27T09:27:27.532872,5809,57470000,-0.017,0.014,-1.001,-3.511,0.298,-1.107,33.05,29.8102,-0.112,"29.8102,   -0.112, 27 May 2026, 09:27:21"
2026-05-27T09:27:37.536980,5810,57480000,-0.019,0.017,-0.995,-3.481,0.214,-1.008,33.09,29.7385,-0.111,"29.7385,   -0.111, 27 May 2026, 09:27:31"
2026-05-27T09:27:47.479160,5811,57490000,-0.011,0.015,-1.004,-3.496,0.313,-1.115,33.05,29.6628,-0.117,"29.6628,   -0.117, 27 May 2026, 09:27:41"
2026-05-27T09:27:57.495741,5812,57500000,-0.019,0.013,-1.0,-3.427,0.229,-1.198,33.09,29.6575,-0.111,"29.6575,   -0.111, 27 May 2026, 09:27:51"
2026-05-27T09:28:07.498371,5813,57510000,-0.015,0.014,-1.002,-3.382,0.244,-1.107,33.24,29.6437,-0.111,"29.6437,   -0.111, 27 May 2026, 09:28:01"
2026-05-27T09:28:17.559590,5814,57520000,-0.01,0.015,-0.996,-3.397,0.221,-0.962,33.14,29.6386,-0.112,"29.6386,   -0.112, 27 May 2026, 09:28:11"
2026-05-27T09:28:27.544441,5815,57530000,-0.018,0.015,-1.011,-3.458,0.328,-0.901,33.14,29.6768,-0.113,"29.6768,   -0.113, 27 May 2026, 09:28:21"
2026-05-27T09:28:37.483611,5816,57540000,-0.008,0.015,-1.003,-3.473,0.374,-1.115,33.05,29.716,-0.111,"29.7160,   -0.111, 27 May 2026, 09:28:31"
2026-05-27T09:28:47.475700,5817,57550000,-0.02,0.014,-1.003,-3.55,0.298,-0.924,32.86,29.6978,-0.109,"29.6978,   -0.109, 27 May 2026, 09:28:41"
2026-05-27T09:28:57.499067,5818,57560000,-0.014,0.007,-1.008,-3.435,0.336,-1.099,32.86,29.7077,-0.113,"29.7077,   -0.113, 27 May 2026, 09:28:51"
2026-05-27T09:29:07.549292,5819,57570000,-0.017,0.015,-1.0,-3.481,0.328,-0.977,32.81,29.5603,-0.111,"29.5603,   -0.111, 27 May 2026, 09:29:01"
2026-05-27T09:29:17.557940,5820,57580000,-0.024,0.013,-1.008,-3.527,0.153,-1.031,32.86,29.5435,-0.108,"29.5435,   -0.108, 27 May 2026, 09:29:11"
2026-05-27T09:29:27.490326,5821,57590000,-0.013,0.021,-1.01,-3.321,0.221,-1.237,33.0,29.4958,-0.109,"29.4958,   -0.109, 27 May 2026, 09:29:21"
2026-05-27T09:29:37.538069,5822,57600000,-0.012,0.011,-0.999,-3.489,0.153,-1.099,33.0,29.4449,-0.112,"29.4449,   -0.112, 27 May 2026, 09:29:31"
2026-05-27T09:29:47.531146,5823,57610000,-0.016,0.015,-1.004,-3.504,0.405,-1.145,33.0,29.4138,-0.11,"29.4138,   -0.110, 27 May 2026, 09:29:41"
2026-05-27T09:29:57.492543,5824,57620000,-0.015,0.016,-1.007,-3.328,0.229,-1.084,33.0,29.4185,-0.113,"29.4185,   -0.113, 27 May 2026, 09:29:51"
2026-05-27T09:30:07.539108,5825,57630000,-0.017,0.016,-1.0,-3.489,0.137,-1.122,32.95,29.4012,-0.116,"29.4012,   -0.116, 27 May 2026, 09:30:01"
2026-05-27T09:30:17.538049,5826,57640000,-0.014,0.012,-1.007,-3.466,0.221,-1.038,32.91,29.397,-0.112,"29.3970,   -0.112, 27 May 2026, 09:30:11"
2026-05-27T09:30:27.547577,5827,57650000,-0.013,0.013,-1.013,-3.344,0.29,-1.137,32.91,29.4264,-0.114,"29.4264,   -0.114, 27 May 2026, 09:30:21"
2026-05-27T09:30:37.544307,5828,57660000,-0.011,0.015,-1.001,-3.466,0.214,-1.137,33.0,29.3922,-0.111,"29.3922,   -0.111, 27 May 2026, 09:30:31"
2026-05-27T09:30:47.532235,5829,57670000,-0.02,0.014,-1.01,-3.45,0.267,-1.145,33.05,29.2995,-0.112,"29.2995,   -0.112, 27 May 2026, 09:30:41"
2026-05-27T09:30:57.558386,5830,57680000,-0.015,0.018,-1.004,-3.374,0.397,-1.198,32.95,29.2615,-0.111,"29.2615,   -0.111, 27 May 2026, 09:30:51"
2026-05-27T09:31:07.544142,5831,57690000,-0.007,0.008,-0.998,-3.595,0.412,-1.107,32.95,29.1552,-0.112,"29.1552,   -0.112, 27 May 2026, 09:31:01"
2026-05-27T09:31:17.467687,5832,57700000,-0.008,0.012,-1.004,-3.389,0.305,-1.16,32.72,29.0736,-0.112,"29.0736,   -0.112, 27 May 2026, 09:31:11"
2026-05-27T09:31:27.484052,5833,57710000,-0.011,0.017,-1.005,-3.496,0.412,-1.084,32.81,29.0061,-0.108,"29.0061,   -0.108, 27 May 2026, 09:31:21"
2026-05-27T09:31:37.538301,5834,57720000,-0.019,0.015,-1.008,-3.573,0.42,-1.153,32.86,28.986,-0.11,"28.9860,   -0.110, 27 May 2026, 09:31:31"
2026-05-27T09:31:47.546056,5835,57730000,-0.012,0.012,-1.005,-3.397,0.221,-1.015,32.81,28.8543,-0.111,"28.8543,   -0.111, 27 May 2026, 09:31:41"
2026-05-27T09:31:57.555889,5836,57740000,-0.018,0.019,-1.004,-3.534,0.191,-1.069,32.86,28.7965,-0.11,"28.7965,   -0.110, 27 May 2026, 09:31:51"
2026-05-27T09:32:07.498473,5837,57750000,-0.019,0.016,-1.0,-3.435,0.344,-1.16,32.77,28.7129,-0.112,"28.7129,   -0.112, 27 May 2026, 09:32:01"
2026-05-27T09:32:17.535303,5838,57760000,-0.014,0.016,-0.998,-3.542,0.191,-1.168,32.95,28.6648,-0.114,"28.6648,   -0.114, 27 May 2026, 09:32:11"
2026-05-27T09:32:27.547845,5839,57770000,-0.015,0.016,-1.005,-3.519,0.344,-1.176,32.77,28.6458,-0.111,"28.6458,   -0.111, 27 May 2026, 09:32:21"
2026-05-27T09:32:37.531443,5840,57780000,-0.014,0.012,-1.004,-3.534,0.237,-1.13,32.86,28.6131,-0.109,"28.6131,   -0.109, 27 May 2026, 09:32:31"
2026-05-27T09:32:47.558040,5841,57790000,-0.008,0.013,-1.008,-3.344,0.26,-1.206,32.91,28.6095,-0.112,"28.6095,   -0.112, 27 May 2026, 09:32:41"
2026-05-27T09:32:57.541923,5842,57800000,-0.012,0.016,-1.014,-3.519,0.336,-0.916,32.77,28.5577,-0.113,"28.5577,   -0.113, 27 May 2026, 09:32:51"
2026-05-27T09:33:07.556347,5843,57810000,-0.015,0.012,-1.008,-3.42,0.282,-1.122,32.91,28.5079,-0.111,"28.5079,   -0.111, 27 May 2026, 09:33:01"
2026-05-27T09:33:17.559361,5844,57820000,-0.015,0.014,-1.008,-3.588,0.214,-1.214,32.77,28.5125,-0.113,"28.5125,   -0.113, 27 May 2026, 09:33:11"
2026-05-27T09:33:27.559016,5845,57830000,-0.015,0.017,-1.004,-3.534,0.336,-1.031,32.86,28.5381,-0.112,"28.5381,   -0.112, 27 May 2026, 09:33:21"
2026-05-27T09:33:37.537194,5846,57840000,-0.013,0.015,-1.003,-3.42,0.176,-1.122,32.81,28.5033,-0.113,"28.5033,   -0.113, 27 May 2026, 09:33:31"
2026-05-27T09:33:47.558621,5847,57850000,-0.018,0.015,-1.004,-3.481,0.359,-1.084,32.67,28.4865,-0.11,"28.4865,   -0.110, 27 May 2026, 09:33:41"
2026-05-27T09:33:57.538337,5848,57860000,-0.01,0.015,-1.005,-3.489,0.237,-1.115,32.77,28.5603,-0.111,"28.5603,   -0.111, 27 May 2026, 09:33:51"
2026-05-27T09:34:07.479075,5849,57870000,-0.017,0.016,-1.005,-3.435,0.229,-0.992,32.81,28.6231,-0.112,"28.6231,   -0.112, 27 May 2026, 09:34:01"
2026-05-27T09:34:17.537608,5850,57880000,-0.012,0.013,-1.005,-3.527,0.351,-1.137,32.81,28.6144,-0.111,"28.6144,   -0.111, 27 May 2026, 09:34:11"
2026-05-27T09:34:27.554688,5851,57890000,-0.011,0.017,-1.002,-3.557,0.252,-1.084,32.72,28.5909,-0.113,"28.5909,   -0.113, 27 May 2026, 09:34:21"
2026-05-27T09:34:37.538417,5852,57900000,-0.021,0.014,-1.004,-3.366,0.359,-0.992,32.53,28.5079,-0.113,"28.5079,   -0.113, 27 May 2026, 09:34:31"
2026-05-27T09:34:47.535581,5853,57910000,-0.014,0.012,-1.007,-3.565,0.214,-1.13,32.58,28.4411,-0.111,"28.4411,   -0.111, 27 May 2026, 09:34:41"
2026-05-27T09:34:57.542233,5854,57920000,-0.012,0.016,-1.007,-3.557,0.191,-1.221,32.58,28.3867,-0.111,"28.3867,   -0.111, 27 May 2026, 09:34:51"
2026-05-27T09:35:07.535238,5855,57930000,-0.016,0.012,-1.009,-3.427,0.321,-1.115,32.2,28.3349,-0.114,"28.3349,   -0.114, 27 May 2026, 09:35:01"
2026-05-27T09:35:17.538374,5856,57940000,-0.013,0.019,-1.009,-3.389,0.214,-0.954,32.34,28.3481,-0.115,"28.3481,   -0.115, 27 May 2026, 09:35:11"
2026-05-27T09:35:27.534700,5857,57950000,-0.018,0.014,-1.012,-3.359,0.221,-1.053,32.25,28.3796,-0.111,"28.3796,   -0.111, 27 May 2026, 09:35:21"
2026-05-27T09:35:37.555594,5858,57960000,-0.016,0.014,-0.989,-3.336,0.26,-1.046,32.2,28.4078,-0.114,"28.4078,   -0.114, 27 May 2026, 09:35:31"
2026-05-27T09:35:47.542461,5859,57970000,-0.015,0.018,-1.0,-3.42,0.313,-1.115,32.11,28.3357,-0.114,"28.3357,   -0.114, 27 May 2026, 09:35:41"
2026-05-27T09:35:57.543310,5860,57980000,-0.014,0.013,-1.002,-3.443,0.107,-1.153,32.2,28.3049,-0.114,"28.3049,   -0.114, 27 May 2026, 09:35:51"
2026-05-27T09:36:07.555347,5861,57990000,-0.021,0.012,-1.004,-3.359,0.275,-1.176,32.15,28.2665,-0.116,"28.2665,   -0.116, 27 May 2026, 09:36:01"
2026-05-27T09:36:17.559038,5862,58000000,-0.015,0.015,-1.013,-3.511,0.244,-0.985,32.29,28.1902,-0.113,"28.1902,   -0.113, 27 May 2026, 09:36:11"
2026-05-27T09:36:27.555942,5863,58010000,-0.017,0.011,-0.996,-3.42,0.145,-1.031,32.15,28.1227,-0.111,"28.1227,   -0.111, 27 May 2026, 09:36:21"
2026-05-27T09:36:37.537018,5864,58020000,-0.018,0.014,-0.999,-3.481,0.412,-1.099,32.06,28.1009,-0.11,"28.1009,   -0.110, 27 May 2026, 09:36:31"
2026-05-27T09:36:47.558539,5865,58030000,-0.012,0.016,-1.005,-3.389,0.351,-1.061,32.06,28.1074,-0.113,"28.1074,   -0.113, 27 May 2026, 09:36:41"
2026-05-27T09:36:57.553743,5866,58040000,-0.015,0.014,-0.998,-3.405,0.16,-1.053,32.06,28.0965,-0.11,"28.0965,   -0.110, 27 May 2026, 09:36:51"
2026-05-27T09:37:07.537974,5867,58050000,-0.015,0.013,-0.997,-3.435,0.168,-1.198,32.11,28.1127,-0.112,"28.1127,   -0.112, 27 May 2026, 09:37:01"
2026-05-27T09:37:17.540100,5868,58060000,-0.015,0.013,-1.002,-3.458,0.237,-0.939,32.11,28.0985,-0.112,"28.0985,   -0.112, 27 May 2026, 09:37:11"
2026-05-27T09:37:27.555742,5869,58070000,-0.012,0.016,-1.006,-3.626,0.16,-1.214,32.06,28.0912,-0.114,"28.0912,   -0.114, 27 May 2026, 09:37:21"
2026-05-27T09:37:37.538748,5870,58080000,-0.011,0.011,-0.998,-3.412,0.328,-1.153,32.01,28.1042,-0.115,"28.1042,   -0.115, 27 May 2026, 09:37:31"
2026-05-27T09:37:47.619723,5871,58090000,-0.02,0.012,-1.0,-3.473,0.344,-1.122,31.78,28.1441,-0.114,"28.1441,   -0.114, 27 May 2026, 09:37:41"
2026-05-27T09:37:57.556671,5872,58100000,-0.022,0.016,-1.001,-3.519,0.183,-1.107,31.78,28.1549,-0.114,"28.1549,   -0.114, 27 May 2026, 09:37:51"
2026-05-27T09:38:07.497888,5873,58110000,-0.018,0.012,-1.003,-3.42,0.221,-1.153,31.78,28.1095,-0.11,"28.1095,   -0.110, 27 May 2026, 09:38:01"
2026-05-27T09:38:17.535518,5874,58120000,-0.02,0.008,-1.002,-3.412,0.305,-1.206,31.73,28.0567,-0.114,"28.0567,   -0.114, 27 May 2026, 09:38:11"
2026-05-27T09:38:27.556413,5875,58130000,-0.013,0.018,-1.005,-3.435,0.229,-0.916,31.87,28.0511,-0.115,"28.0511,   -0.115, 27 May 2026, 09:38:21"
2026-05-27T09:38:37.558744,5876,58140000,-0.014,0.018,-0.999,-3.435,0.069,-0.992,31.97,28.0303,-0.113,"28.0303,   -0.113, 27 May 2026, 09:38:31"
2026-05-27T09:38:47.535986,5877,58150000,-0.012,0.016,-0.994,-3.542,0.282,-1.023,32.15,27.9877,-0.112,"27.9877,   -0.112, 27 May 2026, 09:38:41"
2026-05-27T09:38:57.557795,5878,58160000,-0.016,0.016,-0.999,-3.496,0.252,-1.084,32.11,27.9289,-0.113,"27.9289,   -0.113, 27 May 2026, 09:38:51"
2026-05-27T09:39:07.555679,5879,58170000,-0.023,0.01,-1.004,-3.45,0.366,-1.198,32.11,27.9008,-0.115,"27.9008,   -0.115, 27 May 2026, 09:39:01"
2026-05-27T09:39:17.530909,5880,58180000,-0.013,0.008,-1.001,-3.366,0.282,-0.985,31.97,27.8906,-0.117,"27.8906,   -0.117, 27 May 2026, 09:39:11"
2026-05-27T09:39:27.533605,5881,58190000,-0.019,0.017,-0.995,-3.42,0.359,-0.962,32.15,27.8669,-0.114,"27.8669,   -0.114, 27 May 2026, 09:39:21"
2026-05-27T09:39:37.559783,5882,58200000,-0.013,0.012,-0.999,-3.397,0.183,-1.031,32.2,27.8659,-0.114,"27.8659,   -0.114, 27 May 2026, 09:39:31"
2026-05-27T09:39:47.535581,5883,58210000,-0.019,0.019,-1.01,-3.466,0.153,-1.023,32.15,27.8952,-0.113,"27.8952,   -0.113, 27 May 2026, 09:39:41"
2026-05-27T09:39:57.560007,5884,58220000,-0.014,0.016,-1.005,-3.305,0.198,-1.008,32.2,27.881,-0.114,"27.8810,   -0.114, 27 May 2026, 09:39:51"
2026-05-27T09:40:07.553261,5885,58230000,-0.017,0.012,-1.008,-3.534,0.244,-0.969,32.25,27.8573,-0.116,"27.8573,   -0.116, 27 May 2026, 09:40:01"
2026-05-27T09:40:17.535608,5886,58240000,-0.013,0.015,-1.004,-3.634,0.29,-0.947,32.34,27.8574,-0.113,"27.8574,   -0.113, 27 May 2026, 09:40:11"
2026-05-27T09:40:27.555617,5887,58250000,-0.021,0.005,-0.996,-3.473,0.16,-1.13,32.29,27.8571,-0.117,"27.8571,   -0.117, 27 May 2026, 09:40:21"
2026-05-27T09:40:37.542684,5888,58260000,-0.013,0.021,-0.998,-3.374,0.168,-0.954,32.29,27.8484,-0.114,"27.8484,   -0.114, 27 May 2026, 09:40:31"
2026-05-27T09:40:47.543150,5889,58270000,-0.02,0.018,-0.999,-3.595,0.229,-1.214,32.34,27.8301,-0.114,"27.8301,   -0.114, 27 May 2026, 09:40:41"
2026-05-27T09:40:57.562872,5890,58280000,-0.019,0.009,-1.013,-3.573,0.244,-1.084,32.25,27.7693,-0.114,"27.7693,   -0.114, 27 May 2026, 09:40:51"
2026-05-27T09:41:07.498685,5891,58290000,-0.017,0.015,-1.0,-3.435,0.214,-1.084,32.25,27.7255,-0.113,"27.7255,   -0.113, 27 May 2026, 09:41:01"
2026-05-27T09:41:17.536766,5892,58300000,-0.011,0.017,-1.008,-3.489,0.389,-1.191,32.2,27.7368,-0.114,"27.7368,   -0.114, 27 May 2026, 09:41:11"
2026-05-27T09:41:27.538186,5893,58310000,-0.016,0.013,-1.006,-3.389,0.137,-1.092,32.11,27.7636,-0.117,"27.7636,   -0.117, 27 May 2026, 09:41:21"
2026-05-27T09:41:37.598524,5894,58320000,-0.019,0.015,-1.003,-3.489,0.214,-1.191,31.97,27.7437,-0.116,"27.7437,   -0.116, 27 May 2026, 09:41:31"
2026-05-27T09:41:47.559225,5895,58330000,-0.013,0.018,-1.009,-3.588,0.153,-1.053,31.92,27.7796,-0.114,"27.7796,   -0.114, 27 May 2026, 09:41:41"
2026-05-27T09:41:57.556994,5896,58340000,-0.018,0.015,-0.995,-3.374,0.176,-0.992,32.06,27.7744,-0.117,"27.7744,   -0.117, 27 May 2026, 09:41:51"
2026-05-27T09:42:07.539775,5897,58350000,-0.018,0.017,-0.994,-3.534,0.244,-1.053,32.01,27.7271,-0.116,"27.7271,   -0.116, 27 May 2026, 09:42:01"
2026-05-27T09:42:17.538079,5898,58360000,-0.015,0.016,-1.003,-3.275,0.466,-0.962,31.97,27.7075,-0.113,"27.7075,   -0.113, 27 May 2026, 09:42:11"
2026-05-27T09:42:27.553288,5899,58370000,-0.015,0.016,-1.009,-3.443,0.29,-1.115,32.01,27.6516,-0.113,"27.6516,   -0.113, 27 May 2026, 09:42:21"
2026-05-27T09:42:37.535703,5900,58380000,-0.019,0.011,-1.001,-3.458,0.176,-0.931,32.15,27.6328,-0.112,"27.6328,   -0.112, 27 May 2026, 09:42:31"
2026-05-27T09:42:47.550323,5901,58390000,-0.019,0.013,-1.001,-3.443,0.351,-1.053,31.97,27.6445,-0.118,"27.6445,   -0.118, 27 May 2026, 09:42:41"
2026-05-27T09:42:57.556181,5902,58400000,-0.01,0.014,-1.005,-3.405,0.176,-1.099,31.97,27.645,-0.111,"27.6450,   -0.111, 27 May 2026, 09:42:51"
2026-05-27T09:43:07.499322,5903,58410000,-0.014,0.014,-0.993,-3.481,0.221,-0.916,32.11,27.7109,-0.117,"27.7109,   -0.117, 27 May 2026, 09:43:01"
2026-05-27T09:43:17.557423,5904,58420000,-0.016,0.011,-1.002,-3.527,0.244,-1.115,32.06,27.7495,-0.114,"27.7495,   -0.114, 27 May 2026, 09:43:11"
2026-05-27T09:43:27.553586,5905,58430000,-0.02,0.01,-1.002,-3.565,0.267,-0.885,31.92,27.7452,-0.114,"27.7452,   -0.114, 27 May 2026, 09:43:21"
2026-05-27T09:43:37.539206,5906,58440000,-0.014,0.017,-1.014,-3.282,0.328,-1.26,31.97,27.6628,-0.116,"27.6628,   -0.116, 27 May 2026, 09:43:31"
2026-05-27T09:43:47.560862,5907,58450000,-0.012,0.018,-0.995,-3.504,0.191,-1.015,31.87,27.6028,-0.112,"27.6028,   -0.112, 27 May 2026, 09:43:41"
2026-05-27T09:43:57.541963,5908,58460000,-0.018,0.01,-1.004,-3.611,0.275,-1.092,31.64,27.5698,-0.116,"27.5698,   -0.116, 27 May 2026, 09:43:51"
2026-05-27T09:44:07.468942,5909,58470000,-0.018,0.013,-1.0,-3.412,0.275,-1.153,31.64,27.5211,-0.117,"27.5211,   -0.117, 27 May 2026, 09:44:01"
2026-05-27T09:44:17.553884,5910,58480000,-0.023,0.014,-1.008,-3.504,0.244,-1.221,31.59,27.4934,-0.113,"27.4934,   -0.113, 27 May 2026, 09:44:11"
2026-05-27T09:44:27.564153,5911,58490000,-0.015,0.01,-1.001,-3.595,0.191,-1.092,31.68,27.5308,-0.115,"27.5308,   -0.115, 27 May 2026, 09:44:21"
2026-05-27T09:44:37.558925,5912,58500000,-0.014,0.015,-0.996,-3.397,0.038,-1.038,31.73,27.5138,-0.115,"27.5138,   -0.115, 27 May 2026, 09:44:31"
2026-05-27T09:44:47.557457,5913,58510000,-0.018,0.015,-1.006,-3.489,0.191,-1.0,31.78,27.5427,-0.115,"27.5427,   -0.115, 27 May 2026, 09:44:41"
2026-05-27T09:44:57.560483,5914,58520000,-0.012,0.017,-0.993,-3.397,0.305,-1.206,31.87,27.5244,-0.114,"27.5244,   -0.114, 27 May 2026, 09:44:51"
2026-05-27T09:45:07.548491,5915,58530000,-0.015,0.015,-1.008,-3.641,0.298,-0.969,31.82,27.4622,-0.114,"27.4622,   -0.114, 27 May 2026, 09:45:01"
2026-05-27T09:45:17.532304,5916,58540000,-0.013,0.012,-1.0,-3.443,0.26,-1.061,31.87,27.42,-0.115,"27.4200,   -0.115, 27 May 2026, 09:45:11"
2026-05-27T09:45:27.556062,5917,58550000,-0.013,0.019,-1.005,-3.435,0.137,-1.206,31.82,27.378,-0.117,"27.3780,   -0.117, 27 May 2026, 09:45:21"
2026-05-27T09:45:37.555658,5918,58560000,-0.014,0.017,-0.995,-3.542,0.382,-1.046,31.82,27.4049,-0.114,"27.4049,   -0.114, 27 May 2026, 09:45:31"
2026-05-27T09:45:47.538332,5919,58570000,-0.012,0.014,-0.996,-3.489,0.206,-1.046,31.87,27.3835,-0.114,"27.3835,   -0.114, 27 May 2026, 09:45:41"
2026-05-27T09:45:57.542450,5920,58580000,-0.018,0.018,-0.999,-3.382,0.305,-0.947,31.73,27.3814,-0.115,"27.3814,   -0.115, 27 May 2026, 09:45:51"
2026-05-27T09:46:07.544476,5921,58590000,-0.019,0.017,-1.005,-3.504,0.221,-1.122,31.73,27.4529,-0.114,"27.4529,   -0.114, 27 May 2026, 09:46:01"
2026-05-27T09:46:17.559979,5922,58600000,-0.014,0.016,-1.007,-3.466,0.069,-1.122,31.68,27.4395,-0.115,"27.4395,   -0.115, 27 May 2026, 09:46:11"
2026-05-27T09:46:27.555185,5923,58610000,-0.022,0.016,-1.0,-3.519,0.389,-1.13,31.78,27.3838,-0.116,"27.3838,   -0.116, 27 May 2026, 09:46:21"
2026-05-27T09:46:37.559527,5924,58620000,-0.015,0.01,-1.012,-3.672,0.359,-1.137,31.78,27.3182,-0.118,"27.3182,   -0.118, 27 May 2026, 09:46:31"
2026-05-27T09:46:47.551283,5925,58630000,-0.018,0.017,-1.007,-3.427,0.183,-1.061,31.45,27.3148,-0.116,"27.3148,   -0.116, 27 May 2026, 09:46:41"
2026-05-27T09:46:57.555168,5926,58640000,-0.013,0.019,-1.0,-3.397,0.267,-1.344,31.54,27.3326,-0.116,"27.3326,   -0.116, 27 May 2026, 09:46:51"
2026-05-27T09:47:07.546104,5927,58650000,-0.013,0.015,-1.012,-3.321,0.397,-0.962,31.54,27.3272,-0.118,"27.3272,   -0.118, 27 May 2026, 09:47:01"
2026-05-27T09:47:17.546786,5928,58660000,-0.019,0.018,-1.002,-3.397,0.267,-1.061,31.54,27.3038,-0.113,"27.3038,   -0.113, 27 May 2026, 09:47:11"
2026-05-27T09:47:27.557166,5929,58670000,-0.02,0.015,-0.996,-3.45,0.16,-1.107,31.45,27.2762,-0.113,"27.2762,   -0.113, 27 May 2026, 09:47:21"
2026-05-27T09:47:37.558792,5930,58680000,-0.018,0.014,-1.001,-3.542,0.145,-1.13,31.59,27.2979,-0.115,"27.2979,   -0.115, 27 May 2026, 09:47:31"
2026-05-27T09:47:47.553561,5931,58690000,-0.012,0.018,-0.996,-3.481,0.351,-1.046,31.64,27.333,-0.115,"27.3330,   -0.115, 27 May 2026, 09:47:41"
2026-05-27T09:47:57.546597,5932,58700000,-0.017,0.019,-1.005,-3.595,0.412,-1.092,31.59,27.3681,-0.115,"27.3681,   -0.115, 27 May 2026, 09:47:51"
2026-05-27T09:48:07.549518,5933,58710000,-0.013,0.017,-0.995,-3.466,0.084,-1.122,31.59,27.382,-0.115,"27.3820,   -0.115, 27 May 2026, 09:48:01"
2026-05-27T09:48:17.540031,5934,58720000,-0.02,0.012,-0.999,-3.519,0.366,-1.115,31.49,27.3708,-0.115,"27.3708,   -0.115, 27 May 2026, 09:48:11"
2026-05-27T09:48:27.545514,5935,58730000,-0.019,0.013,-1.002,-3.565,0.237,-1.069,31.59,27.3709,-0.116,"27.3709,   -0.116, 27 May 2026, 09:48:21"
2026-05-27T09:48:37.541896,5936,58740000,-0.019,0.013,-0.997,-3.466,0.092,-1.008,31.35,27.3573,-0.112,"27.3573,   -0.112, 27 May 2026, 09:48:31"
2026-05-27T09:48:47.558636,5937,58750000,-0.013,0.013,-1.0,-3.473,0.351,-1.198,31.17,27.3421,-0.116,"27.3421,   -0.116, 27 May 2026, 09:48:41"
2026-05-27T09:48:57.541882,5938,58760000,-0.025,0.011,-0.989,-3.405,0.16,-1.198,31.12,27.4119,-0.115,"27.4119,   -0.115, 27 May 2026, 09:48:51"
2026-05-27T09:49:07.553828,5939,58770000,-0.009,0.018,-0.989,-3.481,0.206,-1.115,31.17,27.3756,-0.114,"27.3756,   -0.114, 27 May 2026, 09:49:01"
2026-05-27T09:49:17.545916,5940,58780000,-0.02,0.013,-0.999,-3.359,0.275,-1.069,30.84,27.3065,-0.115,"27.3065,   -0.115, 27 May 2026, 09:49:11"
2026-05-27T09:49:27.554674,5941,58790000,-0.013,0.015,-0.995,-3.443,0.176,-0.916,30.88,27.2509,-0.119,"27.2509,   -0.119, 27 May 2026, 09:49:21"
2026-05-27T09:49:37.546940,5942,58800000,-0.012,0.013,-0.997,-3.389,0.13,-1.038,31.02,27.2531,-0.116,"27.2531,   -0.116, 27 May 2026, 09:49:31"
2026-05-27T09:49:47.559116,5943,58810000,-0.02,0.015,-1.0,-3.427,0.198,-1.084,31.21,27.2213,-0.116,"27.2213,   -0.116, 27 May 2026, 09:49:41"
2026-05-27T09:49:57.539123,5944,58820000,-0.015,0.012,-0.998,-3.382,0.275,-1.221,31.31,27.2,-0.115,"27.2000,   -0.115, 27 May 2026, 09:49:51"
2026-05-27T09:50:07.559601,5945,58830000,-0.018,0.016,-0.993,-3.374,0.183,-1.122,31.21,27.2009,-0.115,"27.2009,   -0.115, 27 May 2026, 09:50:01"
2026-05-27T09:50:17.548416,5946,58840000,-0.016,0.02,-0.996,-3.412,0.145,-0.962,31.07,27.1986,-0.118,"27.1986,   -0.118, 27 May 2026, 09:50:11"
2026-05-27T09:50:27.544657,5947,58850000,-0.018,0.011,-1.003,-3.435,0.351,-1.069,31.07,27.1745,-0.116,"27.1745,   -0.116, 27 May 2026, 09:50:21"
2026-05-27T09:50:37.558986,5948,58860000,-0.015,0.01,-1.002,-3.412,0.282,-0.817,30.93,27.2704,-0.119,"27.2704,   -0.119, 27 May 2026, 09:50:31"
2026-05-27T09:50:47.550211,5949,58870000,-0.021,0.01,-0.996,-3.435,0.282,-1.023,31.02,27.2578,-0.118,"27.2578,   -0.118, 27 May 2026, 09:50:41"
2026-05-27T09:50:57.554498,5950,58880000,-0.017,0.012,-0.994,-3.435,0.153,-1.099,30.98,27.2565,-0.116,"27.2565,   -0.116, 27 May 2026, 09:50:51"
2026-05-27T09:51:07.549172,5951,58890000,-0.018,0.024,-1.003,-3.55,0.206,-0.977,31.07,27.1956,-0.117,"27.1956,   -0.117, 27 May 2026, 09:51:01"
2026-05-27T09:51:17.545759,5952,58900000,-0.016,0.012,-1.008,-3.389,0.305,-1.0,31.17,27.1764,-0.119,"27.1764,   -0.119, 27 May 2026, 09:51:11"
2026-05-27T09:51:27.556465,5953,58910000,-0.022,0.019,-1.004,-3.351,0.198,-1.221,31.31,27.1624,-0.114,"27.1624,   -0.114, 27 May 2026, 09:51:21"
2026-05-27T09:51:37.548622,5954,58920000,-0.011,0.014,-0.991,-3.511,0.282,-1.084,31.12,27.2438,-0.116,"27.2438,   -0.116, 27 May 2026, 09:51:31"
2026-05-27T09:51:47.551842,5955,58930000,-0.013,0.021,-1.001,-3.344,0.145,-1.084,31.07,27.2457,-0.118,"27.2457,   -0.118, 27 May 2026, 09:51:41"
2026-05-27T09:51:57.548605,5956,58940000,-0.019,0.01,-0.995,-3.573,0.16,-1.061,31.26,27.259,-0.118,"27.2590,   -0.118, 27 May 2026, 09:51:51"
2026-05-27T09:52:07.468289,5957,58950000,-0.014,0.012,-0.997,-3.275,0.382,-1.198,31.26,27.2009,-0.115,"27.2009,   -0.115, 27 May 2026, 09:52:01"
2026-05-27T09:52:17.533342,5958,58960000,-0.013,0.013,-1.003,-3.427,0.29,-1.115,31.17,27.1772,-0.117,"27.1772,   -0.117, 27 May 2026, 09:52:11"
2026-05-27T09:52:27.542665,5959,58970000,-0.019,0.01,-1.01,-3.489,0.305,-0.931,31.21,27.1576,-0.118,"27.1576,   -0.118, 27 May 2026, 09:52:21"
2026-05-27T09:52:37.546066,5960,58980000,-0.017,0.016,-1.002,-3.542,0.26,-0.87,31.26,27.1868,-0.119,"27.1868,   -0.119, 27 May 2026, 09:52:31"
2026-05-27T09:52:47.558505,5961,58990000,-0.017,0.013,-1.004,-3.55,0.29,-1.076,31.12,27.1567,-0.117,"27.1567,   -0.117, 27 May 2026, 09:52:41"
2026-05-27T09:52:57.555336,5962,59000000,-0.016,0.016,-0.994,-3.336,0.214,-1.206,31.07,27.1263,-0.116,"27.1263,   -0.116, 27 May 2026, 09:52:51"
2026-05-27T09:53:07.559545,5963,59010000,-0.017,0.014,-0.993,-3.458,0.053,-1.214,31.12,27.1128,-0.119,"27.1128,   -0.119, 27 May 2026, 09:53:01"
2026-05-27T09:53:17.530237,5964,59020000,-0.013,0.013,-1.008,-3.366,0.145,-1.069,31.21,27.1015,-0.117,"27.1015,   -0.117, 27 May 2026, 09:53:11"
2026-05-27T09:53:27.552104,5965,59030000,-0.015,0.018,-0.993,-3.374,0.267,-1.16,31.21,27.0786,-0.118,"27.0786,   -0.118, 27 May 2026, 09:53:21"
2026-05-27T09:53:37.559087,5966,59040000,-0.015,0.01,-1.004,-3.351,0.336,-1.023,31.21,27.0759,-0.118,"27.0759,   -0.118, 27 May 2026, 09:53:31"
2026-05-27T09:53:47.538746,5967,59050000,-0.02,0.018,-0.995,-3.374,0.321,-1.107,31.26,27.0274,-0.118,"27.0274,   -0.118, 27 May 2026, 09:53:41"
2026-05-27T09:53:57.560721,5968,59060000,-0.018,0.016,-0.99,-3.366,0.221,-1.115,31.31,27.004,-0.116,"27.0040,   -0.116, 27 May 2026, 09:53:51"
2026-05-27T09:54:07.559323,5969,59070000,-0.017,0.011,-1.0,-3.466,0.305,-1.13,31.21,26.9866,-0.12,"26.9866,   -0.120, 27 May 2026, 09:54:01"
2026-05-27T09:54:17.539316,5970,59080000,-0.017,0.017,-0.996,-3.382,0.305,-0.985,31.26,26.9619,-0.117,"26.9619,   -0.117, 27 May 2026, 09:54:11"
2026-05-27T09:54:27.544971,5971,59090000,-0.017,0.012,-1.0,-3.489,0.298,-1.084,31.26,26.9659,-0.119,"26.9659,   -0.119, 27 May 2026, 09:54:21"
2026-05-27T09:54:37.538336,5972,59100000,-0.015,0.014,-0.992,-3.473,0.389,-1.168,31.26,26.9922,-0.118,"26.9922,   -0.118, 27 May 2026, 09:54:31"
2026-05-27T09:54:47.535867,5973,59110000,-0.021,0.017,-0.995,-3.466,0.183,-1.023,31.17,26.9504,-0.118,"26.9504,   -0.118, 27 May 2026, 09:54:41"
2026-05-27T09:54:57.545974,5974,59120000,-0.019,0.015,-1.011,-3.489,0.26,-1.038,31.12,26.9446,-0.119,"26.9446,   -0.119, 27 May 2026, 09:54:51"
2026-05-27T09:55:07.559719,5975,59130000,-0.015,0.013,-0.996,-3.359,0.313,-0.985,31.21,26.9372,-0.121,"26.9372,   -0.121, 27 May 2026, 09:55:01"
2026-05-27T09:55:17.557955,5976,59140000,-0.016,0.012,-1.0,-3.366,0.313,-1.237,31.21,26.9402,-0.12,"26.9402,   -0.120, 27 May 2026, 09:55:11"
2026-05-27T09:55:27.537051,5977,59150000,-0.015,0.015,-1.01,-3.321,0.351,-1.107,31.12,26.9041,-0.116,"26.9041,   -0.116, 27 May 2026, 09:55:21"
2026-05-27T09:55:37.549857,5978,59160000,-0.01,0.011,-0.998,-3.565,0.137,-1.061,31.31,26.9451,-0.119,"26.9451,   -0.119, 27 May 2026, 09:55:31"
2026-05-27T09:55:47.559484,5979,59170000,-0.013,0.019,-1.001,-3.282,0.237,-1.046,31.21,26.9407,-0.115,"26.9407,   -0.115, 27 May 2026, 09:55:41"
2026-05-27T09:55:57.556062,5980,59180000,-0.021,0.019,-1.003,-3.328,0.168,-1.115,31.26,26.932,-0.118,"26.9320,   -0.118, 27 May 2026, 09:55:51"
2026-05-27T09:56:07.550231,5981,59190000,-0.015,0.015,-0.994,-3.405,0.13,-1.305,31.35,26.9136,-0.12,"26.9136,   -0.120, 27 May 2026, 09:56:01"
2026-05-27T09:56:17.605021,5982,59200000,-0.021,0.012,-1.0,-3.511,0.206,-1.0,31.31,26.9191,-0.12,"26.9191,   -0.120, 27 May 2026, 09:56:11"
2026-05-27T09:56:27.561056,5983,59210000,-0.018,0.021,-1.0,-3.496,0.366,-1.107,31.26,26.9293,-0.119,"26.9293,   -0.119, 27 May 2026, 09:56:21"
2026-05-27T09:56:37.552215,5984,59220000,-0.016,0.017,-0.992,-3.527,0.137,-1.084,31.35,26.9287,-0.116,"26.9287,   -0.116, 27 May 2026, 09:56:31"
2026-05-27T09:56:47.538463,5985,59230000,-0.014,0.016,-1.001,-3.412,0.359,-1.015,31.12,26.908,-0.12,"26.9080,   -0.120, 27 May 2026, 09:56:41"
2026-05-27T09:56:57.543633,5986,59240000,-0.015,0.015,-1.0,-3.473,0.229,-1.084,31.26,26.9109,-0.117,"26.9109,   -0.117, 27 May 2026, 09:56:51"
2026-05-27T09:57:07.558186,5987,59250000,-0.018,0.018,-1.013,-3.458,0.374,-1.092,31.07,26.95,-0.119,"26.9500,   -0.119, 27 May 2026, 09:57:01"
2026-05-27T09:57:17.543871,5988,59260000,-0.016,0.015,-0.988,-3.466,0.282,-1.053,31.21,26.9658,-0.117,"26.9658,   -0.117, 27 May 2026, 09:57:11"
2026-05-27T09:57:27.559205,5989,59270000,-0.019,0.012,-0.998,-3.458,0.229,-1.122,31.07,26.9415,-0.118,"26.9415,   -0.118, 27 May 2026, 09:57:21"
2026-05-27T09:57:37.559059,5990,59280000,-0.016,0.013,-1.004,-3.405,0.305,-1.069,31.12,26.9239,-0.12,"26.9239,   -0.120, 27 May 2026, 09:57:31"
2026-05-27T09:57:47.546752,5991,59290000,-0.013,0.015,-1.0,-3.519,0.382,-1.084,31.17,26.9236,-0.121,"26.9236,   -0.121, 27 May 2026, 09:57:41"
2026-05-27T09:57:57.562467,5992,59300000,-0.016,0.014,-0.997,-3.489,0.191,-1.046,31.17,26.901,-0.119,"26.9010,   -0.119, 27 May 2026, 09:57:51"
2026-05-27T09:58:07.560075,5993,59310000,-0.017,0.017,-0.997,-3.427,0.275,-0.931,31.31,26.8824,-0.12,"26.8824,   -0.120, 27 May 2026, 09:58:01"
2026-05-27T09:58:17.534861,5994,59320000,-0.01,0.019,-1.0,-3.458,0.115,-0.962,31.17,26.8695,-0.12,"26.8695,   -0.120, 27 May 2026, 09:58:11"
2026-05-27T09:58:27.555353,5995,59330000,-0.017,0.01,-0.992,-3.405,0.29,-1.191,31.21,26.8917,-0.115,"26.8917,   -0.115, 27 May 2026, 09:58:21"
2026-05-27T09:58:37.536978,5996,59340000,-0.014,0.013,-1.003,-3.374,0.267,-0.977,31.17,26.9398,-0.117,"26.9398,   -0.117, 27 May 2026, 09:58:31"
2026-05-27T09:58:47.541349,5997,59350000,-0.011,0.012,-1.004,-3.504,0.122,-1.031,31.17,26.9373,-0.116,"26.9373,   -0.116, 27 May 2026, 09:58:41"
2026-05-27T09:58:57.555570,5998,59360000,-0.017,0.013,-1.0,-3.42,0.26,-0.832,31.17,26.9189,-0.117,"26.9189,   -0.117, 27 May 2026, 09:58:51"
2026-05-27T09:59:07.543848,5999,59370000,-0.013,0.016,-1.007,-3.534,0.405,-1.099,31.26,26.9317,-0.117,"26.9317,   -0.117, 27 May 2026, 09:59:01"
2026-05-27T09:59:17.532649,6000,59380000,-0.014,0.016,-0.996,-3.557,0.13,-1.191,31.35,26.9213,-0.124,"26.9213,   -0.124, 27 May 2026, 09:59:11"
2026-05-27T09:59:27.536857,6001,59390000,-0.01,0.01,-0.996,-3.473,0.183,-1.115,31.12,26.9352,-0.117,"26.9352,   -0.117, 27 May 2026, 09:59:21"
2026-05-27T09:59:37.559103,6002,59400000,-0.014,0.017,-1.003,-3.382,0.26,-1.183,31.17,26.9309,-0.119,"26.9309,   -0.119, 27 May 2026, 09:59:31"
2026-05-27T09:59:47.531760,6003,59410000,-0.015,0.017,-0.989,-3.458,0.29,-1.145,31.07,26.9398,-0.121,"26.9398,   -0.121, 27 May 2026, 09:59:41"
2026-05-27T09:59:57.545711,6004,59420000,-0.014,0.017,-0.99,-3.504,0.031,-1.183,31.12,26.9575,-0.121,"26.9575,   -0.121, 27 May 2026, 09:59:51"
2026-05-27T10:00:07.547595,6005,59430000,-0.02,0.015,-0.995,-3.511,0.13,-1.122,31.02,26.9437,-0.121,"26.9437,   -0.121, 27 May 2026, 10:00:01"
2026-05-27T10:00:17.540162,6006,59440000,-0.016,0.012,-0.999,-3.511,0.252,-1.038,31.07,26.9058,-0.117,"26.9058,   -0.117, 27 May 2026, 10:00:11"
2026-05-27T10:00:27.546320,6007,59450000,-0.014,0.017,-0.992,-3.435,0.183,-1.115,30.93,26.9145,-0.117,"26.9145,   -0.117, 27 May 2026, 10:00:21"
2026-05-27T10:00:37.560494,6008,59460000,-0.017,0.019,-1.0,-3.282,0.237,-1.16,31.02,26.9925,-0.118,"26.9925,   -0.118, 27 May 2026, 10:00:31"
2026-05-27T10:00:47.559767,6009,59470000,-0.019,0.015,-0.996,-3.481,0.099,-0.893,31.12,27.0116,-0.12,"27.0116,   -0.120, 27 May 2026, 10:00:41"
2026-05-27T10:00:57.594532,6010,59480000,-0.021,0.011,-1.001,-3.42,0.336,-1.031,31.17,27.0246,-0.123,"27.0246,   -0.123, 27 May 2026, 10:00:51"
2026-05-27T10:01:07.545235,6011,59490000,-0.015,0.019,-0.998,-3.389,0.26,-1.015,31.17,27.0377,-0.114,"27.0377,   -0.114, 27 May 2026, 10:01:01"
2026-05-27T10:01:17.542064,6012,59500000,-0.013,0.012,-0.99,-3.534,0.176,-1.122,31.07,27.0233,-0.12,"27.0233,   -0.120, 27 May 2026, 10:01:11"
2026-05-27T10:01:27.553740,6013,59510000,-0.017,0.013,-0.991,-3.45,0.221,-0.969,31.26,27.0081,-0.122,"27.0081,   -0.122, 27 May 2026, 10:01:21"
2026-05-27T10:01:37.560281,6014,59520000,-0.018,0.015,-1.008,-3.473,0.252,-1.099,31.17,27.0001,-0.121,"27.0001,   -0.121, 27 May 2026, 10:01:31"
2026-05-27T10:01:47.535107,6015,59530000,-0.015,0.014,-0.992,-3.321,0.344,-1.168,31.12,26.9698,-0.117,"26.9698,   -0.117, 27 May 2026, 10:01:41"
2026-05-27T10:01:57.559436,6016,59540000,-0.013,0.014,-0.985,-3.42,0.252,-1.076,30.88,26.9852,-0.122,"26.9852,   -0.122, 27 May 2026, 10:01:51"
2026-05-27T10:02:07.555645,6017,59550000,-0.012,0.016,-1.0,-3.344,0.069,-0.962,30.98,26.9726,-0.12,"26.9726,   -0.120, 27 May 2026, 10:02:01"
2026-05-27T10:02:17.538189,6018,59560000,-0.018,0.011,-0.996,-3.527,0.29,-1.031,31.12,26.9573,-0.118,"26.9573,   -0.118, 27 May 2026, 10:02:11"
2026-05-27T10:02:27.562774,6019,59570000,-0.013,0.013,-0.996,-3.382,0.298,-1.229,30.93,26.9332,-0.121,"26.9332,   -0.121, 27 May 2026, 10:02:21"
2026-05-27T10:02:37.552316,6020,59580000,-0.014,0.018,-1.004,-3.489,0.412,-0.985,31.02,26.9348,-0.119,"26.9348,   -0.119, 27 May 2026, 10:02:31"
2026-05-27T10:02:47.559737,6021,59590000,-0.01,0.016,-1.0,-3.527,0.198,-1.031,31.07,26.938,-0.118,"26.9380,   -0.118, 27 May 2026, 10:02:41"
2026-05-27T10:02:57.550603,6022,59600000,-0.016,0.011,-0.992,-3.351,0.382,-1.107,31.17,26.9014,-0.121,"26.9014,   -0.121, 27 May 2026, 10:02:51"
2026-05-27T10:03:07.559623,6023,59610000,-0.018,0.019,-1.005,-3.443,0.191,-1.023,31.07,26.9007,-0.118,"26.9007,   -0.118, 27 May 2026, 10:03:01"
2026-05-27T10:03:17.558322,6024,59620000,-0.018,0.018,-0.996,-3.344,0.26,-1.122,31.12,26.9352,-0.122,"26.9352,   -0.122, 27 May 2026, 10:03:11"
2026-05-27T10:03:27.560444,6025,59630000,-0.017,0.015,-0.994,-3.473,0.244,-1.214,31.07,26.9875,-0.121,"26.9875,   -0.121, 27 May 2026, 10:03:21"
2026-05-27T10:03:37.616463,6026,59640000,-0.011,0.016,-1.0,-3.458,0.374,-1.13,31.07,26.9957,-0.122,"26.9957,   -0.122, 27 May 2026, 10:03:31"
2026-05-27T10:03:47.548146,6027,59650000,-0.017,0.01,-0.998,-3.45,0.084,-1.099,30.98,26.994,-0.119,"26.9940,   -0.119, 27 May 2026, 10:03:41"
2026-05-27T10:03:57.539060,6028,59660000,-0.012,0.018,-0.996,-3.489,0.107,-0.985,30.98,26.983,-0.123,"26.9830,   -0.123, 27 May 2026, 10:03:51"
2026-05-27T10:04:07.558697,6029,59670000,-0.009,0.013,-1.004,-3.351,0.153,-0.84,30.93,26.9655,-0.118,"26.9655,   -0.118, 27 May 2026, 10:04:01"
2026-05-27T10:04:17.546133,6030,59680000,-0.02,0.016,-0.993,-3.313,0.099,-0.969,31.02,26.9384,-0.122,"26.9384,   -0.122, 27 May 2026, 10:04:11"
2026-05-27T10:04:27.615208,6031,59690000,-0.021,0.017,-0.993,-3.321,0.168,-0.962,31.17,26.9356,-0.122,"26.9356,   -0.122, 27 May 2026, 10:04:21"
2026-05-27T10:04:37.536127,6032,59700000,-0.009,0.009,-0.997,-3.427,0.252,-1.0,31.12,26.9461,-0.119,"26.9461,   -0.119, 27 May 2026, 10:04:31"
2026-05-27T10:04:47.559143,6033,59710000,-0.016,0.012,-1.002,-3.466,0.191,-1.176,31.26,26.942,-0.119,"26.9420,   -0.119, 27 May 2026, 10:04:41"
2026-05-27T10:04:57.553612,6034,59720000,-0.014,0.012,-0.995,-3.511,0.237,-1.153,31.17,26.9366,-0.12,"26.9366,   -0.120, 27 May 2026, 10:04:51"
2026-05-27T10:05:07.555279,6035,59730000,-0.02,0.012,-1.003,-3.55,0.229,-1.252,31.17,26.9331,-0.119,"26.9331,   -0.119, 27 May 2026, 10:05:01"
2026-05-27T10:05:17.543734,6036,59740000,-0.018,0.015,-0.995,-3.389,0.16,-1.099,31.07,26.9406,-0.119,"26.9406,   -0.119, 27 May 2026, 10:05:11"
2026-05-27T10:05:27.547992,6037,59750000,-0.011,0.011,-0.994,-3.427,0.214,-1.069,31.17,26.947,-0.118,"26.9470,   -0.118, 27 May 2026, 10:05:21"
2026-05-27T10:05:37.559341,6038,59760000,-0.018,0.022,-0.999,-3.534,0.313,-1.137,31.21,26.9163,-0.121,"26.9163,   -0.121, 27 May 2026, 10:05:31"
2026-05-27T10:05:47.551524,6039,59770000,-0.015,0.016,-0.992,-3.427,0.389,-0.962,31.07,26.8797,-0.121,"26.8797,   -0.121, 27 May 2026, 10:05:41"
2026-05-27T10:05:57.555646,6040,59780000,-0.016,0.014,-0.996,-3.427,0.282,-1.168,31.17,26.8994,-0.123,"26.8994,   -0.123, 27 May 2026, 10:05:51"
2026-05-27T10:06:07.546275,6041,59790000,-0.016,0.011,-1.002,-3.534,0.206,-1.053,31.26,26.9531,-0.121,"26.9531,   -0.121, 27 May 2026, 10:06:01"
2026-05-27T10:06:17.543318,6042,59800000,-0.023,0.012,-1.001,-3.366,0.092,-1.076,31.21,26.9499,-0.122,"26.9499,   -0.122, 27 May 2026, 10:06:11"
2026-05-27T10:06:27.555315,6043,59810000,-0.016,0.009,-0.998,-3.427,0.313,-1.038,31.07,26.9528,-0.122,"26.9528,   -0.122, 27 May 2026, 10:06:21"
2026-05-27T10:06:37.559660,6044,59820000,-0.013,0.016,-0.999,-3.489,0.305,-1.313,30.88,26.9713,-0.122,"26.9713,   -0.122, 27 May 2026, 10:06:31"
2026-05-27T10:06:47.559713,6045,59830000,-0.016,0.014,-1.005,-3.389,0.305,-0.924,31.02,26.9706,-0.122,"26.9706,   -0.122, 27 May 2026, 10:06:41"
2026-05-27T10:06:57.544850,6046,59840000,-0.016,0.014,-0.998,-3.443,0.275,-0.885,30.98,26.9493,-0.118,"26.9493,   -0.118, 27 May 2026, 10:06:51"
2026-05-27T10:07:07.538551,6047,59850000,-0.016,0.015,-1.002,-3.443,0.229,-1.145,31.07,26.9271,-0.121,"26.9271,   -0.121, 27 May 2026, 10:07:01"
2026-05-27T10:07:17.559403,6048,59860000,-0.01,0.022,-0.996,-3.45,0.176,-1.084,31.07,26.9406,-0.12,"26.9406,   -0.120, 27 May 2026, 10:07:11"
2026-05-27T10:07:27.551098,6049,59870000,-0.018,0.017,-0.999,-3.45,0.191,-1.076,31.07,26.9113,-0.118,"26.9113,   -0.118, 27 May 2026, 10:07:21"
2026-05-27T10:07:37.559785,6050,59880000,-0.013,0.014,-0.993,-3.473,0.298,-0.87,31.12,26.8878,-0.121,"26.8878,   -0.121, 27 May 2026, 10:07:31"
2026-05-27T10:07:47.535794,6051,59890000,-0.017,0.015,-0.996,-3.351,0.084,-1.099,31.17,26.8812,-0.124,"26.8812,   -0.124, 27 May 2026, 10:07:41"
2026-05-27T10:07:57.554799,6052,59900000,-0.017,0.015,-0.993,-3.427,0.206,-1.229,31.26,26.899,-0.119,"26.8990,   -0.119, 27 May 2026, 10:07:51"
2026-05-27T10:08:07.548530,6053,59910000,-0.016,0.019,-0.99,-3.313,0.313,-0.985,30.93,26.8949,-0.12,"26.8949,   -0.120, 27 May 2026, 10:08:01"
2026-05-27T10:08:17.554980,6054,59920000,-0.02,0.01,-1.004,-3.443,0.252,-1.053,30.93,26.8774,-0.123,"26.8774,   -0.123, 27 May 2026, 10:08:11"
2026-05-27T10:08:27.557173,6055,59930000,-0.016,0.018,-0.995,-3.656,0.198,-1.038,31.02,26.8783,-0.124,"26.8783,   -0.124, 27 May 2026, 10:08:21"
2026-05-27T10:08:37.545138,6056,59940000,-0.011,0.015,-0.999,-3.45,0.244,-1.061,30.93,26.8595,-0.119,"26.8595,   -0.119, 27 May 2026, 10:08:31"
2026-05-27T10:08:47.542097,6057,59950000,-0.018,0.015,-0.997,-3.412,0.214,-0.985,30.74,26.8796,-0.123,"26.8796,   -0.123, 27 May 2026, 10:08:41"
2026-05-27T10:08:57.546858,6058,59960000,-0.017,0.023,-0.999,-3.534,0.282,-0.985,30.84,26.8973,-0.121,"26.8973,   -0.121, 27 May 2026, 10:08:51"
2026-05-27T10:09:07.544064,6059,59970000,-0.021,0.016,-0.99,-3.45,0.42,-1.008,30.65,26.8742,-0.122,"26.8742,   -0.122, 27 May 2026, 10:09:01"
2026-05-27T10:09:17.538200,6060,59980000,-0.017,0.013,-0.997,-3.344,0.168,-1.023,30.6,26.8824,-0.118,"26.8824,   -0.118, 27 May 2026, 10:09:11"
2026-05-27T10:09:27.552756,6061,59990000,-0.023,0.017,-0.995,-3.458,0.359,-1.023,30.6,26.8965,-0.12,"26.8965,   -0.120, 27 May 2026, 10:09:21"
2026-05-27T10:09:37.557239,6062,60000000,-0.012,0.014,-1.003,-3.275,0.122,-1.153,30.69,26.8667,-0.123,"26.8667,   -0.123, 27 May 2026, 10:09:31"
2026-05-27T10:09:47.535522,6063,60010000,-0.016,0.012,-1.006,-3.443,0.183,-1.191,30.6,26.8452,-0.118,"26.8452,   -0.118, 27 May 2026, 10:09:41"
2026-05-27T10:09:57.542202,6064,60020000,-0.01,0.016,-1.008,-3.344,0.344,-1.183,30.69,26.8402,-0.123,"26.8402,   -0.123, 27 May 2026, 10:09:51"
2026-05-27T10:10:07.559161,6065,60030000,-0.022,0.012,-0.996,-3.504,0.313,-1.031,30.55,26.8457,-0.122,"26.8457,   -0.122, 27 May 2026, 10:10:01"
2026-05-27T10:10:17.607260,6066,60040000,-0.015,0.018,-1.001,-3.534,0.16,-1.13,30.46,26.8834,-0.125,"26.8834,   -0.125, 27 May 2026, 10:10:11"
2026-05-27T10:10:27.617063,6067,60050000,-0.017,0.011,-1.0,-3.527,0.206,-1.0,30.55,26.8722,-0.118,"26.8722,   -0.118, 27 May 2026, 10:10:21"
2026-05-27T10:10:37.598516,6068,60060000,-0.018,0.013,-0.993,-3.412,0.061,-1.107,30.6,26.865,-0.119,"26.8650,   -0.119, 27 May 2026, 10:10:31"
2026-05-27T10:10:47.618963,6069,60070000,-0.015,0.016,-1.0,-3.527,0.198,-1.183,30.6,26.8997,-0.119,"26.8997,   -0.119, 27 May 2026, 10:10:41"
2026-05-27T10:10:57.616161,6070,60080000,-0.016,0.014,-0.999,-3.45,0.198,-1.168,30.69,26.8708,-0.124,"26.8708,   -0.124, 27 May 2026, 10:10:51"
2026-05-27T10:11:07.554517,6071,60090000,-0.021,0.017,-0.996,-3.427,0.237,-1.198,30.74,26.8302,-0.122,"26.8302,   -0.122, 27 May 2026, 10:11:01"
2026-05-27T10:11:17.620735,6072,60100000,-0.02,0.016,-0.994,-3.504,0.153,-1.153,30.74,26.816,-0.123,"26.8160,   -0.123, 27 May 2026, 10:11:11"
2026-05-27T10:11:27.670591,6073,60110000,-0.019,0.013,-0.993,-3.397,0.214,-1.122,30.84,26.8284,-0.124,"26.8284,   -0.124, 27 May 2026, 10:11:21"
2026-05-27T10:11:37.680209,6074,60120000,-0.017,0.017,-1.0,-3.328,0.183,-1.237,30.79,26.8542,-0.123,"26.8542,   -0.123, 27 May 2026, 10:11:31"
2026-05-27T10:11:47.605519,6075,60130000,-0.014,0.018,-0.998,-3.321,0.237,-1.046,30.93,26.8853,-0.12,"26.8853,   -0.120, 27 May 2026, 10:11:41"
2026-05-27T10:11:57.675270,6076,60140000,-0.02,0.015,-1.004,-3.412,0.244,-1.061,30.93,26.8877,-0.122,"26.8877,   -0.122, 27 May 2026, 10:11:51"
2026-05-27T10:12:07.559799,6077,60150000,-0.016,0.015,-0.998,-3.481,0.313,-1.29,30.98,26.912,-0.125,"26.9120,   -0.125, 27 May 2026, 10:12:01"
2026-05-27T10:12:17.598544,6078,60160000,-0.019,0.012,-0.993,-3.397,0.29,-1.176,30.88,26.9506,-0.119,"26.9506,   -0.119, 27 May 2026, 10:12:11"
2026-05-27T10:12:27.604823,6079,60170000,-0.017,0.014,-0.989,-3.496,0.137,-0.916,30.69,26.9499,-0.123,"26.9499,   -0.123, 27 May 2026, 10:12:21"
2026-05-27T10:12:37.669870,6080,60180000,-0.014,0.014,-0.997,-3.55,0.198,-1.015,30.74,26.9449,-0.12,"26.9449,   -0.120, 27 May 2026, 10:12:31"
2026-05-27T10:12:47.679570,6081,60190000,-0.017,0.014,-0.999,-3.412,0.26,-1.206,30.74,26.9501,-0.12,"26.9501,   -0.120, 27 May 2026, 10:12:41"
2026-05-27T10:12:57.607520,6082,60200000,-0.018,0.012,-1.0,-3.527,0.191,-1.038,30.88,26.9579,-0.123,"26.9579,   -0.123, 27 May 2026, 10:12:51"
2026-05-27T10:13:07.560640,6083,60210000,-0.018,0.017,-0.998,-3.527,0.214,-1.084,30.84,26.925,-0.12,"26.9250,   -0.120, 27 May 2026, 10:13:01"
2026-05-27T10:13:17.679543,6084,60220000,-0.014,0.016,-0.998,-3.427,0.023,-1.061,30.65,26.8935,-0.121,"26.8935,   -0.121, 27 May 2026, 10:13:11"
2026-05-27T10:13:27.616278,6085,60230000,-0.018,0.015,-1.001,-3.542,0.336,-1.053,30.69,26.8657,-0.121,"26.8657,   -0.121, 27 May 2026, 10:13:21"
2026-05-27T10:13:37.666911,6086,60240000,-0.013,0.016,-0.995,-3.641,0.214,-1.183,30.74,26.8845,-0.12,"26.8845,   -0.120, 27 May 2026, 10:13:31"
2026-05-27T10:13:47.670557,6087,60250000,-0.013,0.021,-1.004,-3.55,0.252,-0.962,30.69,26.8924,-0.12,"26.8924,   -0.120, 27 May 2026, 10:13:41"
2026-05-27T10:13:57.672645,6088,60260000,-0.022,0.021,-1.0,-3.557,0.206,-0.977,30.79,26.8855,-0.122,"26.8855,   -0.122, 27 May 2026, 10:13:51"
2026-05-27T10:14:07.544689,6089,60270000,-0.017,0.017,-0.986,-3.412,0.137,-1.176,30.79,26.8929,-0.121,"26.8929,   -0.121, 27 May 2026, 10:14:01"
2026-05-27T10:14:17.661509,6090,60280000,-0.016,0.013,-1.002,-3.328,0.26,-1.214,30.79,26.8755,-0.123,"26.8755,   -0.123, 27 May 2026, 10:14:11"
2026-05-27T10:14:27.614769,6091,60290000,-0.013,0.015,-0.993,-3.374,0.031,-1.275,30.74,26.8736,-0.123,"26.8736,   -0.123, 27 May 2026, 10:14:21"
2026-05-27T10:14:37.665974,6092,60300000,-0.019,0.02,-1.001,-3.481,0.168,-0.916,30.69,26.8781,-0.123,"26.8781,   -0.123, 27 May 2026, 10:14:31"
2026-05-27T10:14:47.679310,6093,60310000,-0.017,0.017,-1.0,-3.458,0.183,-0.985,30.69,26.8708,-0.123,"26.8708,   -0.123, 27 May 2026, 10:14:41"
2026-05-27T10:14:57.611828,6094,60320000,-0.011,0.013,-1.003,-3.458,0.321,-1.221,30.65,26.8672,-0.122,"26.8672,   -0.122, 27 May 2026, 10:14:51"
2026-05-27T10:15:07.548357,6095,60330000,-0.012,0.02,-0.993,-3.473,0.137,-1.038,30.69,26.8801,-0.122,"26.8801,   -0.122, 27 May 2026, 10:15:01"
2026-05-27T10:15:17.610502,6096,60340000,-0.019,0.014,-0.997,-3.466,0.16,-1.053,30.65,26.8492,-0.119,"26.8492,   -0.119, 27 May 2026, 10:15:11"
2026-05-27T10:15:27.666539,6097,60350000,-0.021,0.012,-1.002,-3.29,0.206,-1.023,30.69,26.8562,-0.12,"26.8562,   -0.120, 27 May 2026, 10:15:21"
2026-05-27T10:15:37.670258,6098,60360000,-0.016,0.015,-1.003,-3.435,0.382,-1.244,30.69,26.8778,-0.124,"26.8778,   -0.124, 27 May 2026, 10:15:31"
2026-05-27T10:15:47.679138,6099,60370000,-0.017,0.014,-1.007,-3.611,0.13,-1.015,30.74,26.8819,-0.126,"26.8819,   -0.126, 27 May 2026, 10:15:41"
2026-05-27T10:15:57.665949,6100,60380000,-0.011,0.016,-0.99,-3.511,0.214,-1.122,30.74,26.8475,-0.121,"26.8475,   -0.121, 27 May 2026, 10:15:51"
2026-05-27T10:16:07.559666,6101,60390000,-0.015,0.016,-0.994,-3.389,0.153,-1.137,30.88,26.8228,-0.124,"26.8228,   -0.124, 27 May 2026, 10:16:01"
2026-05-27T10:16:17.666164,6102,60400000,-0.017,0.015,-0.993,-3.282,0.183,-0.969,30.88,26.7927,-0.124,"26.7927,   -0.124, 27 May 2026, 10:16:11"
2026-05-27T10:16:27.611839,6103,60410000,-0.019,0.009,-1.003,-3.382,0.198,-1.183,30.79,26.7907,-0.124,"26.7907,   -0.124, 27 May 2026, 10:16:21"
2026-05-27T10:16:37.679611,6104,60420000,-0.016,0.013,-1.0,-3.466,0.176,-1.099,30.88,26.8016,-0.121,"26.8016,   -0.121, 27 May 2026, 10:16:31"
2026-05-27T10:16:47.657460,6105,60430000,-0.019,0.015,-1.0,-3.527,0.344,-1.115,30.79,26.8344,-0.124,"26.8344,   -0.124, 27 May 2026, 10:16:41"
2026-05-27T10:16:57.612419,6106,60440000,-0.02,0.018,-1.001,-3.344,0.344,-1.13,30.84,26.8368,-0.125,"26.8368,   -0.125, 27 May 2026, 10:16:51"
2026-05-27T10:17:07.559739,6107,60450000,-0.017,0.018,-0.987,-3.511,0.084,-1.031,30.79,26.8498,-0.124,"26.8498,   -0.124, 27 May 2026, 10:17:01"
2026-05-27T10:17:17.664877,6108,60460000,-0.015,0.016,-0.998,-3.359,0.336,-1.13,30.65,26.8537,-0.123,"26.8537,   -0.123, 27 May 2026, 10:17:11"
2026-05-27T10:17:27.668178,6109,60470000,-0.013,0.018,-1.0,-3.389,0.229,-1.084,30.51,26.8388,-0.123,"26.8388,   -0.123, 27 May 2026, 10:17:21"
2026-05-27T10:17:37.666440,6110,60480000,-0.017,0.018,-1.0,-3.42,0.26,-1.16,30.55,26.7957,-0.121,"26.7957,   -0.121, 27 May 2026, 10:17:31"
2026-05-27T10:17:47.599460,6111,60490000,-0.021,0.019,-1.004,-3.382,0.336,-1.13,30.6,26.7722,-0.12,"26.7722,   -0.120, 27 May 2026, 10:17:41"
2026-05-27T10:17:57.655624,6112,60500000,-0.011,0.013,-0.995,-3.496,0.229,-1.13,30.6,26.7663,-0.125,"26.7663,   -0.125, 27 May 2026, 10:17:51"
2026-05-27T10:18:07.560219,6113,60510000,-0.02,0.02,-0.995,-3.527,0.053,-1.176,30.74,26.7551,-0.121,"26.7551,   -0.121, 27 May 2026, 10:18:01"
2026-05-27T10:18:17.660405,6114,60520000,-0.017,0.021,-1.005,-3.427,0.176,-1.13,30.74,26.7808,-0.121,"26.7808,   -0.121, 27 May 2026, 10:18:11"
2026-05-27T10:18:27.667060,6115,60530000,-0.016,0.019,-0.999,-3.542,0.244,-0.863,30.79,26.7688,-0.124,"26.7688,   -0.124, 27 May 2026, 10:18:21"
2026-05-27T10:18:37.679403,6116,60540000,-0.012,0.017,-0.999,-3.473,0.252,-1.076,30.6,26.7838,-0.122,"26.7838,   -0.122, 27 May 2026, 10:18:31"
2026-05-27T10:18:47.667853,6117,60550000,-0.015,0.016,-1.002,-3.473,0.237,-1.137,30.65,26.8085,-0.122,"26.8085,   -0.122, 27 May 2026, 10:18:41"
2026-05-27T10:18:57.614664,6118,60560000,-0.015,0.018,-0.997,-3.55,0.336,-1.206,30.74,26.8471,-0.124,"26.8471,   -0.124, 27 May 2026, 10:18:51"
2026-05-27T10:19:07.547807,6119,60570000,-0.013,0.012,-0.999,-3.55,0.16,-0.931,30.74,26.8075,-0.126,"26.8075,   -0.126, 27 May 2026, 10:19:01"
2026-05-27T10:19:17.667614,6120,60580000,-0.018,0.015,-1.004,-3.489,0.321,-1.099,30.93,26.8274,-0.124,"26.8274,   -0.124, 27 May 2026, 10:19:11"
2026-05-27T10:19:27.679264,6121,60590000,-0.015,0.011,-1.007,-3.412,0.206,-1.221,30.84,26.842,-0.126,"26.8420,   -0.126, 27 May 2026, 10:19:21"
2026-05-27T10:19:37.671767,6122,60600000,-0.017,0.017,-0.997,-3.42,0.191,-1.16,30.65,26.7943,-0.125,"26.7943,   -0.125, 27 May 2026, 10:19:31"
2026-05-27T10:19:47.621931,6123,60610000,-0.012,0.01,-0.997,-3.305,0.282,-0.985,30.69,26.7563,-0.122,"26.7563,   -0.122, 27 May 2026, 10:19:41"
2026-05-27T10:19:57.619735,6124,60620000,-0.02,0.013,-0.998,-3.473,0.275,-1.26,30.74,26.7157,-0.126,"26.7157,   -0.126, 27 May 2026, 10:19:51"
2026-05-27T10:20:07.558745,6125,60630000,-0.021,0.016,-0.999,-3.565,0.191,-1.061,30.69,26.7642,-0.121,"26.7642,   -0.121, 27 May 2026, 10:20:01"
2026-05-27T10:20:17.670790,6126,60640000,-0.011,0.02,-1.0,-3.397,0.221,-1.053,30.6,26.8312,-0.127,"26.8312,   -0.127, 27 May 2026, 10:20:11"
2026-05-27T10:20:27.674975,6127,60650000,-0.022,0.019,-0.997,-3.443,0.328,-1.076,30.55,26.8078,-0.124,"26.8078,   -0.124, 27 May 2026, 10:20:21"
2026-05-27T10:20:37.664748,6128,60660000,-0.013,0.018,-1.007,-3.389,0.267,-1.084,30.51,26.7858,-0.125,"26.7858,   -0.125, 27 May 2026, 10:20:31"
2026-05-27T10:20:47.595216,6129,60670000,-0.014,0.022,-1.007,-3.443,0.069,-1.183,30.51,26.7782,-0.124,"26.7782,   -0.124, 27 May 2026, 10:20:41"
2026-05-27T10:20:57.675801,6130,60680000,-0.013,0.016,-0.994,-3.397,0.321,-1.13,30.55,26.7471,-0.123,"26.7471,   -0.123, 27 May 2026, 10:20:51"
2026-05-27T10:21:07.639941,6131,60690000,-0.014,0.017,-1.0,-3.435,0.145,-1.069,30.46,26.7212,-0.123,"26.7212,   -0.123, 27 May 2026, 10:21:01"
2026-05-27T10:21:17.632430,6132,60700000,-0.011,0.014,-0.992,-3.519,0.313,-1.023,30.32,26.751,-0.125,"26.7510,   -0.125, 27 May 2026, 10:21:11"
2026-05-27T10:21:27.620682,6133,60710000,-0.017,0.014,-0.993,-3.298,0.084,-1.145,30.32,26.7769,-0.122,"26.7769,   -0.122, 27 May 2026, 10:21:21"
2026-05-27T10:21:37.635761,6134,60720000,-0.012,0.02,-0.999,-3.344,0.344,-1.099,30.46,26.7447,-0.121,"26.7447,   -0.121, 27 May 2026, 10:21:31"
2026-05-27T10:21:47.621615,6135,60730000,-0.018,0.017,-0.997,-3.427,0.183,-1.084,30.51,26.7423,-0.124,"26.7423,   -0.124, 27 May 2026, 10:21:41"
2026-05-27T10:21:57.630142,6136,60740000,-0.026,0.017,-0.998,-3.351,0.099,-1.092,30.41,26.7155,-0.123,"26.7155,   -0.123, 27 May 2026, 10:21:51"
2026-05-27T10:22:07.620344,6137,60750000,-0.014,0.016,-0.991,-3.443,0.13,-0.962,30.32,26.6929,-0.123,"26.6929,   -0.123, 27 May 2026, 10:22:01"
2026-05-27T10:22:17.622798,6138,60760000,-0.013,0.014,-0.998,-3.412,0.137,-1.092,30.46,26.7081,-0.125,"26.7081,   -0.125, 27 May 2026, 10:22:11"
2026-05-27T10:22:27.627376,6139,60770000,-0.015,0.016,-1.006,-3.42,0.122,-0.901,30.27,26.7135,-0.125,"26.7135,   -0.125, 27 May 2026, 10:22:21"
2026-05-27T10:22:37.624660,6140,60780000,-0.015,0.017,-1.002,-3.427,0.237,-1.183,30.32,26.7121,-0.126,"26.7121,   -0.126, 27 May 2026, 10:22:31"
2026-05-27T10:22:47.624722,6141,60790000,-0.019,0.017,-1.003,-3.427,0.29,-1.115,30.37,26.7561,-0.125,"26.7561,   -0.125, 27 May 2026, 10:22:41"
2026-05-27T10:22:57.640558,6142,60800000,-0.018,0.018,-1.0,-3.183,0.13,-1.023,30.46,26.7312,-0.126,"26.7312,   -0.126, 27 May 2026, 10:22:51"
2026-05-27T10:23:07.625782,6143,60810000,-0.025,0.015,-0.997,-3.435,0.275,-0.947,30.51,26.7225,-0.126,"26.7225,   -0.126, 27 May 2026, 10:23:01"
2026-05-27T10:23:17.639490,6144,60820000,-0.018,0.016,-0.995,-3.405,0.183,-0.947,30.46,26.7199,-0.123,"26.7199,   -0.123, 27 May 2026, 10:23:11"
2026-05-27T10:23:27.632992,6145,60830000,-0.011,0.014,-0.992,-3.481,0.198,-0.954,30.69,26.7073,-0.124,"26.7073,   -0.124, 27 May 2026, 10:23:21"
2026-05-27T10:23:37.631003,6146,60840000,-0.017,0.019,-1.0,-3.504,0.145,-1.031,30.41,26.7033,-0.125,"26.7033,   -0.125, 27 May 2026, 10:23:31"
2026-05-27T10:23:47.634495,6147,60850000,-0.01,0.015,-0.992,-3.489,0.405,-1.183,30.37,26.6831,-0.124,"26.6831,   -0.124, 27 May 2026, 10:23:41"
2026-05-27T10:23:57.630926,6148,60860000,-0.019,0.014,-1.001,-3.397,0.107,-1.168,30.32,26.6535,-0.126,"26.6535,   -0.126, 27 May 2026, 10:23:51"
2026-05-27T10:24:07.631131,6149,60870000,-0.024,0.019,-1.001,-3.473,0.305,-0.985,30.41,26.6443,-0.127,"26.6443,   -0.127, 27 May 2026, 10:24:01"
2026-05-27T10:24:17.614436,6150,60880000,-0.019,0.018,-0.992,-3.412,0.26,-1.069,30.51,26.6638,-0.125,"26.6638,   -0.125, 27 May 2026, 10:24:11"
2026-05-27T10:24:27.678439,6151,60890000,-0.02,0.015,-1.002,-3.534,0.206,-0.992,30.51,26.6633,-0.124,"26.6633,   -0.124, 27 May 2026, 10:24:21"
2026-05-27T10:24:37.619449,6152,60900000,-0.016,0.015,-1.004,-3.473,0.198,-1.26,30.51,26.6645,-0.125,"26.6645,   -0.125, 27 May 2026, 10:24:31"
2026-05-27T10:24:47.638810,6153,60910000,-0.013,0.013,-0.998,-3.336,0.244,-1.076,30.46,26.6758,-0.127,"26.6758,   -0.127, 27 May 2026, 10:24:41"
2026-05-27T10:24:57.674231,6154,60920000,-0.017,0.015,-0.993,-3.42,0.16,-1.008,30.51,26.6419,-0.127,"26.6419,   -0.127, 27 May 2026, 10:24:51"
2026-05-27T10:25:07.553224,6155,60930000,-0.019,0.017,-0.997,-3.504,0.359,-1.183,30.37,26.6066,-0.121,"26.6066,   -0.121, 27 May 2026, 10:25:01"
2026-05-27T10:25:17.618327,6156,60940000,-0.019,0.01,-0.998,-3.374,0.206,-1.122,30.37,26.5984,-0.125,"26.5984,   -0.125, 27 May 2026, 10:25:11"
2026-05-27T10:25:27.616690,6157,60950000,-0.011,0.019,-0.989,-3.534,0.198,-1.115,30.27,26.6138,-0.125,"26.6138,   -0.125, 27 May 2026, 10:25:21"
2026-05-27T10:25:37.636258,6158,60960000,-0.018,0.011,-0.997,-3.534,0.107,-1.13,30.32,26.6158,-0.124,"26.6158,   -0.124, 27 May 2026, 10:25:31"
2026-05-27T10:25:47.635531,6159,60970000,-0.015,0.022,-1.0,-3.435,0.191,-1.0,30.32,26.6192,-0.122,"26.6192,   -0.122, 27 May 2026, 10:25:41"
2026-05-27T10:25:57.625864,6160,60980000,-0.018,0.012,-0.996,-3.481,0.122,-1.107,30.37,26.6183,-0.127,"26.6183,   -0.127, 27 May 2026, 10:25:51"
2026-05-27T10:26:07.576259,6161,60990000,-0.011,0.013,-0.992,-3.42,0.069,-1.099,30.46,26.6234,-0.128,"26.6234,   -0.128, 27 May 2026, 10:26:01"
2026-05-27T10:26:17.631080,6162,61000000,-0.01,0.013,-0.997,-3.55,0.214,-1.137,30.51,26.6412,-0.124,"26.6412,   -0.124, 27 May 2026, 10:26:11"
2026-05-27T10:26:27.633000,6163,61010000,-0.016,0.019,-0.99,-3.458,0.153,-1.092,30.6,26.6503,-0.125,"26.6503,   -0.125, 27 May 2026, 10:26:21"
2026-05-27T10:26:37.622104,6164,61020000,-0.013,0.012,-0.999,-3.527,0.115,-1.023,30.51,26.6657,-0.122,"26.6657,   -0.122, 27 May 2026, 10:26:31"
2026-05-27T10:26:47.639662,6165,61030000,-0.014,0.011,-0.999,-3.534,0.237,-1.008,30.41,26.6539,-0.122,"26.6539,   -0.122, 27 May 2026, 10:26:41"
2026-05-27T10:26:57.639602,6166,61040000,-0.012,0.012,-1.0,-3.443,0.229,-1.16,30.41,26.6547,-0.124,"26.6547,   -0.124, 27 May 2026, 10:26:51"
2026-05-27T10:27:07.563630,6167,61050000,-0.022,0.019,-0.988,-3.481,0.13,-1.015,30.37,26.6246,-0.126,"26.6246,   -0.126, 27 May 2026, 10:27:01"
2026-05-27T10:27:17.637195,6168,61060000,-0.021,0.02,-0.992,-3.389,0.191,-1.046,30.37,26.6122,-0.126,"26.6122,   -0.126, 27 May 2026, 10:27:11"
2026-05-27T10:27:27.691522,6169,61070000,-0.015,0.017,-1.002,-3.595,0.115,-0.977,30.32,26.5954,-0.127,"26.5954,   -0.127, 27 May 2026, 10:27:21"
2026-05-27T10:27:37.636054,6170,61080000,-0.016,0.019,-0.998,-3.427,0.122,-1.046,30.41,26.5988,-0.125,"26.5988,   -0.125, 27 May 2026, 10:27:31"
2026-05-27T10:27:47.639686,6171,61090000,-0.01,0.015,-0.994,-3.374,0.183,-0.855,30.51,26.6309,-0.122,"26.6309,   -0.122, 27 May 2026, 10:27:41"
2026-05-27T10:27:57.637925,6172,61100000,-0.014,0.017,-1.002,-3.435,0.397,-0.931,30.55,26.6696,-0.125,"26.6696,   -0.125, 27 May 2026, 10:27:51"
2026-05-27T10:28:07.619327,6173,61110000,-0.02,0.016,-0.999,-3.443,0.191,-1.099,30.51,26.6924,-0.126,"26.6924,   -0.126, 27 May 2026, 10:28:01"
2026-05-27T10:28:17.639460,6174,61120000,-0.016,0.018,-0.999,-3.481,0.305,-1.191,30.51,26.7203,-0.126,"26.7203,   -0.126, 27 May 2026, 10:28:11"
2026-05-27T10:28:27.639550,6175,61130000,-0.013,0.017,-0.999,-3.412,0.275,-0.992,30.6,26.6981,-0.123,"26.6981,   -0.123, 27 May 2026, 10:28:21"
2026-05-27T10:28:37.640451,6176,61140000,-0.021,0.016,-0.994,-3.534,0.328,-1.244,30.6,26.6926,-0.125,"26.6926,   -0.125, 27 May 2026, 10:28:31"
2026-05-27T10:28:47.617272,6177,61150000,-0.009,0.012,-0.992,-3.382,0.305,-1.069,30.65,26.6767,-0.128,"26.6767,   -0.128, 27 May 2026, 10:28:41"
2026-05-27T10:28:57.624290,6178,61160000,-0.018,0.016,-0.994,-3.611,0.198,-1.092,30.55,26.651,-0.127,"26.6510,   -0.127, 27 May 2026, 10:28:51"
2026-05-27T10:29:07.634562,6179,61170000,-0.02,0.014,-1.003,-3.481,0.328,-1.153,30.69,26.6183,-0.126,"26.6183,   -0.126, 27 May 2026, 10:29:01"
2026-05-27T10:29:17.619282,6180,61180000,-0.021,0.01,-1.002,-3.496,0.275,-1.053,30.65,26.6242,-0.123,"26.6242,   -0.123, 27 May 2026, 10:29:11"
2026-05-27T10:29:27.627418,6181,61190000,-0.017,0.017,-0.993,-3.458,0.084,-1.076,30.65,26.6607,-0.125,"26.6607,   -0.125, 27 May 2026, 10:29:21"
2026-05-27T10:29:37.628744,6182,61200000,-0.017,0.016,-1.003,-3.45,0.092,-1.053,30.55,26.6645,-0.128,"26.6645,   -0.128, 27 May 2026, 10:29:31"
2026-05-27T10:29:47.630281,6183,61210000,-0.018,0.014,-1.0,-3.481,0.061,-1.084,30.51,26.64,-0.125,"26.6400,   -0.125, 27 May 2026, 10:29:41"
2026-05-27T10:29:57.640753,6184,61220000,-0.014,0.019,-1.0,-3.458,0.153,-1.267,30.51,26.6318,-0.126,"26.6318,   -0.126, 27 May 2026, 10:29:51"
2026-05-27T10:30:07.577923,6185,61230000,-0.021,0.019,-1.005,-3.443,0.221,-1.076,30.41,26.6428,-0.126,"26.6428,   -0.126, 27 May 2026, 10:30:01"
2026-05-27T10:30:17.621632,6186,61240000,-0.02,0.01,-0.996,-3.405,0.198,-0.924,30.37,26.6495,-0.124,"26.6495,   -0.124, 27 May 2026, 10:30:11"
2026-05-27T10:30:27.639567,6187,61250000,-0.019,0.017,-0.996,-3.443,0.298,-1.031,30.51,26.6531,-0.127,"26.6531,   -0.127, 27 May 2026, 10:30:21"
2026-05-27T10:30:37.626178,6188,61260000,-0.01,0.018,-0.985,-3.267,0.481,-1.115,30.18,26.6356,-0.126,"26.6356,   -0.126, 27 May 2026, 10:30:31"
2026-05-27T10:30:47.640263,6189,61270000,-0.015,0.01,-1.004,-3.389,0.412,-1.084,30.41,26.6192,-0.127,"26.6192,   -0.127, 27 May 2026, 10:30:41"
2026-05-27T10:30:57.650204,6190,61280000,-0.012,0.016,-0.994,-3.55,0.107,-0.954,30.51,26.639,-0.125,"26.6390,   -0.125, 27 May 2026, 10:30:51"
2026-05-27T10:31:07.635398,6191,61290000,-0.018,0.014,-1.0,-3.496,0.145,-1.16,30.6,26.6871,-0.127,"26.6871,   -0.127, 27 May 2026, 10:31:01"
2026-05-27T10:31:17.634539,6192,61300000,-0.02,0.015,-1.01,-3.359,0.198,-1.168,30.55,26.7551,-0.128,"26.7551,   -0.128, 27 May 2026, 10:31:11"
2026-05-27T10:31:27.650068,6193,61310000,-0.01,0.01,-1.0,-3.443,0.328,-0.939,30.51,26.7485,-0.126,"26.7485,   -0.126, 27 May 2026, 10:31:21"
2026-05-27T10:31:37.649888,6194,61320000,-0.023,0.015,-0.998,-3.481,0.16,-1.099,30.51,26.759,-0.126,"26.7590,   -0.126, 27 May 2026, 10:31:31"
2026-05-27T10:31:47.649665,6195,61330000,-0.011,0.017,-0.997,-3.595,0.008,-1.198,30.6,26.7731,-0.128,"26.7731,   -0.128, 27 May 2026, 10:31:41"
2026-05-27T10:31:57.642535,6196,61340000,-0.011,0.014,-0.993,-3.511,0.313,-1.153,30.6,26.7805,-0.128,"26.7805,   -0.128, 27 May 2026, 10:31:51"
2026-05-27T10:32:07.631985,6197,61350000,-0.01,0.015,-0.992,-3.504,0.252,-0.962,30.65,26.78,-0.129,"26.7800,   -0.129, 27 May 2026, 10:32:01"
2026-05-27T10:32:17.646738,6198,61360000,-0.01,0.017,-0.998,-3.374,0.336,-1.305,30.6,26.8141,-0.125,"26.8141,   -0.125, 27 May 2026, 10:32:11"
2026-05-27T10:32:27.646985,6199,61370000,-0.017,0.013,-1.006,-3.458,0.298,-1.053,30.65,26.852,-0.124,"26.8520,   -0.124, 27 May 2026, 10:32:21"
2026-05-27T10:32:37.650699,6200,61380000,-0.015,0.012,-1.002,-3.42,0.305,-1.13,30.55,26.8774,-0.123,"26.8774,   -0.123, 27 May 2026, 10:32:31"
2026-05-27T10:32:47.636067,6201,61390000,-0.017,0.018,-0.99,-3.565,0.267,-1.069,30.6,26.8779,-0.129,"26.8779,   -0.129, 27 May 2026, 10:32:41"
2026-05-27T10:32:57.629790,6202,61400000,-0.016,0.018,-0.998,-3.458,0.176,-1.008,30.51,26.8773,-0.128,"26.8773,   -0.128, 27 May 2026, 10:32:51"
2026-05-27T10:33:07.649437,6203,61410000,-0.015,0.013,-0.999,-3.42,0.267,-1.046,30.51,26.8897,-0.125,"26.8897,   -0.125, 27 May 2026, 10:33:01"
2026-05-27T10:33:17.650352,6204,61420000,-0.014,0.014,-0.989,-3.389,0.084,-1.031,30.51,26.9027,-0.127,"26.9027,   -0.127, 27 May 2026, 10:33:11"
2026-05-27T10:33:27.645814,6205,61430000,-0.012,0.015,-0.991,-3.565,0.031,-0.847,30.51,26.9168,-0.125,"26.9168,   -0.125, 27 May 2026, 10:33:21"
2026-05-27T10:33:37.642450,6206,61440000,-0.022,0.022,-1.002,-3.489,0.076,-1.038,30.55,26.94,-0.127,"26.9400,   -0.127, 27 May 2026, 10:33:31"
2026-05-27T10:33:47.626317,6207,61450000,-0.016,0.018,-1.003,-3.366,0.153,-1.137,30.65,26.9586,-0.127,"26.9586,   -0.127, 27 May 2026, 10:33:41"
2026-05-27T10:33:57.630870,6208,61460000,-0.014,0.014,-0.995,-3.458,0.321,-1.008,30.74,26.9847,-0.124,"26.9847,   -0.124, 27 May 2026, 10:33:51"
2026-05-27T10:34:07.650245,6209,61470000,-0.017,0.018,-0.998,-3.435,0.084,-1.168,30.79,27.0017,-0.123,"27.0017,   -0.123, 27 May 2026, 10:34:01"
2026-05-27T10:34:17.634612,6210,61480000,-0.014,0.011,-0.991,-3.534,0.13,-0.992,30.74,27.0029,-0.126,"27.0029,   -0.126, 27 May 2026, 10:34:11"
2026-05-27T10:34:27.643256,6211,61490000,-0.017,0.014,-0.998,-3.344,0.122,-1.206,30.6,27.026,-0.127,"27.0260,   -0.127, 27 May 2026, 10:34:21"
2026-05-27T10:34:37.625700,6212,61500000,-0.014,0.015,-1.002,-3.435,0.084,-1.076,30.69,27.0206,-0.123,"27.0206,   -0.123, 27 May 2026, 10:34:31"
2026-05-27T10:34:47.649789,6213,61510000,-0.016,0.02,-0.997,-3.351,-0.008,-1.046,30.6,27.0348,-0.123,"27.0348,   -0.123, 27 May 2026, 10:34:41"
2026-05-27T10:34:57.641153,6214,61520000,-0.01,0.015,-1.001,-3.328,0.168,-1.122,30.69,27.0381,-0.128,"27.0381,   -0.128, 27 May 2026, 10:34:51"
2026-05-27T10:35:07.641757,6215,61530000,-0.022,0.016,-1.003,-3.42,0.168,-1.145,30.65,27.0161,-0.125,"27.0161,   -0.125, 27 May 2026, 10:35:01"
2026-05-27T10:35:17.636741,6216,61540000,-0.018,0.02,-0.993,-3.466,0.244,-0.908,30.65,27.0233,-0.123,"27.0233,   -0.123, 27 May 2026, 10:35:11"
2026-05-27T10:35:27.640853,6217,61550000,-0.014,0.016,-0.995,-3.443,0.176,-1.122,30.65,27.047,-0.124,"27.0470,   -0.124, 27 May 2026, 10:35:21"
2026-05-27T10:35:37.647644,6218,61560000,-0.015,0.017,-1.001,-3.466,0.267,-1.153,30.69,27.0629,-0.126,"27.0629,   -0.126, 27 May 2026, 10:35:31"
2026-05-27T10:35:47.708184,6219,61570000,-0.018,0.015,-1.002,-3.458,0.282,-1.137,30.65,27.0743,-0.125,"27.0743,   -0.125, 27 May 2026, 10:35:41"
2026-05-27T10:35:57.630275,6220,61580000,-0.022,0.012,-1.002,-3.405,0.191,-1.092,30.65,27.0605,-0.123,"27.0605,   -0.123, 27 May 2026, 10:35:51"
2026-05-27T10:36:07.581392,6221,61590000,-0.021,0.015,-0.999,-3.458,0.359,-1.061,30.55,27.0652,-0.123,"27.0652,   -0.123, 27 May 2026, 10:36:01"
2026-05-27T10:36:17.648683,6222,61600000,-0.012,0.009,-1.002,-3.443,0.168,-1.023,30.65,27.0404,-0.123,"27.0404,   -0.123, 27 May 2026, 10:36:11"
2026-05-27T10:36:27.649672,6223,61610000,-0.013,0.019,-0.995,-3.473,0.244,-1.092,30.65,27.0344,-0.125,"27.0344,   -0.125, 27 May 2026, 10:36:21"
2026-05-27T10:36:37.632201,6224,61620000,-0.017,0.013,-1.0,-3.557,0.244,-0.962,30.6,27.0371,-0.127,"27.0371,   -0.127, 27 May 2026, 10:36:31"
2026-05-27T10:36:47.629476,6225,61630000,-0.017,0.018,-0.991,-3.466,0.191,-1.038,30.65,27.0369,-0.125,"27.0369,   -0.125, 27 May 2026, 10:36:41"
2026-05-27T10:36:57.634159,6226,61640000,-0.017,0.016,-1.0,-3.481,0.29,-1.092,30.69,27.0473,-0.127,"27.0473,   -0.127, 27 May 2026, 10:36:51"
2026-05-27T10:37:07.628947,6227,61650000,-0.018,0.016,-1.0,-3.443,0.244,-1.214,30.84,27.058,-0.123,"27.0580,   -0.123, 27 May 2026, 10:37:01"
2026-05-27T10:37:17.650754,6228,61660000,-0.022,0.017,-0.999,-3.534,0.29,-0.977,30.79,27.0485,-0.123,"27.0485,   -0.123, 27 May 2026, 10:37:11"
2026-05-27T10:37:27.639095,6229,61670000,-0.015,0.016,-1.007,-3.534,0.26,-1.229,30.74,27.0684,-0.127,"27.0684,   -0.127, 27 May 2026, 10:37:21"
2026-05-27T10:37:37.649127,6230,61680000,-0.013,0.012,-0.999,-3.618,0.183,-1.145,30.79,27.0903,-0.125,"27.0903,   -0.125, 27 May 2026, 10:37:31"
2026-05-27T10:37:47.649050,6231,61690000,-0.018,0.015,-0.995,-3.641,0.313,-1.183,30.65,27.1029,-0.128,"27.1029,   -0.128, 27 May 2026, 10:37:41"
2026-05-27T10:37:57.627644,6232,61700000,-0.016,0.015,-1.006,-3.511,0.282,-1.29,30.74,27.0948,-0.125,"27.0948,   -0.125, 27 May 2026, 10:37:51"
2026-05-27T10:38:07.570469,6233,61710000,-0.016,0.017,-1.006,-3.397,0.244,-1.092,30.74,27.0879,-0.128,"27.0879,   -0.128, 27 May 2026, 10:38:01"
2026-05-27T10:38:17.651174,6234,61720000,-0.02,0.018,-1.002,-3.42,0.16,-1.0,30.74,27.0867,-0.123,"27.0867,   -0.123, 27 May 2026, 10:38:11"
2026-05-27T10:38:27.632550,6235,61730000,-0.014,0.014,-0.988,-3.496,0.275,-1.16,30.84,27.0846,-0.124,"27.0846,   -0.124, 27 May 2026, 10:38:21"
2026-05-27T10:38:37.652114,6236,61740000,-0.021,0.01,-0.996,-3.397,0.168,-1.008,30.79,27.0787,-0.127,"27.0787,   -0.127, 27 May 2026, 10:38:31"
2026-05-27T10:38:47.631419,6237,61750000,-0.017,0.014,-0.99,-3.305,0.206,-1.183,30.79,27.0429,-0.129,"27.0429,   -0.129, 27 May 2026, 10:38:41"
2026-05-27T10:38:57.632136,6238,61760000,-0.011,0.018,-0.997,-3.511,0.237,-1.069,30.74,27.0192,-0.127,"27.0192,   -0.127, 27 May 2026, 10:38:51"
2026-05-27T10:39:07.571959,6239,61770000,-0.016,0.022,-1.0,-3.634,0.221,-1.046,30.79,27.0298,-0.127,"27.0298,   -0.127, 27 May 2026, 10:39:01"
2026-05-27T10:39:17.629517,6240,61780000,-0.014,0.011,-0.995,-3.611,0.061,-1.038,30.74,27.0097,-0.127,"27.0097,   -0.127, 27 May 2026, 10:39:11"
2026-05-27T10:39:27.646816,6241,61790000,-0.02,0.012,-1.0,-3.427,0.237,-1.107,30.74,26.9705,-0.123,"26.9705,   -0.123, 27 May 2026, 10:39:21"
2026-05-27T10:39:37.642723,6242,61800000,-0.015,0.016,-0.991,-3.489,0.168,-1.038,30.79,26.9311,-0.125,"26.9311,   -0.125, 27 May 2026, 10:39:31"
2026-05-27T10:39:47.650031,6243,61810000,-0.019,0.017,-1.001,-3.496,0.023,-1.107,30.84,26.8846,-0.127,"26.8846,   -0.127, 27 May 2026, 10:39:41"
2026-05-27T10:39:57.638097,6244,61820000,-0.016,0.018,-0.997,-3.443,0.26,-1.069,30.74,26.8685,-0.124,"26.8685,   -0.124, 27 May 2026, 10:39:51"
2026-05-27T10:40:07.631594,6245,61830000,-0.019,0.017,-1.003,-3.298,0.16,-1.076,30.69,26.8159,-0.126,"26.8159,   -0.126, 27 May 2026, 10:40:01"
2026-05-27T10:40:17.593610,6246,61840000,-0.018,0.017,-0.991,-3.427,0.084,-1.107,30.74,26.7943,-0.125,"26.7943,   -0.125, 27 May 2026, 10:40:11"
2026-05-27T10:40:27.607223,6247,61850000,-0.014,0.015,-0.997,-3.534,0.206,-0.916,30.65,26.7453,-0.125,"26.7453,   -0.125, 27 May 2026, 10:40:21"
2026-05-27T10:40:37.657588,6248,61860000,-0.015,0.02,-0.995,-3.45,0.298,-1.13,30.69,26.6777,-0.122,"26.6777,   -0.122, 27 May 2026, 10:40:31"
2026-05-27T10:40:47.670062,6249,61870000,-0.018,0.016,-1.002,-3.557,0.298,-1.198,30.65,26.667,-0.125,"26.6670,   -0.125, 27 May 2026, 10:40:41"
2026-05-27T10:40:57.647608,6250,61880000,-0.017,0.013,-1.0,-3.435,0.351,-1.008,30.6,26.7024,-0.125,"26.7024,   -0.125, 27 May 2026, 10:40:51"
2026-05-27T10:41:07.595004,6251,61890000,-0.019,0.018,-0.999,-3.397,0.031,-1.122,30.65,26.7129,-0.127,"26.7129,   -0.127, 27 May 2026, 10:41:01"
2026-05-27T10:41:17.670664,6252,61900000,-0.013,0.014,-1.0,-3.511,0.023,-1.046,30.69,26.7562,-0.123,"26.7562,   -0.123, 27 May 2026, 10:41:11"
2026-05-27T10:41:27.655909,6253,61910000,-0.012,0.018,-0.997,-3.42,0.115,-1.092,30.65,26.765,-0.126,"26.7650,   -0.126, 27 May 2026, 10:41:21"
2026-05-27T10:41:37.657681,6254,61920000,-0.016,0.012,-0.997,-3.282,0.206,-1.115,30.79,26.7947,-0.124,"26.7947,   -0.124, 27 May 2026, 10:41:31"
2026-05-27T10:41:47.666847,6255,61930000,-0.02,0.02,-1.002,-3.496,0.206,-0.977,30.74,26.8323,-0.126,"26.8323,   -0.126, 27 May 2026, 10:41:41"
2026-05-27T10:41:57.647647,6256,61940000,-0.018,0.015,-1.0,-3.466,0.176,-0.924,30.79,26.8264,-0.125,"26.8264,   -0.125, 27 May 2026, 10:41:51"
2026-05-27T10:42:07.658067,6257,61950000,-0.017,0.02,-1.0,-3.55,0.275,-1.191,30.69,26.802,-0.125,"26.8020,   -0.125, 27 May 2026, 10:42:01"
2026-05-27T10:42:17.662204,6258,61960000,-0.019,0.014,-1.004,-3.611,0.237,-1.13,30.6,26.8221,-0.126,"26.8221,   -0.126, 27 May 2026, 10:42:11"
2026-05-27T10:42:27.669492,6259,61970000,-0.013,0.013,-1.003,-3.42,0.099,-1.176,30.65,26.7947,-0.126,"26.7947,   -0.126, 27 May 2026, 10:42:21"
2026-05-27T10:42:37.664194,6260,61980000,-0.014,0.014,-0.996,-3.527,0.176,-1.046,30.55,26.7958,-0.125,"26.7958,   -0.125, 27 May 2026, 10:42:31"
2026-05-27T10:42:47.670992,6261,61990000,-0.022,0.014,-0.995,-3.45,0.076,-1.069,30.69,26.8103,-0.127,"26.8103,   -0.127, 27 May 2026, 10:42:41"
2026-05-27T10:42:57.616038,6262,62000000,-0.017,0.013,-0.995,-3.519,0.29,-1.084,30.55,26.8216,-0.126,"26.8216,   -0.126, 27 May 2026, 10:42:51"
2026-05-27T10:43:07.679775,6263,62010000,-0.02,0.019,-0.987,-3.565,0.13,-1.031,30.55,26.8129,-0.125,"26.8129,   -0.125, 27 May 2026, 10:43:01"
2026-05-27T10:43:17.679681,6264,62020000,-0.014,0.016,-0.996,-3.45,0.198,-1.069,30.37,26.7877,-0.127,"26.7877,   -0.127, 27 May 2026, 10:43:11"
2026-05-27T10:43:27.677541,6265,62030000,-0.017,0.019,-0.999,-3.649,0.153,-1.092,30.51,26.772,-0.128,"26.7720,   -0.128, 27 May 2026, 10:43:21"
2026-05-27T10:43:37.661950,6266,62040000,-0.013,0.016,-0.996,-3.397,0.229,-1.053,30.51,26.7821,-0.124,"26.7821,   -0.124, 27 May 2026, 10:43:31"
2026-05-27T10:43:47.659051,6267,62050000,-0.02,0.017,-0.992,-3.42,0.092,-1.069,30.55,26.7756,-0.124,"26.7756,   -0.124, 27 May 2026, 10:43:41"
2026-05-27T10:43:57.676524,6268,62060000,-0.02,0.017,-1.01,-3.458,0.198,-1.038,30.51,26.7553,-0.127,"26.7553,   -0.127, 27 May 2026, 10:43:51"
2026-05-27T10:44:07.656284,6269,62070000,-0.013,0.018,-0.991,-3.557,0.061,-1.069,30.51,26.7382,-0.125,"26.7382,   -0.125, 27 May 2026, 10:44:01"
2026-05-27T10:44:17.655406,6270,62080000,-0.014,0.015,-0.995,-3.351,0.115,-1.008,30.46,26.7246,-0.131,"26.7246,   -0.131, 27 May 2026, 10:44:11"
2026-05-27T10:44:27.676633,6271,62090000,-0.013,0.015,-1.001,-3.389,0.336,-1.137,30.41,26.7638,-0.123,"26.7638,   -0.123, 27 May 2026, 10:44:21"
2026-05-27T10:44:37.596756,6272,62100000,-0.016,0.012,-0.999,-3.344,0.191,-0.969,30.32,26.76,-0.126,"26.7600,   -0.126, 27 May 2026, 10:44:31"
2026-05-27T10:44:47.681481,6273,62110000,-0.016,0.016,-1.0,-3.504,0.099,-1.084,30.41,26.749,-0.126,"26.7490,   -0.126, 27 May 2026, 10:44:41"
2026-05-27T10:44:57.662865,6274,62120000,-0.012,0.014,-0.998,-3.504,0.16,-1.046,30.41,26.7448,-0.128,"26.7448,   -0.128, 27 May 2026, 10:44:51"
2026-05-27T10:45:07.667205,6275,62130000,-0.01,0.015,-0.987,-3.405,0.176,-1.031,30.41,26.7628,-0.127,"26.7628,   -0.127, 27 May 2026, 10:45:01"
2026-05-27T10:45:17.680150,6276,62140000,-0.016,0.021,-0.992,-3.412,0.252,-1.076,30.41,26.7824,-0.126,"26.7824,   -0.126, 27 May 2026, 10:45:11"
2026-05-27T10:45:27.603907,6277,62150000,-0.013,0.018,-1.0,-3.481,0.099,-1.076,30.32,26.8094,-0.127,"26.8094,   -0.127, 27 May 2026, 10:45:21"
2026-05-27T10:45:37.667528,6278,62160000,-0.014,0.02,-1.002,-3.527,0.26,-1.137,30.37,26.8224,-0.125,"26.8224,   -0.125, 27 May 2026, 10:45:31"
2026-05-27T10:45:47.606881,6279,62170000,-0.02,0.015,-0.997,-3.412,0.115,-1.038,30.41,26.839,-0.127,"26.8390,   -0.127, 27 May 2026, 10:45:41"
2026-05-27T10:45:57.676270,6280,62180000,-0.018,0.018,-0.988,-3.534,0.191,-0.885,30.27,26.8398,-0.125,"26.8398,   -0.125, 27 May 2026, 10:45:51"
2026-05-27T10:46:07.675016,6281,62190000,-0.021,0.017,-1.002,-3.534,0.206,-1.076,30.46,26.834,-0.124,"26.8340,   -0.124, 27 May 2026, 10:46:01"
2026-05-27T10:46:17.680613,6282,62200000,-0.016,0.014,-0.994,-3.519,0.305,-1.053,30.37,26.8502,-0.129,"26.8502,   -0.129, 27 May 2026, 10:46:11"
2026-05-27T10:46:27.680013,6283,62210000,-0.012,0.014,-0.996,-3.573,0.366,-1.198,30.22,26.8755,-0.125,"26.8755,   -0.125, 27 May 2026, 10:46:21"
2026-05-27T10:46:37.658483,6284,62220000,-0.017,0.016,-0.989,-3.473,0.206,-1.092,30.22,26.8562,-0.125,"26.8562,   -0.125, 27 May 2026, 10:46:31"
2026-05-27T10:46:47.671363,6285,62230000,-0.018,0.012,-0.994,-3.435,0.344,-1.0,30.32,26.8308,-0.124,"26.8308,   -0.124, 27 May 2026, 10:46:41"
2026-05-27T10:46:57.677535,6286,62240000,-0.019,0.011,-0.989,-3.275,0.137,-1.176,30.32,26.8139,-0.126,"26.8139,   -0.126, 27 May 2026, 10:46:51"
2026-05-27T10:47:07.663317,6287,62250000,-0.016,0.019,-1.011,-3.45,0.214,-1.053,30.37,26.7978,-0.127,"26.7978,   -0.127, 27 May 2026, 10:47:01"
2026-05-27T10:47:17.620280,6288,62260000,-0.023,0.014,-0.998,-3.405,0.153,-1.008,30.41,26.8214,-0.125,"26.8214,   -0.125, 27 May 2026, 10:47:11"
2026-05-27T10:47:27.657988,6289,62270000,-0.019,0.014,-0.998,-3.534,0.13,-1.015,30.41,26.8514,-0.125,"26.8514,   -0.125, 27 May 2026, 10:47:21"
2026-05-27T10:47:37.668273,6290,62280000,-0.014,0.013,-0.998,-3.435,0.229,-1.099,30.51,26.8459,-0.125,"26.8459,   -0.125, 27 May 2026, 10:47:31"
2026-05-27T10:47:47.656560,6291,62290000,-0.016,0.012,-0.998,-3.412,0.191,-1.107,30.32,26.8334,-0.127,"26.8334,   -0.127, 27 May 2026, 10:47:41"
2026-05-27T10:47:57.676167,6292,62300000,-0.014,0.016,-1.0,-3.534,0.053,-1.13,30.18,26.8425,-0.127,"26.8425,   -0.127, 27 May 2026, 10:47:51"
2026-05-27T10:48:07.668211,6293,62310000,-0.015,0.013,-0.996,-3.55,0.267,-1.031,30.22,26.8185,-0.127,"26.8185,   -0.127, 27 May 2026, 10:48:01"
2026-05-27T10:48:17.604110,6294,62320000,-0.014,0.018,-1.006,-3.389,0.183,-1.214,30.27,26.8226,-0.129,"26.8226,   -0.129, 27 May 2026, 10:48:11"
2026-05-27T10:48:27.676624,6295,62330000,-0.014,0.016,-1.001,-3.458,0.214,-1.107,30.32,26.8228,-0.125,"26.8228,   -0.125, 27 May 2026, 10:48:21"
2026-05-27T10:48:37.660878,6296,62340000,-0.017,0.02,-0.997,-3.374,0.252,-0.931,30.27,26.7228,-0.125,"26.7228,   -0.125, 27 May 2026, 10:48:31"
2026-05-27T10:48:47.668001,6297,62350000,-0.01,0.015,-0.997,-3.42,0.122,-1.031,30.27,26.715,-0.127,"26.7150,   -0.127, 27 May 2026, 10:48:41"
2026-05-27T10:48:57.663859,6298,62360000,-0.016,0.014,-0.995,-3.519,0.084,-1.084,30.41,26.7158,-0.126,"26.7158,   -0.126, 27 May 2026, 10:48:51"
2026-05-27T10:49:07.680314,6299,62370000,-0.012,0.011,-1.005,-3.489,0.122,-1.145,30.37,26.7153,-0.122,"26.7153,   -0.122, 27 May 2026, 10:49:01"
2026-05-27T10:49:17.661859,6300,62380000,-0.017,0.014,-0.993,-3.55,0.191,-1.099,30.37,26.7203,-0.124,"26.7203,   -0.124, 27 May 2026, 10:49:11"
2026-05-27T10:49:27.666916,6301,62390000,-0.017,0.012,-0.998,-3.458,0.176,-0.992,30.41,26.73,-0.127,"26.7300,   -0.127, 27 May 2026, 10:49:21"
2026-05-27T10:49:37.681659,6302,62400000,-0.017,0.016,-1.0,-3.389,0.191,-1.046,30.37,26.7493,-0.125,"26.7493,   -0.125, 27 May 2026, 10:49:31"
2026-05-27T10:49:47.681773,6303,62410000,-0.017,0.014,-1.004,-3.489,0.206,-1.183,30.51,26.7603,-0.125,"26.7603,   -0.125, 27 May 2026, 10:49:41"
2026-05-27T10:49:57.680997,6304,62420000,-0.016,0.014,-0.996,-3.397,0.221,-0.985,30.41,26.7661,-0.124,"26.7661,   -0.124, 27 May 2026, 10:49:51"
2026-05-27T10:50:07.668939,6305,62430000,-0.014,0.013,-1.009,-3.634,0.214,-1.061,30.51,26.7521,-0.128,"26.7521,   -0.128, 27 May 2026, 10:50:01"
2026-05-27T10:50:17.679562,6306,62440000,-0.016,0.019,-0.993,-3.42,0.176,-1.107,30.46,26.7456,-0.129,"26.7456,   -0.129, 27 May 2026, 10:50:11"
2026-05-27T10:50:27.655773,6307,62450000,-0.017,0.014,-1.005,-3.504,0.244,-0.878,30.6,26.7523,-0.129,"26.7523,   -0.129, 27 May 2026, 10:50:21"
2026-05-27T10:50:37.683305,6308,62460000,-0.017,0.016,-0.996,-3.595,0.366,-1.053,30.51,26.7431,-0.127,"26.7431,   -0.127, 27 May 2026, 10:50:31"
2026-05-27T10:50:47.680116,6309,62470000,-0.018,0.017,-0.992,-3.397,0.267,-1.145,30.37,26.752,-0.128,"26.7520,   -0.128, 27 May 2026, 10:50:41"
2026-05-27T10:50:57.676353,6310,62480000,-0.014,0.012,-0.996,-3.534,0.145,-1.053,30.32,26.7385,-0.123,"26.7385,   -0.123, 27 May 2026, 10:50:51"
2026-05-27T10:51:07.668995,6311,62490000,-0.014,0.015,-0.994,-3.504,0.191,-1.008,30.32,26.7406,-0.127,"26.7406,   -0.127, 27 May 2026, 10:51:01"
2026-05-27T10:51:17.661395,6312,62500000,-0.011,0.01,-0.997,-3.397,0.107,-1.122,30.37,26.7415,-0.125,"26.7415,   -0.125, 27 May 2026, 10:51:11"
2026-05-27T10:51:27.675930,6313,62510000,-0.019,0.018,-1.005,-3.466,0.252,-1.046,30.46,26.7657,-0.126,"26.7657,   -0.126, 27 May 2026, 10:51:21"
2026-05-27T10:51:37.663688,6314,62520000,-0.02,0.013,-1.002,-3.359,0.198,-1.046,30.41,26.768,-0.131,"26.7680,   -0.131, 27 May 2026, 10:51:31"
2026-05-27T10:51:47.681417,6315,62530000,-0.021,0.017,-0.996,-3.504,0.107,-1.153,30.41,26.7714,-0.129,"26.7714,   -0.129, 27 May 2026, 10:51:41"
2026-05-27T10:51:57.672665,6316,62540000,-0.015,0.015,-1.003,-3.519,0.206,-1.038,30.55,26.7857,-0.126,"26.7857,   -0.126, 27 May 2026, 10:51:51"
2026-05-27T10:52:07.664453,6317,62550000,-0.02,0.016,-0.995,-3.443,0.26,-1.137,30.41,26.7808,-0.126,"26.7808,   -0.126, 27 May 2026, 10:52:01"
2026-05-27T10:52:17.681626,6318,62560000,-0.013,0.019,-0.998,-3.458,0.168,-0.992,30.32,26.7955,-0.126,"26.7955,   -0.126, 27 May 2026, 10:52:11"
2026-05-27T10:52:27.671164,6319,62570000,-0.012,0.014,-0.995,-3.435,0.122,-1.29,30.32,26.8105,-0.129,"26.8105,   -0.129, 27 May 2026, 10:52:21"
2026-05-27T10:52:37.668965,6320,62580000,-0.021,0.016,-0.991,-3.298,0.244,-0.954,30.27,26.7892,-0.126,"26.7892,   -0.126, 27 May 2026, 10:52:31"
2026-05-27T10:52:47.664687,6321,62590000,-0.023,0.014,-1.002,-3.397,0.076,-1.061,30.27,26.7721,-0.127,"26.7721,   -0.127, 27 May 2026, 10:52:41"
2026-05-27T10:52:57.670928,6322,62600000,-0.01,0.015,-0.995,-3.466,0.229,-0.931,30.41,26.7829,-0.126,"26.7829,   -0.126, 27 May 2026, 10:52:51"
2026-05-27T10:53:07.674918,6323,62610000,-0.018,0.018,-0.989,-3.504,0.214,-1.038,30.37,26.7745,-0.124,"26.7745,   -0.124, 27 May 2026, 10:53:01"
2026-05-27T10:53:17.658618,6324,62620000,-0.019,0.018,-0.991,-3.374,0.13,-1.122,30.37,26.7812,-0.124,"26.7812,   -0.124, 27 May 2026, 10:53:11"
2026-05-27T10:53:27.678414,6325,62630000,-0.016,0.019,-1.001,-3.359,0.397,-1.015,30.32,26.7884,-0.13,"26.7884,   -0.130, 27 May 2026, 10:53:21"
2026-05-27T10:53:37.644869,6326,62640000,-0.014,0.021,-0.999,-3.542,0.328,-1.084,30.32,26.7635,-0.125,"26.7635,   -0.125, 27 May 2026, 10:53:31"
2026-05-27T10:53:47.708681,6327,62650000,-0.011,0.021,-0.99,-3.527,0.16,-0.969,30.32,26.7804,-0.128,"26.7804,   -0.128, 27 May 2026, 10:53:41"
2026-05-27T10:53:57.659931,6328,62660000,-0.018,0.024,-0.993,-3.458,0.237,-1.008,30.13,26.7963,-0.13,"26.7963,   -0.130, 27 May 2026, 10:53:51"
2026-05-27T10:54:07.661326,6329,62670000,-0.019,0.013,-0.996,-3.603,0.031,-1.053,30.22,26.8398,-0.127,"26.8398,   -0.127, 27 May 2026, 10:54:01"
2026-05-27T10:54:17.658880,6330,62680000,-0.019,0.016,-0.995,-3.305,0.221,-1.13,30.22,26.8868,-0.127,"26.8868,   -0.127, 27 May 2026, 10:54:11"
2026-05-27T10:54:27.604878,6331,62690000,-0.016,0.014,-1.002,-3.405,0.115,-0.901,30.37,26.9151,-0.127,"26.9151,   -0.127, 27 May 2026, 10:54:21"
2026-05-27T10:54:37.616242,6332,62700000,-0.016,0.017,-0.993,-3.511,0.26,-1.053,30.32,26.9125,-0.125,"26.9125,   -0.125, 27 May 2026, 10:54:31"
2026-05-27T10:54:47.627852,6333,62710000,-0.017,0.015,-0.99,-3.473,0.214,-1.061,30.32,26.9409,-0.128,"26.9409,   -0.128, 27 May 2026, 10:54:41"
2026-05-27T10:54:57.614000,6334,62720000,-0.019,0.015,-0.996,-3.496,0.092,-1.015,30.32,26.9644,-0.127,"26.9644,   -0.127, 27 May 2026, 10:54:51"
2026-05-27T10:55:07.626783,6335,62730000,-0.008,0.016,-0.99,-3.405,0.26,-1.038,30.32,26.9715,-0.127,"26.9715,   -0.127, 27 May 2026, 10:55:01"
2026-05-27T10:55:17.640925,6336,62740000,-0.012,0.018,-1.0,-3.366,0.351,-1.053,30.41,26.9693,-0.128,"26.9693,   -0.128, 27 May 2026, 10:55:11"
2026-05-27T10:55:27.636487,6337,62750000,-0.012,0.012,-0.992,-3.366,0.16,-1.107,30.32,26.9471,-0.125,"26.9471,   -0.125, 27 May 2026, 10:55:21"
2026-05-27T10:55:37.636856,6338,62760000,-0.021,0.016,-0.994,-3.351,0.229,-1.0,30.41,26.935,-0.125,"26.9350,   -0.125, 27 May 2026, 10:55:31"
2026-05-27T10:55:47.675196,6339,62770000,-0.019,0.022,-1.002,-3.473,0.145,-1.298,30.37,26.9158,-0.123,"26.9158,   -0.123, 27 May 2026, 10:55:41"
2026-05-27T10:55:57.617988,6340,62780000,-0.017,0.017,-1.003,-3.435,0.221,-1.16,30.37,26.8987,-0.128,"26.8987,   -0.128, 27 May 2026, 10:55:51"
2026-05-27T10:56:07.640191,6341,62790000,-0.018,0.014,-0.988,-3.42,0.305,-1.221,30.37,26.8806,-0.126,"26.8806,   -0.126, 27 May 2026, 10:56:01"
2026-05-27T10:56:17.625006,6342,62800000,-0.017,0.018,-1.0,-3.344,0.237,-1.183,30.37,26.8636,-0.126,"26.8636,   -0.126, 27 May 2026, 10:56:11"
2026-05-27T10:56:27.614719,6343,62810000,-0.016,0.018,-1.0,-3.458,0.29,-1.145,30.32,26.854,-0.126,"26.8540,   -0.126, 27 May 2026, 10:56:21"
2026-05-27T10:56:37.631372,6344,62820000,-0.016,0.012,-0.999,-3.282,0.069,-1.053,30.37,26.8374,-0.127,"26.8374,   -0.127, 27 May 2026, 10:56:31"
2026-05-27T10:56:47.619839,6345,62830000,-0.017,0.016,-0.986,-3.16,0.359,-1.092,30.41,26.8245,-0.123,"26.8245,   -0.123, 27 May 2026, 10:56:41"
2026-05-27T10:56:57.624477,6346,62840000,-0.019,0.017,-0.996,-3.496,0.214,-1.061,30.13,26.8094,-0.125,"26.8094,   -0.125, 27 May 2026, 10:56:51"
2026-05-27T10:57:07.624423,6347,62850000,-0.018,0.015,-0.991,-3.344,0.153,-1.16,30.04,26.801,-0.129,"26.8010,   -0.129, 27 May 2026, 10:57:01"
2026-05-27T10:57:17.625520,6348,62860000,-0.019,0.017,-0.992,-3.412,0.321,-1.122,29.85,26.7571,-0.125,"26.7571,   -0.125, 27 May 2026, 10:57:11"
2026-05-27T10:57:27.640157,6349,62870000,-0.014,0.017,-0.992,-3.366,0.282,-1.122,29.66,26.7636,-0.126,"26.7636,   -0.126, 27 May 2026, 10:57:21"
2026-05-27T10:57:37.613887,6350,62880000,-0.015,0.018,-0.998,-3.42,0.183,-1.053,29.75,26.7871,-0.126,"26.7871,   -0.126, 27 May 2026, 10:57:31"
2026-05-27T10:57:47.624828,6351,62890000,-0.019,0.011,-0.996,-3.252,0.221,-1.046,29.71,26.8237,-0.124,"26.8237,   -0.124, 27 May 2026, 10:57:41"
2026-05-27T10:57:57.621382,6352,62900000,-0.017,0.022,-1.005,-3.489,0.191,-1.122,29.75,26.8509,-0.126,"26.8509,   -0.126, 27 May 2026, 10:57:51"
2026-05-27T10:58:07.635545,6353,62910000,-0.016,0.017,-1.002,-3.618,0.038,-1.191,29.75,26.8617,-0.124,"26.8617,   -0.124, 27 May 2026, 10:58:01"
2026-05-27T10:58:17.625279,6354,62920000,-0.013,0.012,-0.997,-3.382,0.214,-1.061,29.61,26.8788,-0.128,"26.8788,   -0.128, 27 May 2026, 10:58:11"
2026-05-27T10:58:27.672045,6355,62930000,-0.018,0.015,-0.998,-3.458,0.229,-0.947,29.66,26.8773,-0.125,"26.8773,   -0.125, 27 May 2026, 10:58:21"
2026-05-27T10:58:37.671361,6356,62940000,-0.024,0.019,-0.999,-3.427,0.176,-1.015,29.52,26.8722,-0.127,"26.8722,   -0.127, 27 May 2026, 10:58:31"
2026-05-27T10:58:47.677357,6357,62950000,-0.017,0.017,-0.993,-3.443,0.328,-1.153,29.75,26.8745,-0.125,"26.8745,   -0.125, 27 May 2026, 10:58:41"
2026-05-27T10:58:57.616883,6358,62960000,-0.018,0.017,-0.984,-3.458,0.191,-1.069,29.75,26.8635,-0.127,"26.8635,   -0.127, 27 May 2026, 10:58:51"
2026-05-27T10:59:07.630945,6359,62970000,-0.011,0.013,-0.999,-3.511,0.191,-1.122,29.8,26.8464,-0.126,"26.8464,   -0.126, 27 May 2026, 10:59:01"
2026-05-27T10:59:17.635053,6360,62980000,-0.012,0.014,-1.001,-3.359,0.252,-1.069,29.71,26.8138,-0.127,"26.8138,   -0.127, 27 May 2026, 10:59:11"
2026-05-27T10:59:27.628236,6361,62990000,-0.013,0.017,-0.998,-3.458,0.168,-1.122,29.8,26.8177,-0.126,"26.8177,   -0.126, 27 May 2026, 10:59:21"
2026-05-27T10:59:37.692025,6362,63000000,-0.019,0.022,-0.991,-3.511,0.092,-1.046,29.99,26.833,-0.124,"26.8330,   -0.124, 27 May 2026, 10:59:31"
2026-05-27T10:59:47.636353,6363,63010000,-0.023,0.014,-0.99,-3.435,0.176,-1.122,29.99,26.849,-0.126,"26.8490,   -0.126, 27 May 2026, 10:59:41"
2026-05-27T10:59:57.626765,6364,63020000,-0.017,0.011,-0.995,-3.336,0.191,-0.954,30.04,26.8602,-0.125,"26.8602,   -0.125, 27 May 2026, 10:59:51"
2026-05-27T11:00:07.647387,6365,63030000,-0.014,0.018,-0.995,-3.626,0.176,-1.282,29.99,26.8671,-0.126,"26.8671,   -0.126, 27 May 2026, 11:00:01"
2026-05-27T11:00:17.650548,6366,63040000,-0.016,0.018,-1.0,-3.359,0.176,-1.26,30.13,26.8708,-0.128,"26.8708,   -0.128, 27 May 2026, 11:00:11"
2026-05-27T11:00:27.638088,6367,63050000,-0.013,0.014,-1.002,-3.519,0.214,-1.038,29.99,26.8768,-0.128,"26.8768,   -0.128, 27 May 2026, 11:00:21"
2026-05-27T11:00:37.649693,6368,63060000,-0.022,0.012,-0.995,-3.466,-0.076,-1.237,30.13,26.8735,-0.125,"26.8735,   -0.125, 27 May 2026, 11:00:31"
2026-05-27T11:00:47.640857,6369,63070000,-0.019,0.013,-0.993,-3.389,0.084,-1.191,30.18,26.8707,-0.128,"26.8707,   -0.128, 27 May 2026, 11:00:41"
2026-05-27T11:00:57.650916,6370,63080000,-0.011,0.014,-0.992,-3.466,0.198,-1.214,30.18,26.8651,-0.124,"26.8651,   -0.124, 27 May 2026, 11:00:51"
2026-05-27T11:01:07.586863,6371,63090000,-0.019,0.012,-1.005,-3.366,0.115,-0.947,30.18,26.8628,-0.126,"26.8628,   -0.126, 27 May 2026, 11:01:01"
2026-05-27T11:01:17.650979,6372,63100000,-0.016,0.017,-0.996,-3.412,0.229,-1.015,30.18,26.8538,-0.127,"26.8538,   -0.127, 27 May 2026, 11:01:11"
2026-05-27T11:01:27.644820,6373,63110000,-0.009,0.014,-1.001,-3.336,0.069,-1.137,30.13,26.8486,-0.127,"26.8486,   -0.127, 27 May 2026, 11:01:21"
2026-05-27T11:01:37.650330,6374,63120000,-0.015,0.015,-0.998,-3.405,0.237,-1.153,30.22,26.8495,-0.124,"26.8495,   -0.124, 27 May 2026, 11:01:31"
2026-05-27T11:01:47.634456,6375,63130000,-0.019,0.015,-0.994,-3.443,0.099,-1.015,30.13,26.8426,-0.126,"26.8426,   -0.126, 27 May 2026, 11:01:41"
2026-05-27T11:01:57.632867,6376,63140000,-0.007,0.014,-0.999,-3.42,0.229,-1.053,30.27,26.8328,-0.126,"26.8328,   -0.126, 27 May 2026, 11:01:51"
2026-05-27T11:02:07.644389,6377,63150000,-0.015,0.019,-1.008,-3.519,0.16,-1.008,30.13,26.832,-0.125,"26.8320,   -0.125, 27 May 2026, 11:02:01"
2026-05-27T11:02:17.633813,6378,63160000,-0.019,0.018,-1.003,-3.435,0.267,-0.954,30.18,26.8324,-0.123,"26.8324,   -0.123, 27 May 2026, 11:02:11"
2026-05-27T11:02:27.635466,6379,63170000,-0.016,0.022,-1.001,-3.42,0.137,-1.008,30.13,26.8271,-0.126,"26.8271,   -0.126, 27 May 2026, 11:02:21"
2026-05-27T11:02:37.625997,6380,63180000,-0.011,0.021,-1.004,-3.42,0.29,-1.031,30.22,26.8175,-0.125,"26.8175,   -0.125, 27 May 2026, 11:02:31"
2026-05-27T11:02:47.640817,6381,63190000,-0.014,0.017,-0.998,-3.504,0.244,-0.977,30.22,26.8029,-0.127,"26.8029,   -0.127, 27 May 2026, 11:02:41"
2026-05-27T11:02:57.686567,6382,63200000,-0.021,0.012,-0.998,-3.305,0.015,-1.031,30.18,26.7945,-0.122,"26.7945,   -0.122, 27 May 2026, 11:02:51"
2026-05-27T11:03:07.648589,6383,63210000,-0.02,0.017,-0.994,-3.511,0.137,-1.046,30.13,26.7935,-0.126,"26.7935,   -0.126, 27 May 2026, 11:03:01"
2026-05-27T11:03:17.649906,6384,63220000,-0.017,0.009,-0.994,-3.55,-0.023,-1.13,30.13,26.7908,-0.128,"26.7908,   -0.128, 27 May 2026, 11:03:11"
2026-05-27T11:03:27.646325,6385,63230000,-0.016,0.018,-0.999,-3.405,0.13,-1.046,30.08,26.801,-0.127,"26.8010,   -0.127, 27 May 2026, 11:03:21"
2026-05-27T11:03:37.628260,6386,63240000,-0.02,0.011,-0.992,-3.481,0.008,-0.885,30.22,26.8013,-0.126,"26.8013,   -0.126, 27 May 2026, 11:03:31"
2026-05-27T11:03:47.629620,6387,63250000,-0.015,0.018,-0.983,-3.466,0.252,-1.076,30.13,26.7888,-0.127,"26.7888,   -0.127, 27 May 2026, 11:03:41"
2026-05-27T11:03:57.624816,6388,63260000,-0.017,0.014,-1.008,-3.427,0.198,-0.885,30.13,26.7773,-0.122,"26.7773,   -0.122, 27 May 2026, 11:03:51"
2026-05-27T11:04:07.632781,6389,63270000,-0.016,0.02,-1.001,-3.489,0.16,-1.038,30.13,26.7699,-0.128,"26.7699,   -0.128, 27 May 2026, 11:04:01"
2026-05-27T11:04:17.626144,6390,63280000,-0.018,0.015,-1.002,-3.489,0.305,-1.206,30.13,26.7654,-0.126,"26.7654,   -0.126, 27 May 2026, 11:04:11"
2026-05-27T11:04:27.646240,6391,63290000,-0.019,0.015,-0.997,-3.412,0.137,-0.908,30.18,26.7688,-0.124,"26.7688,   -0.124, 27 May 2026, 11:04:21"
2026-05-27T11:04:37.720600,6392,63300000,-0.022,0.014,-1.005,-3.511,0.29,-1.092,30.22,26.7773,-0.126,"26.7773,   -0.126, 27 May 2026, 11:04:31"
2026-05-27T11:04:47.650564,6393,63310000,-0.015,0.017,-0.998,-3.603,0.252,-1.031,30.22,26.7849,-0.127,"26.7849,   -0.127, 27 May 2026, 11:04:41"
2026-05-27T11:04:57.705810,6394,63320000,-0.019,0.019,-1.005,-3.382,0.214,-1.031,30.18,26.7815,-0.125,"26.7815,   -0.125, 27 May 2026, 11:04:51"
2026-05-27T11:05:07.650199,6395,63330000,-0.022,0.017,-0.998,-3.458,0.099,-1.122,30.13,26.7881,-0.124,"26.7881,   -0.124, 27 May 2026, 11:05:01"
2026-05-27T11:05:17.647826,6396,63340000,-0.016,0.017,-0.99,-3.282,0.282,-1.023,30.13,26.7961,-0.127,"26.7961,   -0.127, 27 May 2026, 11:05:11"
2026-05-27T11:05:27.647935,6397,63350000,-0.023,0.016,-0.986,-3.679,0.13,-1.153,30.18,26.8097,-0.123,"26.8097,   -0.123, 27 May 2026, 11:05:21"
2026-05-27T11:05:37.632043,6398,63360000,-0.021,0.018,-0.999,-3.511,0.344,-1.13,30.13,26.8164,-0.127,"26.8164,   -0.127, 27 May 2026, 11:05:31"
2026-05-27T11:05:47.637548,6399,63370000,-0.023,0.015,-1.002,-3.389,0.084,-1.153,30.13,26.8057,-0.126,"26.8057,   -0.126, 27 May 2026, 11:05:41"
2026-05-27T11:05:57.646547,6400,63380000,-0.019,0.017,-1.002,-3.435,0.084,-1.046,30.13,26.7805,-0.127,"26.7805,   -0.127, 27 May 2026, 11:05:51"
2026-05-27T11:06:07.651045,6401,63390000,-0.019,0.018,-1.003,-3.374,0.221,-1.046,30.13,26.7646,-0.126,"26.7646,   -0.126, 27 May 2026, 11:06:01"
2026-05-27T11:06:17.650743,6402,63400000,-0.017,0.014,-0.993,-3.489,0.176,-1.038,30.18,26.7575,-0.127,"26.7575,   -0.127, 27 May 2026, 11:06:11"
2026-05-27T11:06:27.641639,6403,63410000,-0.02,0.016,-0.995,-3.313,0.046,-1.099,30.18,26.7418,-0.127,"26.7418,   -0.127, 27 May 2026, 11:06:21"
2026-05-27T11:06:37.647305,6404,63420000,-0.011,0.02,-1.001,-3.42,0.115,-0.985,30.22,26.7294,-0.124,"26.7294,   -0.124, 27 May 2026, 11:06:31"
2026-05-27T11:06:47.636765,6405,63430000,-0.012,0.014,-0.988,-3.542,0.198,-1.084,30.18,26.726,-0.125,"26.7260,   -0.125, 27 May 2026, 11:06:41"
2026-05-27T11:06:57.632374,6406,63440000,-0.019,0.015,-0.994,-3.55,0.229,-0.916,30.22,26.7244,-0.126,"26.7244,   -0.126, 27 May 2026, 11:06:51"
2026-05-27T11:07:07.650437,6407,63450000,-0.015,0.015,-0.995,-3.473,0.084,-1.252,30.18,26.7197,-0.128,"26.7197,   -0.128, 27 May 2026, 11:07:01"
2026-05-27T11:07:17.647482,6408,63460000,-0.014,0.017,-0.991,-3.55,0.115,-1.061,30.22,26.7183,-0.129,"26.7183,   -0.129, 27 May 2026, 11:07:11"
2026-05-27T11:07:27.628463,6409,63470000,-0.017,0.013,-0.997,-3.435,0.137,-1.153,30.22,26.72,-0.129,"26.7200,   -0.129, 27 May 2026, 11:07:21"
2026-05-27T11:07:37.650545,6410,63480000,-0.013,0.017,-0.991,-3.427,0.443,-1.015,30.27,26.7309,-0.125,"26.7309,   -0.125, 27 May 2026, 11:07:31"
2026-05-27T11:07:47.650723,6411,63490000,-0.019,0.018,-1.001,-3.519,0.214,-1.191,30.22,26.7248,-0.124,"26.7248,   -0.124, 27 May 2026, 11:07:41"
2026-05-27T11:07:57.650371,6412,63500000,-0.018,0.01,-0.993,-3.427,0.153,-1.115,30.27,26.7125,-0.123,"26.7125,   -0.123, 27 May 2026, 11:07:51"
2026-05-27T11:08:07.639820,6413,63510000,-0.012,0.011,-0.985,-3.511,0.176,-1.0,30.18,26.7059,-0.127,"26.7059,   -0.127, 27 May 2026, 11:08:01"
2026-05-27T11:08:17.629085,6414,63520000,-0.017,0.016,-0.998,-3.359,0.13,-1.107,30.18,26.7138,-0.128,"26.7138,   -0.128, 27 May 2026, 11:08:11"
2026-05-27T11:08:27.632116,6415,63530000,-0.017,0.015,-0.989,-3.466,0.221,-1.13,30.27,26.7355,-0.127,"26.7355,   -0.127, 27 May 2026, 11:08:21"
2026-05-27T11:08:37.650422,6416,63540000,-0.015,0.01,-0.996,-3.504,0.26,-1.046,30.32,26.7427,-0.128,"26.7427,   -0.128, 27 May 2026, 11:08:31"
2026-05-27T11:08:47.626448,6417,63550000,-0.018,0.021,-0.986,-3.45,0.191,-1.198,30.32,26.744,-0.127,"26.7440,   -0.127, 27 May 2026, 11:08:41"
2026-05-27T11:08:57.640826,6418,63560000,-0.012,0.015,-1.003,-3.351,0.305,-0.893,30.27,26.7398,-0.126,"26.7398,   -0.126, 27 May 2026, 11:08:51"
2026-05-27T11:09:07.634812,6419,63570000,-0.012,0.019,-0.99,-3.595,0.267,-0.924,30.27,26.7375,-0.122,"26.7375,   -0.122, 27 May 2026, 11:09:01"
2026-05-27T11:09:17.636264,6420,63580000,-0.021,0.016,-1.002,-3.42,0.267,-1.092,30.04,26.7289,-0.127,"26.7289,   -0.127, 27 May 2026, 11:09:11"
2026-05-27T11:09:27.709730,6421,63590000,-0.017,0.016,-0.993,-3.496,0.275,-1.0,30.13,26.7202,-0.125,"26.7202,   -0.125, 27 May 2026, 11:09:21"
2026-05-27T11:09:37.639211,6422,63600000,-0.016,0.019,-0.994,-3.397,0.183,-1.092,30.18,26.7249,-0.128,"26.7249,   -0.128, 27 May 2026, 11:09:31"
2026-05-27T11:09:47.632543,6423,63610000,-0.016,0.016,-0.998,-3.397,0.107,-1.076,30.08,26.7219,-0.127,"26.7219,   -0.127, 27 May 2026, 11:09:41"
2026-05-27T11:09:57.646737,6424,63620000,-0.017,0.014,-0.991,-3.427,0.137,-1.046,30.13,26.7205,-0.124,"26.7205,   -0.124, 27 May 2026, 11:09:51"
2026-05-27T11:10:07.635865,6425,63630000,-0.013,0.015,-0.992,-3.443,0.13,-0.954,30.13,26.7197,-0.128,"26.7197,   -0.128, 27 May 2026, 11:10:01"
2026-05-27T11:10:17.650201,6426,63640000,-0.015,0.016,-0.992,-3.55,0.267,-1.107,30.22,26.7196,-0.124,"26.7196,   -0.124, 27 May 2026, 11:10:11"
2026-05-27T11:10:27.638478,6427,63650000,-0.012,0.017,-1.004,-3.336,0.206,-1.137,30.18,26.712,-0.126,"26.7120,   -0.126, 27 May 2026, 11:10:21"
2026-05-27T11:10:37.640934,6428,63660000,-0.014,0.016,-1.002,-3.489,0.153,-1.115,30.04,26.7077,-0.129,"26.7077,   -0.129, 27 May 2026, 11:10:31"
2026-05-27T11:10:47.650150,6429,63670000,-0.009,0.018,-0.991,-3.412,0.244,-1.153,30.13,26.707,-0.126,"26.7070,   -0.126, 27 May 2026, 11:10:41"
2026-05-27T11:10:57.640862,6430,63680000,-0.014,0.016,-0.997,-3.504,0.137,-0.992,30.18,26.7163,-0.128,"26.7163,   -0.128, 27 May 2026, 11:10:51"
2026-05-27T11:11:07.703509,6431,63690000,-0.012,0.016,-1.002,-3.573,0.145,-1.16,30.18,26.7153,-0.126,"26.7153,   -0.126, 27 May 2026, 11:11:01"
2026-05-27T11:11:17.649759,6432,63700000,-0.02,0.016,-0.993,-3.504,0.244,-1.031,30.18,26.7143,-0.126,"26.7143,   -0.126, 27 May 2026, 11:11:11"
2026-05-27T11:11:27.646271,6433,63710000,-0.015,0.013,-0.994,-3.42,0.206,-1.061,30.22,26.7043,-0.125,"26.7043,   -0.125, 27 May 2026, 11:11:21"
2026-05-27T11:11:37.633416,6434,63720000,-0.021,0.013,-0.997,-3.374,0.145,-1.069,30.13,26.6924,-0.128,"26.6924,   -0.128, 27 May 2026, 11:11:31"
2026-05-27T11:11:47.639040,6435,63730000,-0.015,0.018,-1.003,-3.481,0.26,-1.107,30.13,26.6894,-0.127,"26.6894,   -0.127, 27 May 2026, 11:11:41"
2026-05-27T11:11:57.637962,6436,63740000,-0.015,0.024,-1.003,-3.496,0.282,-1.122,30.18,26.6871,-0.128,"26.6871,   -0.128, 27 May 2026, 11:11:51"
2026-05-27T11:12:07.633892,6437,63750000,-0.017,0.016,-0.994,-3.389,0.252,-1.206,30.13,26.6856,-0.127,"26.6856,   -0.127, 27 May 2026, 11:12:01"
2026-05-27T11:12:17.650799,6438,63760000,-0.016,0.016,-0.994,-3.435,0.008,-0.908,30.22,26.6952,-0.124,"26.6952,   -0.124, 27 May 2026, 11:12:11"
2026-05-27T11:12:27.647422,6439,63770000,-0.014,0.012,-0.997,-3.389,0.267,-1.023,30.18,26.6786,-0.126,"26.6786,   -0.126, 27 May 2026, 11:12:21"
2026-05-27T11:12:37.636075,6440,63780000,-0.015,0.018,-1.002,-3.443,0.267,-1.038,30.18,26.6786,-0.124,"26.6786,   -0.124, 27 May 2026, 11:12:31"
2026-05-27T11:12:47.641153,6441,63790000,-0.017,0.017,-0.997,-3.58,0.145,-1.176,30.13,26.6868,-0.128,"26.6868,   -0.128, 27 May 2026, 11:12:41"
2026-05-27T11:12:57.646460,6442,63800000,-0.022,0.013,-1.004,-3.359,0.191,-0.977,30.13,26.6859,-0.127,"26.6859,   -0.127, 27 May 2026, 11:12:51"
2026-05-27T11:13:07.650295,6443,63810000,-0.017,0.016,-0.992,-3.405,0.053,-0.992,30.22,26.6924,-0.126,"26.6924,   -0.126, 27 May 2026, 11:13:01"
2026-05-27T11:13:17.650199,6444,63820000,-0.024,0.016,-0.999,-3.344,0.275,-1.168,30.13,26.6919,-0.126,"26.6919,   -0.126, 27 May 2026, 11:13:11"
2026-05-27T11:13:27.646701,6445,63830000,-0.015,0.017,-1.0,-3.542,0.229,-1.13,30.08,26.6845,-0.127,"26.6845,   -0.127, 27 May 2026, 11:13:21"
2026-05-27T11:13:37.630825,6446,63840000,-0.016,0.013,-1.003,-3.473,0.137,-1.13,30.13,26.6899,-0.126,"26.6899,   -0.126, 27 May 2026, 11:13:31"
2026-05-27T11:13:47.636936,6447,63850000,-0.021,0.015,-0.998,-3.427,0.244,-1.031,30.18,26.7008,-0.126,"26.7008,   -0.126, 27 May 2026, 11:13:41"
2026-05-27T11:13:57.646477,6448,63860000,-0.017,0.017,-1.003,-3.527,0.107,-1.053,30.22,26.7097,-0.126,"26.7097,   -0.126, 27 May 2026, 11:13:51"
2026-05-27T11:14:07.648869,6449,63870000,-0.02,0.016,-0.995,-3.55,0.397,-1.0,30.18,26.7148,-0.125,"26.7148,   -0.125, 27 May 2026, 11:14:01"
2026-05-27T11:14:17.649625,6450,63880000,-0.02,0.014,-0.999,-3.359,0.191,-1.023,30.13,26.7123,-0.129,"26.7123,   -0.129, 27 May 2026, 11:14:11"
2026-05-27T11:14:27.646020,6451,63890000,-0.016,0.017,-0.994,-3.496,0.206,-1.13,30.18,26.7226,-0.129,"26.7226,   -0.129, 27 May 2026, 11:14:21"
2026-05-27T11:14:37.641452,6452,63900000,-0.014,0.021,-1.005,-3.496,0.366,-1.046,30.08,26.7223,-0.126,"26.7223,   -0.126, 27 May 2026, 11:14:31"
2026-05-27T11:14:47.647352,6453,63910000,-0.02,0.016,-0.996,-3.382,0.244,-0.992,30.13,26.7091,-0.129,"26.7091,   -0.129, 27 May 2026, 11:14:41"
2026-05-27T11:14:57.646574,6454,63920000,-0.02,0.012,-0.995,-3.481,0.29,-1.092,30.18,26.706,-0.126,"26.7060,   -0.126, 27 May 2026, 11:14:51"
2026-05-27T11:15:07.638005,6455,63930000,-0.011,0.015,-0.997,-3.389,-0.023,-1.0,30.22,26.6951,-0.128,"26.6951,   -0.128, 27 May 2026, 11:15:01"
2026-05-27T11:15:17.625744,6456,63940000,-0.013,0.02,-1.001,-3.649,0.122,-1.084,30.08,26.7058,-0.126,"26.7058,   -0.126, 27 May 2026, 11:15:11"
2026-05-27T11:15:27.715623,6457,63950000,-0.012,0.016,-0.994,-3.42,0.191,-1.153,30.22,26.7204,-0.13,"26.7204,   -0.130, 27 May 2026, 11:15:21"
2026-05-27T11:15:37.651033,6458,63960000,-0.015,0.012,-0.994,-3.435,0.023,-1.16,30.13,26.7479,-0.127,"26.7479,   -0.127, 27 May 2026, 11:15:31"
2026-05-27T11:15:47.658568,6459,63970000,-0.016,0.015,-0.992,-3.542,0.107,-1.107,30.13,26.7679,-0.128,"26.7679,   -0.128, 27 May 2026, 11:15:41"
2026-05-27T11:15:57.659924,6460,63980000,-0.016,0.014,-0.995,-3.504,0.168,-0.962,30.22,26.7761,-0.127,"26.7761,   -0.127, 27 May 2026, 11:15:51"
2026-05-27T11:16:07.649464,6461,63990000,-0.013,0.021,-1.001,-3.412,0.115,-0.809,30.18,26.7879,-0.124,"26.7879,   -0.124, 27 May 2026, 11:16:01"
2026-05-27T11:16:17.654168,6462,64000000,-0.012,0.01,-0.987,-3.511,0.031,-1.069,30.08,26.7909,-0.124,"26.7909,   -0.124, 27 May 2026, 11:16:11"
2026-05-27T11:16:27.730902,6463,64010000,-0.029,0.015,-0.997,-3.366,0.26,-1.244,30.04,26.7956,-0.125,"26.7956,   -0.125, 27 May 2026, 11:16:21"
2026-05-27T11:16:37.667396,6464,64020000,-0.018,0.016,-0.995,-3.382,0.29,-0.954,30.18,26.7998,-0.124,"26.7998,   -0.124, 27 May 2026, 11:16:31"
2026-05-27T11:16:47.664278,6465,64030000,-0.021,0.015,-0.993,-3.405,0.046,-0.969,30.13,26.8086,-0.125,"26.8086,   -0.125, 27 May 2026, 11:16:41"
2026-05-27T11:16:57.650034,6466,64040000,-0.015,0.018,-0.995,-3.443,0.275,-1.183,30.18,26.8236,-0.126,"26.8236,   -0.126, 27 May 2026, 11:16:51"
2026-05-27T11:17:07.662422,6467,64050000,-0.015,0.017,-1.005,-3.489,0.16,-1.053,30.08,26.8383,-0.124,"26.8383,   -0.124, 27 May 2026, 11:17:01"
2026-05-27T11:17:17.671335,6468,64060000,-0.018,0.016,-1.003,-3.58,0.16,-1.038,30.13,26.8599,-0.127,"26.8599,   -0.127, 27 May 2026, 11:17:11"
2026-05-27T11:17:27.671537,6469,64070000,-0.017,0.017,-0.998,-3.443,0.26,-1.115,30.13,26.8742,-0.127,"26.8742,   -0.127, 27 May 2026, 11:17:21"
2026-05-27T11:17:37.658285,6470,64080000,-0.019,0.011,-0.994,-3.496,0.237,-1.069,30.18,26.8857,-0.127,"26.8857,   -0.127, 27 May 2026, 11:17:31"
2026-05-27T11:17:47.660989,6471,64090000,-0.014,0.017,-0.994,-3.344,0.321,-1.046,30.08,26.8901,-0.126,"26.8901,   -0.126, 27 May 2026, 11:17:41"
2026-05-27T11:17:57.671228,6472,64100000,-0.01,0.011,-0.986,-3.458,0.328,-1.038,30.18,26.897,-0.129,"26.8970,   -0.129, 27 May 2026, 11:17:51"
2026-05-27T11:18:07.664680,6473,64110000,-0.02,0.01,-1.0,-3.328,0.305,-0.992,30.08,26.9031,-0.126,"26.9031,   -0.126, 27 May 2026, 11:18:01"
2026-05-27T11:18:17.659906,6474,64120000,-0.021,0.018,-0.998,-3.557,0.252,-1.038,30.18,26.9177,-0.124,"26.9177,   -0.124, 27 May 2026, 11:18:11"
2026-05-27T11:18:27.646029,6475,64130000,-0.015,0.017,-0.997,-3.542,0.366,-0.985,30.18,26.9232,-0.127,"26.9232,   -0.127, 27 May 2026, 11:18:21"
2026-05-27T11:18:37.662598,6476,64140000,-0.011,0.023,-0.99,-3.405,0.13,-1.076,30.13,26.9389,-0.132,"26.9389,   -0.132, 27 May 2026, 11:18:31"
2026-05-27T11:18:47.670497,6477,64150000,-0.016,0.02,-1.002,-3.534,0.153,-1.176,30.22,26.9526,-0.13,"26.9526,   -0.130, 27 May 2026, 11:18:41"
2026-05-27T11:18:57.646192,6478,64160000,-0.019,0.017,-0.992,-3.466,0.275,-1.191,30.13,26.9644,-0.125,"26.9644,   -0.125, 27 May 2026, 11:18:51"
2026-05-27T11:19:07.653099,6479,64170000,-0.018,0.017,-1.0,-3.55,0.298,-0.924,30.18,26.9721,-0.126,"26.9721,   -0.126, 27 May 2026, 11:19:01"
2026-05-27T11:19:17.643843,6480,64180000,-0.013,0.009,-0.995,-3.427,0.153,-1.221,30.04,26.9747,-0.125,"26.9747,   -0.125, 27 May 2026, 11:19:11"
2026-05-27T11:19:27.646290,6481,64190000,-0.018,0.011,-0.998,-3.641,0.206,-1.015,30.13,26.9776,-0.125,"26.9776,   -0.125, 27 May 2026, 11:19:21"
2026-05-27T11:19:37.645815,6482,64200000,-0.016,0.018,-0.999,-3.427,0.305,-1.107,30.22,26.9778,-0.128,"26.9778,   -0.128, 27 May 2026, 11:19:31"
2026-05-27T11:19:47.645742,6483,64210000,-0.011,0.015,-0.986,-3.466,0.267,-1.145,30.27,26.9753,-0.126,"26.9753,   -0.126, 27 May 2026, 11:19:41"
2026-05-27T11:19:57.646413,6484,64220000,-0.015,0.017,-0.996,-3.366,0.13,-1.061,30.18,26.9811,-0.129,"26.9811,   -0.129, 27 May 2026, 11:19:51"
2026-05-27T11:20:07.666107,6485,64230000,-0.021,0.016,-0.986,-3.473,0.183,-0.885,30.27,26.9866,-0.127,"26.9866,   -0.127, 27 May 2026, 11:20:01"
2026-05-27T11:20:17.646459,6486,64240000,-0.015,0.018,-0.996,-3.557,0.237,-1.076,30.37,26.9997,-0.129,"26.9997,   -0.129, 27 May 2026, 11:20:11"
2026-05-27T11:20:27.661348,6487,64250000,-0.015,0.013,-0.999,-3.504,0.092,-1.115,30.27,27.0097,-0.128,"27.0097,   -0.128, 27 May 2026, 11:20:21"
2026-05-27T11:20:37.662050,6488,64260000,-0.018,0.015,-0.994,-3.55,0.267,-1.176,30.32,27.0191,-0.127,"27.0191,   -0.127, 27 May 2026, 11:20:31"
2026-05-27T11:20:47.645977,6489,64270000,-0.022,0.016,-0.991,-3.481,0.29,-1.008,30.27,27.023,-0.127,"27.0230,   -0.127, 27 May 2026, 11:20:41"
2026-05-27T11:20:57.671120,6490,64280000,-0.02,0.014,-0.992,-3.534,0.153,-1.176,30.22,27.0284,-0.127,"27.0284,   -0.127, 27 May 2026, 11:20:51"
2026-05-27T11:21:07.645898,6491,64290000,-0.017,0.013,-1.004,-3.443,0.344,-1.069,30.27,27.0432,-0.127,"27.0432,   -0.127, 27 May 2026, 11:21:01"
2026-05-27T11:21:17.663151,6492,64300000,-0.017,0.016,-1.004,-3.374,0.115,-1.023,30.37,27.0535,-0.129,"27.0535,   -0.129, 27 May 2026, 11:21:11"
2026-05-27T11:21:27.648558,6493,64310000,-0.019,0.019,-1.002,-3.374,0.153,-1.031,30.32,27.0574,-0.126,"27.0574,   -0.126, 27 May 2026, 11:21:21"
2026-05-27T11:21:37.672057,6494,64320000,-0.018,0.012,-0.993,-3.382,0.176,-1.031,30.32,27.0569,-0.123,"27.0569,   -0.123, 27 May 2026, 11:21:31"
2026-05-27T11:21:47.674477,6495,64330000,-0.015,0.018,-1.005,-3.542,0.13,-1.153,30.22,27.0551,-0.126,"27.0551,   -0.126, 27 May 2026, 11:21:41"
2026-05-27T11:21:57.663779,6496,64340000,-0.014,0.019,-1.003,-3.397,0.046,-1.305,30.37,27.0487,-0.123,"27.0487,   -0.123, 27 May 2026, 11:21:51"
2026-05-27T11:22:07.662911,6497,64350000,-0.019,0.019,-0.995,-3.527,0.313,-1.092,30.27,27.0472,-0.128,"27.0472,   -0.128, 27 May 2026, 11:22:01"
2026-05-27T11:22:17.666451,6498,64360000,-0.023,0.015,-0.997,-3.458,0.153,-1.061,30.32,27.0519,-0.124,"27.0519,   -0.124, 27 May 2026, 11:22:11"
2026-05-27T11:22:27.658144,6499,64370000,-0.017,0.015,-0.998,-3.496,0.0,-1.183,30.37,27.0605,-0.126,"27.0605,   -0.126, 27 May 2026, 11:22:21"
2026-05-27T11:22:37.667032,6500,64380000,-0.014,0.017,-0.995,-3.534,0.237,-1.122,30.37,27.0766,-0.127,"27.0766,   -0.127, 27 May 2026, 11:22:31"
2026-05-27T11:22:47.660795,6501,64390000,-0.01,0.018,-0.994,-3.489,0.237,-1.031,30.22,27.0988,-0.131,"27.0988,   -0.131, 27 May 2026, 11:22:41"
2026-05-27T11:22:57.670415,6502,64400000,-0.015,0.018,-0.992,-3.298,0.328,-1.046,30.41,27.1186,-0.126,"27.1186,   -0.126, 27 May 2026, 11:22:51"
2026-05-27T11:23:07.663070,6503,64410000,-0.015,0.017,-0.994,-3.374,0.137,-1.061,30.37,27.1208,-0.123,"27.1208,   -0.123, 27 May 2026, 11:23:01"
2026-05-27T11:23:17.651203,6504,64420000,-0.019,0.022,-0.996,-3.557,0.115,-0.931,30.27,27.1293,-0.126,"27.1293,   -0.126, 27 May 2026, 11:23:11"
2026-05-27T11:23:27.667357,6505,64430000,-0.015,0.014,-0.999,-3.359,0.198,-1.008,30.46,27.1412,-0.131,"27.1412,   -0.131, 27 May 2026, 11:23:21"
2026-05-27T11:23:37.666204,6506,64440000,-0.019,0.016,-0.988,-3.389,0.397,-1.252,30.32,27.1391,-0.127,"27.1391,   -0.127, 27 May 2026, 11:23:31"
2026-05-27T11:23:47.655537,6507,64450000,-0.016,0.015,-1.005,-3.634,0.351,-0.931,30.32,27.1396,-0.125,"27.1396,   -0.125, 27 May 2026, 11:23:41"
2026-05-27T11:23:57.671172,6508,64460000,-0.014,0.018,-0.994,-3.336,0.252,-1.008,30.32,27.1464,-0.123,"27.1464,   -0.123, 27 May 2026, 11:23:51"
2026-05-27T11:24:07.667947,6509,64470000,-0.015,0.013,-0.991,-3.42,0.107,-1.069,30.18,27.1519,-0.128,"27.1519,   -0.128, 27 May 2026, 11:24:01"
2026-05-27T11:24:17.670605,6510,64480000,-0.014,0.019,-0.99,-3.305,0.206,-1.107,30.32,27.1556,-0.124,"27.1556,   -0.124, 27 May 2026, 11:24:11"
2026-05-27T11:24:27.670550,6511,64490000,-0.015,0.016,-1.002,-3.473,0.244,-1.107,30.27,27.1578,-0.128,"27.1578,   -0.128, 27 May 2026, 11:24:21"
2026-05-27T11:24:37.666457,6512,64500000,-0.015,0.018,-1.007,-3.427,0.076,-1.061,30.32,27.1379,-0.125,"27.1379,   -0.125, 27 May 2026, 11:24:31"
2026-05-27T11:24:47.654363,6513,64510000,-0.009,0.017,-0.99,-3.435,0.107,-0.954,30.27,27.1024,-0.127,"27.1024,   -0.127, 27 May 2026, 11:24:41"
2026-05-27T11:24:57.646757,6514,64520000,-0.018,0.01,-1.002,-3.298,0.13,-1.061,30.18,27.067,-0.129,"27.0670,   -0.129, 27 May 2026, 11:24:51"
2026-05-27T11:25:07.645965,6515,64530000,-0.021,0.012,-0.997,-3.481,0.214,-0.969,30.27,27.0355,-0.128,"27.0355,   -0.128, 27 May 2026, 11:25:01"
2026-05-27T11:25:17.658735,6516,64540000,-0.022,0.017,-1.007,-3.443,0.275,-1.061,30.22,26.9993,-0.126,"26.9993,   -0.126, 27 May 2026, 11:25:11"
2026-05-27T11:25:27.643076,6517,64550000,-0.019,0.021,-0.997,-3.458,0.267,-1.046,30.22,26.9675,-0.129,"26.9675,   -0.129, 27 May 2026, 11:25:21"
2026-05-27T11:25:37.640854,6518,64560000,-0.021,0.015,-0.999,-3.313,0.275,-1.115,30.22,26.9528,-0.124,"26.9528,   -0.124, 27 May 2026, 11:25:31"
2026-05-27T11:25:47.656392,6519,64570000,-0.021,0.013,-0.985,-3.519,0.183,-1.076,30.22,26.9381,-0.127,"26.9381,   -0.127, 27 May 2026, 11:25:41"
2026-05-27T11:25:57.645727,6520,64580000,-0.014,0.016,-1.003,-3.397,0.206,-1.191,30.32,26.9186,-0.123,"26.9186,   -0.123, 27 May 2026, 11:25:51"
2026-05-27T11:26:07.645582,6521,64590000,-0.014,0.024,-1.003,-3.351,0.229,-1.214,30.22,26.9057,-0.126,"26.9057,   -0.126, 27 May 2026, 11:26:01"
2026-05-27T11:26:17.645664,6522,64600000,-0.017,0.017,-1.001,-3.42,0.206,-1.237,30.22,26.897,-0.127,"26.8970,   -0.127, 27 May 2026, 11:26:11"
2026-05-27T11:26:27.657614,6523,64610000,-0.02,0.017,-0.99,-3.527,0.244,-0.824,30.18,26.8821,-0.126,"26.8821,   -0.126, 27 May 2026, 11:26:21"
2026-05-27T11:26:37.666432,6524,64620000,-0.021,0.018,-1.001,-3.313,0.244,-0.954,30.22,26.8642,-0.125,"26.8642,   -0.125, 27 May 2026, 11:26:31"
2026-05-27T11:26:47.656004,6525,64630000,-0.021,0.016,-1.002,-3.534,0.26,-1.076,30.22,26.8529,-0.128,"26.8529,   -0.128, 27 May 2026, 11:26:41"
2026-05-27T11:26:57.648344,6526,64640000,-0.014,0.012,-0.994,-3.55,0.198,-1.237,30.18,26.846,-0.126,"26.8460,   -0.126, 27 May 2026, 11:26:51"
2026-05-27T11:27:07.664502,6527,64650000,-0.011,0.016,-0.993,-3.481,0.053,-1.076,30.27,26.8446,-0.126,"26.8446,   -0.126, 27 May 2026, 11:27:01"
2026-05-27T11:27:17.659099,6528,64660000,-0.025,0.017,-0.996,-3.557,0.13,-1.328,30.22,26.8401,-0.126,"26.8401,   -0.126, 27 May 2026, 11:27:11"
2026-05-27T11:27:27.668012,6529,64670000,-0.021,0.015,-0.995,-3.366,0.176,-0.863,30.22,26.8486,-0.127,"26.8486,   -0.127, 27 May 2026, 11:27:21"
2026-05-27T11:27:37.666654,6530,64680000,-0.015,0.014,-0.998,-3.412,0.26,-1.038,30.22,26.8597,-0.126,"26.8597,   -0.126, 27 May 2026, 11:27:31"
2026-05-27T11:27:47.660273,6531,64690000,-0.017,0.017,-0.994,-3.481,0.229,-0.977,30.22,26.8577,-0.122,"26.8577,   -0.122, 27 May 2026, 11:27:41"
2026-05-27T11:27:57.665129,6532,64700000,-0.012,0.012,-0.992,-3.45,0.176,-1.092,30.18,26.8481,-0.129,"26.8481,   -0.129, 27 May 2026, 11:27:51"
2026-05-27T11:28:07.645004,6533,64710000,-0.021,0.013,-0.996,-3.496,0.252,-1.13,30.27,26.8345,-0.128,"26.8345,   -0.128, 27 May 2026, 11:28:01"
2026-05-27T11:28:17.651366,6534,64720000,-0.014,0.018,-0.995,-3.473,0.168,-1.061,30.22,26.8333,-0.129,"26.8333,   -0.129, 27 May 2026, 11:28:11"
2026-05-27T11:28:27.654782,6535,64730000,-0.012,0.019,-1.012,-3.382,0.153,-0.977,30.22,26.8176,-0.126,"26.8176,   -0.126, 27 May 2026, 11:28:21"
2026-05-27T11:28:37.644377,6536,64740000,-0.02,0.015,-0.988,-3.473,0.221,-1.176,30.18,26.8111,-0.128,"26.8111,   -0.128, 27 May 2026, 11:28:31"
2026-05-27T11:28:47.663384,6537,64750000,-0.012,0.015,-1.0,-3.427,0.275,-1.107,30.18,26.7997,-0.125,"26.7997,   -0.125, 27 May 2026, 11:28:41"
2026-05-27T11:28:57.669458,6538,64760000,-0.017,0.021,-0.998,-3.55,0.351,-1.221,30.22,26.8028,-0.127,"26.8028,   -0.127, 27 May 2026, 11:28:51"
2026-05-27T11:29:07.661993,6539,64770000,-0.02,0.015,-1.0,-3.298,0.298,-1.198,30.18,26.7843,-0.123,"26.7843,   -0.123, 27 May 2026, 11:29:01"
2026-05-27T11:29:17.651389,6540,64780000,-0.022,0.018,-0.995,-3.565,0.252,-1.015,30.22,26.7774,-0.127,"26.7774,   -0.127, 27 May 2026, 11:29:11"
2026-05-27T11:29:27.657882,6541,64790000,-0.011,0.013,-1.002,-3.427,0.214,-1.198,30.13,26.7726,-0.127,"26.7726,   -0.127, 27 May 2026, 11:29:21"
2026-05-27T11:29:37.664572,6542,64800000,-0.015,0.019,-1.004,-3.45,0.267,-1.069,30.22,26.7683,-0.133,"26.7683,   -0.133, 27 May 2026, 11:29:31"
2026-05-27T11:29:47.655042,6543,64810000,-0.012,0.017,-0.99,-3.458,0.229,-1.046,30.18,26.7608,-0.126,"26.7608,   -0.126, 27 May 2026, 11:29:41"
2026-05-27T11:29:57.669330,6544,64820000,-0.015,0.02,-0.997,-3.42,0.191,-1.183,30.13,26.7741,-0.128,"26.7741,   -0.128, 27 May 2026, 11:29:51"
2026-05-27T11:30:07.663776,6545,64830000,-0.016,0.015,-0.991,-3.427,0.069,-1.267,30.22,26.7786,-0.128,"26.7786,   -0.128, 27 May 2026, 11:30:01"
2026-05-27T11:30:17.667986,6546,64840000,-0.022,0.016,-1.001,-3.427,0.16,-0.855,30.22,26.782,-0.122,"26.7820,   -0.122, 27 May 2026, 11:30:11"
2026-05-27T11:30:27.666578,6547,64850000,-0.014,0.019,-0.989,-3.313,0.191,-1.099,30.22,26.7822,-0.128,"26.7822,   -0.128, 27 May 2026, 11:30:21"
2026-05-27T11:30:37.668122,6548,64860000,-0.015,0.012,-0.996,-3.397,0.099,-0.985,30.22,26.7806,-0.127,"26.7806,   -0.127, 27 May 2026, 11:30:31"
2026-05-27T11:30:47.661341,6549,64870000,-0.019,0.014,-1.005,-3.565,0.168,-0.878,30.08,26.777,-0.126,"26.7770,   -0.126, 27 May 2026, 11:30:41"
2026-05-27T11:30:57.654046,6550,64880000,-0.017,0.02,-1.0,-3.397,0.313,-1.16,30.18,26.7776,-0.126,"26.7776,   -0.126, 27 May 2026, 11:30:51"
2026-05-27T11:31:07.665664,6551,64890000,-0.013,0.016,-1.0,-3.466,0.191,-1.069,30.18,26.7772,-0.125,"26.7772,   -0.125, 27 May 2026, 11:31:01"
2026-05-27T11:31:17.666618,6552,64900000,-0.012,0.014,-1.003,-3.511,0.099,-0.847,30.18,26.7836,-0.125,"26.7836,   -0.125, 27 May 2026, 11:31:11"
2026-05-27T11:31:27.663066,6553,64910000,-0.014,0.013,-0.993,-3.481,0.145,-1.069,30.18,26.7955,-0.128,"26.7955,   -0.128, 27 May 2026, 11:31:21"
2026-05-27T11:31:37.707233,6554,64920000,-0.015,0.014,-0.995,-3.557,0.275,-1.137,30.27,26.8006,-0.126,"26.8006,   -0.126, 27 May 2026, 11:31:31"
2026-05-27T11:31:47.667752,6555,64930000,-0.021,0.015,-1.007,-3.382,0.122,-1.137,30.22,26.7987,-0.126,"26.7987,   -0.126, 27 May 2026, 11:31:41"
2026-05-27T11:31:57.670997,6556,64940000,-0.016,0.01,-1.001,-3.405,0.191,-1.221,30.13,26.788,-0.125,"26.7880,   -0.125, 27 May 2026, 11:31:51"
2026-05-27T11:32:07.660723,6557,64950000,-0.014,0.01,-1.0,-3.42,0.366,-1.237,30.18,26.7817,-0.125,"26.7817,   -0.125, 27 May 2026, 11:32:01"
2026-05-27T11:32:17.671084,6558,64960000,-0.019,0.015,-1.008,-3.527,0.16,-1.107,30.08,26.7692,-0.126,"26.7692,   -0.126, 27 May 2026, 11:32:11"
2026-05-27T11:32:27.650184,6559,64970000,-0.012,0.016,-0.995,-3.435,0.13,-1.359,30.04,26.7606,-0.126,"26.7606,   -0.126, 27 May 2026, 11:32:21"
2026-05-27T11:32:37.668196,6560,64980000,-0.014,0.016,-1.0,-3.374,0.313,-1.069,30.13,26.7602,-0.127,"26.7602,   -0.127, 27 May 2026, 11:32:31"
2026-05-27T11:32:47.654807,6561,64990000,-0.015,0.015,-1.008,-3.534,-0.015,-0.985,30.22,26.7707,-0.125,"26.7707,   -0.125, 27 May 2026, 11:32:41"
2026-05-27T11:32:57.726718,6562,65000000,-0.019,0.015,-0.993,-3.275,0.153,-1.214,30.04,26.7602,-0.129,"26.7602,   -0.129, 27 May 2026, 11:32:51"
2026-05-27T11:33:07.667587,6563,65010000,-0.016,0.017,-1.003,-3.397,0.176,-1.031,30.08,26.7531,-0.123,"26.7531,   -0.123, 27 May 2026, 11:33:01"
2026-05-27T11:33:17.661646,6564,65020000,-0.022,0.019,-0.998,-3.366,0.061,-1.076,30.08,26.7532,-0.127,"26.7532,   -0.127, 27 May 2026, 11:33:11"
2026-05-27T11:33:27.670684,6565,65030000,-0.021,0.016,-1.001,-3.481,0.137,-1.13,30.04,26.7549,-0.13,"26.7549,   -0.130, 27 May 2026, 11:33:21"
2026-05-27T11:33:37.658605,6566,65040000,-0.013,0.017,-0.983,-3.511,0.275,-0.908,30.18,26.7455,-0.123,"26.7455,   -0.123, 27 May 2026, 11:33:31"
2026-05-27T11:33:47.727522,6567,65050000,-0.014,0.013,-1.002,-3.382,0.206,-1.107,30.13,26.7339,-0.125,"26.7339,   -0.125, 27 May 2026, 11:33:41"
2026-05-27T11:33:57.658854,6568,65060000,-0.02,0.018,-0.989,-3.542,0.168,-1.107,30.22,26.722,-0.127,"26.7220,   -0.127, 27 May 2026, 11:33:51"
2026-05-27T11:34:07.645363,6569,65070000,-0.014,0.012,-0.987,-3.344,0.122,-1.084,30.13,26.7129,-0.128,"26.7129,   -0.128, 27 May 2026, 11:34:01"
2026-05-27T11:34:17.720010,6570,65080000,-0.012,0.018,-1.0,-3.458,0.282,-1.023,30.04,26.7071,-0.127,"26.7071,   -0.127, 27 May 2026, 11:34:11"
2026-05-27T11:34:27.671260,6571,65090000,-0.007,0.015,-1.0,-3.382,0.191,-1.023,30.13,26.6893,-0.127,"26.6893,   -0.127, 27 May 2026, 11:34:21"
2026-05-27T11:34:37.731126,6572,65100000,-0.017,0.013,-0.988,-3.466,0.244,-1.168,30.13,26.6829,-0.126,"26.6829,   -0.126, 27 May 2026, 11:34:31"
2026-05-27T11:34:47.716641,6573,65110000,-0.016,0.015,-0.992,-3.511,0.183,-1.099,30.08,26.6793,-0.129,"26.6793,   -0.129, 27 May 2026, 11:34:41"
2026-05-27T11:34:57.731139,6574,65120000,-0.019,0.016,-1.0,-3.389,0.29,-1.137,30.04,26.6646,-0.127,"26.6646,   -0.127, 27 May 2026, 11:34:51"
2026-05-27T11:35:07.665239,6575,65130000,-0.013,0.014,-0.999,-3.481,0.244,-1.053,30.08,26.6571,-0.125,"26.6571,   -0.125, 27 May 2026, 11:35:01"
2026-05-27T11:35:17.718548,6576,65140000,-0.02,0.013,-0.991,-3.489,0.229,-1.023,29.99,26.6579,-0.126,"26.6579,   -0.126, 27 May 2026, 11:35:11"
2026-05-27T11:35:27.727882,6577,65150000,-0.021,0.016,-1.002,-3.435,0.221,-0.992,30.13,26.666,-0.13,"26.6660,   -0.130, 27 May 2026, 11:35:21"
2026-05-27T11:35:37.722179,6578,65160000,-0.017,0.016,-1.002,-3.405,0.267,-0.908,30.13,26.6577,-0.126,"26.6577,   -0.126, 27 May 2026, 11:35:31"
2026-05-27T11:35:47.721363,6579,65170000,-0.013,0.019,-1.003,-3.427,0.214,-1.26,30.13,26.6525,-0.131,"26.6525,   -0.131, 27 May 2026, 11:35:41"
2026-05-27T11:35:57.728935,6580,65180000,-0.018,0.011,-0.983,-3.496,0.107,-1.16,30.08,26.6492,-0.129,"26.6492,   -0.129, 27 May 2026, 11:35:51"
2026-05-27T11:36:07.658808,6581,65190000,-0.017,0.021,-0.998,-3.427,0.137,-0.992,30.08,26.6565,-0.129,"26.6565,   -0.129, 27 May 2026, 11:36:01"
2026-05-27T11:36:17.717664,6582,65200000,-0.022,0.015,-1.002,-3.55,0.046,-1.023,30.13,26.6615,-0.125,"26.6615,   -0.125, 27 May 2026, 11:36:11"
2026-05-27T11:36:27.790660,6583,65210000,-0.015,0.016,-0.994,-3.427,0.191,-1.183,30.22,26.6765,-0.125,"26.6765,   -0.125, 27 May 2026, 11:36:21"
2026-05-27T11:36:37.719068,6584,65220000,-0.017,0.016,-0.999,-3.504,0.328,-0.977,30.13,26.6849,-0.129,"26.6849,   -0.129, 27 May 2026, 11:36:31"
2026-05-27T11:36:47.784782,6585,65230000,-0.019,0.014,-0.992,-3.328,0.244,-1.137,30.13,26.6811,-0.126,"26.6811,   -0.126, 27 May 2026, 11:36:41"
2026-05-27T11:36:57.721978,6586,65240000,-0.017,0.017,-1.006,-3.519,0.115,-1.084,30.13,26.6851,-0.126,"26.6851,   -0.126, 27 May 2026, 11:36:51"
2026-05-27T11:37:07.648490,6587,65250000,-0.012,0.02,-0.993,-3.695,0.26,-1.061,30.13,26.6811,-0.129,"26.6811,   -0.129, 27 May 2026, 11:37:01"
2026-05-27T11:37:17.724276,6588,65260000,-0.018,0.013,-0.999,-3.45,0.191,-1.053,30.08,26.6799,-0.126,"26.6799,   -0.126, 27 May 2026, 11:37:11"
2026-05-27T11:37:27.722220,6589,65270000,-0.021,0.02,-0.995,-3.282,0.229,-1.13,30.08,26.6836,-0.127,"26.6836,   -0.127, 27 May 2026, 11:37:21"
2026-05-27T11:37:37.778538,6590,65280000,-0.021,0.015,-0.99,-3.427,0.145,-1.13,30.13,26.6753,-0.128,"26.6753,   -0.128, 27 May 2026, 11:37:31"
2026-05-27T11:37:47.730845,6591,65290000,-0.016,0.019,-0.998,-3.534,0.366,-1.099,30.04,26.6693,-0.127,"26.6693,   -0.127, 27 May 2026, 11:37:41"
2026-05-27T11:37:57.731227,6592,65300000,-0.015,0.021,-0.999,-3.534,0.244,-1.031,30.04,26.6621,-0.125,"26.6621,   -0.125, 27 May 2026, 11:37:51"
2026-05-27T11:38:07.662731,6593,65310000,-0.019,0.018,-0.999,-3.504,0.275,-1.069,30.04,26.6471,-0.123,"26.6471,   -0.123, 27 May 2026, 11:38:01"
2026-05-27T11:38:17.790149,6594,65320000,-0.016,0.016,-0.984,-3.382,0.16,-0.977,30.08,26.6332,-0.128,"26.6332,   -0.128, 27 May 2026, 11:38:11"
2026-05-27T11:38:27.790474,6595,65330000,-0.018,0.013,-0.997,-3.466,0.061,-0.985,30.08,26.6338,-0.128,"26.6338,   -0.128, 27 May 2026, 11:38:21"
2026-05-27T11:38:37.718632,6596,65340000,-0.014,0.016,-0.995,-3.504,0.229,-1.183,30.08,26.637,-0.129,"26.6370,   -0.129, 27 May 2026, 11:38:31"
2026-05-27T11:38:47.671096,6597,65350000,-0.016,0.014,-0.993,-3.382,0.008,-1.069,30.04,26.6388,-0.128,"26.6388,   -0.128, 27 May 2026, 11:38:41"
2026-05-27T11:38:57.731304,6598,65360000,-0.019,0.019,-0.997,-3.313,0.244,-1.16,29.99,26.6371,-0.124,"26.6371,   -0.124, 27 May 2026, 11:38:51"
2026-05-27T11:39:07.667414,6599,65370000,-0.016,0.01,-0.994,-3.534,0.038,-1.015,30.04,26.6324,-0.13,"26.6324,   -0.130, 27 May 2026, 11:39:01"
2026-05-27T11:39:17.783041,6600,65380000,-0.017,0.013,-0.993,-3.481,0.275,-1.031,30.18,26.6225,-0.128,"26.6225,   -0.128, 27 May 2026, 11:39:11"
2026-05-27T11:39:27.790802,6601,65390000,-0.021,0.015,-1.005,-3.366,0.229,-1.038,29.99,26.623,-0.128,"26.6230,   -0.128, 27 May 2026, 11:39:21"
2026-05-27T11:39:37.726657,6602,65400000,-0.011,0.02,-0.991,-3.45,0.282,-1.015,29.99,26.6249,-0.127,"26.6249,   -0.127, 27 May 2026, 11:39:31"
2026-05-27T11:39:47.709302,6603,65410000,-0.021,0.009,-0.992,-3.382,0.191,-1.191,30.04,26.6231,-0.127,"26.6231,   -0.127, 27 May 2026, 11:39:41"
2026-05-27T11:39:57.781906,6604,65420000,-0.015,0.011,-0.99,-3.412,0.13,-1.061,30.04,26.6238,-0.13,"26.6238,   -0.130, 27 May 2026, 11:39:51"
2026-05-27T11:40:07.663796,6605,65430000,-0.012,0.016,-0.99,-3.397,0.16,-1.038,30.13,26.6285,-0.124,"26.6285,   -0.124, 27 May 2026, 11:40:01"
2026-05-27T11:40:17.727858,6606,65440000,-0.02,0.019,-0.998,-3.382,0.168,-0.908,30.04,26.6408,-0.123,"26.6408,   -0.123, 27 May 2026, 11:40:11"
2026-05-27T11:40:27.730820,6607,65450000,-0.013,0.013,-1.0,-3.45,0.084,-0.969,30.04,26.6545,-0.125,"26.6545,   -0.125, 27 May 2026, 11:40:21"
2026-05-27T11:40:37.721334,6608,65460000,-0.013,0.016,-0.993,-3.305,0.244,-1.084,29.99,26.6545,-0.124,"26.6545,   -0.124, 27 May 2026, 11:40:31"
2026-05-27T11:40:47.779333,6609,65470000,-0.02,0.019,-0.995,-3.473,0.229,-1.145,30.04,26.6439,-0.128,"26.6439,   -0.128, 27 May 2026, 11:40:41"
2026-05-27T11:40:57.731794,6610,65480000,-0.014,0.017,-0.997,-3.435,0.031,-1.168,30.04,26.6312,-0.128,"26.6312,   -0.128, 27 May 2026, 11:40:51"
2026-05-27T11:41:07.654821,6611,65490000,-0.018,0.019,-1.005,-3.45,0.275,-1.038,29.94,26.6176,-0.128,"26.6176,   -0.128, 27 May 2026, 11:41:01"
2026-05-27T11:41:17.722844,6612,65500000,-0.02,0.016,-1.001,-3.496,0.267,-1.176,30.08,26.6066,-0.126,"26.6066,   -0.126, 27 May 2026, 11:41:11"
2026-05-27T11:41:27.729074,6613,65510000,-0.014,0.012,-0.998,-3.573,0.16,-0.924,30.04,26.5985,-0.124,"26.5985,   -0.124, 27 May 2026, 11:41:21"
2026-05-27T11:41:37.727017,6614,65520000,-0.013,0.017,-0.992,-3.603,0.214,-1.13,29.99,26.5926,-0.127,"26.5926,   -0.127, 27 May 2026, 11:41:31"
2026-05-27T11:41:47.730853,6615,65530000,-0.018,0.013,-1.0,-3.511,0.084,-1.008,29.94,26.5911,-0.127,"26.5911,   -0.127, 27 May 2026, 11:41:41"
2026-05-27T11:41:57.789895,6616,65540000,-0.013,0.013,-1.007,-3.542,0.191,-1.237,30.08,26.5848,-0.13,"26.5848,   -0.130, 27 May 2026, 11:41:51"
2026-05-27T11:42:07.670604,6617,65550000,-0.015,0.009,-0.998,-3.489,0.145,-0.977,30.04,26.5795,-0.126,"26.5795,   -0.126, 27 May 2026, 11:42:01"
2026-05-27T11:42:17.791250,6618,65560000,-0.021,0.017,-0.993,-3.237,0.298,-1.137,30.04,26.5742,-0.128,"26.5742,   -0.128, 27 May 2026, 11:42:11"
2026-05-27T11:42:27.730468,6619,65570000,-0.018,0.019,-0.992,-3.412,0.275,-1.0,29.94,26.5613,-0.126,"26.5613,   -0.126, 27 May 2026, 11:42:21"
2026-05-27T11:42:37.718651,6620,65580000,-0.017,0.022,-1.0,-3.557,0.29,-1.008,29.99,26.5492,-0.124,"26.5492,   -0.124, 27 May 2026, 11:42:31"
2026-05-27T11:42:47.712881,6621,65590000,-0.018,0.015,-0.991,-3.298,0.053,-1.153,29.94,26.555,-0.124,"26.5550,   -0.124, 27 May 2026, 11:42:41"
2026-05-27T11:42:57.709923,6622,65600000,-0.021,0.02,-1.003,-3.443,0.313,-1.092,29.94,26.5523,-0.129,"26.5523,   -0.129, 27 May 2026, 11:42:51"
2026-05-27T11:43:07.659189,6623,65610000,-0.015,0.013,-0.997,-3.412,0.206,-1.107,29.99,26.5485,-0.128,"26.5485,   -0.128, 27 May 2026, 11:43:01"
2026-05-27T11:43:17.784446,6624,65620000,-0.02,0.021,-0.997,-3.435,0.267,-1.046,29.99,26.5453,-0.123,"26.5453,   -0.123, 27 May 2026, 11:43:11"
2026-05-27T11:43:27.730123,6625,65630000,-0.02,0.015,-0.988,-3.634,0.252,-1.0,30.04,26.5387,-0.122,"26.5387,   -0.122, 27 May 2026, 11:43:21"
2026-05-27T11:43:37.779046,6626,65640000,-0.012,0.009,-0.996,-3.382,0.107,-1.031,30.04,26.5269,-0.126,"26.5269,   -0.126, 27 May 2026, 11:43:31"
2026-05-27T11:43:47.705866,6627,65650000,-0.012,0.017,-0.995,-3.557,0.153,-0.947,30.04,26.5156,-0.127,"26.5156,   -0.127, 27 May 2026, 11:43:41"
2026-05-27T11:43:57.783834,6628,65660000,-0.014,0.017,-0.991,-3.458,0.206,-1.099,29.99,26.5025,-0.124,"26.5025,   -0.124, 27 May 2026, 11:43:51"
2026-05-27T11:44:07.644615,6629,65670000,-0.017,0.013,-1.0,-3.511,0.13,-1.069,29.94,26.4972,-0.127,"26.4972,   -0.127, 27 May 2026, 11:44:01"
2026-05-27T11:44:17.782797,6630,65680000,-0.015,0.015,-0.997,-3.527,0.153,-0.931,29.94,26.484,-0.127,"26.4840,   -0.127, 27 May 2026, 11:44:11"
2026-05-27T11:44:27.790642,6631,65690000,-0.012,0.014,-1.007,-3.366,0.29,-0.962,30.04,26.4823,-0.129,"26.4823,   -0.129, 27 May 2026, 11:44:21"
2026-05-27T11:44:37.781633,6632,65700000,-0.014,0.017,-1.001,-3.534,0.183,-1.069,29.89,26.4827,-0.129,"26.4827,   -0.129, 27 May 2026, 11:44:31"
2026-05-27T11:44:47.787663,6633,65710000,-0.019,0.016,-1.001,-3.496,0.183,-0.863,29.94,26.4869,-0.127,"26.4869,   -0.127, 27 May 2026, 11:44:41"
2026-05-27T11:44:57.731046,6634,65720000,-0.013,0.014,-1.0,-3.565,0.16,-1.145,29.94,26.486,-0.126,"26.4860,   -0.126, 27 May 2026, 11:44:51"
2026-05-27T11:45:07.649768,6635,65730000,-0.01,0.016,-0.997,-3.573,0.221,-1.031,29.89,26.4891,-0.131,"26.4891,   -0.131, 27 May 2026, 11:45:01"
2026-05-27T11:45:17.721341,6636,65740000,-0.02,0.017,-0.995,-3.466,0.16,-1.031,29.94,26.4992,-0.128,"26.4992,   -0.128, 27 May 2026, 11:45:11"
2026-05-27T11:45:27.779948,6637,65750000,-0.019,0.02,-0.998,-3.435,0.076,-1.183,29.94,26.5054,-0.127,"26.5054,   -0.127, 27 May 2026, 11:45:21"
2026-05-27T11:45:37.766633,6638,65760000,-0.017,0.012,-1.0,-3.473,0.153,-1.076,29.94,26.5137,-0.126,"26.5137,   -0.126, 27 May 2026, 11:45:31"
2026-05-27T11:45:47.783146,6639,65770000,-0.028,0.018,-1.001,-3.595,0.061,-0.985,30.04,26.5314,-0.126,"26.5314,   -0.126, 27 May 2026, 11:45:41"
2026-05-27T11:45:57.765961,6640,65780000,-0.014,0.018,-0.983,-3.519,0.046,-1.13,30.04,26.5423,-0.128,"26.5423,   -0.128, 27 May 2026, 11:45:51"
2026-05-27T11:46:07.672053,6641,65790000,-0.015,0.017,-0.993,-3.527,0.282,-1.29,29.94,26.5503,-0.128,"26.5503,   -0.128, 27 May 2026, 11:46:01"
2026-05-27T11:46:17.777584,6642,65800000,-0.018,0.017,-0.993,-3.466,0.252,-1.099,30.04,26.566,-0.126,"26.5660,   -0.126, 27 May 2026, 11:46:11"
2026-05-27T11:46:27.770941,6643,65810000,-0.019,0.02,-0.999,-3.481,0.145,-1.16,29.99,26.5815,-0.124,"26.5815,   -0.124, 27 May 2026, 11:46:21"
2026-05-27T11:46:37.773395,6644,65820000,-0.019,0.015,-1.0,-3.527,0.221,-1.145,29.94,26.6108,-0.128,"26.6108,   -0.128, 27 May 2026, 11:46:31"
2026-05-27T11:46:47.705517,6645,65830000,-0.018,0.018,-0.996,-3.527,0.183,-0.992,29.99,26.6459,-0.128,"26.6459,   -0.128, 27 May 2026, 11:46:41"
2026-05-27T11:46:57.702284,6646,65840000,-0.013,0.018,-0.996,-3.405,0.076,-1.038,29.89,26.6831,-0.129,"26.6831,   -0.129, 27 May 2026, 11:46:51"
2026-05-27T11:47:07.645928,6647,65850000,-0.015,0.014,-0.99,-3.542,0.122,-0.832,29.94,26.7092,-0.13,"26.7092,   -0.130, 27 May 2026, 11:47:01"
2026-05-27T11:47:17.766483,6648,65860000,-0.017,0.019,-1.002,-3.58,0.069,-1.122,29.94,26.7385,-0.127,"26.7385,   -0.127, 27 May 2026, 11:47:11"
2026-05-27T11:47:27.702925,6649,65870000,-0.016,0.014,-1.0,-3.542,0.26,-0.847,29.99,26.7704,-0.129,"26.7704,   -0.129, 27 May 2026, 11:47:21"
2026-05-27T11:47:37.766005,6650,65880000,-0.019,0.015,-0.997,-3.473,0.252,-1.153,29.99,26.789,-0.125,"26.7890,   -0.125, 27 May 2026, 11:47:31"
2026-05-27T11:47:47.705389,6651,65890000,-0.019,0.018,-0.993,-3.443,0.176,-0.939,29.94,26.8074,-0.126,"26.8074,   -0.126, 27 May 2026, 11:47:41"
2026-05-27T11:47:57.765971,6652,65900000,-0.016,0.014,-1.004,-3.557,0.198,-1.092,29.99,26.8294,-0.128,"26.8294,   -0.128, 27 May 2026, 11:47:51"
2026-05-27T11:48:07.646359,6653,65910000,-0.016,0.015,-1.001,-3.397,0.107,-1.031,30.08,26.8487,-0.13,"26.8487,   -0.130, 27 May 2026, 11:48:01"
2026-05-27T11:48:17.765622,6654,65920000,-0.017,0.017,-0.991,-3.534,0.092,-1.069,29.99,26.8723,-0.13,"26.8723,   -0.130, 27 May 2026, 11:48:11"
2026-05-27T11:48:27.766762,6655,65930000,-0.018,0.017,-0.999,-3.489,0.267,-1.038,30.18,26.892,-0.126,"26.8920,   -0.126, 27 May 2026, 11:48:21"
2026-05-27T11:48:37.767374,6656,65940000,-0.016,0.017,-0.993,-3.481,0.038,-1.008,29.99,26.9073,-0.133,"26.9073,   -0.133, 27 May 2026, 11:48:31"
2026-05-27T11:48:47.705963,6657,65950000,-0.015,0.011,-0.992,-3.542,0.0,-1.214,29.99,26.9154,-0.126,"26.9154,   -0.126, 27 May 2026, 11:48:41"
2026-05-27T11:48:57.766737,6658,65960000,-0.02,0.009,-0.997,-3.374,0.183,-1.107,29.99,26.9319,-0.129,"26.9319,   -0.129, 27 May 2026, 11:48:51"
2026-05-27T11:49:07.646262,6659,65970000,-0.01,0.02,-1.004,-3.527,0.107,-1.13,29.89,26.9437,-0.127,"26.9437,   -0.127, 27 May 2026, 11:49:01"
2026-05-27T11:49:17.672574,6660,65980000,-0.018,0.021,-0.993,-3.511,0.176,-1.061,29.75,26.954,-0.126,"26.9540,   -0.126, 27 May 2026, 11:49:11"
2026-05-27T11:49:27.675901,6661,65990000,-0.01,0.024,-0.998,-3.55,0.26,-1.122,29.66,26.9628,-0.126,"26.9628,   -0.126, 27 May 2026, 11:49:21"
2026-05-27T11:49:37.673868,6662,66000000,-0.005,0.014,-0.998,-3.496,0.13,-1.015,29.66,26.9697,-0.128,"26.9697,   -0.128, 27 May 2026, 11:49:31"
2026-05-27T11:49:47.675841,6663,66010000,-0.013,0.019,-0.997,-3.534,0.366,-1.137,29.89,26.9888,-0.125,"26.9888,   -0.125, 27 May 2026, 11:49:41"
2026-05-27T11:49:57.675870,6664,66020000,-0.017,0.015,-0.989,-3.55,0.214,-0.992,29.8,27.0001,-0.128,"27.0001,   -0.128, 27 May 2026, 11:49:51"
2026-05-27T11:50:07.680222,6665,66030000,-0.02,0.02,-1.003,-3.58,0.214,-1.107,29.94,27.0183,-0.13,"27.0183,   -0.130, 27 May 2026, 11:50:01"
2026-05-27T11:50:17.672408,6666,66040000,-0.023,0.012,-0.993,-3.527,0.26,-0.901,29.94,27.0461,-0.126,"27.0461,   -0.126, 27 May 2026, 11:50:11"
2026-05-27T11:50:27.688533,6667,66050000,-0.018,0.014,-0.996,-3.496,0.053,-0.985,29.94,27.0781,-0.128,"27.0781,   -0.128, 27 May 2026, 11:50:21"
2026-05-27T11:50:37.674332,6668,66060000,-0.017,0.013,-0.996,-3.504,0.229,-1.092,29.94,27.1102,-0.129,"27.1102,   -0.129, 27 May 2026, 11:50:31"
2026-05-27T11:50:47.699039,6669,66070000,-0.023,0.017,-0.99,-3.389,0.137,-1.137,29.94,27.1375,-0.133,"27.1375,   -0.133, 27 May 2026, 11:50:41"
2026-05-27T11:50:57.686044,6670,66080000,-0.013,0.022,-0.988,-3.466,0.206,-1.13,29.99,27.1657,-0.127,"27.1657,   -0.127, 27 May 2026, 11:50:51"
2026-05-27T11:51:07.679171,6671,66090000,-0.014,0.016,-1.0,-3.397,0.16,-1.13,29.99,27.1944,-0.127,"27.1944,   -0.127, 27 May 2026, 11:51:01"
2026-05-27T11:51:17.694019,6672,66100000,-0.016,0.02,-1.002,-3.573,0.252,-1.076,29.94,27.2323,-0.129,"27.2323,   -0.129, 27 May 2026, 11:51:11"
2026-05-27T11:51:27.701363,6673,66110000,-0.027,0.015,-1.007,-3.557,0.389,-1.008,29.89,27.2588,-0.128,"27.2588,   -0.128, 27 May 2026, 11:51:21"
2026-05-27T11:51:37.671137,6674,66120000,-0.017,0.018,-1.0,-3.618,0.115,-1.023,30.04,27.2822,-0.129,"27.2822,   -0.129, 27 May 2026, 11:51:31"
2026-05-27T11:51:47.676241,6675,66130000,-0.013,0.014,-0.999,-3.435,0.229,-0.916,30.04,27.3106,-0.127,"27.3106,   -0.127, 27 May 2026, 11:51:41"
2026-05-27T11:51:57.671813,6676,66140000,-0.016,0.018,-1.013,-3.573,0.099,-1.008,30.13,27.3418,-0.127,"27.3418,   -0.127, 27 May 2026, 11:51:51"
2026-05-27T11:52:07.696762,6677,66150000,-0.013,0.015,-1.004,-3.573,0.183,-0.992,30.08,27.3611,-0.131,"27.3611,   -0.131, 27 May 2026, 11:52:01"
2026-05-27T11:52:17.761057,6678,66160000,-0.016,0.022,-0.985,-3.45,0.183,-1.061,30.08,27.3812,-0.128,"27.3812,   -0.128, 27 May 2026, 11:52:11"
2026-05-27T11:52:27.694460,6679,66170000,-0.019,0.013,-0.992,-3.481,0.176,-1.031,29.99,27.3957,-0.128,"27.3957,   -0.128, 27 May 2026, 11:52:21"
2026-05-27T11:52:37.673724,6680,66180000,-0.022,0.011,-0.999,-3.573,0.26,-1.031,30.13,27.4148,-0.129,"27.4148,   -0.129, 27 May 2026, 11:52:31"
2026-05-27T11:52:47.675850,6681,66190000,-0.023,0.017,-0.989,-3.29,0.191,-1.084,30.08,27.4341,-0.128,"27.4341,   -0.128, 27 May 2026, 11:52:41"
2026-05-27T11:52:57.676290,6682,66200000,-0.018,0.015,-0.992,-3.473,0.13,-1.115,30.18,27.4462,-0.129,"27.4462,   -0.129, 27 May 2026, 11:52:51"
2026-05-27T11:53:07.676591,6683,66210000,-0.017,0.018,-1.006,-3.443,0.267,-1.183,30.13,27.457,-0.127,"27.4570,   -0.127, 27 May 2026, 11:53:01"
2026-05-27T11:53:17.674519,6684,66220000,-0.022,0.012,-0.997,-3.389,0.298,-1.168,30.18,27.4597,-0.129,"27.4597,   -0.129, 27 May 2026, 11:53:11"
2026-05-27T11:53:27.672603,6685,66230000,-0.014,0.018,-0.998,-3.641,0.176,-1.023,30.18,27.46,-0.128,"27.4600,   -0.128, 27 May 2026, 11:53:21"
2026-05-27T11:53:37.736269,6686,66240000,-0.01,0.015,-1.001,-3.55,0.389,-1.053,30.13,27.4523,-0.133,"27.4523,   -0.133, 27 May 2026, 11:53:31"
2026-05-27T11:53:47.673414,6687,66250000,-0.016,0.012,-0.999,-3.397,0.206,-1.168,30.22,27.4421,-0.127,"27.4421,   -0.127, 27 May 2026, 11:53:41"
2026-05-27T11:53:57.675866,6688,66260000,-0.022,0.016,-1.004,-3.489,0.221,-1.122,30.04,27.4195,-0.125,"27.4195,   -0.125, 27 May 2026, 11:53:51"
2026-05-27T11:54:07.672856,6689,66270000,-0.019,0.017,-0.996,-3.427,0.115,-1.053,29.85,27.3602,-0.127,"27.3602,   -0.127, 27 May 2026, 11:54:01"
2026-05-27T11:54:17.675850,6690,66280000,-0.013,0.02,-0.992,-3.328,0.206,-0.969,29.8,27.3304,-0.129,"27.3304,   -0.129, 27 May 2026, 11:54:11"
2026-05-27T11:54:27.743262,6691,66290000,-0.018,0.013,-0.996,-3.298,0.29,-0.977,29.75,27.3155,-0.13,"27.3155,   -0.130, 27 May 2026, 11:54:21"
2026-05-27T11:54:37.753593,6692,66300000,-0.017,0.015,-0.999,-3.588,0.229,-0.985,29.66,27.3126,-0.125,"27.3126,   -0.125, 27 May 2026, 11:54:31"
2026-05-27T11:54:47.693727,6693,66310000,-0.015,0.017,-0.993,-3.489,0.168,-1.115,29.52,27.2885,-0.132,"27.2885,   -0.132, 27 May 2026, 11:54:41"
2026-05-27T11:54:57.752528,6694,66320000,-0.012,0.015,-1.001,-3.542,0.015,-1.076,29.19,27.2542,-0.127,"27.2542,   -0.127, 27 May 2026, 11:54:51"
2026-05-27T11:55:07.679011,6695,66330000,-0.012,0.02,-0.993,-3.573,0.305,-1.076,29.09,27.2113,-0.128,"27.2113,   -0.128, 27 May 2026, 11:55:01"
